elevation_m,slope_deg,aspect_deg,profile_curvature,plan_curvature,topographic_wetness_index,dist_to_fault_m,dist_to_drainage_m,rainfall_24h_mm,rainfall_72h_antecedent_mm,rainfall_intensity_mm_h,soil_moisture_pct,pore_water_pressure_kpa,tilt_rate_mm_h,lithology_code,lulc_code,landslide_occurred
1297.5,24.89,151.4,-0.0098,0.0081,6.67,541.7,368.5,11.8,20.3,0.84,46.9,3.04,0.05,3,3,0
1868.4,40.82,231.2,-0.0406,-0.0524,4.11,599.9,68.7,32.6,84.8,4.42,66.3,1.44,0.0,5,2,0
2199.4,47.35,21.8,0.0699,-0.0139,3.17,1293.6,28.7,4.1,2.4,0.37,25.3,2.43,0.024,3,1,0
488.5,21.77,310.7,-0.1021,0.0522,6.69,2444.4,149.3,36.5,101.6,8.74,54.5,2.73,0.056,2,2,0
1082.7,39.56,316.3,0.01,0.0379,5.92,1176.1,697.7,149.4,455.3,37.77,73.0,0.0,0.053,1,1,1
1750.1,33.62,322.5,0.0057,-0.0277,3.41,659.9,292.0,133.4,293.3,22.96,77.7,9.41,0.0,2,1,1
1134.7,43.61,318.4,-0.01,0.0843,3.74,258.2,111.7,5.7,6.6,0.92,36.4,3.22,0.061,1,3,0
837.6,38.22,56.0,-0.0226,0.0224,4.99,293.7,1233.3,2.0,1.9,0.23,48.5,2.26,0.015,2,3,0
1376.9,36.96,85.6,-0.0451,-0.0549,7.97,408.7,83.3,8.8,13.8,1.46,32.3,0.98,0.005,1,3,0
1373.0,37.88,283.1,-0.0025,0.0656,4.73,1708.4,316.0,16.1,26.3,1.7,36.8,1.96,0.059,2,1,0
1096.9,36.35,324.7,0.0048,-0.0156,2.65,1566.7,537.6,11.3,19.4,1.25,36.2,2.11,0.081,1,1,0
1701.0,46.89,258.7,0.0094,0.0479,3.38,623.3,144.2,63.0,110.7,7.91,66.4,0.0,0.027,2,1,0
1895.7,45.36,310.4,0.0531,0.0048,5.66,381.2,657.5,195.0,369.1,54.22,79.5,15.49,0.075,4,3,1
410.7,33.9,56.5,0.0966,0.0377,5.36,53.7,1111.6,3.5,5.4,0.42,36.7,2.01,0.12,1,3,0
1281.5,33.47,251.7,0.0044,-0.004,4.8,2654.4,352.5,19.0,12.3,1.85,29.9,2.43,0.03,2,4,0
1882.1,53.32,149.4,0.0517,0.0061,4.5,92.7,33.9,90.5,182.4,16.97,70.7,4.98,0.024,5,1,1
1685.0,37.0,219.9,-0.074,0.0307,7.93,5725.3,76.3,75.0,235.9,17.26,72.4,1.05,0.0,2,3,1
1223.8,28.2,61.8,-0.0597,0.0081,5.04,1643.6,728.9,83.5,144.9,11.69,64.0,1.82,0.086,2,1,0
551.0,10.78,105.6,-0.1319,-0.0751,8.7,526.6,303.4,8.0,7.2,0.92,33.1,2.1,0.141,1,3,0
1526.9,34.14,160.3,-0.0282,-0.0308,6.71,1195.9,752.2,60.3,126.1,14.62,69.0,1.93,0.06,2,4,0
999.9,26.61,232.9,0.0323,-0.01,6.35,661.0,39.1,90.4,194.8,23.58,76.9,15.16,0.083,3,3,1
698.5,16.26,285.1,-0.0544,-0.0102,7.07,36.6,843.1,19.8,56.4,5.05,57.5,2.7,0.046,1,2,0
1265.1,30.76,129.9,0.0255,-0.0535,5.13,228.5,11.6,143.3,397.4,21.29,80.3,21.71,0.077,2,1,1
2032.3,66.59,217.3,0.0116,0.0144,3.48,104.2,721.8,16.3,9.8,1.61,33.4,0.8,0.011,4,2,0
1256.9,22.4,268.4,0.0052,-0.0436,3.84,41.2,92.9,14.5,17.7,1.64,36.5,2.14,0.117,1,1,0
1353.2,21.45,61.2,0.0257,-0.0575,4.95,438.1,241.7,140.5,321.3,22.11,85.9,34.97,0.07,1,2,1
1017.2,32.97,46.3,-0.0252,-0.0469,4.3,614.4,492.2,7.1,9.0,0.57,49.8,2.11,0.025,2,3,0
1227.1,43.83,193.5,-0.0452,0.04,4.12,2542.6,906.1,10.9,8.9,0.93,42.5,3.31,0.044,1,3,0
699.6,11.25,206.9,0.0237,0.004,6.92,351.9,190.9,133.6,400.7,19.13,77.5,13.16,0.111,2,3,1
1430.8,38.28,227.6,-0.0337,-0.0065,6.4,253.0,154.6,153.0,457.5,26.66,75.7,12.69,0.042,1,3,1
260.2,20.81,65.3,-0.0217,0.0857,6.11,2612.8,61.0,15.2,9.2,1.71,26.7,2.39,0.024,1,3,0
1263.3,27.19,308.0,0.0747,-0.0147,7.59,965.7,359.8,9.9,13.6,1.24,37.7,0.51,0.024,2,4,0
1639.3,33.63,115.2,-0.0303,0.0152,4.39,909.1,48.3,210.5,623.7,30.76,79.3,13.14,0.028,3,3,1
1131.8,36.49,273.2,0.0359,0.0416,2.07,1178.1,98.4,8.8,11.1,0.63,47.2,0.97,0.062,3,1,0
1848.3,18.58,225.7,0.0951,-0.0298,5.44,6594.8,353.0,26.5,14.0,3.2,31.9,2.12,0.017,4,4,0
859.3,28.57,335.0,-0.0379,-0.0082,7.08,581.6,34.5,2.8,2.3,0.27,34.2,2.53,0.105,1,1,0
1737.0,34.51,81.2,0.037,-0.0235,3.53,122.7,616.8,2.3,2.4,0.16,37.3,2.21,0.0,4,3,0
1478.4,23.59,264.2,-0.0676,0.0021,7.93,816.7,42.3,70.9,198.8,10.67,75.0,7.55,0.001,1,2,1
1121.2,45.36,358.0,-0.0478,0.0198,3.88,1823.7,119.2,3.1,2.8,0.47,31.7,2.99,0.044,3,1,0
1194.0,20.41,274.8,-0.085,-0.0042,7.33,133.9,89.4,111.1,242.1,14.0,82.9,23.98,0.021,2,2,1
682.1,26.23,223.1,0.0273,0.0294,5.27,1039.6,704.5,75.5,123.8,10.9,72.5,0.62,0.039,1,1,0
1728.2,49.25,147.3,0.0773,0.0606,6.99,73.8,335.0,32.0,59.8,9.26,44.7,3.69,0.101,4,2,0
2171.1,30.66,336.4,0.1077,-0.0156,6.7,4143.4,170.6,4.3,7.0,0.46,31.6,1.89,0.009,4,3,0
1732.5,39.55,60.1,0.0353,-0.018,4.48,403.1,906.9,2.6,1.3,0.24,26.9,0.31,0.033,2,1,0
1145.3,31.87,167.5,-0.065,0.0101,8.88,214.5,2.7,13.4,21.4,1.83,44.9,0.93,0.004,3,2,0
802.2,48.53,339.8,-0.0244,-0.0715,7.83,96.2,252.9,0.1,0.0,0.01,41.4,3.39,0.067,3,3,0
2018.0,50.17,332.3,-0.0227,-0.0062,2.71,19.8,166.8,23.3,25.7,2.88,36.9,2.17,0.063,5,2,0
1392.0,44.5,159.1,-0.0679,-0.094,5.13,574.9,867.0,122.7,274.0,18.38,84.6,32.37,6.293,3,3,1
1414.6,41.86,3.1,-0.0343,0.0038,2.07,6030.1,557.8,0.2,0.4,0.02,31.1,4.08,0.053,2,4,0
662.2,28.8,275.9,0.0169,0.0166,7.88,2505.3,378.4,17.1,24.0,2.7,37.8,0.6,0.031,1,3,0
1265.3,28.42,30.1,-0.0227,0.0103,6.09,1281.2,1679.8,30.6,25.6,2.27,39.6,3.04,0.079,2,2,0
675.0,35.49,108.2,-0.079,-0.0415,4.17,2508.5,711.4,97.5,156.1,19.4,85.5,29.57,2.07,2,4,1
1566.3,35.37,289.0,-0.0429,0.0247,5.46,1236.7,152.7,117.2,334.3,32.18,77.1,11.47,0.061,4,3,1
842.9,23.98,213.5,0.0252,-0.0177,7.24,1181.4,317.6,14.1,23.6,1.52,45.8,0.85,0.118,1,2,0
506.6,18.07,236.6,-0.0746,-0.0765,6.94,153.3,19.7,39.7,54.1,2.81,41.2,2.2,0.076,1,4,0
461.6,18.84,261.3,0.0897,0.1073,3.84,895.6,27.3,14.2,17.9,2.29,44.2,1.1,0.105,1,4,0
1347.8,50.7,298.5,0.0118,-0.0738,2.12,3122.0,152.0,1.5,0.9,0.12,36.2,0.0,0.049,2,2,0
1448.7,38.9,129.6,-0.0165,0.0253,2.76,1271.7,1237.0,4.9,6.7,0.37,34.8,2.76,0.029,3,2,0
1786.5,43.7,129.6,-0.038,0.0227,5.7,407.7,530.9,4.3,4.5,0.5,33.7,3.33,0.078,1,3,0
1220.5,41.74,275.8,-0.0111,0.0468,6.14,28.7,283.8,8.9,11.7,0.65,38.7,0.94,0.029,1,1,0
698.6,41.47,139.2,-0.0659,-0.052,4.67,745.5,1403.2,3.3,5.8,0.41,36.1,0.0,0.075,4,3,0
1581.8,36.1,64.7,0.0581,0.0079,3.91,691.2,517.3,88.6,137.7,19.87,65.6,0.35,0.064,3,1,0
1025.1,49.42,306.9,-0.1075,-0.0505,2.0,1005.7,942.5,13.8,20.3,1.5,55.0,2.91,0.112,2,2,0
1536.9,33.01,332.1,-0.0134,-0.0074,5.91,1577.8,215.2,149.4,438.7,31.75,82.9,19.2,0.281,1,1,1
2001.7,42.63,326.2,0.0545,-0.0081,5.63,151.7,99.1,0.6,0.3,0.06,35.2,2.86,0.086,4,4,0
420.3,21.52,258.0,-0.0283,0.0128,3.58,66.2,379.8,87.7,229.2,28.94,78.1,10.37,0.089,1,1,0
1250.2,35.81,201.0,-0.0236,0.0327,4.82,190.4,118.2,120.5,235.0,25.99,84.1,27.94,11.834,2,1,1
2331.3,35.89,12.4,0.0662,0.0189,5.62,1197.3,510.7,1.8,3.1,0.18,40.3,1.4,0.108,4,3,0
1685.9,28.89,108.5,0.0568,0.0065,5.39,385.4,67.9,2.7,2.6,0.22,34.5,0.0,0.076,2,2,0
1363.5,33.9,142.7,-0.0868,-0.0241,2.03,256.9,788.2,8.1,6.5,0.88,42.7,2.58,0.0,4,4,0
58.2,8.9,4.8,-0.0019,-0.0123,8.64,1287.2,73.5,17.5,29.2,2.6,46.3,1.53,0.079,2,1,0
1740.4,35.94,242.7,0.0971,-0.0346,2.0,133.0,592.8,15.8,23.0,2.18,44.5,1.8,0.043,5,2,0
1605.9,30.18,131.4,-0.0744,0.1271,6.52,686.0,80.2,75.5,227.0,11.39,80.7,18.71,0.0,2,1,1
1211.7,39.93,100.7,0.0424,-0.013,4.61,16.6,114.7,21.8,38.5,2.69,47.8,0.0,0.06,1,4,0
1560.6,39.51,97.4,-0.0683,-0.0264,2.94,1800.5,626.9,44.3,111.0,11.26,61.6,1.96,0.0,5,1,0
1956.1,31.48,358.5,-0.0407,0.0557,7.24,199.4,612.4,103.1,197.8,25.09,71.8,1.98,0.068,2,2,1
1494.0,36.8,212.7,-0.0506,-0.0673,5.32,3126.2,505.5,2.3,2.1,0.22,41.6,2.03,0.077,1,1,0
1575.9,36.55,246.3,0.0413,0.0258,6.73,534.2,449.1,21.4,16.6,3.42,44.7,2.06,0.096,4,3,0
1935.4,51.95,162.6,-0.0267,0.0607,2.96,728.2,702.1,28.7,84.6,9.38,51.0,3.51,0.057,1,3,0
2018.3,31.62,220.9,-0.0532,0.0481,5.4,333.8,33.6,3.2,3.9,0.32,36.1,1.7,0.054,5,3,0
1319.6,29.16,175.8,-0.0306,-0.016,5.98,4638.0,332.0,5.8,5.3,0.46,43.3,0.0,0.075,2,3,0
1059.9,32.55,290.6,-0.0041,-0.0258,2.09,37.1,22.2,0.1,0.1,0.01,37.7,1.1,0.017,1,1,0
2692.1,48.99,76.8,0.063,-0.0872,6.11,162.5,500.8,40.9,89.1,10.59,53.8,2.24,0.079,5,3,1
1637.2,29.13,79.0,-0.0247,0.0327,4.9,2359.2,250.6,24.5,14.6,1.67,33.2,1.15,0.091,2,2,0
1351.5,37.17,228.7,0.0373,-0.0147,4.92,356.7,236.5,42.7,119.1,10.79,67.8,0.0,0.003,2,3,0
620.2,29.07,244.1,-0.0128,0.0516,4.52,1214.9,1376.5,0.4,0.7,0.04,20.6,0.45,0.031,1,1,0
1206.8,44.89,238.7,-0.0172,0.036,5.14,1629.1,458.4,25.7,18.1,2.6,53.6,1.69,0.023,2,1,0
1548.7,38.71,54.6,0.0009,-0.0221,4.81,1039.0,459.9,7.3,7.6,0.6,36.0,5.23,0.009,1,4,0
1326.3,36.64,43.1,0.0118,-0.0313,4.68,609.9,6.5,1.2,1.0,0.12,29.9,1.72,0.035,2,3,0
1681.4,34.15,260.8,0.0851,-0.0161,4.2,1622.7,619.2,104.9,257.4,31.59,82.6,26.36,3.88,1,3,1
2086.0,45.06,228.6,0.0002,-0.0063,4.41,1420.7,592.9,64.6,98.2,12.88,61.7,0.72,0.0,3,2,0
389.6,29.34,241.5,-0.0592,-0.0576,5.55,133.0,156.3,90.4,284.0,13.71,78.2,7.99,0.0,1,1,1
1193.1,47.9,97.0,0.0356,0.0366,4.13,648.3,917.1,120.0,366.5,15.2,81.9,18.76,0.033,1,1,1
284.9,20.9,319.1,-0.0005,0.0576,9.16,507.2,784.5,6.7,9.8,0.61,39.3,1.82,0.023,1,1,0
936.0,37.87,42.2,-0.0071,-0.0347,4.59,255.3,106.8,2.5,4.0,0.28,43.8,0.15,0.0,1,1,0
659.6,27.79,80.9,0.0244,0.0436,6.59,362.3,295.2,1.9,2.1,0.21,33.9,1.79,0.049,1,1,0
592.7,28.5,248.7,0.0002,-0.0233,4.85,1201.7,477.4,2.5,3.3,0.29,45.1,6.26,0.076,2,3,0
1746.5,52.73,256.1,-0.006,0.0255,3.65,399.9,196.8,4.4,2.7,0.61,38.6,4.15,0.053,5,3,0
1450.7,44.73,294.6,0.0127,0.0286,6.96,71.5,69.1,75.6,189.8,15.54,82.4,20.63,2.702,4,3,1
1177.6,46.34,78.2,-0.0152,0.0674,2.24,166.8,370.5,14.3,13.9,1.45,38.5,3.64,0.064,3,4,0
1011.3,42.69,5.0,0.0541,0.0565,4.55,2057.4,126.2,12.2,7.7,1.25,38.9,2.59,0.01,2,4,0
729.6,27.84,154.6,-0.0865,0.1291,2.89,2132.0,175.8,89.0,276.8,11.5,81.0,18.07,0.077,4,3,1
653.6,39.82,150.0,0.0272,-0.039,4.23,130.1,130.5,18.8,10.1,2.72,36.9,3.01,0.0,1,2,0
1689.6,46.46,215.2,-0.0562,0.0366,5.95,1210.3,237.1,5.5,7.7,0.73,44.3,3.59,0.072,4,1,0
1490.7,40.81,187.4,-0.0488,-0.0272,5.29,226.1,186.4,28.7,49.7,4.17,38.4,2.52,0.043,2,3,0
1499.7,36.17,356.5,0.0529,-0.0399,5.38,1524.4,212.1,24.3,43.5,1.76,36.2,2.46,0.003,3,2,0
1916.1,40.14,129.5,0.0238,-0.0245,6.41,1661.2,91.0,5.1,8.9,0.76,28.6,2.95,0.0,3,1,0
1676.3,36.47,45.5,0.0686,-0.0908,6.24,2144.8,819.4,1.6,1.0,0.2,32.5,5.05,0.078,3,1,0
1044.8,38.42,70.8,-0.0132,0.0372,5.45,641.0,41.2,151.7,261.2,21.69,71.5,0.0,0.11,1,1,1
1025.7,44.58,208.1,0.012,0.0029,2.19,171.6,37.3,24.0,15.5,2.36,33.9,2.12,0.046,4,1,0
1961.6,36.06,175.0,0.0373,-0.045,5.22,4769.2,1215.9,10.6,17.5,3.15,20.7,0.72,0.043,2,1,0
869.5,17.17,179.9,0.0161,-0.0098,7.06,1611.7,202.9,7.8,5.1,0.76,39.6,1.01,0.041,3,1,0
1135.0,40.58,164.8,-0.0885,0.022,3.5,1499.8,440.7,68.4,215.6,16.42,77.6,13.29,0.056,3,2,1
1237.7,38.68,275.2,0.0389,0.0223,5.63,1145.6,313.1,13.1,16.6,0.98,41.5,3.03,0.03,1,2,0
1824.7,36.46,304.0,0.0186,-0.0836,5.91,1136.2,226.9,32.3,45.1,2.25,43.7,2.95,0.063,2,3,0
1253.2,45.21,317.8,0.0737,0.0232,3.84,76.7,11.7,7.9,14.1,0.79,40.3,4.78,0.109,1,1,0
708.8,44.87,219.1,0.0933,-0.0465,5.61,719.1,218.3,26.5,50.6,6.58,52.1,4.6,0.012,3,3,0
999.9,36.53,196.0,-0.0547,-0.0261,4.19,521.7,479.0,3.4,4.4,0.33,30.3,3.69,0.051,3,3,0
1762.4,29.65,51.1,0.0384,0.0446,6.15,918.3,432.3,94.7,294.8,11.89,68.5,1.7,0.056,4,1,1
1050.6,49.7,191.3,0.0291,-0.0987,3.06,1887.4,171.1,72.6,183.3,11.35,86.3,31.4,1.941,2,4,1
1516.7,29.09,314.9,-0.0625,-0.0077,5.52,506.9,497.0,47.9,33.3,5.68,44.9,4.63,0.039,3,2,0
1479.0,33.07,117.5,0.0374,0.0331,5.17,5765.1,308.2,17.4,17.4,1.34,44.9,4.34,0.048,4,4,0
662.6,34.81,86.1,0.0107,-0.0014,5.84,259.4,1102.7,2.7,2.3,0.25,40.1,1.23,0.105,3,1,0
436.8,30.9,64.9,-0.0474,0.1512,4.45,579.6,174.4,166.7,485.7,34.3,91.0,42.1,0.091,1,1,1
2003.4,46.14,117.4,-0.0332,0.0664,4.84,168.1,120.8,87.9,247.8,24.56,68.5,1.9,0.031,5,4,1
1488.3,30.91,11.6,-0.0857,0.0385,7.37,983.6,1161.2,5.6,3.5,0.48,35.7,2.92,0.051,2,3,0
1675.2,38.3,83.3,0.087,0.061,4.47,4376.7,9.0,38.2,42.2,3.74,44.0,1.75,0.044,1,4,0
882.5,21.21,148.0,0.0071,0.0351,5.48,316.5,381.9,2.9,2.0,0.23,32.9,1.12,0.022,1,2,0
1241.4,34.24,187.7,-0.025,0.0607,4.7,281.9,201.9,13.1,10.0,2.15,34.1,4.6,0.015,2,1,0
2140.3,34.94,51.2,-0.0368,-0.0093,6.48,2384.6,571.1,428.2,1115.6,66.81,79.4,20.86,0.109,5,1,1
1429.7,33.12,280.3,-0.0468,-0.0637,5.43,380.9,617.6,31.8,30.9,2.2,49.1,0.59,0.058,3,1,0
703.3,32.61,123.3,-0.0132,0.0538,4.72,443.2,111.8,9.1,13.8,1.33,30.2,2.26,0.045,2,4,0
1156.8,40.85,182.0,-0.1078,-0.0632,5.66,1616.5,358.2,11.8,16.9,1.18,41.1,0.0,0.052,3,4,0
967.3,58.58,252.8,-0.0331,0.0391,2.97,3190.8,30.7,252.3,751.6,80.0,84.3,19.23,1.206,1,1,1
1003.4,39.63,49.7,-0.0373,0.0587,3.54,2712.1,18.5,5.6,6.9,0.79,36.8,0.0,0.006,3,2,0
729.1,28.13,120.7,0.0326,0.0817,9.04,542.4,675.5,0.5,0.7,0.05,25.3,2.25,0.005,2,2,0
1173.9,39.08,80.6,0.0014,0.0493,4.12,50.0,463.7,9.3,10.7,0.66,40.3,2.17,0.087,2,2,0
765.1,28.64,48.6,0.0771,0.0075,3.49,846.3,32.0,250.7,576.4,54.33,81.6,18.76,0.015,1,2,1
763.0,49.16,167.6,0.0414,0.0647,7.57,214.5,887.4,5.1,8.8,0.42,33.2,4.05,0.033,2,1,0
1444.8,41.69,54.6,0.0013,0.0036,3.42,927.2,530.5,40.9,109.4,7.28,58.7,1.7,0.016,1,4,0
952.3,34.56,60.7,-0.0597,-0.068,4.4,1570.2,64.7,10.2,7.9,1.05,41.6,2.42,0.043,2,2,0
595.5,35.44,351.5,0.0169,-0.0902,6.14,156.2,452.5,7.3,11.9,0.99,39.2,4.0,0.017,1,1,0
1411.5,27.66,65.7,-0.0427,-0.0884,4.1,1112.8,1075.6,0.0,0.0,0.01,38.3,3.47,0.038,1,2,0
979.8,40.8,194.7,-0.0525,0.0375,3.4,1142.7,119.7,2.6,3.1,0.18,27.4,2.82,0.061,1,1,0
2069.8,29.46,19.2,0.0519,-0.0133,4.15,64.3,47.9,3.2,5.1,0.42,43.5,3.02,0.043,3,1,0
1054.0,34.95,103.6,-0.0515,-0.0244,5.96,643.2,3.2,10.8,10.8,0.75,30.9,0.86,0.02,1,2,0
2078.2,36.16,345.7,0.0228,-0.0732,3.91,536.6,829.1,9.7,10.5,0.71,37.8,2.33,0.05,1,3,0
1480.8,30.5,279.2,0.0224,0.0237,6.62,596.2,302.6,36.0,110.4,10.71,59.6,1.2,0.066,4,1,0
50.0,25.04,161.3,0.005,-0.0357,2.92,3073.5,256.5,20.9,10.8,1.69,53.3,1.63,0.083,1,1,0
562.6,26.7,338.7,-0.0656,-0.0027,5.57,722.1,468.1,2.6,4.5,0.24,41.3,0.46,0.0,1,2,0
1868.7,39.56,56.3,-0.0333,-0.0835,4.79,1058.7,55.9,1.7,2.6,0.12,37.3,1.33,0.0,4,3,0
1340.2,48.01,357.7,0.0007,0.0364,5.28,1706.9,137.8,49.4,88.6,6.66,56.9,3.14,0.1,2,2,0
1442.6,42.06,228.8,-0.0921,0.0413,2.57,568.5,212.9,8.8,10.3,0.83,34.3,2.44,0.085,3,1,0
653.1,31.62,279.6,-0.0223,-0.0087,3.81,2871.7,64.8,93.4,172.8,22.52,70.9,2.98,0.0,3,3,1
1149.1,39.99,4.5,-0.0051,-0.0458,3.66,140.3,283.9,3.9,3.9,0.49,38.1,4.45,0.085,4,4,0
2243.0,59.45,270.0,-0.0045,-0.03,6.03,345.2,88.4,15.5,22.6,1.26,37.4,0.17,0.109,5,4,0
1495.7,17.39,266.3,0.0347,-0.0267,7.31,124.8,63.9,91.9,184.0,12.4,86.3,28.16,0.075,1,3,1
2032.3,33.01,22.4,-0.0523,-0.0214,5.19,3448.1,10.3,4.5,7.8,0.47,43.7,2.62,0.019,3,2,0
779.1,32.76,69.4,0.0278,-0.0911,2.44,2720.5,21.4,70.8,120.1,12.11,70.7,4.32,0.094,3,3,0
1273.6,33.22,221.6,-0.0018,-0.0804,5.14,58.8,6.1,92.1,241.1,26.28,74.5,5.21,0.076,1,1,1
1555.0,24.23,269.9,0.0922,-0.1416,6.63,279.9,61.4,6.4,10.6,0.57,43.8,0.0,0.039,2,2,0
1281.3,28.28,333.2,0.0077,-0.0482,3.69,348.3,103.1,111.7,186.3,23.69,75.6,12.94,0.121,1,3,1
2006.1,52.11,71.7,0.0578,-0.0038,2.8,1602.4,264.6,8.6,6.6,0.97,35.3,1.02,0.032,4,1,0
1804.0,19.38,338.5,0.0796,0.0371,4.02,833.1,255.1,80.8,168.0,14.45,68.5,1.33,0.028,1,1,0
425.0,40.47,273.2,-0.0119,-0.0086,2.79,5197.5,139.1,1.2,1.8,0.08,30.3,1.26,0.123,1,1,0
1151.8,37.26,128.9,-0.0169,-0.0163,2.97,1231.8,406.9,50.6,119.1,7.59,65.2,5.14,0.068,2,1,0
1860.7,43.05,277.4,-0.0486,-0.0355,2.18,199.6,34.7,11.8,15.4,1.51,58.7,2.49,0.0,2,4,0
1234.4,55.42,276.1,0.0726,0.0195,6.2,1378.0,228.0,72.6,175.6,9.92,89.8,36.33,0.424,2,1,1
588.3,26.55,275.8,-0.0099,0.0466,6.32,1741.0,61.2,0.6,0.5,0.06,46.0,4.29,0.0,1,2,0
1306.9,29.62,147.8,-0.0808,0.0012,6.35,235.3,122.6,41.1,121.4,8.95,69.2,3.74,0.0,2,3,0
926.9,35.98,297.5,0.0483,0.0337,3.92,19.6,186.9,3.9,2.9,0.29,38.9,3.23,0.136,3,2,0
1188.1,19.14,255.1,-0.0155,-0.0215,6.0,1141.1,7.5,1.1,0.8,0.15,39.7,3.62,0.076,1,4,0
407.8,30.72,78.2,-0.0403,0.018,5.58,1622.6,183.1,0.6,0.3,0.05,32.4,1.39,0.025,1,3,0
1238.7,43.31,221.1,0.0128,0.0244,4.79,1173.6,574.3,35.6,63.6,5.59,44.6,2.41,0.005,2,3,0
890.6,34.16,12.1,0.0223,0.0156,7.25,181.9,283.3,11.9,14.5,1.97,36.8,0.53,0.009,3,3,0
1292.1,28.28,52.8,-0.0881,-0.0102,7.3,208.7,173.8,5.5,9.4,0.83,40.0,2.97,0.075,2,2,0
1705.9,32.52,191.7,0.1256,0.0343,7.42,603.9,800.7,6.2,9.8,0.76,40.2,0.31,0.077,3,2,0
1653.1,37.83,166.3,0.0256,0.0509,4.08,4048.7,256.2,47.7,50.3,4.39,50.4,2.93,0.072,3,2,0
1784.5,40.7,216.6,0.0024,-0.0469,6.16,482.1,217.9,25.1,21.4,1.71,41.2,1.55,0.104,3,1,0
1267.0,31.47,62.1,-0.0519,0.0631,4.66,485.5,704.0,58.5,169.1,8.88,74.8,0.34,0.018,3,1,0
1542.8,22.11,57.3,0.0964,0.0378,4.66,679.8,17.8,5.2,7.3,0.64,42.9,2.15,0.083,4,3,0
756.3,23.6,245.4,0.0346,-0.0095,3.26,167.6,1524.1,2.2,1.9,0.18,34.7,3.16,0.054,1,3,0
757.9,3.79,31.8,-0.0576,0.0602,7.04,1012.3,7.4,8.0,13.1,0.64,35.7,0.48,0.004,1,2,0
382.8,29.93,193.1,0.0114,-0.0823,4.6,357.3,263.3,14.7,7.4,2.36,30.4,1.34,0.0,1,2,0
1619.3,34.44,111.2,0.0473,0.0007,5.04,1654.7,291.6,141.4,445.6,24.02,81.9,15.65,0.064,1,3,1
770.5,16.2,17.2,-0.0677,0.0111,6.93,3284.3,125.9,36.7,73.9,7.98,47.8,1.55,0.044,2,1,0
1448.8,24.82,279.7,0.0345,0.0753,4.57,6679.0,54.5,3.5,5.9,0.25,30.7,4.58,0.0,1,1,0
1170.7,38.53,55.8,0.0625,0.0232,4.93,223.4,719.9,89.6,159.6,13.24,75.6,10.0,0.0,1,2,1
2071.4,42.57,180.6,0.0189,0.0097,3.5,1366.2,864.6,78.1,215.7,15.06,82.8,22.74,0.245,5,1,0
500.4,37.61,169.0,-0.0125,-0.0449,6.29,1437.0,31.6,48.7,107.6,14.47,55.5,2.6,0.014,2,1,0
1449.4,28.37,99.6,-0.0414,0.0475,3.81,965.1,434.0,5.4,5.5,0.73,39.7,2.33,0.0,3,4,0
169.2,33.9,207.6,0.0078,0.0715,6.36,449.6,916.6,2.7,3.1,0.36,42.2,1.54,0.053,1,2,0
1427.7,33.76,160.4,0.0116,-0.0052,4.27,742.8,429.2,164.9,305.4,24.62,74.7,3.18,0.067,3,3,1
1632.1,30.83,133.8,0.0237,-0.0027,5.56,77.7,625.8,51.9,128.2,12.42,63.9,2.61,0.004,4,2,0
1535.0,27.99,350.1,0.0152,0.0105,4.68,211.2,607.1,12.0,12.0,0.92,25.2,3.18,0.013,2,2,0
2069.1,35.35,338.8,0.0872,-0.0035,4.18,1312.2,353.6,1.0,0.8,0.08,51.9,1.63,0.094,5,1,0
2044.0,35.92,338.6,-0.1319,0.0558,6.66,437.5,27.2,4.5,5.5,0.36,39.9,0.85,0.0,3,3,0
496.5,17.57,56.7,0.0151,-0.0682,5.78,642.3,101.1,13.3,18.0,1.76,34.8,1.23,0.069,2,1,0
1638.4,28.29,326.5,0.0162,0.0204,6.92,751.5,113.0,6.1,9.2,0.83,38.8,2.15,0.0,3,2,0
679.5,21.17,97.2,-0.0998,-0.0154,8.26,1853.3,49.6,158.2,238.3,34.49,76.4,7.37,0.02,1,4,1
629.2,31.01,13.6,-0.0311,-0.0896,3.93,476.3,275.1,56.3,92.9,9.2,58.1,3.2,0.083,1,1,0
1688.0,39.17,51.8,-0.0213,0.0853,3.32,1662.9,920.6,131.9,259.7,16.71,91.2,33.66,4.175,2,4,1
1403.5,36.46,236.0,-0.0206,-0.0471,5.1,269.3,144.0,2.9,5.1,0.23,25.3,2.13,0.02,2,2,0
926.1,39.46,34.1,0.0228,-0.0348,5.81,769.8,216.4,147.2,313.9,46.38,82.5,22.92,5.191,2,2,1
2014.6,30.79,81.9,-0.0459,-0.0015,4.58,2730.5,227.1,18.0,15.3,1.36,33.8,2.17,0.136,3,3,0
1520.3,34.12,327.5,-0.0267,0.0313,6.8,135.9,28.1,33.3,63.6,8.25,36.8,3.22,0.023,2,3,0
1660.9,27.21,148.9,0.0808,-0.0045,4.14,192.3,195.2,1.7,1.4,0.11,30.5,3.66,0.024,4,1,0
2067.3,46.06,257.0,-0.0663,0.0425,4.94,1101.7,289.7,230.1,468.0,41.51,80.3,19.63,0.048,5,1,1
730.4,22.5,172.7,0.0376,0.0849,5.49,1590.0,374.7,55.3,143.2,13.81,78.0,15.71,0.051,1,4,0
674.8,39.67,339.9,0.0149,0.0254,2.69,2568.8,718.4,0.9,0.8,0.08,32.2,1.05,0.048,3,1,0
708.6,32.31,186.9,0.0108,0.0719,4.2,603.6,264.7,76.4,163.2,11.98,79.2,17.32,0.119,1,3,1
2324.4,36.0,191.8,0.0437,0.0521,5.06,2487.1,97.7,18.7,50.7,2.34,47.6,3.14,0.0,5,1,0
778.9,35.89,155.1,0.0277,-0.0243,5.65,295.1,434.5,6.6,6.5,0.78,42.2,1.26,0.0,1,3,0
1412.1,33.69,23.9,-0.0796,-0.0357,6.08,539.3,45.2,53.0,68.0,5.76,46.2,2.14,0.1,4,1,0
1714.6,38.46,116.7,-0.0435,0.0309,6.06,74.4,294.4,69.1,210.7,16.55,82.7,22.91,2.052,2,2,1
964.9,30.75,21.4,0.0486,0.0406,3.61,1699.2,123.3,11.9,17.0,1.37,33.4,2.12,0.145,4,3,0
857.0,21.01,275.3,-0.1149,0.0035,5.23,998.1,143.3,1.6,1.4,0.15,32.0,1.81,0.028,1,4,0
1031.6,35.49,216.2,0.0672,-0.0139,3.34,137.7,239.0,8.0,5.7,0.68,34.5,1.84,0.0,2,2,0
1506.6,23.27,9.6,0.0281,0.0668,5.29,1656.2,752.8,64.2,118.0,9.39,78.5,11.61,0.009,3,3,0
747.0,36.58,126.0,-0.0233,-0.0284,3.83,334.4,376.2,0.7,1.1,0.08,35.4,0.92,0.054,1,1,0
416.7,32.96,344.8,-0.0309,-0.0731,4.06,895.3,43.2,48.3,29.7,3.72,37.7,1.41,0.093,1,1,0
846.1,54.45,169.1,-0.0665,0.0351,4.77,986.3,102.9,195.2,512.1,34.0,87.0,26.1,2.093,3,1,1
1321.8,30.19,73.9,0.0255,-0.0636,6.47,1133.9,534.6,13.8,14.0,1.1,41.6,1.16,0.031,1,3,0
1771.6,29.82,32.0,-0.0227,-0.0502,8.32,1276.3,8.4,4.3,7.6,0.58,30.0,1.74,0.03,3,1,0
2135.6,36.49,221.1,0.0636,-0.0562,5.65,190.1,645.8,198.1,618.2,27.15,84.1,31.73,1.767,5,1,1
469.9,26.64,338.8,0.0223,0.053,6.48,730.3,385.2,262.1,573.9,65.97,73.7,0.7,0.039,1,1,1
1365.3,35.55,70.3,-0.0069,0.0037,6.71,610.2,405.2,155.5,291.6,38.84,80.0,15.17,0.062,5,1,1
1359.7,33.78,246.3,0.0117,0.0824,5.23,783.7,238.0,11.7,12.0,1.16,47.7,1.42,0.051,4,4,0
492.2,36.13,134.9,0.0328,0.0395,5.74,1991.0,45.0,57.9,172.4,15.0,79.3,17.78,0.146,3,4,0
1274.1,36.67,148.8,0.0341,-0.1198,2.37,1806.0,1047.3,266.6,645.5,56.53,81.4,18.91,0.061,1,3,1
547.3,21.0,240.4,-0.008,0.0434,6.95,2920.6,84.7,104.6,231.2,14.87,87.0,37.11,0.0,1,2,1
2338.7,40.45,26.7,0.0408,-0.1116,3.95,2786.3,13.3,11.2,16.5,0.97,44.7,2.1,0.007,5,3,0
1578.3,31.12,13.7,0.0509,0.0,6.59,1438.8,321.2,112.5,293.9,15.64,87.1,28.82,0.041,4,4,1
1807.8,46.87,189.7,-0.0372,-0.0265,5.39,5115.0,220.0,4.8,7.3,0.34,44.6,4.1,0.003,4,2,0
1536.9,17.25,123.2,0.0005,0.0444,6.92,1546.8,473.2,40.4,118.1,6.47,70.5,0.0,0.0,1,2,0
465.9,18.78,305.8,-0.0816,-0.0356,5.54,2335.7,336.3,4.3,5.4,0.3,40.9,3.37,0.017,1,2,0
1114.5,36.76,284.7,0.0142,0.0122,6.08,789.8,4.4,25.2,30.0,1.7,34.9,0.0,0.094,4,1,0
1110.1,43.12,325.7,-0.0452,-0.0024,2.83,1537.2,650.0,5.2,4.5,0.48,39.8,2.95,0.097,2,3,0
659.5,32.53,35.8,-0.0008,-0.0587,5.28,155.2,265.0,20.5,14.2,2.54,39.9,3.55,0.045,1,1,0
773.8,14.08,236.6,0.0039,-0.0259,5.32,292.4,194.0,26.5,24.0,2.27,41.3,3.94,0.014,3,3,0
1198.4,34.39,316.1,-0.1063,-0.0139,5.29,816.3,286.4,0.1,0.1,0.01,32.2,0.41,0.09,4,1,0
882.8,22.36,118.0,0.0046,-0.0535,6.43,254.8,42.6,0.9,1.5,0.1,38.5,3.22,0.089,2,1,0
673.7,53.09,39.1,-0.0348,0.0249,3.72,1179.0,61.4,6.1,9.4,0.44,43.6,3.44,0.086,3,3,0
1618.1,35.08,74.9,-0.0911,0.006,4.25,1873.7,36.0,116.0,328.9,14.99,87.8,28.32,5.271,1,4,1
994.9,26.83,294.5,-0.0082,-0.0293,3.66,834.6,212.5,67.1,157.7,11.85,68.0,1.53,0.075,3,3,0
1413.3,31.69,180.8,-0.0223,-0.0943,3.06,3117.3,45.2,0.5,1.0,0.09,40.6,3.14,0.078,3,4,0
1328.7,30.83,51.4,-0.0885,-0.045,3.28,802.5,300.3,86.2,100.6,6.5,65.0,1.97,0.058,2,1,0
1303.1,48.26,224.2,0.0979,0.1141,3.45,939.8,560.2,146.5,231.1,19.27,82.8,26.91,2.006,2,1,1
990.1,27.2,168.9,0.0477,-0.0109,7.63,353.3,80.5,29.4,24.2,2.48,40.2,2.3,0.115,2,3,0
997.9,37.25,344.2,0.0112,0.0453,6.27,1295.7,376.7,9.8,12.8,0.83,34.6,2.58,0.099,3,3,0
1716.2,28.03,155.0,0.0993,-0.0076,2.71,61.9,167.3,1.4,1.3,0.1,40.5,0.0,0.051,4,1,0
1634.7,30.49,224.0,-0.0088,-0.0054,3.93,558.1,498.3,1.1,0.6,0.1,33.1,3.64,0.097,5,4,0
1303.9,39.49,279.9,-0.0256,0.0149,7.09,331.8,1075.9,95.0,184.0,30.08,86.8,32.55,0.118,2,4,1
1972.3,31.09,197.5,-0.0519,-0.0395,4.9,2006.7,221.2,8.3,10.2,0.62,43.4,2.37,0.002,1,4,0
1069.7,31.01,40.6,-0.0665,0.0443,4.38,2166.7,144.0,43.9,85.6,6.15,60.2,1.0,0.044,2,2,0
758.4,22.75,186.1,-0.0333,0.053,11.02,373.2,752.7,3.8,6.0,0.44,31.1,0.0,0.0,1,1,0
1654.5,34.59,263.9,0.032,0.0064,5.62,115.9,31.4,81.8,128.7,22.38,65.8,1.36,0.031,3,2,1
857.8,50.17,292.1,0.0034,0.0874,4.82,188.9,532.5,19.0,36.9,6.07,44.3,3.53,0.019,3,1,0
1480.3,45.4,152.5,0.1274,0.0076,4.73,2427.5,128.8,3.6,5.1,0.3,34.2,0.0,0.045,2,1,0
797.5,29.58,1.3,-0.0868,-0.0285,8.47,22.7,342.2,109.3,237.7,18.55,76.4,9.33,0.031,1,1,1
1232.1,36.28,256.6,0.0297,0.0448,6.48,287.5,36.5,6.4,6.7,0.6,45.4,3.45,0.053,2,2,0
1795.0,15.87,233.8,0.016,0.0186,4.96,365.4,774.5,16.0,17.3,1.58,37.4,3.78,0.0,2,1,0
1256.8,58.97,0.1,-0.0755,-0.0017,4.47,223.1,171.8,88.1,137.8,15.45,73.7,0.72,0.014,3,3,1
1047.2,33.78,277.4,-0.0191,-0.0595,5.55,1884.0,91.2,1.8,2.0,0.15,39.5,0.96,0.118,4,2,0
950.3,46.19,88.1,-0.0104,0.0131,6.1,2189.8,367.8,18.3,11.8,1.96,39.0,1.44,0.0,3,2,0
1368.1,35.27,320.2,0.0681,-0.0065,2.0,2096.8,136.1,97.7,299.1,25.19,86.0,29.74,1.359,3,1,1
911.6,34.41,341.2,0.0301,0.0322,4.6,593.1,342.8,61.8,127.5,11.8,76.9,9.54,0.078,3,1,0
1888.4,49.15,250.4,-0.0577,-0.0482,2.44,1280.0,73.5,267.0,605.8,51.66,75.1,8.95,0.006,5,2,1
1072.4,22.04,90.2,0.0012,0.0054,5.31,1028.8,575.4,1.2,1.0,0.17,27.1,0.85,0.137,2,1,0
732.2,24.48,207.9,0.0593,0.0366,7.63,454.6,69.1,171.9,283.1,27.93,89.0,32.19,0.11,4,4,1
1687.0,33.47,187.8,-0.0275,-0.0611,4.29,530.5,565.0,20.4,15.2,2.3,32.1,3.38,0.074,3,1,0
1563.8,27.15,344.0,0.0341,0.0404,7.01,1103.3,286.6,41.8,56.2,6.54,46.2,0.0,0.007,3,1,0
1743.4,41.28,104.8,-0.031,-0.0313,3.01,84.4,770.0,27.7,45.8,2.0,44.8,0.64,0.045,3,1,0
1987.4,38.96,108.8,0.0229,0.0335,4.06,637.4,324.2,7.0,9.1,0.84,45.9,0.66,0.044,2,3,0
648.5,33.49,245.3,0.0259,0.0448,3.24,1853.5,810.6,15.6,25.8,2.52,41.5,2.62,0.05,1,1,0
1142.8,30.46,145.7,-0.0185,0.0001,7.18,1231.5,475.5,41.7,54.0,3.02,46.1,0.0,0.046,1,4,0
896.4,39.15,98.6,-0.0077,-0.0392,5.43,119.6,268.5,17.6,24.0,1.87,39.7,4.18,0.054,4,2,0
1549.8,38.73,13.7,-0.0242,0.0123,8.41,1024.4,156.6,9.5,13.7,0.69,39.6,0.0,0.058,1,1,0
1515.8,35.32,60.1,-0.0521,-0.0238,4.81,1395.7,180.9,109.0,260.8,36.07,75.9,9.52,0.051,3,1,1
1179.2,37.27,336.6,-0.0857,-0.0172,6.1,864.7,198.9,24.1,31.7,1.64,43.8,2.06,0.054,2,3,0
1663.0,33.62,232.5,-0.0625,-0.0452,6.9,264.1,138.8,244.2,606.9,44.41,74.5,2.57,0.049,2,2,1
1467.3,39.46,207.0,-0.0492,0.0466,6.19,151.0,1197.9,12.6,21.7,1.67,40.8,3.2,0.0,3,2,0
2019.4,28.27,75.9,-0.0642,-0.0239,7.29,1318.6,121.4,88.6,267.6,14.79,80.6,15.82,0.132,2,3,1
1039.9,33.7,291.9,-0.0628,0.0322,4.2,74.3,376.6,103.9,310.4,13.46,82.7,28.08,2.05,3,1,1
943.6,34.07,243.5,-0.0097,-0.0965,6.49,369.0,209.2,1.4,1.3,0.1,36.8,2.19,0.041,3,1,0
1014.0,42.81,321.2,-0.1081,0.064,6.27,66.0,106.0,116.4,239.4,15.14,82.6,19.94,0.926,4,1,1
1943.5,38.33,230.6,-0.0193,0.0792,8.39,28.3,226.7,35.9,95.2,5.49,55.4,0.68,0.034,4,2,0
1027.0,26.24,1.4,-0.0159,-0.0586,5.35,905.1,70.1,8.7,10.0,0.6,34.3,0.62,0.05,4,2,0
1818.1,37.07,266.0,-0.0966,0.0127,6.08,649.0,1065.8,10.8,7.9,0.75,40.3,2.58,0.066,3,1,0
586.1,39.98,119.6,0.0664,-0.0172,6.82,1787.2,96.5,1.0,1.7,0.08,34.4,0.0,0.052,2,2,0
652.9,35.03,358.1,0.0655,0.0021,6.13,345.1,225.4,102.9,257.8,25.44,83.7,24.88,0.461,3,3,1
1051.7,46.74,296.4,-0.0113,0.0379,4.97,296.4,279.4,29.6,45.1,2.63,43.4,2.59,0.067,3,2,0
1367.2,19.3,36.8,-0.0242,0.0747,4.09,2869.9,343.5,55.0,124.3,16.36,66.9,3.03,0.047,1,1,0
378.2,48.41,119.9,0.06,0.0164,3.2,1798.0,448.0,159.8,375.4,25.46,75.0,1.75,0.07,1,2,1
2547.7,24.99,26.5,0.008,0.0522,5.16,2427.7,74.1,13.3,14.1,1.29,36.6,4.03,0.071,4,3,0
216.6,53.12,16.9,-0.0123,0.082,3.54,3459.8,379.3,2.1,2.1,0.18,24.5,2.69,0.056,2,3,0
445.7,8.22,247.8,0.0729,-0.0947,6.88,2442.2,129.6,3.9,5.7,0.55,42.8,2.01,0.032,1,3,0
1330.4,37.21,45.7,-0.0435,-0.0069,7.17,452.0,133.0,257.8,794.1,46.77,86.0,27.94,1.154,2,2,1
1468.7,11.63,14.1,0.0034,0.1251,7.08,17.7,26.9,5.5,7.7,0.52,33.6,3.51,0.103,4,3,0
1553.5,16.71,121.3,0.0185,0.042,5.65,541.9,39.5,3.4,4.0,0.3,31.2,0.28,0.006,1,1,0
1829.8,43.1,196.3,-0.0226,-0.0519,6.27,597.3,1064.0,192.4,439.8,50.18,73.8,0.16,0.077,1,2,1
919.8,32.51,304.9,-0.0498,0.0442,5.55,157.2,140.9,18.4,12.4,1.54,40.3,1.49,0.0,4,4,0
1100.9,24.27,12.3,-0.0471,0.0573,2.0,4531.9,62.6,25.8,19.8,2.29,47.7,2.22,0.03,1,3,0
961.6,44.38,344.1,0.023,-0.0508,3.56,277.4,511.9,70.0,105.5,17.23,64.6,1.41,0.112,2,2,0
1696.3,51.93,260.8,-0.0755,0.0606,2.88,290.6,944.5,7.8,11.9,1.29,35.3,4.19,0.039,3,2,0
2275.8,40.2,141.5,0.0701,0.0393,2.84,1430.9,173.4,18.4,13.0,2.59,33.3,1.03,0.022,5,2,0
1939.1,47.53,146.5,-0.0221,0.0185,5.47,662.5,338.3,9.5,10.6,1.25,48.7,3.14,0.097,5,1,0
1882.8,36.28,282.1,-0.0287,-0.0211,6.92,204.9,125.5,2.3,1.2,0.26,35.4,4.04,0.0,4,1,0
1784.6,42.46,288.7,0.0411,0.0997,3.66,392.1,357.3,16.7,26.5,2.23,37.3,1.28,0.133,3,3,0
2231.6,41.21,261.5,-0.013,0.0987,3.51,916.3,1124.5,10.1,17.3,0.87,43.7,3.35,0.039,4,1,0
900.5,46.99,35.7,0.0386,0.0612,2.97,2070.5,166.3,6.5,5.8,0.47,40.6,1.39,0.0,1,1,0
423.5,37.4,157.1,0.0153,0.0269,7.12,595.8,425.3,236.1,377.6,32.1,79.0,13.89,0.0,1,2,1
1166.1,41.05,89.2,-0.0211,0.0596,4.94,1300.3,71.5,61.1,94.7,12.77,51.6,3.09,0.074,1,1,0
1882.2,36.16,345.8,-0.008,-0.0011,4.69,2574.2,291.5,19.2,12.3,2.78,45.3,2.13,0.054,2,3,0
2144.8,46.34,95.6,0.0359,-0.0799,6.7,766.3,54.9,80.2,209.9,11.15,88.4,30.36,0.352,4,1,1
1322.0,33.32,267.3,0.0339,0.0428,5.87,672.1,270.3,85.2,193.0,18.97,78.8,15.66,0.079,4,1,0
649.1,27.94,159.9,-0.0274,0.0259,7.97,411.9,139.8,40.3,65.2,3.08,61.8,1.18,0.0,1,1,0
1132.9,44.36,352.3,0.0637,0.0802,4.84,1007.7,212.2,196.8,296.6,39.08,78.4,14.19,0.088,1,3,1
50.0,38.07,32.4,0.0098,-0.0117,5.2,5.8,532.0,164.6,258.2,37.84,90.2,35.05,7.938,1,1,1
1873.1,31.67,53.9,0.0041,-0.1049,6.86,1538.4,657.1,43.2,85.1,5.58,49.9,1.81,0.056,3,3,0
1233.0,41.17,341.2,0.0109,-0.0374,5.31,350.2,502.3,2.5,3.2,0.19,44.5,1.13,0.069,3,3,0
1035.5,39.21,66.5,0.078,0.0203,7.17,933.7,591.0,44.9,70.0,8.56,45.4,1.47,0.08,3,1,0
1397.2,29.29,133.5,-0.0776,-0.0325,6.49,612.1,135.6,4.5,6.9,0.39,41.3,3.0,0.127,2,1,0
2300.8,41.6,42.7,0.0002,0.0946,7.01,3094.3,241.5,221.1,401.2,63.66,74.1,2.08,0.069,4,1,1
1229.4,23.71,39.0,0.0486,0.0,4.13,122.7,5.0,63.9,165.6,20.12,73.2,4.67,0.0,2,2,1
852.7,32.14,189.0,0.0349,-0.027,7.36,836.5,431.0,197.3,367.4,34.67,80.8,18.53,0.101,3,2,1
1028.5,34.44,21.0,-0.0844,-0.0314,5.45,375.3,2025.8,95.6,244.2,18.99,86.8,30.62,5.777,1,2,1
986.1,33.78,350.7,0.0838,-0.0497,7.41,56.1,838.0,1.4,1.5,0.12,47.3,1.09,0.068,2,1,0
238.2,17.31,265.9,0.0508,0.0902,9.41,347.2,619.9,118.9,210.5,34.05,73.2,2.67,0.063,1,1,0
1331.6,41.05,150.1,0.0513,-0.013,5.34,233.5,248.2,6.5,7.6,0.57,36.1,2.88,0.005,1,3,0
950.5,33.04,108.0,0.0554,-0.0202,5.86,1785.4,592.6,10.4,9.1,0.72,33.9,2.39,0.096,1,1,0
2336.2,42.89,36.9,-0.0232,-0.0003,6.59,38.5,99.3,1.8,1.1,0.16,28.4,3.36,0.11,5,1,0
1436.4,30.64,75.5,-0.0731,0.083,6.03,4645.6,297.5,34.8,45.2,4.39,38.7,2.4,0.0,2,1,0
1239.5,24.7,72.9,0.0255,-0.0461,5.19,883.3,375.2,55.8,145.5,12.03,70.4,0.0,0.055,1,1,0
1255.2,46.98,149.7,-0.0021,0.0679,2.95,446.0,974.6,8.2,14.8,0.66,40.7,1.15,0.061,1,2,0
1008.3,49.34,37.5,0.0227,-0.0103,4.75,1372.2,486.4,12.3,14.5,1.15,32.6,0.0,0.056,2,4,0
1407.7,30.5,129.0,-0.0508,-0.046,4.89,1074.4,218.5,24.6,59.6,3.11,60.5,0.72,0.045,2,4,0
907.5,19.5,221.1,-0.0879,0.0388,8.9,393.9,10.2,4.1,2.8,0.29,24.2,0.67,0.057,1,2,0
1415.3,21.86,80.9,-0.0366,0.0317,5.27,723.4,165.5,63.3,135.7,11.36,63.4,3.06,0.039,2,2,0
1449.0,31.68,20.7,0.0456,-0.0544,6.46,792.2,324.6,117.2,193.4,17.82,84.3,24.9,0.106,2,1,1
1389.6,41.13,130.1,-0.0825,-0.0463,3.7,547.8,1048.4,3.2,4.0,0.24,38.9,3.86,0.048,2,4,0
1044.5,27.43,117.3,0.0166,-0.0567,7.46,451.6,109.8,5.9,8.1,0.44,31.8,1.14,0.093,1,1,0
1436.3,28.18,271.8,0.0733,0.0181,9.69,978.0,187.4,37.2,66.6,3.05,54.5,3.92,0.112,1,2,0
1012.2,33.26,72.0,0.0294,0.0184,4.05,735.1,188.8,10.0,9.4,0.68,36.1,5.96,0.103,1,2,0
468.9,30.27,218.9,0.0236,-0.016,2.95,1009.0,1052.2,47.2,70.6,4.22,45.2,2.86,0.059,1,1,0
766.8,26.06,89.9,-0.0124,-0.0208,5.74,1170.7,311.2,3.1,2.5,0.34,41.8,1.83,0.108,2,3,0
719.9,33.46,196.6,0.0299,-0.0338,5.26,288.2,586.1,40.9,49.3,4.45,49.5,0.83,0.0,1,1,0
1360.3,48.12,51.7,0.0042,-0.0298,4.89,512.1,78.0,242.4,612.3,39.98,74.5,2.79,0.071,1,2,1
1362.2,36.62,26.5,0.0585,0.037,4.31,610.0,80.9,63.4,123.3,14.46,66.0,2.6,0.06,1,2,0
365.3,17.27,136.0,-0.0018,0.0451,8.52,32.2,237.2,0.2,0.3,0.01,28.1,2.09,0.038,1,4,0
1645.2,28.9,57.2,0.016,-0.053,5.49,867.2,85.0,75.4,157.3,17.93,86.0,30.92,0.107,1,1,1
1107.1,28.03,64.4,0.0201,-0.0078,3.68,1067.8,95.2,39.3,26.2,3.48,43.8,2.03,0.051,2,1,0
533.3,23.9,149.8,-0.0481,-0.0774,4.72,1465.6,101.4,0.7,0.9,0.06,39.4,1.32,0.084,2,1,0
664.4,28.08,318.9,-0.0347,0.004,6.53,258.8,3.9,21.8,21.1,2.57,40.5,1.33,0.0,1,3,0
461.5,26.96,173.4,-0.0618,0.0342,5.7,1304.7,248.0,115.9,226.8,19.83,71.4,0.42,0.103,1,4,0
1101.6,10.9,187.4,0.0368,-0.0032,9.01,335.0,86.4,3.9,3.7,0.61,40.2,0.75,0.015,3,4,0
1147.0,25.23,197.0,0.0021,0.0708,3.86,2430.7,306.7,17.1,22.9,1.62,35.7,2.65,0.037,2,3,0
715.6,24.59,338.3,-0.0246,-0.0275,6.65,756.5,260.2,160.1,422.0,20.75,77.8,13.48,0.075,1,4,1
1641.6,34.52,86.5,0.026,-0.0707,6.18,1627.5,72.8,9.3,6.6,0.85,39.5,0.0,0.131,1,2,0
1628.4,19.34,240.0,-0.0223,0.0273,9.78,2717.1,1203.8,102.0,171.4,16.15,70.3,2.56,0.054,3,2,0
1164.0,36.37,328.1,-0.0129,-0.0705,4.52,3119.1,261.8,76.5,179.8,11.49,84.9,27.76,0.639,3,1,1
1667.5,44.21,305.3,-0.0209,-0.0445,6.41,712.2,1451.5,29.4,73.5,4.73,52.3,1.06,0.05,1,2,0
1583.9,40.64,249.3,0.0099,-0.0053,2.0,768.9,264.4,0.7,1.3,0.07,31.7,2.68,0.058,1,3,0
1203.4,37.12,93.3,0.0255,-0.0264,5.39,1887.6,72.7,4.1,3.4,0.32,40.2,0.15,0.0,2,2,0
591.1,46.61,161.3,-0.0401,-0.0565,5.19,2167.1,97.5,83.3,174.5,16.49,73.3,1.03,0.097,2,3,0
1920.5,49.08,180.6,0.0189,-0.0562,3.86,1238.5,319.3,6.3,4.7,0.87,30.8,1.81,0.081,5,4,0
645.2,30.57,91.3,-0.021,0.0977,5.25,777.3,54.0,3.9,3.9,0.26,30.4,2.31,0.003,1,4,0
1348.1,24.16,349.7,-0.017,0.0054,4.15,225.0,469.3,0.7,0.7,0.07,32.9,3.66,0.037,2,2,0
763.5,27.65,330.2,0.0764,0.0662,3.45,81.3,601.5,30.5,40.9,4.12,46.3,0.18,0.0,3,3,0
2239.7,52.01,0.1,-0.017,0.0391,2.88,206.5,203.0,1.2,1.3,0.15,46.7,6.11,0.071,5,4,0
1262.3,30.48,61.2,0.0006,-0.01,5.45,2285.5,307.8,23.5,37.8,3.03,49.6,0.47,0.0,1,3,0
947.8,33.95,251.6,-0.0447,0.0776,7.23,383.2,265.1,18.0,32.0,2.53,31.4,0.71,0.019,3,2,0
775.7,37.67,195.2,-0.0204,0.0275,2.86,25.5,83.3,27.4,33.1,4.54,45.3,1.3,0.03,2,1,0
1129.7,39.1,145.0,0.024,-0.0705,6.06,263.1,387.0,5.7,5.9,0.5,36.9,1.15,0.125,3,2,0
1405.0,54.8,255.0,0.0632,0.0854,6.36,645.6,127.8,84.8,192.7,18.01,85.1,31.01,4.249,3,2,1
1020.6,23.12,101.7,-0.0469,-0.0423,6.14,560.5,243.2,194.4,313.2,42.25,83.0,22.25,0.035,3,2,1
1550.5,41.77,296.7,-0.0583,-0.0439,4.96,1078.8,378.3,130.9,278.5,19.76,79.1,15.66,0.026,1,2,1
1270.2,42.48,305.2,0.0118,0.009,6.09,1820.0,263.1,356.0,886.4,80.0,81.8,22.2,0.011,1,1,1
969.2,37.86,233.6,0.0235,0.0334,4.75,51.1,50.6,121.8,313.2,15.87,85.6,28.36,2.935,2,1,1
218.6,39.95,260.5,0.0887,-0.0475,3.31,52.9,991.1,13.0,22.4,1.85,41.3,0.0,0.06,3,1,0
1183.9,52.44,250.0,-0.0484,0.1018,3.16,1055.6,225.8,5.1,8.7,0.37,36.4,3.6,0.062,1,4,0
1439.3,35.21,54.3,0.0479,-0.0713,4.42,539.5,61.5,62.9,137.2,15.8,72.5,1.51,0.085,1,3,0
1697.4,40.17,182.5,0.0136,0.1069,8.13,1356.2,142.0,11.2,15.6,0.91,33.4,1.64,0.05,3,2,0
529.1,29.09,198.5,-0.0226,0.0804,5.42,2133.3,680.7,6.6,6.0,0.57,42.1,0.0,0.043,1,1,0
1366.4,48.2,356.9,0.0559,-0.1127,3.93,1573.4,457.2,124.1,325.2,16.18,74.8,0.82,0.082,4,4,1
1531.7,38.54,355.7,-0.0681,0.0987,3.35,21.6,241.9,9.7,16.7,0.66,40.8,0.18,0.067,3,1,0
1192.1,48.15,72.7,0.0484,-0.0255,3.47,1205.8,431.3,145.5,368.9,29.57,73.7,1.67,0.0,2,1,1
951.5,29.62,200.6,-0.0025,0.0401,6.97,319.1,560.4,0.7,0.4,0.05,37.7,0.89,0.022,3,3,0
2105.6,24.36,129.6,-0.0102,-0.0259,8.05,597.3,471.8,15.2,23.3,1.78,42.1,2.0,0.03,4,2,0
979.0,24.3,3.8,-0.0315,0.024,5.28,1605.1,378.6,6.6,8.5,0.57,38.8,1.57,0.025,3,1,0
1112.6,47.13,143.8,0.0238,0.0056,6.86,830.2,523.8,93.2,285.3,12.81,79.6,20.22,0.111,4,2,1
2403.2,44.11,305.1,0.0042,0.0478,7.55,5389.5,438.5,14.0,23.1,1.09,41.9,1.65,0.065,4,4,0
1299.5,37.27,207.7,-0.102,-0.0767,6.43,2104.9,1105.9,13.3,22.1,1.66,47.9,0.0,0.056,5,1,0
248.9,26.35,347.8,0.0192,-0.0501,5.77,1395.7,497.6,66.0,174.7,12.74,87.7,31.08,0.062,1,4,0
2062.3,54.88,36.9,0.0286,0.0083,3.52,259.7,220.8,125.0,387.1,21.41,68.7,2.42,0.058,4,1,1
517.6,31.36,39.3,-0.0063,0.0007,4.09,1926.7,74.3,6.2,10.7,0.97,33.6,3.01,0.028,1,4,0
1725.3,47.45,220.3,-0.0455,-0.0058,7.15,719.9,76.8,6.6,6.3,0.65,44.9,2.84,0.079,5,2,0
1606.4,35.69,145.1,0.05,0.069,6.98,154.4,176.4,78.5,234.9,10.2,79.3,18.83,0.033,3,2,1
1797.3,46.82,233.1,-0.0929,0.0296,4.55,493.6,1163.9,119.6,212.5,32.84,69.4,0.97,0.054,3,1,0
782.8,38.1,268.2,0.0002,-0.0311,2.42,173.4,196.1,11.3,16.5,0.85,45.8,0.74,0.047,1,1,0
1034.5,33.27,55.4,-0.0321,-0.088,4.43,473.2,214.4,58.0,101.1,9.29,61.5,1.79,0.045,2,2,0
1241.2,34.67,173.9,-0.0073,-0.0395,5.39,2756.0,1537.2,47.3,149.3,7.19,72.0,0.0,0.057,1,2,0
871.7,32.36,298.3,0.05,-0.0245,7.21,687.0,343.3,14.2,16.0,1.68,45.6,1.36,0.077,1,2,0
1432.8,25.95,115.0,0.0072,-0.0289,5.56,582.4,903.9,48.5,118.6,7.94,56.2,0.89,0.014,3,3,0
1484.7,19.3,129.5,0.1151,0.0353,8.49,2758.8,182.4,12.3,10.1,2.01,21.9,2.62,0.072,2,4,0
746.4,40.15,11.5,-0.0316,-0.0827,6.1,1813.8,811.4,36.2,106.2,7.38,60.9,0.0,0.063,1,2,0
389.1,25.11,108.1,-0.0832,0.0026,4.35,349.5,153.4,81.3,215.6,10.59,78.8,11.93,0.04,1,3,1
2060.5,68.35,349.5,-0.069,0.0421,2.0,56.8,596.0,160.7,316.7,31.32,87.3,40.42,0.96,4,3,1
463.2,30.29,122.9,0.0044,-0.0167,7.49,1691.9,372.8,162.5,441.0,21.73,85.6,33.29,0.0,2,1,1
1300.5,31.69,61.9,0.0681,0.0283,5.24,145.2,298.0,140.1,329.0,28.09,75.8,8.87,0.084,2,1,1
534.7,36.39,354.1,-0.0214,-0.0922,3.54,643.9,353.8,89.4,178.3,15.91,72.4,4.69,0.096,1,2,0
652.8,26.67,129.7,0.0138,0.0465,8.07,621.2,118.6,20.3,27.7,3.23,39.5,1.1,0.018,1,1,0
1274.9,11.64,78.4,0.0061,0.0058,8.6,1243.1,105.4,31.2,29.5,4.43,30.0,3.05,0.029,3,3,0
1428.0,32.53,334.2,-0.0536,-0.0677,4.75,2753.1,1858.8,65.9,122.2,17.4,64.2,0.0,0.064,3,4,0
864.3,38.75,247.5,0.0603,0.0088,6.08,1412.6,142.4,106.0,292.3,14.05,84.7,26.86,0.079,2,2,1
1897.8,37.26,307.0,0.1411,-0.0496,6.34,109.5,86.4,3.5,4.5,0.24,39.2,2.86,0.124,3,2,0
1874.9,42.22,52.5,-0.0119,-0.0166,3.53,1996.3,234.1,70.9,212.0,15.34,79.9,19.64,0.065,1,4,0
1739.9,28.26,319.8,0.0455,-0.0403,5.61,3987.7,206.2,0.8,1.0,0.09,44.2,1.52,0.0,4,1,0
1012.8,49.53,119.5,-0.0851,-0.0434,4.62,140.4,85.6,85.0,179.7,16.86,84.7,28.48,0.504,3,4,1
1649.9,52.32,193.6,0.0157,-0.0846,5.06,7164.0,517.2,1.2,1.3,0.14,30.4,3.12,0.057,4,4,0
1708.9,37.29,11.4,0.043,-0.0198,5.93,2181.9,39.2,79.5,204.9,26.04,73.4,2.63,0.03,1,3,1
2057.3,39.18,233.3,0.0788,-0.0205,4.92,1806.7,6.6,14.0,15.8,1.05,49.2,0.82,0.0,2,3,0
1271.2,35.36,0.7,0.0104,0.0173,3.89,179.3,259.7,18.9,59.4,4.31,54.8,3.48,0.053,2,2,0
704.4,23.9,300.6,0.008,0.1622,5.89,219.9,6.2,17.6,20.9,1.71,35.5,0.0,0.065,1,1,0
1395.9,41.26,70.5,-0.0904,0.0267,6.89,1435.9,75.7,10.9,17.0,0.91,33.2,0.0,0.071,1,2,0
1152.4,30.22,53.6,0.0908,0.0103,5.99,220.7,71.2,0.8,0.7,0.07,27.6,2.15,0.038,3,4,0
556.9,33.79,145.6,0.0788,-0.0466,4.23,2659.6,67.9,121.5,344.4,16.36,81.0,20.04,0.068,1,3,1
1900.0,49.87,237.9,-0.0733,0.0042,2.0,52.1,86.7,1.8,2.4,0.24,27.1,3.5,0.052,5,1,0
566.9,31.5,194.9,-0.0167,0.0781,6.98,5597.3,387.9,2.2,3.8,0.34,40.3,3.31,0.044,1,3,0
50.0,28.35,88.5,-0.013,-0.0635,5.19,145.5,966.1,3.7,3.3,0.26,46.5,0.58,0.124,1,1,0
1197.8,36.21,108.1,0.0048,-0.0506,9.28,526.5,52.2,1.1,1.3,0.12,36.1,0.87,0.093,2,2,0
1726.8,27.83,326.9,0.0779,0.0409,4.44,1811.9,80.9,188.5,395.3,47.4,77.5,13.23,0.0,2,1,1
768.9,30.26,24.1,-0.0363,-0.0187,8.12,2913.1,174.2,126.2,299.7,19.62,87.6,36.98,0.064,1,3,1
490.5,15.75,84.8,0.0485,0.0583,7.88,2384.2,674.6,75.0,169.6,18.08,77.8,13.47,0.0,2,3,0
291.5,29.6,25.5,-0.0177,0.0512,6.16,644.0,164.7,116.6,280.0,19.41,80.6,23.93,0.079,1,2,1
569.1,25.11,192.6,0.0549,0.0521,5.25,1763.6,70.8,11.1,13.9,1.58,39.5,1.96,0.042,2,2,0
278.6,36.0,133.4,-0.0473,0.0676,7.86,2.9,694.2,7.7,11.0,0.75,36.7,0.0,0.008,1,2,0
1197.0,34.06,96.9,0.0215,0.0889,5.93,7167.2,209.9,118.1,200.7,32.84,90.5,40.21,5.612,3,1,1
1401.8,22.13,359.2,0.0262,-0.0452,4.01,2156.3,1214.0,141.8,430.8,25.27,83.7,19.53,0.055,1,4,1
975.2,27.13,125.0,0.0022,0.077,6.75,25.8,235.3,29.3,42.6,3.1,44.6,1.6,0.0,1,4,0
1372.2,29.17,231.4,0.0127,0.0029,4.81,180.3,1134.0,2.4,3.3,0.22,42.1,0.09,0.118,1,2,0
439.7,34.12,208.2,-0.0881,-0.1094,8.01,1182.6,289.8,5.1,8.3,0.41,25.8,0.05,0.016,1,1,0
440.2,43.14,156.3,-0.0313,0.1183,5.09,1130.9,306.9,117.1,347.8,21.23,74.3,2.54,0.042,1,3,1
861.4,50.06,244.0,0.0463,-0.0183,3.59,3.5,136.2,7.3,10.3,0.61,48.1,3.15,0.059,4,3,1
165.1,20.69,87.0,-0.0316,0.0069,6.24,4535.9,796.6,18.3,32.7,2.94,40.7,1.7,0.0,1,1,0
558.5,34.33,335.7,0.0611,-0.1362,6.02,262.3,226.5,10.2,6.5,0.78,32.5,4.36,0.064,3,2,0
336.7,19.27,315.6,0.0382,-0.0338,3.34,255.0,307.3,85.8,221.0,24.45,83.7,27.01,0.04,1,3,1
1319.1,44.26,322.9,-0.0446,0.0812,3.91,177.7,1726.0,141.6,231.1,19.3,81.3,16.47,0.031,1,1,1
443.4,39.44,266.2,-0.0028,-0.0751,5.44,1908.0,519.8,8.8,4.4,0.95,32.4,1.97,0.017,1,1,0
928.5,26.66,286.0,0.0404,0.032,7.01,1280.0,585.6,1.6,2.0,0.19,34.4,1.22,0.019,1,1,0
112.3,31.66,201.1,0.024,-0.0206,6.37,60.4,2464.7,0.7,0.9,0.06,40.0,1.43,0.017,1,1,0
1826.5,51.12,143.2,-0.0043,-0.0309,2.0,1171.0,48.6,7.7,7.2,0.61,39.3,1.89,0.041,5,3,0
988.9,33.45,25.5,-0.0269,0.0498,6.31,315.8,332.7,6.5,9.3,0.68,38.8,2.16,0.003,3,1,0
1021.2,36.88,130.0,-0.0078,0.0519,3.97,317.5,289.6,1.9,2.1,0.13,38.6,0.65,0.049,2,3,0
1308.1,47.32,15.7,-0.043,-0.061,2.61,513.5,210.5,30.0,27.0,2.84,44.8,1.33,0.009,2,3,0
890.5,30.21,264.0,-0.0382,-0.1053,5.34,1899.6,479.5,131.7,381.7,17.24,84.2,19.79,0.038,3,4,1
823.5,35.58,206.4,-0.103,-0.0811,3.37,956.1,238.9,224.7,372.0,33.27,79.8,21.68,0.113,1,3,1
1475.7,43.14,0.4,-0.0545,0.0051,2.32,1067.9,116.3,64.6,154.0,12.6,84.2,30.37,2.511,3,2,1
1793.0,28.93,328.9,-0.0271,-0.067,5.56,54.4,23.2,195.9,442.3,58.56,74.3,1.22,0.091,2,3,1
941.2,25.08,288.7,0.0322,0.0651,6.12,2357.4,1329.6,2.2,1.2,0.18,33.8,0.73,0.071,3,1,0
1142.7,42.0,181.5,0.0092,-0.0344,4.45,279.9,347.5,143.2,309.7,34.69,87.1,26.78,7.131,2,1,1
2040.1,45.25,191.2,-0.0549,-0.026,5.61,462.8,238.2,1.0,1.5,0.11,44.8,2.55,0.036,4,3,0
1073.9,40.66,157.6,0.0445,-0.0126,4.8,80.3,158.4,0.2,0.2,0.02,25.0,1.63,0.025,1,2,0
1550.8,27.07,238.3,-0.0656,0.0685,6.63,3665.4,500.0,17.8,11.9,2.77,29.7,2.07,0.051,1,3,0
1882.4,21.2,58.1,0.0336,0.0368,7.34,1061.6,297.6,43.8,68.4,5.75,52.2,2.41,0.036,5,1,0
1395.4,22.92,289.6,0.0081,-0.0133,9.91,721.6,64.5,19.7,51.8,3.08,41.6,2.23,0.0,1,1,0
918.0,36.25,25.6,-0.0208,0.0139,5.69,75.4,829.3,14.6,17.2,1.18,31.0,0.25,0.0,4,4,0
1374.2,22.45,58.6,0.0527,-0.0153,3.26,4338.4,1097.9,51.5,164.5,9.18,72.6,2.24,0.0,3,1,0
1161.9,32.75,45.4,0.0333,0.0755,6.23,58.1,227.3,58.4,168.6,7.33,79.4,14.4,0.052,3,1,0
1376.7,28.31,181.0,0.0576,-0.0397,6.23,94.4,32.2,9.5,15.6,1.15,44.8,5.65,0.05,3,1,0
840.0,50.28,35.6,0.0797,0.0383,4.57,815.6,426.5,20.9,10.9,1.7,38.8,0.0,0.051,1,3,0
1633.2,42.65,113.8,-0.056,0.0755,4.16,2680.3,158.0,1.2,1.6,0.16,35.9,0.68,0.091,5,2,0
1861.6,31.93,184.7,-0.0262,-0.0173,8.01,2009.4,15.9,69.9,193.1,9.37,69.4,3.03,0.063,3,1,0
1508.0,32.47,108.3,0.051,0.0364,6.96,866.9,5.9,5.9,8.8,0.41,38.9,3.14,0.018,3,2,0
1246.9,38.0,35.4,0.0268,-0.0108,6.27,4765.3,28.5,5.0,5.1,0.48,36.9,1.66,0.054,1,1,0
1486.5,28.88,156.0,0.0021,-0.0532,6.13,1530.4,729.9,161.3,356.9,38.52,87.3,31.14,0.0,2,3,1
891.1,25.06,312.1,-0.0149,0.0225,4.66,387.8,423.1,21.4,27.6,3.33,42.9,1.93,0.001,4,1,0
1205.2,44.36,132.9,0.0078,0.0699,5.43,543.0,363.4,154.0,480.0,22.35,79.1,18.99,0.011,3,4,1
1664.2,46.83,1.7,0.0481,-0.134,5.62,4521.6,485.7,164.2,364.9,34.57,73.8,1.02,0.075,4,1,1
1630.3,32.36,250.5,-0.044,-0.0435,5.82,262.3,751.5,116.2,225.9,21.39,72.9,3.89,0.12,4,2,1
822.1,38.85,6.8,0.011,-0.0493,5.13,1023.2,156.4,53.0,84.4,7.44,54.2,2.7,0.097,4,2,0
1741.8,37.07,313.7,-0.0215,0.0803,5.24,2837.3,278.5,182.1,557.7,48.1,75.1,8.06,0.043,3,3,1
468.1,42.77,172.3,-0.0694,0.0159,2.76,5084.1,589.1,9.8,8.1,1.26,38.8,0.4,0.017,2,1,0
1297.4,35.92,289.6,0.043,-0.0666,3.89,183.4,298.3,21.8,44.7,2.95,45.8,2.95,0.028,1,1,0
1147.6,50.41,58.6,-0.0105,0.0167,3.03,1582.9,118.5,29.1,22.5,4.15,52.2,2.07,0.077,1,1,0
1892.4,36.12,312.5,-0.0651,-0.085,4.55,1300.4,631.2,104.6,172.9,16.65,71.1,0.52,0.012,3,1,0
1137.5,37.02,241.3,0.0077,0.0294,8.37,625.4,0.0,51.5,95.4,7.3,64.5,3.21,0.061,2,1,0
421.8,30.35,176.6,0.0016,-0.0125,7.25,0.3,2.9,123.6,215.4,16.66,88.9,37.17,0.024,2,4,1
1419.0,30.14,132.1,-0.0481,-0.0034,4.37,1271.4,1024.0,8.8,10.0,0.8,34.3,4.31,0.057,1,3,0
1907.6,40.56,349.9,-0.0189,0.0052,5.39,364.1,210.6,2.1,1.5,0.18,35.8,2.38,0.039,3,2,0
921.4,28.52,113.5,-0.0199,0.012,8.71,3260.5,478.8,17.7,31.8,1.41,40.1,0.37,0.013,2,1,0
1497.3,31.94,167.0,-0.0834,0.0588,6.64,597.9,299.9,14.7,14.2,1.47,48.9,4.53,0.0,2,3,0
1717.8,34.42,141.5,0.0619,0.0576,3.87,678.6,95.2,3.0,1.7,0.29,42.1,2.82,0.008,2,1,0
1759.2,34.67,323.0,0.0283,0.0041,4.83,1855.0,665.5,2.4,1.3,0.22,40.7,0.48,0.078,4,3,0
1616.5,25.44,179.6,0.05,-0.072,3.98,1141.7,590.0,5.3,6.2,0.5,34.3,3.63,0.015,3,2,0
1494.6,42.12,267.4,0.0494,-0.0329,5.83,2414.6,39.3,25.5,41.6,2.91,52.1,0.0,0.062,4,1,0
1463.0,18.85,137.3,-0.0421,0.0238,3.94,2781.9,277.7,88.2,160.4,27.35,81.9,21.57,0.063,3,1,0
1655.3,32.2,271.6,-0.0018,0.0091,4.53,1145.8,150.3,10.9,16.5,0.95,37.0,1.43,0.101,2,3,0
1120.0,34.34,172.2,0.0175,0.0303,6.16,2793.9,230.5,3.8,4.6,0.32,32.8,2.12,0.05,1,3,0
1415.1,13.56,91.3,-0.0177,-0.0164,8.35,411.0,218.6,38.2,66.7,3.38,53.5,0.12,0.016,3,1,0
701.8,45.18,28.1,0.031,0.0378,2.67,767.7,415.7,39.5,107.3,6.7,64.9,0.63,0.063,4,3,0
1160.4,38.2,20.5,-0.0122,0.0234,6.25,347.4,26.9,77.8,207.4,10.4,69.6,1.21,0.045,3,3,1
1512.2,49.43,200.7,0.0044,-0.0138,3.81,658.6,473.8,131.7,219.5,17.58,80.7,18.99,0.054,2,2,1
1581.3,30.06,15.3,-0.0686,-0.0326,4.5,1747.9,447.2,19.8,14.0,1.53,46.7,1.88,0.055,1,2,0
984.1,36.06,174.2,-0.1378,0.004,4.46,1360.1,29.2,5.8,4.8,0.74,29.8,3.56,0.035,3,3,0
1734.5,28.29,112.5,0.007,-0.002,5.68,1264.5,234.9,0.3,0.3,0.02,25.1,2.08,0.0,3,1,0
1631.3,28.52,232.1,0.0619,0.007,5.31,317.0,432.4,3.3,1.8,0.38,37.8,2.22,0.041,3,1,0
308.0,47.74,21.1,0.0209,-0.0311,2.19,401.5,668.2,103.9,322.9,13.81,80.8,22.77,0.053,1,3,1
1646.5,44.15,171.8,-0.0611,0.0115,2.13,3608.4,388.9,10.6,6.3,1.1,41.5,2.09,0.043,1,2,0
1345.3,40.68,91.6,-0.1193,0.0316,6.5,135.7,602.7,7.6,8.0,0.55,32.1,2.15,0.074,2,1,0
419.6,21.22,329.1,0.0235,-0.1129,6.56,552.2,1648.9,6.8,7.8,0.67,38.4,0.57,0.039,1,3,0
953.6,29.51,136.9,-0.0241,0.0478,2.99,2896.4,30.4,6.4,7.0,0.63,49.3,1.55,0.001,3,2,0
1635.1,37.25,131.7,0.0308,0.0781,3.11,154.4,16.9,101.3,183.6,24.32,74.7,2.78,0.084,4,3,1
2145.0,38.8,350.7,-0.0116,-0.1016,4.88,694.3,211.0,1.8,2.7,0.18,23.5,3.67,0.045,3,3,0
1294.9,48.05,131.3,-0.0207,-0.072,5.36,332.5,532.0,0.9,0.9,0.09,52.5,3.53,0.048,4,4,0
672.9,31.47,315.1,0.0716,-0.0244,5.12,149.1,327.0,0.5,0.4,0.08,29.2,1.87,0.133,1,3,0
1158.9,29.92,253.0,0.0244,-0.0084,3.71,1241.2,341.4,5.2,6.3,0.35,46.6,3.69,0.033,1,3,0
1538.3,53.26,317.4,0.0116,0.0217,3.38,1608.5,704.8,0.3,0.5,0.04,28.9,3.25,0.049,5,2,0
1308.9,33.71,257.7,0.0398,0.0537,4.07,1240.6,56.1,20.8,15.1,2.32,34.7,0.65,0.059,2,1,0
1780.2,33.33,224.6,-0.1294,0.0948,4.85,992.5,132.2,103.1,249.6,13.54,80.1,17.8,0.013,2,2,1
1059.9,37.38,297.6,-0.084,-0.0863,5.94,2723.6,32.3,102.7,228.8,13.39,89.8,32.04,4.216,3,4,1
2097.7,42.77,256.8,0.0608,-0.0262,5.8,603.5,83.6,181.1,392.2,47.65,87.6,32.68,1.492,5,2,1
430.4,26.67,260.1,-0.0783,0.0035,6.9,1908.1,570.2,156.5,432.5,22.4,71.7,1.01,0.026,1,3,1
1794.9,36.98,161.9,0.0673,0.0096,5.85,3364.6,76.0,50.0,89.0,16.07,55.8,2.27,0.094,5,1,0
668.0,34.18,266.0,0.0327,0.0443,4.47,446.3,240.4,16.3,13.1,1.49,34.8,1.12,0.045,1,4,0
1085.5,38.19,312.7,0.0154,-0.0504,6.25,38.2,739.7,8.4,12.5,0.72,37.8,2.74,0.0,3,1,0
649.3,29.96,216.0,0.0251,-0.0748,4.21,1274.5,318.7,5.4,8.4,0.49,29.1,2.74,0.083,2,2,0
879.1,20.89,190.6,-0.0056,0.0869,4.21,1563.7,220.9,115.8,362.5,15.3,80.5,16.12,0.119,1,1,1
1821.6,53.39,141.1,-0.0233,0.0129,4.33,636.4,496.8,125.6,286.0,36.41,85.2,30.97,0.867,4,3,1
642.6,40.47,241.0,0.0379,-0.0362,5.25,1565.5,1184.0,94.9,277.7,13.58,75.3,9.22,0.055,2,2,1
1209.7,45.95,183.8,0.0031,-0.0667,5.35,228.1,45.8,11.9,20.7,1.13,44.2,0.0,0.124,3,3,0
1925.3,26.75,250.6,0.1274,-0.0095,4.54,444.9,121.7,0.8,1.3,0.07,39.7,3.42,0.097,2,4,0
1164.0,34.09,238.2,-0.056,-0.0285,2.2,810.0,244.7,0.5,0.6,0.08,36.5,0.0,0.057,1,1,0
672.8,33.18,195.9,-0.0005,-0.0265,6.76,5124.9,24.4,14.0,8.9,1.71,43.4,0.82,0.0,3,1,0
1614.8,47.06,29.4,-0.0689,0.0118,2.65,828.3,572.4,10.2,12.8,1.56,39.9,1.12,0.045,4,1,0
1065.7,33.67,289.9,0.0009,-0.0493,4.48,1912.5,785.4,0.2,0.2,0.01,43.3,3.21,0.098,2,4,0
741.3,42.87,335.0,-0.0309,-0.0041,5.24,27.2,48.9,4.1,2.3,0.65,39.5,0.61,0.047,3,4,0
982.4,19.74,93.2,-0.0582,0.0024,5.32,3086.8,1697.5,8.7,12.6,0.65,34.2,1.02,0.102,2,2,0
1643.0,34.49,51.0,0.0225,-0.0182,4.24,542.3,291.5,18.8,30.3,2.22,42.7,0.6,0.08,1,2,0
1128.2,35.96,256.4,-0.0048,-0.0322,4.92,173.0,428.5,2.9,2.7,0.35,46.9,3.13,0.012,2,1,0
1707.8,48.76,295.7,0.0052,-0.0314,4.7,2178.9,211.0,151.1,334.6,38.22,75.1,6.89,0.016,5,2,1
1552.7,32.38,94.4,-0.0031,0.0085,5.44,1071.7,573.0,0.7,1.1,0.05,45.0,1.23,0.044,2,3,0
1027.7,46.35,257.2,-0.0354,-0.0057,5.06,689.9,146.8,34.5,39.4,3.67,43.8,1.52,0.058,1,1,0
907.5,33.74,26.9,0.0653,0.0343,7.04,1596.8,628.0,36.9,103.4,11.21,71.9,3.25,0.045,3,3,0
1047.5,35.99,119.6,-0.0054,-0.0389,4.81,280.0,378.3,57.6,98.2,9.85,55.9,2.29,0.033,1,2,0
685.7,21.91,248.1,0.0274,-0.0033,6.52,4334.6,379.6,12.6,12.9,1.1,40.5,3.19,0.096,3,2,0
932.3,54.56,255.3,0.0022,-0.0048,3.11,505.0,73.2,17.5,29.9,1.74,32.7,1.56,0.032,3,2,0
1026.2,27.05,49.6,0.1176,0.0401,8.25,1238.0,468.0,92.8,258.4,22.43,85.3,34.59,0.0,1,1,1
2016.8,23.39,112.9,0.0385,0.0433,5.84,48.5,1021.1,7.3,10.2,0.83,36.1,2.63,0.05,2,4,0
1202.5,25.59,299.8,0.0029,0.0156,4.9,1488.8,110.2,11.6,12.1,1.69,37.2,3.64,0.063,2,3,0
1593.9,28.08,337.9,-0.0563,-0.0188,4.08,885.1,104.7,1.1,1.4,0.14,37.7,0.35,0.157,3,3,0
1629.3,23.58,175.5,0.0502,-0.0168,5.67,1423.3,149.1,27.3,40.1,2.38,45.4,2.31,0.0,3,4,0
1467.5,27.44,329.1,-0.0287,0.0945,5.23,341.1,121.2,22.1,16.9,3.07,48.5,0.72,0.086,1,2,0
1498.0,30.04,176.4,-0.016,0.0365,7.78,633.0,638.4,262.8,664.8,54.37,75.4,9.53,0.027,3,4,1
1246.7,35.31,8.3,-0.0034,-0.003,4.5,2575.8,303.5,0.5,0.4,0.05,34.5,3.61,0.063,1,1,0
209.1,25.92,57.8,-0.0144,0.0427,6.03,1089.3,159.9,8.3,14.0,1.32,41.2,0.0,0.0,1,1,0
1125.6,36.27,273.0,0.0121,-0.0267,5.09,1841.9,109.5,8.9,12.3,0.73,34.0,2.85,0.048,5,3,0
1938.7,27.02,352.0,-0.0712,-0.0191,6.99,196.4,164.9,13.6,12.7,1.6,35.6,1.46,0.061,2,3,0
819.4,51.19,181.6,-0.0678,0.0512,4.22,32.1,386.0,31.8,47.2,2.93,36.3,1.93,0.0,3,1,0
494.1,36.73,351.1,-0.0315,0.007,4.48,736.8,119.3,15.8,33.7,5.08,45.1,2.09,0.059,1,1,0
1191.4,54.33,278.8,0.0464,0.0149,4.84,1374.6,809.5,13.0,13.0,1.56,54.1,1.42,0.067,2,3,0
800.0,36.96,52.2,0.0298,0.0784,5.6,203.0,115.4,10.9,19.4,0.95,39.5,1.25,0.054,3,1,0
1526.3,24.48,231.1,0.1212,0.0896,6.46,708.6,68.0,252.7,413.4,39.7,82.4,23.66,0.0,1,2,1
1691.2,30.32,129.6,0.1028,0.0306,4.25,30.2,20.5,124.9,317.9,38.76,79.9,20.84,0.098,4,1,1
1031.5,42.18,207.6,0.0055,0.0588,2.69,520.5,129.6,34.3,54.5,4.37,46.9,1.91,0.068,2,1,0
1869.4,46.58,3.2,0.0395,0.0322,2.0,1426.0,218.2,1.8,2.6,0.27,46.7,0.0,0.035,4,4,0
1633.8,38.77,63.3,0.0077,0.009,4.3,1177.2,263.3,12.1,14.1,0.95,34.4,2.05,0.084,2,1,0
1502.9,43.3,73.1,0.0181,0.0524,5.4,857.9,154.5,131.8,346.7,26.95,70.5,0.0,0.071,1,1,1
2190.9,30.1,118.0,-0.0477,0.023,3.72,13.9,70.6,133.4,422.4,41.93,76.3,11.01,0.047,4,2,1
1655.0,30.25,7.6,0.0313,0.0271,5.23,430.5,1405.3,66.7,121.0,12.23,68.6,0.17,0.007,3,1,0
1264.7,39.39,25.6,-0.0115,0.0548,4.51,521.2,240.5,120.7,332.4,35.13,76.7,13.12,0.059,1,3,1
665.1,37.08,100.9,0.0223,0.0451,4.88,2490.6,659.5,22.9,61.9,7.39,45.7,1.19,0.089,2,3,0
2204.2,49.97,275.0,0.0794,-0.0531,3.99,678.6,436.9,274.8,752.9,35.18,72.9,0.03,0.1,5,2,1
1447.8,52.48,264.4,0.0293,0.0349,2.11,3264.2,102.8,92.8,277.4,26.96,89.3,29.17,1.036,4,3,1
1634.1,38.39,237.4,-0.0092,0.0372,5.78,5.0,279.4,44.6,52.7,3.31,47.2,4.0,0.042,3,1,0
868.0,38.82,272.6,-0.025,0.0,3.51,1573.8,960.2,49.3,153.2,16.02,63.1,1.09,0.041,1,3,0
722.3,45.09,242.2,-0.0153,0.111,4.54,2187.3,145.3,11.0,9.2,0.88,36.9,0.97,0.0,2,2,0
1309.8,29.0,275.6,-0.0778,-0.0902,7.55,240.0,278.9,184.1,427.1,33.13,77.3,8.13,0.018,1,4,1
167.9,35.07,15.2,0.0173,-0.0683,6.39,84.8,367.7,11.5,16.0,1.02,35.1,5.86,0.0,1,3,0
633.4,29.63,101.2,-0.0388,-0.0592,5.98,509.3,608.5,5.5,2.8,0.37,25.4,4.36,0.103,3,4,0
1590.5,41.16,211.1,0.0237,-0.0517,2.87,1292.0,231.9,182.5,578.3,41.06,90.0,40.49,1.676,4,1,1
1300.4,29.72,77.2,0.0077,0.0235,5.8,4.3,529.5,60.8,169.4,12.8,73.3,0.0,0.054,3,4,0
1425.0,40.97,41.1,0.0547,0.0213,2.0,2853.7,193.5,70.7,123.1,9.53,69.5,1.72,0.035,3,1,0
1208.5,29.32,92.3,0.0012,-0.0821,4.72,936.7,119.5,6.5,11.3,0.68,35.9,2.53,0.097,2,2,0
1085.4,31.34,110.6,-0.0719,-0.0306,4.48,275.6,96.1,105.3,235.2,31.97,86.5,29.82,0.099,3,2,1
683.0,41.67,299.7,-0.0527,-0.018,5.84,1752.3,316.6,2.8,4.2,0.22,31.4,3.48,0.037,3,3,0
964.1,33.44,333.3,-0.0315,-0.0229,5.32,2608.9,534.1,7.5,8.7,1.06,35.8,3.49,0.046,1,1,0
1200.4,43.27,164.0,-0.1052,-0.0274,4.76,2305.7,509.1,7.2,7.6,1.16,42.1,3.6,0.0,1,4,0
1301.2,32.5,26.1,0.0351,0.0041,7.29,329.3,534.5,34.8,103.5,4.37,65.2,1.05,0.122,1,1,0
1090.7,39.47,88.6,0.0245,0.013,5.8,114.0,8.4,8.8,10.5,1.14,33.3,0.0,0.022,1,3,0
1171.1,29.82,58.1,0.0461,0.0234,5.59,98.5,672.3,34.4,17.7,5.26,48.7,2.4,0.016,1,4,0
450.2,28.5,308.1,0.0463,-0.0091,2.94,88.0,160.0,25.5,25.0,3.07,31.4,3.55,0.083,2,2,0
1097.9,20.57,201.9,-0.0062,0.1507,7.81,2826.3,517.5,96.6,178.7,13.26,78.6,11.82,0.045,2,1,0
1727.6,40.3,103.7,0.0077,0.0251,2.93,602.8,255.2,5.8,9.7,0.75,38.6,4.85,0.0,2,1,0
1527.4,32.98,326.3,0.0469,0.0887,5.43,1121.7,253.3,3.9,2.4,0.34,28.2,2.15,0.11,2,3,0
673.1,32.94,195.1,-0.0799,-0.061,4.76,1700.9,266.0,43.4,128.9,11.62,64.4,1.74,0.031,1,1,0
718.4,34.36,133.1,0.0458,0.0413,4.57,620.4,32.5,1.8,1.6,0.27,25.0,1.64,0.083,1,3,0
793.3,30.76,267.3,-0.0412,0.0631,6.4,2481.5,576.0,8.1,11.0,0.64,29.7,1.74,0.006,2,4,0
1274.9,37.67,274.9,0.0264,0.067,3.99,190.6,57.7,6.7,8.5,0.62,35.6,1.5,0.034,3,1,0
365.6,41.06,56.7,-0.0585,-0.0595,5.18,331.8,891.5,205.6,309.7,36.96,82.6,17.6,10.983,1,2,1
696.3,29.64,174.5,-0.0252,0.1201,5.02,43.3,467.6,38.0,107.7,5.87,67.2,2.36,0.079,1,2,0
1438.5,26.27,249.2,-0.0052,-0.0388,6.94,1645.5,362.1,30.1,42.5,2.26,54.2,1.69,0.042,1,2,0
1169.9,41.29,258.0,-0.0139,-0.0865,2.56,3212.8,182.3,13.9,21.3,1.05,28.7,0.0,0.016,2,3,0
1579.6,42.5,276.1,0.0377,-0.0923,3.93,814.0,408.2,87.3,209.1,19.89,88.8,41.1,1.673,2,1,1
1723.8,33.36,179.0,-0.0625,-0.0033,7.08,256.3,28.4,157.8,456.1,50.57,83.7,28.06,2.228,2,1,1
967.5,33.83,131.2,-0.0074,-0.0915,4.66,2455.9,482.2,40.4,100.7,9.24,64.3,2.61,0.083,2,2,0
1147.2,36.17,295.6,-0.0197,-0.0277,4.07,345.3,144.5,1.0,1.5,0.08,35.4,0.84,0.03,4,1,0
2033.5,43.11,320.9,-0.0465,0.0176,5.58,1047.7,39.3,76.1,174.3,16.58,76.8,11.59,0.11,5,4,1
1337.7,32.3,179.3,-0.0397,0.0272,4.35,440.1,454.5,4.4,7.6,0.45,27.6,4.55,0.141,2,3,0
1656.1,38.24,89.9,-0.0038,-0.042,5.28,964.4,384.5,40.5,27.8,2.79,43.0,0.74,0.052,4,4,0
655.8,47.84,62.2,0.0009,-0.0239,2.97,973.9,39.2,9.9,7.4,1.0,40.7,0.08,0.054,1,4,0
1656.6,25.78,323.8,0.0769,0.062,7.75,34.1,890.2,8.6,5.0,0.87,32.0,3.21,0.038,1,3,0
98.1,14.43,197.6,0.0383,0.0624,4.95,29.4,146.1,127.0,342.4,23.49,78.2,10.66,0.122,1,4,1
1686.0,38.81,196.7,-0.078,0.0458,5.08,3262.0,48.3,11.6,7.3,1.17,31.9,2.49,0.0,3,3,0
1186.9,39.22,235.3,0.0047,-0.0338,3.56,683.5,185.5,5.1,5.9,0.41,31.1,1.69,0.0,3,3,0
1090.4,39.01,202.8,0.0293,0.0098,2.31,577.8,141.3,21.5,15.6,1.87,38.5,1.15,0.023,3,1,0
1236.0,33.29,159.4,0.0232,-0.0123,7.96,713.3,1167.3,70.3,214.1,10.63,83.8,20.07,4.643,2,2,1
638.1,25.38,207.5,0.0441,-0.0098,6.25,1032.2,621.4,55.8,148.7,11.41,78.0,12.41,0.074,1,2,0
1464.9,36.96,157.0,-0.0756,0.0863,3.55,1151.7,65.4,17.3,30.8,1.55,49.4,0.17,0.001,4,3,0
2519.9,36.42,247.5,-0.0139,0.1132,4.66,10487.3,156.1,255.4,500.4,36.17,87.5,26.47,1.585,4,4,1
2176.5,42.13,136.0,-0.0058,-0.0383,5.28,139.8,38.5,3.6,5.5,0.25,36.0,2.49,0.084,5,2,0
281.1,24.11,71.4,-0.0211,0.1052,7.42,1333.3,127.1,16.4,15.5,1.31,39.7,1.53,0.023,1,2,0
347.6,18.64,250.9,0.1044,0.0068,6.08,423.3,190.7,2.7,2.2,0.21,39.3,1.71,0.0,1,3,0
657.0,36.7,97.5,-0.0186,-0.0069,4.78,435.6,589.6,86.9,131.4,18.86,66.8,0.0,0.049,1,2,0
1580.7,52.0,138.9,-0.0128,-0.0036,3.26,270.2,30.5,13.4,13.2,1.75,47.9,0.73,0.025,3,4,0
1795.8,23.28,43.9,0.0298,-0.0445,2.95,591.1,33.6,2.7,3.2,0.22,40.1,4.62,0.052,3,3,0
1750.3,23.8,232.8,0.0005,-0.0438,7.0,285.5,51.7,9.3,9.8,0.98,38.1,0.97,0.0,2,4,0
354.4,33.84,187.9,0.1067,-0.0337,4.62,199.1,967.6,153.0,350.5,35.71,82.9,16.79,5.204,1,1,1
1084.8,41.18,311.0,-0.099,-0.1279,4.11,581.9,254.2,1.1,0.6,0.1,32.0,4.07,0.046,3,2,0
1278.9,39.84,141.5,-0.0292,-0.0663,2.0,464.3,137.9,9.9,12.7,1.01,38.8,3.51,0.085,2,4,0
1413.3,38.49,184.0,-0.0454,0.0076,4.82,5812.1,562.7,75.9,210.1,10.46,85.6,36.26,0.179,3,2,1
981.2,47.31,133.3,0.0288,0.0181,4.37,290.6,536.4,11.8,16.3,0.8,40.6,0.94,0.088,1,1,0
914.4,24.38,168.9,0.0174,0.0914,7.74,1038.8,269.9,1.8,1.2,0.15,35.4,0.0,0.058,1,2,0
633.9,18.88,315.4,0.0072,0.0161,6.89,1725.5,135.0,132.8,270.2,17.53,74.2,0.0,0.133,2,4,1
1146.0,37.35,268.3,-0.0679,0.0309,2.0,131.1,901.4,162.1,322.6,34.07,72.1,1.57,0.009,2,3,1
1186.7,39.65,226.6,0.0143,-0.0009,6.53,1820.8,485.3,224.9,543.6,42.33,78.0,16.58,0.046,1,2,1
1289.4,28.32,182.6,-0.0383,0.0085,5.38,1025.8,25.6,88.6,133.8,26.26,62.8,0.0,0.036,2,3,1
955.4,50.87,349.9,0.04,-0.0295,5.62,3295.5,472.9,6.6,10.2,0.5,35.1,1.98,0.088,3,1,0
2339.2,40.88,116.4,0.0044,0.002,6.23,1310.6,215.3,12.1,16.6,0.98,39.3,2.79,0.09,4,3,0
1925.7,47.13,82.9,0.0031,-0.0466,2.74,3198.7,31.2,1.7,1.4,0.13,39.6,3.46,0.0,2,2,0
1305.0,29.97,25.1,0.0375,-0.0811,4.61,444.0,1128.2,47.2,91.9,7.5,66.9,0.92,0.121,1,1,0
605.4,34.92,313.4,0.0575,0.0755,5.38,1113.7,1062.7,19.6,12.5,2.47,37.0,1.95,0.099,1,4,0
1112.6,49.66,236.9,0.0665,0.0247,3.19,1319.0,1229.4,20.7,29.3,2.33,35.3,1.93,0.078,3,3,0
1181.7,28.85,147.3,-0.0196,0.0282,8.05,573.8,38.5,131.5,327.6,22.57,73.2,2.98,0.037,1,3,1
683.3,33.74,68.5,-0.0576,0.0388,4.05,618.3,84.4,93.4,240.8,15.62,79.9,15.47,0.022,1,1,1
2298.4,45.61,110.7,0.0077,-0.0417,6.62,380.5,39.8,0.7,1.1,0.08,32.4,2.2,0.142,4,1,0
997.0,25.36,255.3,-0.0366,0.0039,4.28,1798.6,14.9,12.3,14.3,1.17,44.7,3.06,0.0,2,2,0
275.0,21.18,68.4,-0.052,-0.0467,6.31,1.0,226.3,9.4,16.1,1.02,51.5,1.9,0.024,1,2,0
1211.4,42.49,325.1,0.025,0.0407,4.21,729.9,444.8,10.9,13.7,0.79,43.2,0.91,0.105,2,1,0
844.9,52.44,82.1,0.0806,0.0517,3.11,4399.4,738.6,44.2,117.1,9.59,58.7,2.28,0.085,4,3,0
917.9,28.72,77.6,0.0013,-0.0278,4.93,2404.7,127.3,56.4,125.9,11.08,65.6,5.24,0.135,1,1,0
1482.1,33.09,283.0,-0.0283,0.0253,6.52,206.2,114.8,6.2,6.0,0.77,40.9,3.06,0.14,1,3,0
2246.6,57.8,266.0,-0.0036,0.021,2.47,1518.0,1135.9,115.9,304.9,15.9,92.2,42.47,0.099,5,1,1
488.3,31.28,42.4,-0.0002,-0.009,6.61,2878.2,542.3,5.5,6.0,0.88,30.2,5.07,0.073,1,2,0
769.4,38.21,204.5,-0.0555,-0.0345,7.62,1850.9,111.6,1.5,2.4,0.11,39.0,3.97,0.102,2,4,0
1201.8,32.83,272.5,0.0191,0.1016,6.09,114.4,151.9,3.6,5.9,0.38,29.5,1.43,0.095,2,1,0
1706.4,38.47,232.3,-0.0177,-0.0745,3.75,90.0,18.1,135.6,317.2,36.99,78.6,15.39,0.034,4,2,1
1397.3,30.01,202.9,0.0686,-0.0065,4.6,1187.3,289.5,80.9,243.2,15.88,88.8,34.58,0.067,2,2,1
1283.5,35.29,90.4,-0.0506,-0.0315,3.56,2102.2,181.5,54.3,127.2,9.9,70.3,0.0,0.024,3,2,0
1131.3,10.84,87.2,0.0193,0.0043,4.08,1216.9,46.9,143.1,354.4,46.19,86.6,29.61,0.103,2,2,1
1375.0,48.27,99.6,0.0016,-0.0496,3.62,548.9,328.7,17.1,26.1,1.49,42.0,3.27,0.087,1,2,0
1421.0,28.6,132.2,0.0453,-0.0356,2.0,470.8,261.9,24.9,32.1,2.57,45.2,1.72,0.065,2,3,0
1892.7,35.72,166.7,-0.0247,0.0873,5.7,2059.3,739.2,24.1,65.0,4.15,54.9,2.03,0.0,3,2,0
1148.2,42.67,261.7,0.0342,0.0319,5.45,17.0,411.1,3.1,4.7,0.41,36.8,3.23,0.061,2,3,0
2068.6,47.62,41.4,0.0563,0.0609,2.89,166.9,88.1,50.7,75.3,4.27,72.6,1.31,0.053,5,4,1
1118.4,23.34,162.3,-0.0187,0.0113,4.58,53.8,94.1,66.3,116.4,22.04,65.8,1.26,0.045,2,2,0
1331.7,28.45,351.9,0.0849,0.0785,7.06,769.9,300.3,17.5,28.9,1.29,48.7,2.2,0.0,2,4,0
1733.4,30.73,181.3,0.006,-0.0198,6.3,1708.8,63.7,82.0,259.4,24.77,92.1,31.83,0.05,4,2,1
623.3,30.41,206.8,0.0207,0.0206,7.71,631.9,389.3,83.6,164.7,17.98,72.1,0.0,0.013,2,2,0
1643.6,40.14,23.2,0.0334,0.0081,5.57,381.6,12.9,51.5,77.5,11.44,55.8,0.9,0.09,1,2,0
1991.4,40.54,276.0,0.0115,0.0006,3.91,1752.8,835.5,7.5,11.0,0.96,39.9,0.0,0.127,5,1,0
1291.3,24.07,345.0,-0.011,0.0298,5.57,1690.7,223.2,177.6,467.5,24.37,83.7,32.1,0.015,1,3,1
1105.5,26.23,13.4,-0.0922,0.0139,6.19,4158.9,662.2,166.9,446.7,32.66,83.8,22.2,0.053,3,2,1
1590.8,34.38,335.3,-0.049,0.0513,2.98,811.9,1274.4,3.4,4.7,0.23,39.2,2.13,0.024,2,3,0
1875.9,26.39,124.4,-0.0577,0.0327,6.95,821.4,60.1,52.7,61.6,6.54,49.0,0.28,0.047,1,1,0
1549.1,34.29,284.7,-0.0313,0.0305,4.65,1077.2,5.2,4.2,5.9,0.49,30.5,3.19,0.033,2,3,0
445.0,40.74,137.3,0.023,-0.0134,5.73,848.4,89.9,7.3,4.3,0.52,36.1,0.72,0.064,2,3,0
1725.9,30.76,353.7,0.0321,0.0792,4.28,2291.6,102.7,30.3,67.1,4.91,54.0,1.8,0.033,4,3,0
1360.2,41.95,157.7,0.0334,0.0989,4.66,489.6,571.5,16.0,17.4,2.09,33.1,0.77,0.002,2,3,0
512.5,28.32,175.4,0.0169,0.1053,5.13,4905.1,51.5,125.9,298.2,16.08,65.7,3.93,0.096,1,3,1
586.1,48.02,147.8,-0.0348,-0.028,2.94,1220.2,55.5,7.3,12.2,0.94,39.4,2.08,0.025,3,1,0
1652.4,26.99,64.1,0.0188,-0.0106,7.2,209.8,191.1,0.6,0.4,0.06,34.8,3.34,0.095,1,3,0
305.3,16.95,208.6,-0.0237,0.0016,6.77,634.4,272.4,25.6,48.2,6.7,49.6,0.43,0.021,1,1,0
1699.6,31.62,39.5,-0.1227,-0.0154,4.29,2361.0,3.0,64.5,202.6,11.9,80.1,14.57,0.053,4,3,1
614.5,39.69,342.6,-0.0058,0.0529,2.87,1829.8,463.7,4.4,4.1,0.63,34.0,2.72,0.063,2,3,0
1175.1,41.97,122.2,0.0531,-0.0819,6.09,737.7,27.9,87.8,221.4,23.95,66.9,3.33,0.083,3,1,1
665.9,38.3,259.5,0.0565,0.0591,4.22,105.9,119.6,27.4,64.9,8.52,52.9,1.03,0.125,2,4,0
1950.9,41.86,348.3,-0.0295,-0.0164,4.2,299.6,179.7,180.7,290.4,29.3,81.3,17.89,0.012,5,4,1
810.9,39.55,250.5,0.0166,0.0668,4.45,1918.4,38.9,165.0,304.8,21.14,91.4,37.95,3.33,1,2,1
2605.0,25.96,1.9,-0.0447,0.0223,6.96,471.1,505.4,16.0,27.6,2.31,38.5,0.87,0.038,5,2,0
2180.6,39.12,161.7,0.0267,0.0698,5.61,722.9,127.8,7.2,4.3,0.78,38.3,2.54,0.064,3,2,0
1378.2,36.97,120.6,0.0081,-0.0291,3.83,2198.6,168.6,15.4,14.0,1.48,49.4,1.71,0.015,2,1,0
2259.5,40.55,317.6,-0.072,-0.0028,5.21,1165.7,14.6,46.9,70.7,7.33,46.4,0.0,0.065,4,3,0
836.4,20.87,22.8,-0.0216,-0.0079,7.34,3393.7,1052.7,28.9,88.1,9.5,70.6,0.91,0.043,3,1,0
1782.4,50.35,163.5,-0.0717,-0.0367,3.55,50.2,50.1,58.3,144.6,7.36,83.6,21.07,3.565,5,1,1
1156.4,36.05,155.5,-0.0688,0.0566,6.31,2273.3,279.9,13.0,7.6,1.44,42.6,2.68,0.07,2,1,0
1537.8,50.77,312.4,0.0601,0.1329,3.81,2103.4,43.7,136.5,327.7,20.24,80.3,20.99,0.093,2,2,1
1155.6,34.41,63.6,-0.033,-0.0043,3.53,926.0,105.9,52.2,165.3,14.8,71.7,1.51,0.057,3,1,0
2304.8,43.19,17.5,-0.0365,0.0016,4.52,1430.1,543.1,0.8,1.2,0.12,33.5,2.54,0.0,5,1,0
905.7,34.29,160.2,0.0129,-0.0274,6.21,826.4,71.1,121.2,214.4,26.54,70.4,2.31,0.098,2,2,1
1675.4,46.6,237.2,0.0576,-0.0365,5.46,337.3,551.4,40.3,48.8,3.15,41.6,2.4,0.036,4,4,0
904.4,6.5,88.2,0.0925,-0.0092,8.42,137.9,419.5,3.9,3.3,0.32,47.5,3.61,0.02,1,3,0
1618.8,26.5,194.9,-0.0455,-0.0182,3.53,724.8,510.0,9.5,13.7,1.05,41.9,0.0,0.115,3,1,0
135.3,25.19,197.4,0.0125,-0.0348,3.88,3088.0,337.1,5.4,2.8,0.42,41.4,0.94,0.109,1,3,0
2621.9,50.82,39.9,0.0398,0.0446,4.41,3324.0,17.8,1.1,1.9,0.14,38.5,1.96,0.027,5,1,0
841.3,40.51,108.4,0.0031,0.0169,6.74,478.3,162.7,1.3,1.9,0.11,30.3,0.02,0.033,3,3,0
738.9,35.72,115.1,0.005,-0.0259,7.05,1206.7,70.7,12.6,11.0,1.24,45.1,1.84,0.0,2,4,0
629.9,34.08,293.3,0.0469,0.0026,2.57,1615.4,339.5,2.0,1.7,0.16,26.8,2.01,0.058,1,3,0
720.7,29.56,96.8,0.0699,-0.0304,7.22,265.7,347.5,29.9,43.5,2.38,41.7,0.0,0.0,3,1,0
1708.9,36.48,32.5,0.0147,0.0094,5.99,245.1,281.0,71.8,191.9,18.6,72.2,4.26,0.095,3,3,1
1775.0,37.51,226.9,-0.0135,-0.0056,4.84,683.0,212.7,45.2,101.9,7.32,63.5,0.0,0.121,4,3,0
226.4,21.82,13.4,-0.0577,-0.0648,7.8,2319.9,214.9,49.4,59.7,6.4,55.4,3.87,0.069,1,1,0
842.1,29.53,291.3,-0.0601,-0.0022,8.54,11.8,116.1,0.0,0.0,0.0,33.5,1.26,0.0,1,3,0
1129.4,47.32,337.3,0.0093,-0.0561,4.45,172.2,302.0,1.4,1.3,0.19,26.1,0.0,0.097,3,2,0
1504.3,15.74,108.2,0.0424,-0.0498,8.89,665.9,357.7,10.9,8.9,0.88,40.6,2.91,0.08,4,1,0
1641.6,27.04,47.5,0.0155,-0.0955,3.28,532.3,318.3,5.7,7.1,0.43,35.5,5.01,0.008,2,3,0
1024.7,43.6,57.3,0.0286,-0.0397,3.55,119.4,718.0,152.9,265.1,28.25,79.9,18.34,0.052,3,1,1
941.2,35.78,262.5,0.0652,0.0801,4.84,107.3,412.3,8.5,10.6,0.86,40.2,0.33,0.11,3,2,0
669.3,30.12,50.3,0.1445,0.129,6.07,1407.2,490.7,42.0,95.9,9.6,65.6,1.73,0.039,3,2,0
220.7,18.17,156.4,-0.0271,0.086,4.61,1132.2,255.4,59.9,133.8,8.43,63.3,4.16,0.051,1,2,0
992.6,35.64,72.5,0.0085,-0.0577,3.99,3014.1,502.5,2.4,3.5,0.22,26.5,1.77,0.075,1,2,0
824.3,18.8,325.2,0.0402,0.0246,6.11,1568.4,440.1,147.2,382.3,26.69,84.6,30.29,0.108,2,1,1
696.4,34.25,246.0,0.0648,-0.0022,3.34,866.3,304.1,12.3,19.8,1.1,42.6,1.45,0.059,1,1,0
2136.6,38.09,61.0,-0.0166,-0.0164,7.13,594.3,101.0,73.8,190.8,12.62,82.5,24.77,0.461,4,3,1
1454.7,22.44,184.6,-0.0254,-0.0902,5.97,756.5,121.1,17.2,35.0,3.92,42.0,0.66,0.085,3,1,0
1099.4,40.32,313.0,0.0083,0.0495,6.4,1908.8,1190.7,124.8,213.5,15.95,82.4,16.14,5.764,1,4,1
50.0,21.02,180.1,-0.0083,0.001,8.2,2812.6,319.8,31.4,38.9,4.14,34.2,0.0,0.015,2,2,0
786.4,34.22,176.7,-0.032,-0.0908,4.26,784.8,52.0,51.6,47.9,5.92,54.0,1.21,0.115,4,4,0
1264.6,32.07,157.8,0.0143,-0.0324,5.49,893.0,272.0,33.2,30.3,2.82,36.5,3.9,0.085,2,2,0
947.4,34.83,111.5,0.0268,0.0317,4.83,1026.0,256.0,22.5,39.7,1.85,35.3,0.88,0.069,1,2,0
1428.8,26.48,63.9,0.0805,-0.0492,5.29,2631.4,21.8,54.9,112.9,15.09,63.2,0.0,0.048,2,2,0
895.3,37.35,341.8,-0.0162,0.0573,5.95,39.0,273.8,9.0,13.0,0.76,39.4,3.53,0.054,1,2,0
885.6,43.16,184.5,-0.0085,-0.0401,3.63,31.4,72.3,95.4,285.0,26.33,86.7,27.31,1.543,2,3,1
1334.4,16.54,221.4,-0.0021,0.0535,6.42,2136.6,256.4,0.3,0.2,0.02,35.1,1.53,0.126,2,4,0
684.6,30.47,223.7,0.0675,-0.0553,6.22,185.5,223.0,83.0,193.6,13.14,74.4,2.03,0.048,1,2,1
1615.4,33.89,100.2,-0.0076,0.0763,8.58,1352.9,98.3,144.7,422.6,18.78,74.1,3.03,0.018,1,2,1
1466.2,39.01,196.8,-0.0044,-0.0347,3.93,1172.9,161.3,8.6,4.5,1.05,28.3,1.93,0.043,1,2,0
773.3,38.59,231.2,0.0062,0.0416,6.94,3400.7,226.1,47.2,150.2,8.02,68.7,4.1,0.097,1,4,0
1192.2,40.03,237.5,-0.0132,0.0143,6.3,2058.1,535.4,13.4,7.8,1.04,35.1,1.51,0.03,1,3,0
1140.3,34.5,286.4,0.0541,-0.0163,4.97,57.3,35.1,2.8,3.4,0.27,40.5,1.16,0.102,1,1,0
953.9,29.69,291.5,0.0796,-0.0382,6.42,1193.8,186.1,18.5,32.0,1.29,45.2,2.36,0.075,1,3,0
1683.9,50.79,329.4,0.062,-0.002,4.13,825.3,279.0,3.6,6.1,0.44,29.7,0.0,0.05,4,3,0
1567.3,48.08,221.8,-0.0818,0.0181,2.21,263.1,43.4,20.6,25.8,1.76,48.3,2.41,0.047,3,4,0
1535.1,30.57,338.8,0.0506,-0.0019,4.7,1861.1,285.8,6.7,11.2,0.51,32.5,0.79,0.035,2,2,0
1607.7,30.15,268.0,0.0285,0.0469,5.02,1550.7,111.1,1.5,1.3,0.21,30.7,3.09,0.0,3,1,0
247.9,13.05,228.3,0.0534,0.0354,9.19,2221.8,51.2,31.9,20.5,3.71,39.3,0.63,0.051,1,3,0
1355.4,34.1,53.0,0.0414,-0.0597,5.07,214.2,270.3,9.7,5.8,0.69,39.9,2.18,0.151,3,3,0
693.4,33.09,311.8,-0.0095,-0.0377,6.73,358.0,112.9,12.2,9.4,0.98,27.2,1.42,0.02,1,3,0
1305.0,27.46,60.1,-0.0653,-0.031,3.63,347.6,290.2,12.0,7.6,0.89,40.4,1.99,0.017,2,2,0
1053.3,30.96,65.7,0.0264,0.0504,6.68,192.4,256.1,92.1,175.7,15.08,84.7,28.21,0.0,1,2,1
1260.7,26.06,13.5,-0.0734,-0.0222,6.43,700.7,887.2,153.2,267.6,42.88,80.5,13.74,0.039,2,1,1
1358.4,30.09,352.5,0.0026,0.0055,7.11,566.3,762.0,108.8,222.8,29.79,68.3,2.49,0.08,3,2,1
671.9,34.98,338.4,0.0017,0.015,6.03,771.7,170.8,17.8,28.6,1.86,51.9,2.81,0.181,1,3,0
997.0,52.61,310.0,-0.0252,0.012,4.34,187.4,94.1,0.8,0.9,0.09,40.5,0.34,0.023,3,2,0
221.8,19.74,249.0,0.0192,0.0598,6.25,4827.6,702.4,104.8,181.7,13.81,81.6,22.64,0.052,1,3,0
653.3,35.92,204.1,0.072,-0.0003,4.99,1752.2,111.4,9.8,16.5,0.76,38.7,2.63,0.041,1,4,0
1193.5,47.82,18.1,-0.0913,-0.0746,4.27,1413.8,416.3,2.6,1.6,0.21,33.2,1.21,0.0,3,4,0
2561.0,28.8,313.7,0.0038,0.0257,5.63,1573.5,479.4,0.3,0.3,0.03,26.7,2.12,0.0,5,1,0
405.1,27.96,164.8,-0.0439,0.0209,6.52,201.3,779.9,36.0,112.7,7.44,60.1,0.45,0.004,1,3,0
1829.5,33.62,269.9,-0.0159,-0.0268,3.81,657.7,461.0,1.3,0.9,0.12,33.9,1.97,0.064,3,4,0
1598.9,26.88,68.8,0.044,0.0626,6.21,82.3,165.5,3.5,2.6,0.25,35.6,1.23,0.077,2,4,0
1328.6,42.66,152.8,-0.0233,0.0709,6.31,16.8,111.8,25.0,20.7,1.7,31.1,0.0,0.062,2,1,0
1143.9,29.02,346.7,-0.0014,-0.0207,6.45,704.7,128.7,21.3,16.3,1.89,46.3,1.44,0.041,4,2,0
1029.9,37.47,298.7,-0.045,-0.041,5.84,1494.6,320.1,60.1,150.5,11.52,68.0,0.42,0.04,2,4,0
694.1,44.43,102.3,-0.0028,-0.0043,3.45,476.7,494.8,5.7,8.3,0.8,32.4,2.55,0.086,3,2,0
1590.3,38.88,229.0,-0.1215,-0.06,2.0,2928.5,402.4,37.0,59.8,3.93,49.9,0.0,0.009,3,1,0
1439.6,54.59,70.6,0.0273,-0.0908,6.0,2498.3,343.7,19.3,17.4,1.36,35.2,1.84,0.045,4,1,0
1486.1,47.9,68.0,-0.0744,0.012,4.95,264.0,439.2,31.0,69.3,6.12,57.6,3.66,0.025,5,2,0
1778.2,31.44,208.3,-0.0268,0.0272,6.09,106.5,84.0,4.4,6.4,0.31,30.4,2.3,0.067,3,2,0
2244.7,45.77,25.9,0.0003,-0.0624,2.78,2372.9,999.1,41.8,96.8,5.97,62.3,4.14,0.068,4,4,0
1067.1,41.44,346.9,0.0018,-0.0124,3.25,206.9,339.4,9.8,9.9,0.77,37.5,0.57,0.081,1,4,0
1350.2,44.31,119.5,-0.0171,0.0044,4.45,999.0,823.1,9.5,14.6,1.05,30.3,1.33,0.104,3,4,0
694.9,27.1,308.6,-0.0654,0.0398,4.78,445.4,204.2,79.1,192.6,15.12,80.5,17.83,0.044,2,2,1
936.4,27.65,101.0,0.0131,0.049,5.37,2020.7,1.7,113.8,279.1,22.37,81.0,15.4,0.058,1,1,1
1275.2,39.72,107.9,-0.0251,0.0053,3.36,435.8,466.9,66.8,150.2,19.34,75.9,6.55,0.087,1,2,0
1765.2,31.55,200.5,0.0588,-0.0283,4.23,330.2,541.8,16.4,24.9,1.99,39.6,0.87,0.06,1,1,0
1893.7,40.01,315.9,-0.0221,0.0562,3.31,639.0,108.3,118.8,347.1,18.38,86.7,23.54,0.088,3,2,1
1377.4,30.57,58.7,0.0184,0.0634,8.17,4404.8,645.7,53.3,145.0,6.87,74.0,0.0,0.0,3,1,0
807.2,33.66,106.0,-0.1638,0.0576,5.61,1034.1,91.0,50.5,77.5,4.17,50.6,2.14,0.08,1,1,0
1386.1,23.42,109.0,-0.0161,0.1522,8.15,1904.9,17.5,12.2,20.7,1.1,52.2,1.8,0.041,2,3,0
713.9,35.19,304.6,-0.0582,0.0284,5.8,3102.8,34.4,56.0,129.3,13.22,73.4,2.43,0.065,1,4,0
1107.9,15.4,69.4,-0.0133,0.0108,7.29,375.1,762.7,7.7,10.9,0.66,39.3,1.31,0.058,1,4,0
1398.5,27.1,335.5,-0.0883,0.0649,7.98,110.1,165.5,9.7,9.0,0.85,35.2,0.86,0.059,3,4,0
2354.2,43.02,259.5,-0.0441,-0.0007,4.11,950.0,142.0,6.7,5.5,0.62,42.2,0.13,0.065,5,2,0
1336.2,38.24,220.2,-0.1136,0.0026,2.23,1265.6,54.0,10.1,15.6,0.89,45.2,0.0,0.111,1,1,0
1455.9,28.06,103.6,-0.0271,0.1329,6.04,2294.4,849.4,11.9,11.5,0.87,38.3,4.09,0.047,1,1,0
1370.6,34.47,32.5,-0.0375,0.0544,6.09,414.4,84.0,5.3,3.5,0.43,55.7,1.01,0.064,2,3,0
1474.7,40.27,144.6,0.0136,0.0029,4.4,1173.1,225.8,13.0,7.0,0.91,39.6,1.38,0.047,4,1,0
890.6,52.65,232.1,-0.0565,0.0302,4.07,2974.8,35.4,4.8,4.9,0.39,30.9,5.35,0.051,2,2,0
1523.7,38.24,64.9,-0.0513,0.0586,5.43,1124.8,100.8,6.4,10.2,0.65,44.4,0.0,0.026,4,1,0
1144.3,15.28,265.5,-0.0154,0.0222,6.58,1772.5,82.4,4.1,2.6,0.41,47.8,2.96,0.038,1,1,0
974.3,42.32,27.4,-0.0815,0.0352,6.1,125.4,141.4,45.5,76.4,12.05,51.2,0.86,0.0,3,4,0
1169.5,34.95,153.5,0.0433,0.0496,3.67,363.5,161.8,47.3,37.3,5.97,35.2,2.85,0.038,2,3,0
1710.2,45.17,196.5,0.025,0.0272,2.99,2879.1,219.5,20.1,25.5,1.64,34.6,0.63,0.044,3,2,0
1763.4,44.96,230.2,0.0553,0.0469,7.0,1610.1,59.0,7.5,5.6,0.7,42.6,3.18,0.074,1,1,0
1067.3,36.15,146.9,0.0178,-0.0056,3.77,1309.2,356.4,32.9,80.4,6.52,46.4,4.14,0.0,3,3,0
1048.5,34.39,118.2,-0.0597,-0.0057,7.09,398.3,972.9,15.9,10.8,1.64,36.8,1.74,0.051,2,2,0
2203.9,62.49,282.3,0.0228,0.0352,2.69,2226.7,447.5,14.5,21.0,1.38,49.4,1.99,0.03,3,1,0
719.3,41.25,299.7,0.0239,-0.0739,3.76,94.4,677.1,54.5,89.3,9.85,55.2,1.55,0.074,1,2,0
867.1,34.97,56.5,0.0721,-0.0058,2.98,5283.0,6.1,10.6,7.1,0.86,40.3,4.28,0.097,1,3,0
713.4,35.11,192.8,0.1162,0.0544,4.66,1171.8,113.8,19.4,27.5,3.04,45.7,1.6,0.096,1,2,0
1802.0,43.83,232.4,0.0363,0.0057,5.09,309.0,186.9,129.9,258.9,25.87,76.3,9.07,0.103,3,3,1
861.6,48.22,30.1,0.0164,-0.0317,4.78,2730.0,106.1,34.5,109.0,5.21,61.9,4.12,0.075,4,3,1
977.8,54.66,209.1,-0.0078,-0.0107,3.08,1499.7,89.4,1.6,1.8,0.12,28.6,2.29,0.022,2,1,0
1565.4,26.27,230.9,0.0496,0.0528,3.91,1097.4,354.2,5.2,7.9,0.53,31.4,3.4,0.061,3,2,0
1750.8,40.71,195.1,0.0435,0.0366,5.9,1153.1,57.4,0.1,0.2,0.02,35.1,1.18,0.098,2,1,0
745.4,45.84,141.3,-0.0176,0.1104,3.16,1851.1,336.7,141.7,334.3,21.92,80.7,14.57,0.042,3,1,1
1216.9,35.56,336.3,-0.0302,0.0863,4.28,285.2,753.3,85.4,163.5,26.48,71.6,2.1,0.045,3,1,1
613.0,29.47,164.5,0.0026,0.0085,4.14,472.7,39.7,7.4,10.0,1.22,39.9,1.46,0.11,1,4,0
870.1,46.92,356.3,0.0058,-0.0114,3.97,4062.6,386.0,10.5,18.8,0.92,43.1,1.81,0.071,3,1,0
812.7,28.43,215.1,0.0255,-0.0423,6.39,577.6,213.1,206.7,579.1,48.32,76.6,12.81,0.101,2,3,1
1322.0,37.59,206.2,-0.0502,-0.0271,7.2,1307.0,435.2,1.3,0.9,0.2,34.3,2.16,0.035,4,3,0
1413.3,29.52,12.1,0.0812,-0.0428,3.91,3711.2,173.1,66.2,122.6,12.38,64.1,0.0,0.031,3,2,0
2596.6,39.98,355.5,0.0655,-0.011,4.34,342.4,94.8,0.4,0.4,0.06,31.1,0.42,0.0,5,3,0
1243.7,37.7,113.3,0.0762,-0.0942,5.68,1336.3,275.8,177.8,488.9,32.45,74.1,0.67,0.012,4,1,1
979.1,45.29,238.5,-0.0184,0.0429,8.54,4869.6,157.0,0.5,0.4,0.05,32.1,3.49,0.048,2,3,0
1499.2,42.29,8.7,0.0074,-0.0016,5.67,1743.9,118.3,22.2,39.3,2.71,49.1,0.0,0.083,4,2,0
592.6,36.89,248.8,0.0421,0.0279,6.49,2903.6,199.7,23.5,13.8,1.73,33.6,1.86,0.069,2,2,0
772.2,16.15,56.0,0.0021,-0.0295,6.63,1245.5,571.4,34.5,60.3,5.64,55.8,4.13,0.057,3,1,0
244.4,34.04,293.9,-0.0553,0.0033,5.45,1061.3,242.0,9.5,11.7,0.91,40.2,2.57,0.071,1,1,0
1589.6,33.73,20.0,-0.0291,0.0295,8.69,613.6,408.1,87.7,268.6,17.57,91.0,38.85,6.765,2,1,1
1326.8,30.93,225.2,-0.0294,0.1011,3.82,959.8,773.2,140.7,412.7,20.45,76.7,11.63,0.074,2,3,1
1734.9,52.87,168.6,0.0167,-0.0274,5.17,427.0,91.5,12.3,10.5,1.27,35.2,1.78,0.006,4,4,0
1467.6,35.02,46.7,0.036,-0.0759,6.32,4.8,1175.1,196.0,565.3,40.32,88.1,27.43,2.336,2,1,1
1024.2,35.26,208.3,-0.0102,0.0373,3.97,2822.4,377.4,1.1,1.1,0.11,39.4,1.76,0.099,1,1,0
2086.0,42.34,258.8,-0.004,-0.0448,5.28,59.7,19.1,14.3,8.6,1.57,48.3,2.01,0.034,5,3,0
584.3,21.94,283.0,0.0189,0.0034,7.44,2724.5,243.8,7.0,11.0,0.96,43.9,2.45,0.029,1,1,0
1683.6,55.33,14.4,0.15,0.0053,3.44,1803.8,370.0,64.8,136.2,18.66,87.7,38.59,4.266,5,4,1
2786.1,36.07,272.2,0.0889,0.0265,5.82,519.4,413.1,15.0,14.9,1.63,34.5,0.34,0.04,5,4,0
1741.0,40.68,197.6,-0.0931,0.0346,7.37,1248.2,451.3,5.8,9.0,0.47,36.2,0.0,0.037,2,3,0
1053.7,30.95,118.0,-0.0365,-0.0171,6.27,157.7,4.5,117.2,348.3,15.54,79.3,14.16,0.031,2,3,1
1577.8,39.28,38.3,-0.013,0.0729,4.03,1582.3,1111.8,311.3,765.5,41.69,75.8,9.38,0.039,3,3,1
1306.9,35.48,315.6,0.0664,0.0094,4.84,2694.7,320.3,1.0,0.7,0.12,42.4,1.69,0.002,2,3,0
1302.6,39.25,143.1,0.0329,-0.0472,5.37,290.1,32.9,41.3,58.6,4.15,58.4,2.43,0.045,3,3,0
1264.4,47.73,206.7,-0.1403,-0.0531,7.83,906.5,113.7,59.1,107.9,11.07,56.1,0.0,0.051,5,1,0
851.9,25.31,193.4,-0.0558,-0.0206,3.37,49.6,164.3,92.1,174.2,13.22,80.2,15.3,0.04,1,1,0
1776.8,31.19,141.6,-0.0134,-0.0171,7.16,1556.6,610.5,251.3,436.1,35.49,78.7,18.13,0.031,4,3,1
2018.6,38.39,325.5,0.0328,-0.0758,6.42,666.8,212.6,13.2,12.8,1.62,31.9,2.51,0.079,4,2,0
2192.4,50.79,39.5,0.0253,0.0656,5.26,1102.9,27.5,16.5,16.6,2.35,30.1,2.04,0.0,4,3,0
1571.0,37.15,31.3,0.0163,-0.035,2.87,1845.2,207.4,3.5,3.1,0.37,34.2,1.34,0.055,4,1,0
50.0,21.55,97.0,0.1096,0.0023,5.43,676.2,183.0,14.0,7.1,1.09,46.6,2.67,0.034,1,2,0
2628.9,57.18,320.1,0.0424,-0.0233,2.0,111.7,32.0,47.1,133.8,7.82,67.1,1.98,0.069,5,2,1
924.2,28.32,200.5,0.0063,0.058,6.84,1626.0,17.1,3.5,3.9,0.4,37.0,0.43,0.098,3,1,0
1800.4,32.64,141.3,-0.0351,-0.0086,5.85,3325.6,38.0,47.5,108.5,7.64,66.4,3.15,0.106,1,1,0
1130.7,42.47,342.6,-0.1053,-0.0425,5.68,1528.0,812.2,87.0,175.2,15.89,76.2,8.33,0.074,1,4,0
1334.9,33.6,37.1,0.0119,0.1017,3.86,1047.4,24.6,15.7,19.5,1.22,38.8,1.21,0.075,2,2,0
838.9,39.0,173.2,-0.0318,-0.0062,2.97,1514.4,190.4,14.3,20.5,1.96,41.7,3.0,0.13,1,3,0
1483.1,35.15,65.4,-0.0603,0.0382,7.75,1260.1,236.5,14.2,23.2,2.66,43.3,2.57,0.0,2,4,0
1292.5,34.58,207.3,0.0346,0.0736,3.13,271.1,424.7,60.0,170.3,14.4,77.5,14.24,0.12,2,3,1
1214.1,39.13,145.1,-0.0681,0.0854,2.0,1265.7,455.3,3.4,4.7,0.35,32.1,1.16,0.047,5,1,0
658.9,30.69,44.7,-0.0701,0.0785,2.14,63.2,33.3,236.9,697.0,32.16,74.8,1.63,0.025,4,3,1
173.1,37.84,336.8,-0.0643,0.0124,7.5,411.9,268.6,26.7,28.2,3.95,38.3,4.15,0.102,1,3,0
889.1,25.08,335.4,0.0437,-0.0362,7.58,1646.4,1495.6,96.0,287.0,16.59,86.8,38.06,0.05,2,4,1
1630.8,34.87,180.4,-0.0665,0.0364,5.13,3502.2,191.8,9.3,8.5,0.74,47.7,0.46,0.021,3,3,0
858.2,30.22,332.4,0.0307,-0.0874,4.69,4201.2,380.9,17.2,28.8,2.32,52.8,2.76,0.096,3,3,0
1743.3,35.5,344.5,-0.0192,0.0133,5.6,1432.2,209.5,85.5,149.6,26.71,75.2,7.49,0.077,3,2,0
1790.7,35.33,210.0,-0.0087,-0.0088,7.13,695.2,108.2,4.7,3.0,0.33,35.7,0.0,0.042,4,3,0
2237.3,39.73,8.5,0.0413,-0.0278,4.73,3246.0,485.0,282.5,796.5,37.77,80.6,17.32,0.0,4,4,1
1334.6,35.44,296.9,0.0197,0.0035,3.64,775.8,470.1,3.7,6.0,0.51,22.0,1.7,0.022,3,4,0
1693.5,32.92,80.4,-0.0545,0.0874,4.25,21.5,422.1,92.0,196.6,29.14,74.8,4.16,0.077,2,3,0
1974.6,28.9,230.7,-0.0606,-0.0591,7.15,584.8,212.9,12.1,7.4,0.92,40.0,2.94,0.049,2,3,0
1428.7,40.33,65.4,-0.0189,-0.0647,4.72,176.5,35.3,55.9,94.9,12.64,51.1,1.28,0.02,2,1,0
1917.0,31.07,269.7,0.0251,-0.0328,6.44,1315.6,1503.9,10.9,10.2,1.79,40.2,2.36,0.048,4,1,0
1734.1,43.48,271.0,0.0092,-0.029,6.16,2284.1,1457.8,131.1,341.7,18.49,68.1,1.25,0.116,4,3,1
1307.1,38.49,164.8,0.0325,0.0283,7.31,641.2,4.0,6.7,10.7,0.5,47.1,0.97,0.025,1,1,0
1529.9,23.5,238.6,0.0513,0.0491,7.13,190.3,789.7,277.6,603.3,50.72,76.0,7.37,0.066,4,3,1
1743.0,32.87,113.7,-0.0205,0.0206,5.96,6451.0,18.4,25.9,15.0,1.75,41.7,3.66,0.099,2,1,0
689.9,21.41,59.1,-0.0432,0.0615,2.61,1490.0,457.9,89.0,143.8,27.91,61.9,2.25,0.024,2,3,0
775.0,25.06,191.4,0.0634,-0.033,4.9,54.3,105.5,2.7,4.5,0.26,44.8,0.13,0.0,2,1,0
108.3,34.74,282.1,0.1059,-0.0729,8.18,125.9,30.1,19.4,32.5,1.33,43.9,0.0,0.102,1,3,0
2285.4,45.23,351.5,0.0888,-0.0189,2.04,830.5,462.6,8.1,12.1,1.07,26.4,0.83,0.06,2,3,0
733.1,27.96,200.0,0.0107,0.0599,6.9,1133.9,345.0,52.4,133.5,6.73,65.3,1.52,0.016,1,1,0
1385.5,35.51,340.3,0.0042,-0.0841,5.69,2074.2,198.6,3.4,2.9,0.3,39.1,0.73,0.111,4,3,0
1029.3,47.12,310.4,-0.1173,-0.0128,3.77,1190.8,65.0,24.0,76.3,3.71,54.7,2.76,0.0,2,2,0
923.3,26.09,2.0,-0.0034,0.0364,5.86,251.4,337.6,135.3,311.8,22.54,83.1,22.1,0.08,4,3,1
1391.1,37.26,302.7,0.0285,0.0109,4.89,471.5,106.6,21.7,38.3,1.6,51.4,0.4,0.012,2,1,0
1459.8,26.36,258.7,0.0516,-0.0093,5.68,1940.0,331.1,1.1,1.1,0.13,26.3,1.83,0.058,2,1,0
1445.7,53.63,146.1,-0.0051,-0.0051,3.6,329.9,10.2,13.0,36.7,1.98,45.2,3.0,0.006,3,1,0
1747.7,29.91,152.3,0.0321,0.0331,3.32,26.7,52.8,45.6,134.4,10.84,65.8,0.02,0.0,3,1,0
1096.9,55.35,149.4,-0.0184,0.0225,2.76,1830.4,287.9,3.2,4.3,0.25,27.7,4.54,0.01,2,3,0
1707.3,42.38,68.2,-0.0329,0.041,3.26,751.3,8.3,75.2,155.3,9.65,66.1,0.79,0.041,2,2,1
1194.0,27.59,259.2,-0.0271,-0.1127,3.23,616.1,1223.1,124.8,242.9,19.44,85.4,30.13,0.0,1,1,1
1146.0,40.55,31.6,0.0062,0.0325,4.31,229.0,30.9,250.2,385.7,32.82,79.3,17.21,0.067,1,4,1
1993.3,35.95,162.5,0.0547,0.0152,5.91,272.0,990.2,128.7,353.1,16.29,86.6,22.49,4.43,3,1,1
1158.1,31.04,49.4,0.0236,0.0326,6.01,891.0,1023.4,38.5,111.5,5.78,66.0,1.27,0.044,2,1,0
1758.8,36.11,241.5,0.0628,-0.1041,5.23,3954.9,346.2,13.1,9.7,2.1,38.1,2.0,0.02,4,2,0
1862.2,39.48,148.8,-0.0941,-0.0025,4.97,240.5,429.4,273.7,736.6,54.01,74.7,0.0,0.118,5,3,1
484.1,25.16,18.5,-0.0873,0.0165,6.36,2721.8,68.0,11.8,6.2,1.29,31.4,1.81,0.087,1,3,0
1947.4,44.67,297.4,-0.0547,-0.1249,5.38,627.9,294.8,4.2,2.7,0.47,34.1,0.82,0.042,5,2,0
1672.6,40.46,111.6,-0.0926,-0.0483,5.61,184.6,71.7,2.8,3.5,0.38,31.7,2.54,0.121,1,4,0
1537.9,29.46,279.6,0.0058,0.0786,4.6,871.2,372.9,41.4,102.2,8.7,49.9,0.82,0.076,3,3,0
1567.2,19.87,41.9,-0.0187,0.028,5.87,1188.7,151.8,6.0,3.0,0.41,37.4,2.83,0.0,4,3,0
525.9,33.61,307.1,-0.0222,-0.0532,4.49,745.9,352.2,1.1,2.0,0.09,50.0,3.8,0.048,1,2,0
1431.0,18.98,138.1,0.0241,-0.0032,7.46,852.5,70.5,16.0,22.6,1.21,47.7,3.92,0.0,1,3,0
2491.6,43.65,137.1,0.0395,0.0267,4.1,294.9,1913.6,139.3,301.2,26.16,71.0,1.64,0.029,4,3,1
661.4,24.73,342.7,0.0143,-0.0318,6.13,537.4,309.4,89.6,151.1,14.96,70.9,0.2,0.118,1,3,0
1459.4,28.56,281.4,-0.0052,-0.0064,5.02,1560.8,854.2,23.5,36.4,2.56,39.6,1.36,0.0,2,1,0
1325.4,34.44,188.8,0.1187,0.1122,7.85,392.2,158.2,1.7,2.2,0.12,37.1,0.76,0.086,1,3,0
125.8,29.79,122.6,0.0025,0.0473,5.85,423.0,700.5,20.4,33.8,2.92,43.7,0.86,0.0,1,3,0
1232.8,39.11,136.5,0.0105,0.0638,5.47,2458.4,139.6,101.2,323.5,16.74,84.3,29.85,2.8,1,4,1
372.9,34.85,248.1,-0.0433,0.0165,4.14,114.8,84.5,13.0,23.2,1.25,36.0,1.63,0.067,1,2,0
778.0,38.13,297.8,0.0657,-0.0343,6.18,3769.3,301.6,13.2,17.3,0.89,39.2,1.99,0.0,3,1,0
393.5,25.41,254.8,-0.0156,0.0033,7.6,770.8,936.8,8.0,4.8,0.6,17.6,2.1,0.088,1,4,0
1319.1,23.21,258.6,0.0045,0.0587,3.25,2085.2,339.0,8.4,12.3,1.19,36.7,1.08,0.029,1,2,0
1677.2,36.42,104.6,-0.0404,0.059,5.2,215.0,36.2,47.0,147.5,8.33,66.6,0.0,0.001,2,4,1
1372.8,38.13,118.8,-0.1063,0.0091,4.48,2484.7,15.3,3.4,3.7,0.36,46.6,3.76,0.029,1,1,0
2287.8,45.35,130.2,0.0634,0.0035,3.6,1790.1,75.9,76.0,97.1,8.35,53.4,1.01,0.0,5,4,0
1458.1,37.26,154.0,-0.0368,0.0351,9.29,846.4,282.2,16.1,13.8,1.8,33.9,0.0,0.075,1,1,0
961.9,44.18,163.5,-0.0246,0.0048,2.86,449.9,44.5,52.1,87.2,5.55,46.3,3.12,0.093,2,3,1
804.1,29.24,175.5,-0.0592,-0.0344,6.29,493.3,323.3,2.8,4.7,0.22,27.8,2.15,0.096,1,2,0
1571.4,27.67,298.4,0.0289,0.0021,8.6,879.2,129.1,10.8,10.9,0.98,38.0,0.16,0.013,2,3,0
1597.7,31.19,326.2,-0.0177,0.0266,7.58,493.5,703.7,62.2,193.3,8.44,84.1,24.44,0.034,3,3,1
1511.3,35.24,96.5,-0.0448,0.0098,2.71,362.3,1720.1,92.4,289.0,24.37,84.1,19.54,0.308,1,4,1
1699.9,35.0,274.9,0.0034,0.0462,4.99,930.9,950.7,4.0,2.2,0.63,44.4,0.0,0.099,5,3,0
147.0,34.48,58.0,-0.0352,-0.0058,3.78,315.6,247.2,15.7,25.5,1.84,51.2,2.19,0.023,1,3,0
913.4,35.93,195.1,0.0469,-0.0465,4.63,95.4,90.3,5.5,9.9,0.39,35.5,1.84,0.043,5,3,0
896.3,32.57,346.0,0.1269,0.0159,5.57,351.9,89.4,5.8,6.4,0.96,47.2,2.8,0.014,1,3,0
915.3,36.35,287.1,0.0447,0.093,2.3,1008.5,223.3,68.3,154.4,9.92,70.7,0.0,0.014,2,4,0
730.0,19.86,218.8,-0.0191,0.0566,8.35,560.4,0.3,101.7,284.7,18.29,83.3,23.67,0.073,1,1,1
1556.3,29.99,154.4,-0.0204,-0.0321,6.75,282.3,346.7,155.7,490.3,29.88,76.2,11.95,0.071,4,2,1
1496.8,38.87,275.3,-0.0343,-0.0402,4.09,204.5,184.2,111.9,329.5,18.73,83.2,21.54,0.823,3,1,1
357.0,19.92,43.5,0.0529,0.0069,9.49,698.4,210.4,11.1,13.6,0.87,37.0,1.97,0.056,1,1,0
655.9,26.36,257.3,-0.0115,0.019,6.93,1251.6,32.7,0.6,0.7,0.05,34.4,3.65,0.109,1,1,0
665.6,41.01,31.2,0.0355,-0.0014,2.03,2260.1,161.7,33.8,47.5,4.42,49.3,0.0,0.0,2,1,0
1352.2,15.04,297.9,-0.1224,-0.0543,10.63,19.5,1371.5,51.2,157.3,6.43,87.3,30.87,0.028,4,4,0
906.2,31.07,27.7,-0.1704,0.0164,6.47,57.1,33.0,81.1,157.7,16.04,73.8,0.98,0.032,1,2,0
1111.2,35.39,67.8,-0.0556,0.0245,5.45,710.4,197.7,2.7,4.8,0.19,32.5,1.35,0.001,2,2,0
1633.8,32.6,237.4,0.0136,0.0082,4.77,2167.6,86.5,31.1,54.1,3.21,51.8,2.66,0.053,4,2,0
1364.5,36.11,354.9,0.0126,-0.0845,3.84,3446.3,189.6,17.1,17.5,2.2,47.3,0.98,0.096,1,1,0
390.3,35.66,358.3,0.11,0.0148,7.36,2576.7,96.8,237.3,735.1,32.93,81.5,24.1,0.099,1,3,1
1349.3,27.29,16.5,0.0191,0.0279,6.27,5137.8,470.9,98.6,182.0,14.4,73.8,0.45,0.017,1,3,0
1577.1,19.37,206.7,-0.0203,-0.0702,2.69,1257.0,36.7,6.2,4.5,0.42,44.2,3.79,0.063,3,1,0
2642.7,55.78,126.7,-0.0199,-0.1604,2.57,243.2,286.0,5.1,3.7,0.48,47.3,1.35,0.107,4,1,0
2432.7,41.45,229.8,-0.0296,0.0125,2.22,516.3,1078.8,14.7,15.2,1.09,41.9,1.2,0.0,4,4,0
1527.7,41.67,39.1,0.0253,0.0402,3.7,2460.2,75.9,9.4,6.3,0.97,40.1,2.6,0.011,1,2,0
1375.7,25.8,129.6,-0.0473,0.0209,5.21,1509.9,97.8,8.1,4.2,1.22,36.4,2.14,0.003,1,1,0
1909.0,34.37,286.6,0.0308,-0.0262,6.58,1171.4,125.8,2.4,3.8,0.16,37.4,2.05,0.086,3,2,0
865.2,29.56,277.0,-0.0209,0.021,7.73,3000.4,37.9,17.4,22.4,1.29,53.8,1.88,0.041,1,2,0
1606.8,30.6,19.9,-0.0089,-0.0099,5.67,340.8,618.7,64.9,108.1,20.7,60.7,4.39,0.101,3,2,0
881.1,27.21,217.9,0.0786,-0.0188,6.32,2279.6,21.7,359.7,705.2,80.0,86.6,24.2,0.017,1,2,1
866.8,40.11,298.6,0.0072,0.1295,3.68,595.9,399.6,46.2,123.1,9.86,63.9,4.08,0.121,1,3,0
580.4,23.28,52.7,0.0074,-0.0022,4.78,601.8,727.1,1.9,2.1,0.13,35.9,4.51,0.034,1,3,0
1843.0,50.11,62.3,-0.0107,0.0171,4.57,264.9,567.2,7.2,3.6,0.59,32.9,2.55,0.117,3,3,0
1803.4,30.1,271.9,-0.0502,-0.0507,6.2,2154.5,57.7,19.2,10.6,2.37,34.5,3.78,0.101,2,2,0
1517.1,37.56,103.4,-0.0737,-0.0832,3.07,1367.1,69.8,71.4,214.7,15.56,75.3,7.77,0.0,1,2,0
208.5,25.19,3.5,-0.0153,0.0837,4.91,119.0,855.5,8.9,5.0,0.75,33.0,2.92,0.124,1,3,0
1810.7,34.72,310.2,-0.107,0.0638,5.53,4352.5,1139.7,8.7,9.3,1.11,31.0,4.64,0.063,2,1,0
1898.9,37.24,291.5,-0.0167,-0.0973,4.88,1616.3,754.4,135.5,431.7,27.25,83.7,25.28,6.858,5,3,1
598.2,17.11,266.5,-0.0727,-0.0968,4.59,693.1,709.7,116.3,332.1,36.84,88.3,42.38,0.0,1,1,1
1475.6,37.51,16.4,0.065,-0.0237,5.7,4435.3,55.2,6.0,7.0,0.63,38.4,0.0,0.065,2,1,0
1002.6,19.41,143.6,-0.016,-0.0099,6.13,1314.7,764.8,81.3,198.4,12.91,81.7,22.25,0.017,3,1,0
693.5,22.98,94.9,-0.0275,0.003,8.43,5546.3,161.0,154.5,323.3,26.57,77.1,9.21,0.018,3,3,1
1387.2,31.27,256.3,-0.0187,-0.0321,3.19,136.4,106.1,56.6,167.1,11.24,65.6,2.3,0.015,1,1,0
1306.3,28.15,148.1,0.0086,0.0316,7.56,1273.4,2081.3,8.6,5.6,0.76,39.9,2.43,0.068,1,3,0
1865.8,41.05,278.5,-0.0785,-0.0113,5.51,292.2,953.4,126.3,371.9,16.22,91.0,33.55,1.661,2,2,1
2000.3,47.82,189.6,0.0292,-0.0315,5.05,550.9,57.2,107.0,303.3,23.82,77.4,8.72,0.02,4,3,1
551.3,22.08,147.6,-0.0648,-0.0452,7.82,805.2,512.1,81.2,172.9,12.04,82.9,18.79,0.026,1,1,0
506.9,34.03,307.7,0.0099,-0.0131,4.42,469.7,70.7,7.2,3.8,1.14,36.0,1.08,0.0,1,1,0
489.0,50.95,64.6,0.0777,0.0036,3.4,82.1,245.5,143.0,337.4,25.43,80.1,20.45,0.036,1,1,1
1658.9,27.06,12.6,-0.0062,-0.0036,8.67,318.8,364.6,32.3,75.6,9.55,52.8,1.95,0.0,4,4,0
1525.6,37.49,213.7,-0.0099,0.0719,7.42,901.9,87.8,15.9,12.1,1.1,37.0,0.96,0.149,2,3,0
2269.9,31.71,276.2,0.0113,-0.0108,5.01,819.4,161.6,2.6,2.4,0.28,37.7,5.26,0.081,5,3,0
1604.0,38.23,262.9,-0.023,-0.0829,6.17,586.8,235.5,38.1,65.4,5.54,48.8,2.13,0.01,1,1,0
1412.6,30.48,52.9,0.0443,-0.048,7.72,2042.9,87.9,18.3,24.0,1.79,38.6,3.3,0.043,2,1,0
152.9,24.7,18.5,0.0288,-0.0203,7.77,658.5,570.4,1.1,1.2,0.11,36.2,0.73,0.108,1,3,0
1598.7,49.52,121.1,0.0373,0.0148,4.12,679.8,274.9,135.7,284.6,21.03,71.3,1.0,0.027,1,4,1
895.1,26.64,9.6,0.0632,-0.0433,6.58,32.9,164.2,2.4,2.7,0.2,37.9,0.98,0.064,2,1,0
1639.8,36.85,312.0,-0.0128,-0.0354,5.56,290.9,217.5,8.2,4.5,0.57,35.3,1.93,0.0,5,3,0
1920.4,27.45,105.1,-0.0062,0.0458,5.45,280.6,124.2,10.7,10.4,1.45,28.5,2.52,0.073,4,1,0
1421.1,35.11,20.0,0.013,0.029,4.36,438.1,397.9,14.5,12.0,1.15,34.3,3.93,0.071,3,3,0
1510.2,28.88,304.0,-0.0212,0.0081,3.34,701.2,642.5,17.8,26.4,1.76,53.1,1.68,0.02,3,3,0
1138.6,44.46,266.1,0.0545,-0.0082,5.93,559.8,180.3,0.4,0.6,0.03,32.3,3.13,0.077,2,1,0
1760.2,53.61,222.2,0.0416,-0.0773,2.71,1870.1,86.9,2.6,1.9,0.25,33.7,0.8,0.053,4,1,0
1195.0,41.63,62.6,-0.0194,0.0243,4.63,213.3,20.1,14.2,12.3,1.14,38.5,3.38,0.055,4,3,0
1070.2,29.57,101.1,-0.0407,-0.0433,6.23,2175.6,166.1,33.0,49.6,4.1,39.6,3.89,0.057,3,2,0
842.9,30.02,355.4,-0.0206,0.066,5.83,779.1,445.3,9.8,15.4,0.78,37.8,2.1,0.122,3,2,0
1837.8,28.89,237.7,0.0257,0.0319,5.86,721.3,1060.0,22.3,19.4,2.49,44.8,0.0,0.008,5,4,0
1397.4,40.99,222.7,-0.025,-0.0937,5.89,1546.1,556.6,129.9,338.2,37.44,83.4,24.43,0.197,2,4,1
734.8,29.28,244.0,0.0078,0.0411,8.1,207.3,394.1,0.8,1.1,0.06,37.7,2.87,0.085,3,1,0
1334.4,30.93,184.6,-0.0571,0.0352,7.2,624.7,618.6,68.6,213.1,9.47,82.1,21.79,0.0,1,2,1
1146.6,29.84,217.1,-0.0075,0.0483,5.44,3027.6,197.3,3.9,4.4,0.28,42.2,4.38,0.036,1,1,0
625.5,40.72,320.4,0.0279,-0.0669,5.71,904.6,93.7,46.2,96.5,6.64,58.8,4.02,0.122,3,2,0
1100.2,53.77,7.5,-0.0128,-0.0052,3.19,770.1,230.4,5.6,6.3,0.51,42.4,0.61,0.007,2,2,0
883.2,47.24,117.3,-0.0046,-0.0644,3.48,611.9,6.3,4.3,3.0,0.33,28.0,0.0,0.053,3,2,0
1241.7,25.73,118.7,0.0233,0.0654,4.09,2.9,1012.8,8.3,6.9,0.73,36.5,1.4,0.036,3,1,0
1577.1,18.18,200.4,-0.0611,-0.0891,7.86,498.3,42.9,7.4,5.0,0.61,41.5,2.69,0.067,3,4,0
554.2,25.78,108.1,-0.0874,0.0199,6.19,1426.0,180.6,24.8,41.6,3.5,44.1,2.02,0.091,1,1,0
874.1,33.28,321.7,-0.0049,-0.0105,3.79,169.9,14.3,214.9,411.1,27.43,74.8,4.37,0.043,2,2,1
1644.6,34.86,344.4,0.0196,0.0843,4.89,907.3,144.5,1.5,2.6,0.11,39.2,1.98,0.028,4,4,0
1791.5,32.33,43.2,0.0046,0.0874,5.16,1823.6,172.1,6.0,5.1,0.79,32.8,1.56,0.052,3,4,0
1274.2,41.15,126.0,0.0842,0.0803,5.01,494.8,50.7,4.6,6.4,0.33,35.2,0.98,0.037,1,2,0
1475.4,51.02,307.4,0.0227,-0.0223,6.32,1439.7,1125.0,132.8,386.3,17.58,73.7,2.7,0.057,4,3,1
1504.0,35.97,29.2,-0.0977,-0.0455,2.76,3518.6,135.3,5.4,4.7,0.53,40.5,3.83,0.079,2,2,0
584.2,28.84,209.3,0.0429,0.0765,4.78,1950.7,24.8,8.7,12.4,1.32,52.5,1.54,0.056,1,1,0
951.0,26.7,354.8,0.0013,0.0656,7.52,3009.5,252.1,36.0,98.4,5.39,54.6,1.09,0.024,5,2,0
809.5,20.55,345.0,-0.0373,-0.0768,5.71,641.6,88.5,65.8,208.6,19.7,71.6,0.43,0.044,1,4,0
985.0,25.42,279.6,0.0205,-0.0041,3.9,613.6,528.2,58.8,168.9,9.66,78.1,11.25,0.0,3,4,0
1399.4,28.92,80.4,0.0583,0.022,4.75,273.7,283.6,29.3,68.3,4.77,54.8,1.97,0.044,2,2,0
1340.8,24.4,339.8,-0.0829,0.0779,5.63,527.0,549.8,14.9,8.9,2.45,34.7,3.46,0.059,1,2,0
1309.8,35.79,188.3,0.1024,-0.0665,4.43,443.3,207.1,104.0,158.5,14.99,68.4,4.33,0.072,3,3,1
446.1,21.64,141.2,-0.0623,0.026,5.65,5036.8,808.0,8.2,13.6,0.54,30.5,0.45,0.021,1,3,0
726.0,20.51,65.6,-0.0639,0.0352,5.98,382.6,170.9,7.7,5.1,0.59,48.2,2.01,0.079,1,3,0
715.6,42.62,179.5,0.0546,0.0084,3.44,995.0,68.6,10.9,12.4,0.78,40.0,1.16,0.064,2,4,0
2294.9,49.56,275.0,0.0376,0.0286,4.39,93.1,115.9,5.4,4.4,0.42,27.0,2.23,0.065,5,2,0
1567.0,28.6,274.1,0.0342,0.1174,3.93,381.3,317.9,113.5,351.0,24.67,80.0,15.31,0.054,2,2,1
865.4,37.09,68.1,0.0312,0.0317,8.0,3461.2,499.2,6.2,9.5,0.44,35.9,0.0,0.075,1,2,0
1551.9,25.33,215.0,0.0697,-0.0284,7.62,2065.8,115.8,189.0,583.4,27.47,79.7,12.52,0.145,4,1,1
2055.2,42.85,257.5,0.0414,0.0063,2.58,2091.2,619.3,0.7,0.9,0.07,34.8,0.0,0.061,4,3,0
1173.6,26.85,269.3,-0.0588,-0.0119,5.59,524.7,166.2,5.9,4.1,0.71,33.7,1.47,0.057,2,3,0
896.5,35.24,276.7,0.0406,0.0259,4.97,426.7,32.2,130.8,314.3,23.67,78.7,13.11,0.019,1,4,1
803.6,38.22,224.0,-0.0107,-0.0105,3.32,286.2,397.0,37.8,67.4,4.24,51.6,3.07,0.0,1,1,0
705.6,36.7,208.2,-0.0478,0.0394,3.75,124.1,303.6,104.3,219.5,19.07,77.8,16.56,0.026,1,2,1
1975.9,44.79,124.6,0.012,-0.0382,2.73,182.2,69.2,52.7,168.2,8.45,72.4,2.26,0.071,5,3,1
770.6,48.14,224.8,0.0092,0.0397,3.88,231.8,980.8,119.5,294.1,23.68,86.3,26.64,1.51,2,2,1
1265.6,47.81,89.0,-0.0037,-0.0038,5.56,4354.0,662.6,154.9,442.3,22.62,83.4,17.58,11.763,4,2,1
1365.6,38.05,71.5,0.0234,-0.0103,6.44,3071.1,1266.4,1.5,2.5,0.15,37.2,2.29,0.058,2,4,0
1596.4,35.98,175.6,0.0482,-0.0446,6.64,286.2,353.7,40.6,65.8,5.34,41.1,2.0,0.076,2,1,0
2199.0,47.8,48.8,-0.0027,-0.0509,2.88,2566.1,758.7,20.3,33.9,1.87,41.7,4.88,0.063,5,1,0
751.5,33.13,140.3,0.0796,-0.0248,7.45,242.9,659.2,149.6,377.8,24.1,81.8,16.14,0.03,1,1,1
1492.2,31.04,258.4,-0.0519,0.0231,4.42,431.1,3.9,41.3,33.3,2.85,47.6,0.0,0.021,2,1,0
892.5,38.23,30.4,0.0625,0.0601,2.0,1522.5,1.8,137.7,228.2,32.72,83.3,30.86,0.355,2,3,1
1019.8,22.41,202.5,0.0471,0.0381,4.34,679.2,125.9,156.7,271.2,48.84,78.7,14.91,0.127,2,1,1
2297.4,34.15,169.8,0.0076,-0.0571,3.31,273.4,42.0,101.6,182.1,13.03,83.4,23.51,1.844,4,2,1
851.0,22.09,216.2,-0.0984,0.0369,5.6,219.9,177.3,0.0,0.1,0.0,39.6,4.39,0.116,3,3,0
1663.8,36.97,67.0,0.0277,0.051,5.36,518.0,84.7,7.0,5.4,1.15,30.3,3.4,0.051,5,2,0
1736.7,41.44,230.9,0.0666,0.0312,2.8,1461.2,232.4,3.1,3.9,0.22,37.2,1.24,0.0,2,1,0
1442.6,25.1,209.5,-0.0207,0.0043,4.63,1648.8,575.2,11.9,6.1,1.29,29.3,2.76,0.141,2,2,0
1386.0,42.97,339.6,-0.0305,-0.0103,4.26,690.6,458.2,153.6,317.3,22.59,84.3,21.9,3.552,4,3,1
1312.0,28.17,220.6,0.0085,-0.0109,6.56,1465.9,256.3,17.0,10.9,1.72,32.9,0.0,0.027,1,1,0
733.7,36.07,113.2,-0.022,0.0144,6.7,4126.2,442.9,24.8,33.5,2.65,45.0,0.82,0.044,3,1,0
414.3,30.73,308.6,-0.0443,0.0019,4.38,1356.4,607.8,117.1,176.2,17.83,75.7,8.07,0.025,1,3,1
633.0,34.55,138.0,-0.0206,-0.0225,5.34,462.7,70.2,19.9,28.7,1.38,46.1,3.83,0.106,1,2,0
1639.0,49.02,262.3,-0.0406,-0.0027,2.78,335.3,109.2,5.4,8.1,0.47,38.2,0.73,0.056,5,2,0
716.7,31.73,312.8,0.0073,-0.0294,4.25,681.0,150.0,113.4,303.1,16.6,83.5,20.76,0.072,1,3,1
1404.8,35.34,318.4,-0.0703,-0.09,2.0,508.9,204.8,19.9,19.6,1.62,53.1,0.8,0.0,1,2,0
994.2,45.22,245.1,0.0914,-0.0123,5.22,1162.7,99.0,91.1,149.2,27.93,68.8,3.12,0.084,2,2,1
2372.4,36.45,80.4,0.0844,0.0661,4.81,2296.7,20.2,52.9,120.5,10.56,59.4,2.42,0.068,5,3,1
977.2,36.02,318.1,0.0086,-0.0282,7.12,1344.0,180.6,20.9,15.6,1.83,37.9,1.64,0.0,1,1,0
1432.3,50.02,38.7,-0.0184,-0.0209,5.73,3114.3,804.3,26.7,47.4,5.91,45.8,0.07,0.042,2,2,0
784.7,32.23,99.4,-0.0228,-0.0162,3.97,1102.7,4257.4,9.2,11.1,1.13,31.0,3.63,0.0,1,2,0
917.5,32.63,77.6,0.0739,0.0198,3.65,307.2,663.7,53.9,153.6,10.31,73.2,4.65,0.085,1,3,0
591.5,43.0,127.2,-0.0714,-0.0116,3.07,236.0,54.0,5.0,7.0,0.53,41.5,1.84,0.061,2,1,0
622.5,34.39,218.7,0.0519,-0.0418,5.45,3246.6,10.0,76.7,210.9,12.21,73.9,1.7,0.077,2,3,1
1056.0,28.35,46.9,-0.0507,-0.0628,8.74,484.2,610.8,1.2,1.7,0.12,27.7,2.7,0.132,2,3,0
1020.8,38.35,323.6,0.0375,-0.0133,5.84,1740.7,223.4,6.2,10.2,0.43,28.9,0.42,0.013,4,4,0
643.8,34.79,32.3,0.0543,-0.0198,6.27,1997.4,345.9,15.2,20.6,1.06,45.9,4.01,0.063,1,2,0
1330.5,39.34,64.4,0.0093,0.0546,6.76,583.9,231.3,14.6,22.9,1.25,42.5,0.23,0.092,3,1,0
1215.9,24.78,74.7,0.0091,0.0208,4.78,1004.5,486.1,23.5,25.8,1.6,36.5,0.0,0.031,1,1,0
2101.8,36.66,182.0,-0.0266,0.0053,4.95,3558.4,505.5,57.9,80.7,6.75,54.0,2.02,0.034,4,2,0
1639.1,33.85,305.0,0.0135,-0.0117,4.93,1168.4,210.6,27.3,37.8,2.03,47.2,5.91,0.062,3,4,0
1037.6,47.03,27.6,0.1028,-0.0306,5.54,14.9,3.0,3.5,3.9,0.28,31.9,0.0,0.125,1,2,0
610.8,37.7,261.7,-0.0404,-0.019,5.05,3544.2,2097.4,4.7,7.3,0.57,38.5,3.8,0.004,1,1,0
1538.2,35.27,309.1,0.0262,0.0078,5.3,3901.9,217.3,17.7,16.9,2.72,32.5,0.0,0.071,1,1,0
422.4,28.0,191.9,0.0112,0.0899,5.55,273.0,183.0,4.6,4.3,0.47,40.3,0.0,0.048,1,1,0
739.1,7.74,84.4,-0.14,0.0222,6.34,130.3,363.2,17.6,11.2,2.22,34.9,2.41,0.0,2,2,0
1201.8,31.11,80.4,0.0528,-0.0446,5.46,1854.6,249.5,88.5,243.6,28.76,79.9,9.33,0.094,2,3,1
749.2,29.97,101.2,-0.013,0.076,6.69,716.0,279.1,263.2,549.9,54.29,78.8,16.22,0.001,4,3,1
1671.7,26.38,120.1,0.0278,0.076,3.85,2954.0,2.7,282.1,484.5,61.85,74.0,2.03,0.026,2,3,1
868.6,23.01,326.9,0.002,-0.0365,6.28,533.7,364.1,29.6,19.1,2.14,32.8,0.52,0.096,1,1,0
1651.5,53.34,172.0,0.0297,-0.008,4.25,1485.1,5.2,4.7,6.7,0.37,29.4,4.2,0.032,5,2,0
1569.0,38.79,80.7,0.0129,-0.0066,2.12,455.1,69.7,11.4,13.6,1.14,47.4,3.29,0.007,2,2,0
1723.3,38.11,125.2,0.0334,-0.0152,3.75,253.2,1.0,186.8,436.1,44.2,81.2,24.14,0.0,3,3,1
1192.9,23.34,89.0,-0.043,0.0067,7.82,1154.2,504.2,86.9,176.1,12.4,76.9,11.58,0.066,2,3,1
1660.5,35.32,47.1,-0.0699,0.0393,4.16,1162.0,21.9,13.7,18.2,0.98,40.4,2.47,0.088,2,2,0
2006.9,41.34,113.7,0.0048,0.0201,6.42,1720.5,115.5,87.4,254.4,15.97,80.5,14.94,0.071,4,3,1
1453.5,41.22,41.7,-0.0051,-0.0794,3.65,1963.5,217.8,2.9,4.0,0.29,48.1,0.83,0.055,1,1,0
1847.2,49.02,74.8,-0.0269,0.0815,2.15,306.6,311.0,3.5,4.5,0.43,40.7,0.28,0.079,3,1,0
1525.6,43.89,74.6,-0.0245,0.0855,4.77,124.5,55.0,24.2,34.4,2.74,45.0,3.89,0.064,5,1,0
1998.6,29.72,200.4,0.0879,-0.0289,5.36,572.2,605.1,154.0,330.9,19.44,92.7,37.76,0.073,4,3,1
1444.2,43.74,317.6,0.0035,-0.0186,6.16,1591.8,567.2,42.4,98.0,6.07,62.6,3.3,0.02,3,1,0
591.1,29.65,27.5,0.0141,0.027,3.57,1153.6,67.9,222.6,705.9,49.71,77.1,12.44,0.01,1,4,1
1849.1,33.51,130.0,-0.108,-0.0557,4.76,532.2,166.1,53.8,64.5,4.17,49.7,3.45,0.086,1,1,0
523.7,31.15,74.2,0.0652,-0.0382,6.24,231.4,1722.5,51.7,110.6,6.58,59.8,0.0,0.087,1,1,0
476.0,47.65,319.9,-0.0014,-0.0204,5.57,766.7,37.6,28.2,28.6,2.0,46.1,1.91,0.0,3,3,0
836.9,31.73,258.7,-0.0655,0.1051,8.28,543.1,781.0,60.9,144.8,10.68,78.6,17.08,0.089,3,2,1
1725.0,34.98,331.0,0.0529,0.0222,6.65,20.5,111.9,0.8,1.1,0.06,36.8,5.11,0.01,3,3,0
585.3,27.76,275.4,-0.0784,-0.0779,6.35,237.0,163.2,6.1,6.5,0.97,32.8,4.54,0.052,1,2,0
1447.4,39.56,151.2,0.0184,-0.0667,6.29,445.7,395.9,4.3,4.2,0.62,33.9,1.43,0.1,2,1,0
1393.2,34.02,182.6,-0.0608,0.025,3.36,1095.1,493.4,66.7,158.1,20.17,84.5,23.59,1.354,2,2,1
1225.5,27.55,343.7,-0.0229,0.0431,5.14,217.7,257.0,13.2,8.3,1.06,37.1,1.61,0.08,3,3,0
1880.1,33.36,307.3,0.0663,0.002,3.88,2982.8,889.2,57.8,36.0,4.74,40.2,1.5,0.088,2,1,0
771.6,23.82,357.4,0.0211,0.0266,8.73,1011.5,587.7,142.9,311.2,19.22,84.6,23.48,0.078,1,1,1
490.7,21.91,0.2,-0.031,-0.027,6.24,280.8,1165.1,19.5,11.3,1.46,26.5,1.65,0.064,1,1,0
1382.7,42.11,56.4,0.0353,-0.0005,3.73,68.0,249.6,96.4,199.2,18.48,76.3,11.18,0.102,2,1,1
1326.8,30.36,224.0,0.0317,0.0051,5.72,428.0,291.7,15.7,25.0,2.18,38.2,2.3,0.0,2,3,0
658.6,18.97,31.8,-0.1224,-0.0163,6.48,881.6,142.4,251.9,411.2,58.42,85.8,33.87,0.063,2,3,1
1124.2,33.47,309.3,0.093,0.0662,6.69,2067.4,331.9,220.3,596.1,31.61,74.9,0.0,0.017,2,2,1
846.1,32.12,149.5,-0.0911,0.0116,6.19,2458.2,182.1,46.8,70.7,6.31,49.3,3.94,0.034,2,3,0
1031.0,39.62,330.2,-0.0362,-0.0853,6.15,52.0,371.7,13.5,16.3,1.17,36.8,2.19,0.033,1,1,0
1511.9,36.25,311.7,0.0301,-0.027,5.42,366.5,149.0,5.1,6.7,0.46,49.2,2.53,0.049,2,3,0
1390.5,35.56,171.4,-0.0171,0.0731,2.36,4353.5,1497.5,123.0,373.4,19.29,74.5,2.96,0.037,5,3,1
603.4,34.41,231.7,-0.0025,0.0333,2.0,372.4,902.3,1.1,1.1,0.08,29.5,4.16,0.0,1,1,0
1029.9,33.97,216.8,0.1275,0.0121,5.67,3857.4,159.0,18.0,25.1,1.2,51.1,1.28,0.0,5,3,0
1273.5,42.87,359.3,0.0416,-0.0668,5.34,1302.6,327.8,288.9,579.2,36.65,73.7,3.52,0.037,1,1,1
1323.8,31.1,83.4,-0.033,0.0049,3.96,13.6,1031.4,128.3,301.0,20.0,88.7,28.36,0.081,1,1,1
1492.7,25.51,94.1,-0.0511,-0.074,6.27,1385.9,217.6,8.1,8.7,1.22,38.8,0.97,0.037,4,3,0
1307.6,29.14,260.7,0.0088,0.0804,8.21,282.0,917.3,189.3,331.0,39.56,73.2,2.39,0.024,2,1,1
753.1,39.12,224.0,0.0155,-0.0795,2.82,162.5,33.8,90.1,145.3,16.26,64.1,2.86,0.033,1,1,0
1462.7,50.62,118.4,0.0097,-0.0848,3.25,964.3,69.2,78.1,123.6,15.54,65.1,1.34,0.116,3,3,1
1057.3,55.6,195.4,0.0372,0.0898,2.17,1673.9,18.7,37.2,20.6,4.5,33.0,2.53,0.099,1,1,0
1787.0,39.01,141.5,0.0827,0.0137,4.72,123.4,973.0,2.5,2.8,0.32,32.8,0.0,0.011,5,1,0
990.2,37.08,170.7,0.0063,-0.046,6.4,2827.4,174.6,33.9,28.3,3.12,44.6,3.52,0.07,1,1,0
846.9,42.03,120.3,-0.0573,0.0768,4.01,393.8,216.6,19.9,12.6,2.45,42.5,1.18,0.072,1,1,0
1727.1,41.79,132.6,0.0366,-0.0987,4.29,1211.4,25.7,1.2,2.0,0.09,40.5,0.85,0.096,3,3,0
2451.7,32.73,31.5,-0.0035,0.0179,4.23,1749.2,982.8,26.1,45.7,2.08,46.8,3.78,0.073,5,1,0
1825.3,44.16,330.3,0.0776,-0.0125,3.84,1506.6,60.7,154.0,241.3,27.49,88.8,35.9,6.318,4,1,1
1595.6,38.45,185.1,0.0664,0.0951,4.33,1083.0,276.3,9.9,16.5,0.7,32.6,1.07,0.122,3,4,0
400.7,29.67,301.9,0.0228,0.0109,5.24,590.6,133.9,67.0,113.1,9.22,64.7,1.64,0.049,1,1,0
905.7,34.03,258.0,0.0902,0.0524,5.4,987.2,102.0,13.5,8.3,1.86,39.4,3.44,0.117,3,3,0
1713.6,43.53,58.9,-0.0329,-0.0327,6.0,4078.0,57.8,94.0,292.8,29.6,69.8,0.53,0.061,3,1,1
1543.1,32.8,102.9,-0.0397,-0.0045,6.71,1574.9,597.5,20.7,15.2,2.64,28.6,4.57,0.054,1,3,0
1298.8,44.62,226.9,-0.0407,-0.0229,5.39,2037.1,30.8,22.5,45.5,2.84,48.6,3.62,0.074,1,2,0
1855.8,33.68,94.0,-0.0098,0.0094,3.6,503.8,33.6,57.0,111.4,7.71,53.8,0.36,0.0,1,1,0
1905.2,49.1,37.3,-0.0198,-0.0484,4.92,1332.9,905.4,2.9,2.4,0.26,39.6,4.5,0.09,2,3,0
1961.3,44.58,264.1,0.0724,-0.0687,4.52,224.0,309.2,106.8,181.8,15.47,79.2,18.6,0.046,5,3,1
1365.8,40.42,326.0,-0.0095,0.0231,7.28,483.1,715.5,2.0,2.1,0.18,43.8,1.97,0.062,1,1,0
1586.8,44.43,189.7,0.0869,0.0141,5.28,1082.5,2006.9,3.4,4.8,0.3,27.6,0.68,0.08,3,3,0
1473.2,38.64,79.6,-0.0061,-0.0153,4.86,122.6,298.7,5.3,16.5,1.65,37.4,2.63,0.033,1,1,0
1455.2,40.26,114.0,0.0279,0.0195,6.14,3137.5,295.6,107.7,188.3,21.57,76.6,8.38,0.007,3,1,0
1326.3,18.95,298.1,0.0675,0.0284,7.88,596.8,170.3,5.7,8.2,0.7,39.5,3.8,0.048,1,3,0
1411.0,45.37,29.5,0.0337,-0.0197,3.64,3218.6,601.5,166.5,373.0,27.72,74.5,0.89,0.045,5,1,1
1228.1,20.27,64.9,0.0275,0.0218,3.93,2679.1,109.0,98.0,243.0,21.48,79.6,18.4,0.078,3,1,1
1080.9,13.43,23.8,-0.0187,-0.0131,8.17,650.4,34.1,10.4,13.6,0.79,38.5,0.82,0.032,3,3,0
1408.7,42.35,57.0,-0.0124,-0.1016,2.78,268.5,162.2,20.4,25.1,1.5,38.3,1.56,0.017,3,1,0
989.7,39.75,133.2,0.0462,-0.0679,4.49,430.3,137.2,4.6,4.2,0.42,44.1,3.97,0.0,2,1,0
926.5,24.34,70.1,0.0542,0.0159,5.94,407.2,1132.8,11.3,15.8,1.37,47.0,0.0,0.122,1,2,0
1028.0,38.31,279.4,-0.071,0.033,3.69,211.7,322.0,2.6,2.6,0.19,36.6,4.2,0.053,3,2,0
1647.0,16.8,92.8,-0.027,0.0746,7.02,108.4,226.9,69.3,174.4,8.72,67.9,2.67,0.138,1,2,0
933.1,36.49,27.1,-0.0077,-0.054,5.98,470.7,944.8,2.9,2.9,0.43,43.9,5.02,0.155,2,1,0
580.2,35.82,47.8,0.0257,-0.0385,6.75,2043.2,237.9,41.4,24.3,4.26,46.0,3.42,0.09,2,3,0
2078.1,49.09,219.9,-0.0039,-0.0005,3.49,338.9,70.5,2.7,2.4,0.29,30.2,0.28,0.091,5,4,0
1476.1,37.03,20.1,-0.0282,-0.0277,2.93,184.9,231.5,129.7,354.5,30.05,77.0,12.92,0.06,1,2,1
1020.5,25.85,153.3,-0.0102,-0.0498,4.66,498.2,992.8,14.0,21.9,2.08,35.8,1.87,0.086,4,3,0
2361.2,41.42,23.8,0.0536,-0.0731,2.0,591.7,59.1,19.5,31.9,1.86,49.1,4.65,0.003,4,1,0
1351.4,30.7,21.0,-0.018,0.0324,5.96,641.5,739.7,0.1,0.1,0.01,40.1,2.18,0.0,1,3,0
1615.9,34.6,102.6,0.0494,0.001,4.9,2354.9,12.7,20.0,26.3,2.35,48.1,2.0,0.097,2,3,0
1768.4,26.52,165.4,0.003,0.0757,3.88,2090.0,317.8,9.1,11.2,0.99,36.1,3.71,0.0,2,1,0
698.3,34.04,199.0,0.039,-0.0724,7.14,696.7,1710.2,182.0,391.4,42.27,89.2,32.92,2.46,1,1,1
1009.6,34.25,162.9,0.0662,0.0736,2.8,550.4,53.2,26.0,43.8,2.69,59.6,1.4,0.0,1,1,0
2231.3,39.49,269.3,0.0693,0.0488,3.96,112.8,384.0,4.2,4.3,0.68,30.9,3.57,0.015,5,2,0
558.3,22.14,44.6,-0.0243,-0.0495,4.09,136.1,239.1,18.5,58.5,5.89,49.3,4.23,0.008,2,1,0
332.0,28.24,36.5,-0.0259,0.023,3.35,596.9,0.2,78.2,140.7,10.07,61.4,0.0,0.023,1,3,0
1165.5,31.19,49.2,0.0085,0.1108,2.22,149.1,122.5,0.9,1.5,0.07,37.7,3.07,0.028,1,1,0
1341.6,30.21,263.1,-0.0046,0.0514,8.02,1114.2,1518.4,226.3,394.0,38.22,79.9,14.31,0.0,1,3,1
1204.1,30.1,46.0,-0.0338,0.017,6.27,863.0,4.9,2.2,1.8,0.29,39.8,3.69,0.062,1,1,0
1658.4,34.64,2.0,-0.0164,-0.0081,5.43,60.2,460.1,32.2,25.6,5.16,44.8,1.77,0.071,4,2,0
1640.9,35.36,287.6,-0.0739,-0.0216,6.24,607.1,53.6,124.0,304.5,21.3,73.6,1.41,0.094,2,3,1
1603.6,43.27,290.9,-0.0831,-0.0003,3.11,1459.2,282.2,156.4,291.9,38.33,78.3,15.73,0.062,4,1,1
981.9,23.76,194.1,-0.0435,0.0037,4.3,198.2,858.6,83.5,199.1,21.54,84.4,31.48,0.0,3,1,1
949.5,42.43,204.8,0.0759,-0.013,3.51,1455.3,28.4,22.3,36.5,1.63,36.0,2.61,0.0,1,4,0
1572.0,36.28,118.2,-0.0197,-0.0155,4.41,807.6,149.8,0.1,0.2,0.01,45.9,3.24,0.104,5,3,0
975.7,52.75,58.7,-0.0355,0.1133,4.78,6470.8,210.4,226.3,548.0,46.78,82.9,21.09,1.521,4,1,1
770.8,41.55,221.0,0.0302,0.0127,2.86,129.5,677.7,51.9,47.9,7.06,41.5,0.36,0.099,2,2,0
791.7,30.56,18.3,-0.0463,-0.1031,4.76,300.0,74.3,4.2,2.8,0.45,34.8,0.0,0.021,1,2,0
995.8,44.89,109.2,-0.0006,-0.0157,8.05,2263.7,112.3,2.0,2.8,0.15,32.6,3.14,0.066,1,1,0
1793.9,22.63,113.8,0.0375,0.0075,7.93,875.1,51.2,11.6,7.2,1.6,38.9,0.79,0.028,4,1,0
1313.7,24.94,175.1,0.0372,-0.0246,5.9,539.8,76.5,16.0,9.6,2.15,32.0,0.85,0.018,3,3,0
1007.5,37.72,279.7,0.036,0.1104,4.62,670.3,38.6,1.6,2.2,0.12,24.8,2.11,0.0,3,3,0
386.9,37.44,327.1,0.0018,0.0692,4.58,86.4,391.5,3.7,5.8,0.43,29.9,1.11,0.012,1,1,0
1425.5,43.61,336.3,0.0066,0.011,5.81,3157.1,119.6,5.4,5.1,0.52,40.6,2.05,0.009,1,4,0
882.5,43.88,318.6,0.0422,-0.0671,5.96,343.5,759.0,55.6,115.0,13.03,55.1,4.81,0.12,3,2,0
876.2,29.59,83.0,-0.0443,-0.0311,4.82,505.6,39.4,30.2,67.3,4.41,54.3,2.94,0.038,1,1,0
941.0,24.88,226.7,0.0133,0.0455,4.87,6485.6,302.4,15.1,17.2,2.3,48.9,2.84,0.019,3,1,0
927.6,37.92,265.4,-0.0196,0.0136,6.58,4003.4,444.2,44.7,109.9,9.92,46.8,2.22,0.041,4,1,0
2100.0,29.76,62.1,0.0111,-0.0799,3.14,5784.8,186.7,71.1,136.7,12.12,69.9,0.0,0.063,2,1,0
732.1,26.7,194.7,-0.0096,0.0617,4.96,1587.0,164.2,17.9,25.9,2.45,43.1,0.37,0.058,1,1,0
660.1,33.12,95.5,0.0626,0.0267,4.83,1258.1,268.9,16.1,12.0,1.34,45.4,0.0,0.01,1,3,0
1419.0,27.28,282.9,-0.0115,0.1741,5.45,738.9,27.8,24.1,33.5,2.47,49.9,2.43,0.051,3,3,0
888.4,24.68,276.4,0.0132,-0.1169,6.45,848.8,91.0,2.7,3.2,0.19,32.4,2.93,0.053,1,1,0
1285.5,35.07,241.6,0.0048,0.0241,2.97,992.8,699.8,93.3,183.0,15.04,80.0,17.15,0.0,1,2,0
1202.8,19.29,76.2,-0.0185,-0.0204,5.61,247.2,29.7,162.1,374.8,22.38,80.1,21.32,0.017,1,2,1
723.0,42.9,280.6,0.0395,0.0759,4.68,4126.8,243.8,58.5,118.5,10.85,70.8,0.0,0.087,4,3,1
1081.5,34.4,298.4,-0.0014,0.0167,4.43,588.8,259.9,28.6,25.0,2.66,51.1,2.04,0.067,2,2,0
1359.6,30.67,93.5,-0.0002,0.0109,7.21,1402.9,177.3,188.9,287.9,29.23,71.3,2.64,0.007,1,1,1
899.1,25.79,3.9,0.0445,-0.0894,6.64,541.7,69.6,13.9,21.6,1.23,36.4,3.64,0.036,1,3,0
657.9,38.83,88.4,-0.0211,0.0307,2.83,259.4,40.2,30.6,52.5,9.63,54.4,2.11,0.145,3,2,0
1635.0,37.86,219.8,-0.004,0.0135,6.41,201.9,705.4,49.5,26.7,3.73,56.0,0.0,0.016,1,2,0
1017.7,43.25,37.4,0.0639,-0.0303,5.88,7.6,282.3,1.4,2.1,0.1,43.9,3.35,0.011,3,4,0
1804.4,45.47,359.2,-0.0741,-0.0456,8.57,747.8,766.7,7.2,10.1,0.74,43.1,0.0,0.0,4,3,0
311.0,28.8,331.6,-0.0365,-0.0401,4.49,770.8,94.6,156.8,245.5,42.55,81.5,17.27,0.088,1,2,1
943.4,29.15,310.9,-0.0236,0.0195,4.48,3563.9,688.4,1.2,1.4,0.1,46.9,1.9,0.061,1,1,0
1802.0,55.17,13.2,-0.0075,0.0268,4.42,219.7,845.3,28.3,24.2,1.94,29.6,0.26,0.095,5,1,0
1627.0,28.56,337.0,-0.0326,0.0411,8.24,134.3,110.4,64.6,114.4,14.68,68.4,2.0,0.142,2,2,0
1859.1,48.83,56.6,0.0327,0.0468,4.51,1524.1,224.3,10.6,16.3,0.96,35.0,0.76,0.019,4,4,0
795.8,28.14,257.5,0.0537,-0.0578,6.92,1621.3,462.3,4.9,4.4,0.4,30.4,1.11,0.084,2,1,0
1449.4,20.72,313.7,0.0439,-0.0517,6.78,103.4,112.5,144.3,432.8,21.94,94.4,50.49,0.045,2,4,1
1449.1,44.07,107.3,0.0463,-0.0989,6.5,2314.9,28.6,9.1,15.2,0.63,29.3,1.19,0.132,2,3,0
1925.6,46.39,247.9,-0.1089,0.0581,6.09,619.0,818.6,12.2,16.3,0.87,40.3,0.71,0.02,3,1,0
1463.9,42.93,347.6,-0.0269,0.039,5.59,4156.7,405.4,141.6,380.0,28.13,76.4,10.17,0.114,2,4,1
1488.3,27.54,114.0,0.0356,-0.0122,6.85,1462.2,178.8,17.5,30.0,2.57,35.0,0.62,0.098,1,3,0
1536.3,53.15,180.1,-0.0264,0.1204,2.0,423.4,330.5,10.0,12.1,1.19,45.3,4.41,0.0,1,2,0
1561.4,35.85,243.2,-0.0358,0.0466,5.77,79.3,76.2,5.4,6.2,0.4,43.9,5.12,0.037,2,4,0
1519.7,61.98,259.1,-0.0104,0.0222,2.34,1303.8,58.6,96.3,250.9,13.41,75.4,11.3,0.0,4,3,1
1536.6,36.08,153.6,0.062,-0.0105,4.75,267.5,109.5,28.3,26.8,3.37,36.9,2.88,0.115,2,2,0
872.5,30.97,118.4,-0.0364,-0.1228,6.8,536.9,130.4,6.4,9.1,0.59,36.4,0.37,0.04,2,3,0
2077.7,45.11,60.7,-0.0545,0.0641,5.26,711.4,135.0,29.0,18.4,2.12,43.0,0.95,0.036,2,1,0
361.4,21.55,219.8,-0.0756,-0.0412,6.31,240.5,828.9,161.1,475.4,42.48,85.3,22.14,0.066,1,1,1
908.8,54.7,47.4,0.0477,-0.0226,2.85,885.6,894.0,10.6,15.3,1.57,37.6,4.65,0.134,3,2,0
1525.3,27.44,86.0,-0.0018,0.0095,4.89,485.1,333.2,54.9,151.5,6.88,76.4,12.79,0.065,5,3,1
1333.9,33.7,95.6,0.0693,0.0783,6.07,3069.3,284.6,4.4,3.0,0.35,28.2,1.24,0.048,2,3,0
824.6,38.09,300.4,0.0524,0.0535,2.9,1406.9,200.5,84.8,155.8,20.85,77.6,11.75,0.008,1,2,1
1188.3,40.44,288.5,-0.0073,-0.0541,4.74,541.6,354.3,8.6,4.8,0.65,44.4,0.59,0.055,1,4,0
1821.0,34.77,227.6,-0.0537,0.0229,3.83,1027.5,202.2,61.6,141.0,9.79,74.5,3.02,0.121,3,3,0
1568.8,51.35,336.8,0.0093,-0.0775,3.04,954.4,77.2,2.4,2.3,0.16,39.6,3.59,0.021,5,3,0
1256.0,24.33,115.5,-0.0735,0.004,6.59,378.5,786.1,11.1,14.3,0.76,33.1,2.91,0.103,4,3,0
985.6,37.41,138.5,0.0438,-0.0755,4.28,374.7,335.3,1.0,1.0,0.11,47.6,3.03,0.021,2,2,0
888.4,17.43,292.4,0.0104,-0.0461,6.12,379.8,142.5,3.3,2.1,0.36,41.7,2.84,0.058,3,2,0
957.9,28.56,36.9,0.0262,0.0075,3.96,1884.6,540.1,18.8,10.4,1.44,30.0,1.49,0.0,1,1,0
1337.8,29.04,87.3,-0.0254,0.0409,6.55,2728.9,240.6,19.3,26.1,1.66,38.6,0.0,0.018,2,3,0
1484.3,38.76,315.2,0.0761,-0.0905,5.19,146.9,166.8,22.3,28.9,1.58,40.6,3.34,0.147,4,3,0
698.8,37.98,194.7,0.0821,-0.0391,5.28,291.6,355.9,2.4,3.1,0.22,26.4,1.06,0.036,1,1,0
2376.9,41.82,95.4,0.0015,-0.0989,5.57,3115.3,15.1,36.2,98.3,7.57,58.3,3.84,0.079,4,1,0
1282.7,32.77,0.1,-0.0285,-0.0387,4.89,1758.6,295.3,119.0,373.1,24.87,80.4,16.6,0.0,4,4,1
1504.9,40.1,351.8,0.01,-0.0523,5.18,2293.7,1320.6,166.9,456.1,25.43,86.8,32.84,0.673,5,2,1
1536.2,40.47,216.9,0.0887,-0.0169,4.37,1324.7,106.5,33.7,92.0,9.96,43.0,4.08,0.033,3,1,0
444.3,39.94,146.1,0.0749,-0.0197,3.36,951.6,1162.4,18.3,29.6,2.0,40.2,2.93,0.069,1,1,0
1097.3,36.88,79.2,-0.0704,0.061,6.18,575.5,614.5,55.9,129.4,10.49,70.1,2.5,0.092,1,1,0
1716.5,52.69,115.6,-0.0185,0.0056,3.08,119.9,613.5,10.2,7.9,0.84,30.5,4.5,0.0,3,4,0
1116.5,58.18,245.6,0.0064,-0.0077,3.69,1942.8,24.7,7.3,12.1,0.59,37.9,0.0,0.098,1,1,0
664.2,34.04,146.4,0.1169,-0.0371,5.37,2670.5,107.4,69.5,136.2,18.93,63.2,3.02,0.0,1,1,0
1775.9,27.35,24.9,-0.0153,-0.0409,7.55,1570.8,78.0,11.0,11.0,0.98,52.3,2.6,0.048,2,4,0
1591.0,47.5,309.9,-0.0734,-0.0116,4.58,25.4,229.5,29.8,36.7,2.71,28.0,1.07,0.029,2,4,0
1229.5,26.78,319.0,0.0124,0.0005,6.17,567.5,208.9,113.1,244.6,22.9,74.1,4.29,0.004,2,1,1
1350.3,42.59,315.4,-0.0396,-0.1074,6.02,1014.8,656.3,104.4,284.7,22.55,81.0,17.08,0.054,1,1,1
778.7,10.51,8.9,-0.0239,-0.052,7.34,265.1,81.5,35.4,111.3,10.51,60.9,2.19,0.0,1,3,0
1196.0,34.27,143.1,0.0341,0.0002,4.14,2460.5,493.4,149.5,387.2,27.64,88.1,23.91,0.289,3,3,1
1701.8,33.91,300.4,0.0893,0.0331,7.93,1377.9,90.8,7.6,5.3,0.94,24.5,4.25,0.066,2,4,0
1101.6,26.46,71.8,-0.0202,0.101,6.34,313.8,115.7,170.8,520.8,33.32,80.0,17.56,0.0,2,3,1
1318.2,33.57,307.8,0.0729,0.0406,4.37,17.4,53.1,4.6,2.7,0.37,45.8,1.35,0.003,3,3,0
1508.9,33.66,195.9,0.0119,-0.0482,6.6,493.2,95.7,12.2,15.8,1.68,35.4,3.62,0.049,3,2,0
821.5,25.4,183.2,0.0133,0.1377,5.35,472.1,351.8,0.2,0.2,0.02,35.4,0.0,0.0,1,1,0
1133.0,24.53,85.9,-0.0196,0.0402,6.36,1375.4,249.9,14.8,20.7,1.5,37.4,1.52,0.087,2,3,0
1793.9,34.8,8.9,-0.0194,0.032,6.54,1875.5,114.0,100.5,288.1,18.01,75.4,10.71,0.051,2,1,1
2384.9,45.53,289.2,-0.0443,-0.0545,2.73,138.6,187.2,12.3,17.4,2.01,30.7,1.11,0.015,5,4,0
2009.4,33.6,12.3,0.0069,0.0356,5.33,1960.2,266.9,5.5,9.4,0.46,32.0,3.87,0.052,4,2,0
2142.0,26.67,77.6,0.042,-0.0092,5.04,434.8,84.9,35.5,57.6,10.49,49.8,2.41,0.104,2,2,0
488.7,37.06,44.8,-0.0067,-0.0515,6.0,594.0,266.5,92.8,253.3,12.06,68.6,0.0,0.106,1,2,1
2828.5,43.59,150.7,0.0034,0.0321,5.14,865.9,62.3,18.5,29.4,2.09,35.8,0.53,0.041,3,1,0
559.4,33.0,7.8,0.02,0.0109,3.71,704.8,88.1,53.0,159.5,8.4,71.4,1.4,0.058,1,4,0
1507.9,39.4,162.3,0.002,-0.0501,7.02,1637.3,3.7,66.6,189.4,10.4,80.9,22.07,0.086,1,3,1
1478.7,54.51,96.2,-0.0416,0.0582,4.06,4277.2,355.7,19.1,29.8,3.02,47.6,1.69,0.124,1,3,0
1110.8,33.8,319.0,0.019,-0.0186,6.05,445.2,79.0,17.4,19.5,2.4,54.2,1.19,0.092,4,2,0
911.4,29.91,169.3,0.0382,0.0636,4.64,202.2,391.2,3.6,2.6,0.39,32.4,3.9,0.0,1,3,0
289.4,22.61,210.7,-0.0225,0.0683,6.42,347.8,167.0,41.2,117.8,9.61,66.8,2.5,0.06,1,2,0
1469.3,44.36,301.1,0.0454,0.0178,4.01,2060.6,84.7,18.1,25.8,2.92,42.0,0.0,0.027,3,1,0
721.6,29.19,120.3,-0.0345,-0.0628,4.18,277.1,219.6,6.4,7.6,0.74,34.1,0.24,0.034,2,3,0
950.3,29.12,256.4,-0.0191,-0.046,7.34,1090.3,24.7,4.8,8.0,0.41,39.3,1.67,0.043,2,2,0
1589.0,29.28,342.2,-0.0127,0.0325,5.28,1614.8,83.6,4.3,4.6,0.33,30.9,2.23,0.076,2,2,0
1291.0,41.28,354.6,-0.0554,-0.0416,5.85,557.6,305.7,82.5,218.3,11.83,79.9,18.23,0.049,3,1,1
1344.5,42.93,352.9,0.1261,-0.0836,6.29,1961.3,86.0,5.7,6.7,0.42,30.4,0.0,0.098,2,1,0
693.0,37.09,11.1,-0.0494,0.0307,2.89,4803.4,295.8,8.3,5.9,0.57,47.6,0.61,0.0,2,4,0
671.2,37.99,126.0,0.0286,-0.011,5.27,796.2,405.9,22.7,16.9,1.75,34.6,0.76,0.129,1,1,0
1403.6,33.74,338.2,0.0359,0.0141,3.69,136.8,175.7,33.5,96.6,4.59,52.3,3.62,0.139,1,2,0
891.8,28.2,66.0,-0.0078,-0.0137,3.94,28.0,211.1,15.4,12.2,1.27,35.0,2.47,0.047,2,2,0
1859.2,39.01,93.0,-0.1025,0.0152,3.01,385.1,811.8,10.1,12.2,1.3,37.6,1.33,0.069,1,2,0
1833.2,37.89,147.1,0.0078,-0.0224,6.37,157.1,34.3,15.3,22.5,1.06,38.3,0.0,0.025,4,1,0
1251.1,48.88,309.4,0.0575,0.078,6.75,1299.8,40.2,10.7,8.8,0.82,25.3,0.0,0.025,2,2,0
1789.3,49.7,355.5,-0.0602,0.0742,2.92,12.0,372.4,6.0,9.1,0.46,33.3,1.25,0.117,4,4,0
901.7,51.68,130.3,0.0298,-0.0781,4.33,604.3,381.3,0.8,1.2,0.12,33.6,2.53,0.066,3,3,0
1437.2,22.92,299.9,0.004,0.0089,3.28,1512.6,86.2,60.2,105.8,19.51,58.0,0.59,0.014,2,2,0
917.8,22.38,207.3,0.0753,-0.0489,7.83,1149.1,1.0,6.5,4.7,0.56,34.8,3.28,0.075,3,1,0
2012.6,43.73,81.8,-0.0116,-0.001,4.93,891.6,229.5,6.6,6.9,0.54,30.5,0.97,0.023,5,2,0
2463.8,46.64,243.4,0.1297,-0.0536,5.09,155.8,476.9,7.4,5.8,0.53,20.7,5.23,0.071,4,1,0
910.2,46.02,317.8,0.1195,-0.0243,3.17,573.3,904.0,10.4,15.1,0.76,37.2,1.31,0.0,1,1,0
2048.8,54.72,277.2,0.0064,0.0329,4.84,1838.6,29.1,2.4,2.7,0.35,28.1,0.96,0.098,5,1,0
1529.7,42.25,223.2,-0.0326,-0.0356,2.0,1642.5,116.5,2.0,1.2,0.2,33.5,1.53,0.034,3,1,0
1333.7,40.4,259.2,-0.0525,0.0262,6.94,1421.8,483.6,8.3,13.1,0.61,36.6,0.88,0.096,2,1,0
761.8,37.42,282.6,-0.0735,-0.037,5.03,1136.2,383.4,63.6,164.9,8.0,83.4,24.31,2.241,1,1,0
304.6,33.1,58.3,0.0397,-0.0352,6.41,225.7,589.9,213.7,592.4,32.54,79.2,16.83,0.0,1,1,1
1606.7,35.17,128.1,0.0617,-0.1413,2.06,87.4,57.3,253.9,720.3,61.21,78.1,14.95,0.113,3,4,1
1068.3,58.32,255.5,0.0706,-0.0358,2.0,506.9,39.2,3.8,6.2,0.31,27.2,3.34,0.058,4,1,0
1365.0,23.9,109.2,-0.0353,0.0347,6.57,604.7,614.1,34.6,50.2,3.23,58.3,0.0,0.088,1,2,0
1246.0,45.19,239.3,-0.0311,0.0369,3.19,1389.3,70.5,12.0,8.2,1.75,37.9,0.0,0.057,1,4,0
875.1,36.06,339.5,0.012,0.0354,5.06,140.3,196.8,97.6,159.4,15.02,77.4,11.78,0.084,4,2,1
990.5,29.11,91.9,-0.1284,-0.0158,5.54,2921.3,414.8,88.7,283.8,11.72,86.5,25.6,0.113,1,4,1
254.3,23.98,36.6,0.0431,-0.0008,5.72,376.2,157.5,1.4,1.9,0.1,40.7,3.61,0.0,1,2,0
1689.0,32.12,229.0,0.0344,0.0514,3.88,921.2,300.1,33.6,97.6,6.47,60.4,2.35,0.031,1,3,0
1494.7,34.61,279.2,0.1129,-0.1033,4.81,1461.1,515.4,0.3,0.2,0.04,37.0,1.81,0.011,4,2,0
551.9,25.87,92.6,0.0503,0.0174,5.2,405.3,329.4,32.1,39.0,2.54,50.5,0.0,0.078,1,4,0
629.5,29.92,290.4,-0.0065,0.0263,6.93,606.3,1431.5,189.4,572.5,53.08,74.5,5.59,0.068,1,1,1
2341.6,33.48,15.2,0.0002,0.0906,4.28,219.7,298.9,26.9,22.7,2.94,37.0,1.38,0.031,4,3,0
1137.0,27.64,12.5,-0.0489,-0.0416,6.35,2388.2,320.2,7.9,5.2,1.28,33.4,0.0,0.0,3,3,0
598.3,36.61,287.5,-0.044,-0.0262,4.79,152.3,21.1,34.1,61.5,7.13,51.5,3.95,0.038,1,1,0
2024.8,36.22,67.5,0.0653,0.0561,4.94,1947.1,264.1,25.7,45.6,1.84,55.3,2.97,0.007,5,2,0
790.7,56.61,169.9,-0.032,0.08,3.2,4687.9,204.9,346.8,741.1,75.41,85.0,20.88,2.07,2,1,1
1415.4,28.16,259.3,-0.0629,-0.0662,5.73,125.9,1053.8,262.9,773.6,37.79,76.6,12.46,0.055,1,2,1
1427.3,35.02,22.8,-0.0198,0.0148,5.61,98.7,93.1,4.9,3.3,0.78,34.9,1.97,0.111,1,3,0
1346.5,35.5,226.3,0.0634,0.0279,6.41,82.5,71.4,95.7,169.7,13.18,85.6,26.3,5.312,1,3,1
1452.6,29.97,211.5,-0.0318,0.1453,5.77,1086.0,476.7,99.0,193.6,18.41,81.8,20.16,0.057,3,2,1
580.3,30.43,114.7,-0.0066,0.0231,6.96,139.1,136.1,4.4,6.7,0.52,37.0,3.54,0.022,3,3,0
1661.7,29.76,134.8,0.0026,0.0054,5.26,2141.1,168.9,120.4,238.6,16.24,78.2,16.72,0.072,1,1,1
592.5,28.41,242.6,-0.0198,-0.045,2.27,652.7,17.8,3.1,3.8,0.24,41.7,1.6,0.042,1,3,0
1282.3,30.27,277.8,-0.0023,0.0262,5.49,123.7,96.4,100.6,233.6,17.51,79.8,16.45,0.047,3,4,1
1674.1,47.08,39.8,-0.0421,0.0738,5.6,90.4,48.7,2.8,1.8,0.26,22.3,2.57,0.021,1,1,0
1261.3,39.46,282.6,-0.0771,0.0237,5.68,182.6,18.3,0.0,0.0,0.0,47.0,2.08,0.115,1,1,0
2102.2,38.72,99.1,0.072,-0.0182,3.76,429.4,88.1,3.2,5.6,0.45,27.6,0.79,0.03,5,2,0
847.0,44.43,96.2,0.0522,-0.0294,4.17,1753.6,136.2,30.2,20.7,3.05,45.1,1.49,0.05,2,3,0
790.8,25.78,217.2,0.0227,-0.0174,8.4,131.1,54.5,46.6,93.9,5.94,57.8,3.01,0.053,1,1,0
1221.0,17.9,173.9,0.0321,-0.022,7.28,4078.8,664.3,4.2,2.4,0.64,38.7,0.55,0.079,1,1,0
837.9,36.84,240.6,0.0377,0.0231,5.24,3677.9,52.3,128.6,374.1,22.8,80.8,16.78,0.065,3,1,1
2450.2,43.87,229.3,0.0143,-0.0011,7.43,946.6,314.5,151.0,234.1,46.36,80.8,22.35,0.004,4,3,1
1742.1,43.6,60.7,-0.0045,0.0868,4.53,1018.3,248.2,77.3,207.0,10.01,82.6,22.54,0.362,3,3,1
50.0,17.61,66.4,0.0195,-0.0493,4.68,696.8,606.7,268.2,631.2,43.72,79.7,15.39,0.171,1,2,1
312.8,30.16,285.7,-0.0297,-0.1026,5.22,3936.2,11.4,5.2,7.9,0.38,37.2,2.53,0.052,1,3,0
700.6,33.8,351.2,-0.0104,-0.0638,4.46,363.4,246.1,6.8,10.2,0.71,41.4,2.75,0.071,2,2,0
1025.5,30.95,153.2,-0.0357,-0.0058,5.7,870.1,69.9,21.2,27.5,1.64,49.3,3.27,0.02,5,1,0
257.7,34.28,119.7,0.0458,-0.027,5.62,1725.5,187.0,42.6,38.0,3.84,44.6,1.61,0.0,1,3,0
1155.2,39.62,39.4,-0.0041,-0.0067,5.77,718.3,365.8,188.4,322.1,29.06,87.5,26.6,5.517,1,2,1
1362.8,35.86,201.7,-0.028,0.0581,5.2,40.9,98.6,18.4,27.5,1.98,46.0,0.0,0.095,2,1,0
1517.2,31.43,330.2,-0.1198,0.0399,2.67,2160.5,114.5,12.3,15.7,1.45,35.6,0.77,0.056,4,4,0
1826.1,45.6,8.8,0.0717,-0.026,3.49,1076.6,728.5,14.5,26.1,2.07,37.8,2.71,0.0,1,2,0
1166.8,48.17,225.2,-0.0888,-0.0523,2.89,221.4,620.9,12.4,20.5,1.03,40.1,1.26,0.051,4,2,0
1390.5,26.14,166.6,0.053,0.0445,4.97,1146.6,636.7,148.3,294.4,36.09,82.8,26.78,0.023,5,1,1
635.2,35.09,5.4,-0.1153,-0.003,4.28,1407.1,229.6,0.4,0.4,0.03,29.1,2.81,0.002,3,2,0
1438.4,55.8,287.0,0.0037,0.0063,2.0,1572.3,212.8,164.7,444.4,35.36,87.7,28.52,0.258,3,2,1
2503.6,30.41,188.4,0.0464,-0.0313,5.21,412.0,273.0,10.8,14.1,0.81,43.6,1.91,0.03,4,1,0
839.5,24.86,152.7,-0.071,0.0699,5.83,3126.1,356.8,25.2,25.0,1.78,43.9,2.35,0.076,2,3,0
574.8,32.61,343.3,-0.0535,0.0233,4.5,215.5,79.5,0.3,0.3,0.02,42.1,2.32,0.012,1,1,0
113.2,2.0,166.1,-0.0231,-0.0576,8.88,323.8,927.2,30.7,24.8,2.16,35.2,1.38,0.023,2,3,0
708.7,23.51,98.0,0.0095,-0.0061,4.43,386.7,36.6,10.7,13.2,1.41,29.5,0.03,0.002,1,4,0
1826.8,42.93,165.9,0.041,0.0436,3.5,1168.2,149.7,14.3,20.5,1.5,43.8,0.0,0.025,2,4,0
2428.5,25.65,223.1,0.0259,-0.0216,5.79,22.4,639.3,114.1,336.7,14.53,81.8,18.43,0.135,5,1,1
1173.4,43.69,101.0,-0.007,-0.0127,3.61,274.4,281.4,98.0,167.6,14.08,86.0,25.27,2.261,2,3,1
683.9,45.51,265.2,0.0277,-0.0153,6.39,27.9,366.3,11.4,11.9,1.2,38.6,4.1,0.023,1,3,0
1462.2,39.21,10.5,0.0036,0.0248,5.27,598.8,11.3,247.3,736.7,55.71,84.9,28.74,10.529,3,3,1
643.0,31.47,343.4,-0.0383,0.0367,4.32,3086.2,1090.3,195.1,408.6,33.09,87.2,29.38,0.044,1,3,1
822.6,27.99,113.6,-0.0147,-0.0345,7.09,413.4,383.4,27.5,46.4,5.81,31.5,1.89,0.095,1,3,0
2664.3,53.0,208.6,0.028,-0.0342,4.12,701.8,285.0,4.6,5.7,0.53,33.4,3.0,0.001,4,3,0
828.5,44.88,11.2,0.0069,0.0214,3.25,464.0,63.9,3.0,4.0,0.23,28.6,1.73,0.041,2,2,0
1264.6,11.78,298.9,-0.0329,-0.0287,6.24,859.5,220.1,11.4,6.7,0.9,28.7,3.67,0.016,1,3,0
329.6,26.16,93.7,-0.0817,0.035,6.99,170.9,75.1,45.9,73.9,14.13,51.3,2.9,0.062,1,3,0
758.2,18.35,273.8,-0.0429,-0.0273,8.76,315.3,350.5,18.2,26.0,2.27,50.9,0.92,0.04,1,2,0
1342.8,46.46,339.6,0.0274,-0.0026,6.02,284.7,1517.0,10.1,9.9,0.78,41.2,5.54,0.034,2,4,0
1999.1,39.64,126.5,-0.0574,0.0373,7.1,288.2,75.3,12.8,16.8,1.12,38.4,1.9,0.025,1,2,0
1033.9,27.06,290.1,0.0585,0.0092,7.49,1152.7,102.2,6.6,7.5,0.44,33.9,0.01,0.011,2,3,0
607.9,10.88,92.9,-0.0379,-0.0065,6.12,2.2,168.7,0.0,0.0,0.0,39.8,2.45,0.079,1,2,0
1067.5,34.65,226.9,-0.0422,0.0208,6.63,1083.6,37.4,0.3,0.3,0.03,35.9,0.47,0.045,2,1,0
1050.9,39.72,176.1,-0.0418,0.0211,5.75,1510.4,569.4,45.9,109.5,6.9,67.4,1.55,0.082,2,2,0
1852.7,29.24,89.4,0.0053,0.0124,5.49,2858.2,365.7,0.4,0.6,0.07,36.9,0.0,0.0,4,1,0
2010.1,46.02,167.9,-0.0669,-0.0024,7.14,827.5,505.9,13.6,22.2,1.82,41.2,0.96,0.03,4,1,0
613.7,26.26,340.0,0.0373,-0.0184,8.3,2161.3,281.7,61.3,100.4,18.64,60.4,0.0,0.088,2,3,0
1923.3,57.45,84.5,0.0902,-0.0281,4.64,2019.4,197.8,15.7,19.3,1.18,44.3,2.1,0.075,4,1,0
1235.2,25.71,128.0,-0.0596,0.0024,5.71,74.3,721.8,96.3,169.8,16.21,73.7,2.77,0.034,3,3,1
1294.2,38.13,1.0,-0.0092,0.0644,4.99,1533.2,149.5,17.0,22.8,1.25,32.5,1.94,0.109,2,3,0
863.3,22.81,321.1,0.0001,0.0884,6.63,787.6,55.8,0.2,0.4,0.02,44.6,2.33,0.0,3,4,0
1438.6,38.64,354.5,-0.0688,0.0951,6.28,3158.2,403.3,84.8,256.7,17.09,84.3,23.39,2.073,3,1,1
1775.6,17.58,145.2,-0.0039,-0.0375,3.99,472.7,506.8,99.8,196.7,13.77,80.1,17.92,0.024,2,4,0
817.7,40.32,299.7,0.021,0.0111,4.7,4053.2,535.6,170.8,348.0,38.55,80.7,23.05,0.093,1,3,1
1935.5,40.53,291.8,-0.0117,-0.0168,8.85,1250.3,1065.0,148.2,349.4,19.11,77.5,10.24,0.015,5,4,1
1766.9,30.43,170.9,0.0074,-0.0087,5.34,4.2,181.7,36.1,63.0,6.0,45.6,2.9,0.097,3,1,0
749.9,36.63,129.1,-0.0092,-0.044,7.13,544.1,542.2,9.3,15.5,0.65,45.4,3.32,0.072,2,2,0
1327.7,25.46,309.4,0.0573,-0.0421,3.07,1989.2,151.3,10.8,17.0,1.14,49.0,0.97,0.054,2,1,0
990.1,24.34,21.2,0.0127,-0.0307,6.37,1852.1,117.9,75.9,146.7,10.12,73.2,4.28,0.035,3,1,0
1206.8,25.95,318.0,-0.0747,-0.0608,3.07,272.6,1212.9,261.3,796.9,49.23,94.2,37.56,0.0,3,4,1
1106.0,27.8,54.7,0.1035,0.0911,5.28,4315.9,98.3,37.0,56.6,5.64,51.2,3.33,0.032,1,2,0
1416.4,33.69,250.1,0.0345,0.0315,4.61,87.8,166.3,0.5,0.3,0.05,24.1,0.86,0.0,1,3,0
502.4,16.29,25.2,0.0058,0.0267,6.65,540.0,135.6,30.6,80.5,4.03,60.5,2.49,0.082,1,2,0
653.1,18.92,28.3,0.1002,-0.0087,7.63,1247.1,1517.0,49.1,53.4,4.19,37.8,0.77,0.044,1,1,0
1347.7,41.6,161.0,-0.0014,-0.0039,5.04,283.7,64.7,197.7,313.2,27.84,81.3,18.85,0.072,3,4,1
1639.8,26.96,212.7,-0.0106,-0.0551,4.87,640.1,387.2,4.1,5.9,0.46,46.4,0.0,0.063,1,4,0
921.8,40.15,8.3,0.0043,-0.0217,5.15,1735.0,118.2,1.6,1.7,0.17,39.6,5.31,0.04,3,4,0
1290.1,34.76,302.1,-0.1417,-0.0478,5.23,828.5,652.3,134.0,208.9,30.63,80.0,18.59,0.032,1,2,1
1802.0,46.6,197.7,0.0201,0.0047,6.63,297.7,275.1,198.5,558.3,61.49,82.7,15.88,0.505,5,4,1
1437.0,36.09,123.1,-0.0193,-0.0505,5.83,131.7,170.7,83.3,247.2,27.51,80.0,16.33,0.081,4,2,1
2049.1,21.51,358.7,-0.128,-0.0413,5.44,366.4,157.4,13.5,20.9,1.68,38.3,2.18,0.025,2,2,0
1544.6,27.78,138.2,0.0192,0.0559,4.61,45.9,112.7,38.6,88.5,8.16,51.3,1.21,0.063,3,3,0
515.6,34.29,219.3,0.0068,0.0881,3.83,813.7,623.7,2.6,2.9,0.22,42.9,3.61,0.072,1,2,0
795.2,27.81,71.4,0.02,-0.0367,3.26,2979.1,102.5,14.6,16.1,1.34,37.5,2.46,0.042,1,2,0
871.4,39.31,172.2,0.0026,-0.0495,6.27,68.8,1596.5,6.8,5.5,0.89,30.3,2.75,0.104,1,4,0
914.7,40.8,71.9,-0.005,0.0355,6.27,6154.9,1226.3,6.4,9.3,0.59,36.5,0.0,0.046,3,2,0
1993.6,32.27,53.7,0.0384,-0.0528,6.42,799.9,72.6,15.2,20.4,1.86,36.9,2.65,0.086,1,2,0
2049.1,47.33,217.4,0.0415,-0.0728,2.74,1339.3,216.5,2.0,2.9,0.27,40.6,3.27,0.0,4,1,0
1264.9,37.85,341.8,0.0336,0.0016,4.65,451.1,222.2,5.6,3.9,0.46,43.6,2.47,0.087,2,2,0
1466.0,38.11,135.9,0.0411,-0.0437,3.85,51.9,816.1,189.6,517.8,32.97,74.6,3.25,0.087,1,3,1
890.8,44.13,98.3,0.0576,0.0224,7.74,1371.5,159.7,94.4,243.1,20.18,85.4,22.3,0.656,2,2,1
1163.1,31.76,153.7,0.0894,0.0414,8.26,125.0,247.7,19.5,18.8,1.61,37.9,0.55,0.074,4,3,0
1449.8,33.65,13.2,0.0751,-0.0686,3.51,305.6,1063.2,121.9,282.9,29.97,78.7,16.9,0.099,2,4,1
870.6,20.62,267.6,-0.018,0.0713,5.14,2671.5,334.4,5.7,4.8,0.88,30.8,2.85,0.103,4,1,0
1912.8,44.1,153.7,-0.0061,-0.1065,4.72,1040.2,420.3,163.0,301.5,20.68,82.6,16.83,0.204,4,3,1
865.6,49.25,172.4,-0.0462,-0.0581,4.44,60.8,587.9,69.2,125.8,10.2,74.1,1.2,0.06,2,2,1
1577.4,37.83,84.8,-0.0702,0.0179,4.77,1610.0,888.8,31.6,49.5,3.26,37.0,1.53,0.079,1,2,0
1268.3,58.2,47.2,0.014,-0.0163,2.0,403.7,506.7,9.8,11.8,1.15,37.5,0.39,0.115,4,1,0
976.6,34.02,192.0,0.1005,0.0297,5.54,2933.4,329.5,18.3,29.5,1.4,45.3,0.84,0.052,4,3,0
986.9,40.72,257.9,0.0575,0.0014,5.18,762.6,349.7,8.9,9.6,0.74,37.3,3.12,0.093,1,1,0
1363.0,51.77,81.7,-0.0577,-0.1217,2.0,908.1,344.6,2.3,3.1,0.28,32.9,0.57,0.033,5,1,0
2210.0,26.04,240.7,0.067,0.0395,5.28,785.7,185.7,155.2,267.6,28.8,83.1,29.1,0.009,4,3,1
1052.9,19.67,24.3,0.0329,-0.0267,6.76,446.4,887.8,2.9,3.3,0.27,40.2,2.72,0.028,4,2,0
853.9,51.1,119.2,0.0267,0.0191,3.67,474.4,92.6,12.6,22.4,1.35,44.7,2.2,0.0,5,4,0
812.3,28.91,80.6,0.0083,-0.0384,6.52,313.4,56.7,13.3,14.4,0.97,48.7,2.21,0.073,1,2,0
298.1,21.18,258.4,0.031,0.0823,9.69,3426.4,923.2,3.9,5.6,0.59,42.1,2.84,0.012,1,4,0
824.9,35.8,325.5,0.0022,0.0411,5.38,1007.7,18.6,4.8,4.8,0.5,36.0,1.11,0.078,2,2,0
1328.1,32.95,246.6,0.0315,-0.044,5.61,42.4,160.8,18.1,32.5,1.49,48.6,0.0,0.128,1,3,0
899.8,32.22,49.2,-0.0852,-0.1056,6.53,1362.1,1465.0,164.6,472.7,33.95,81.9,21.64,0.105,2,1,1
1547.8,34.1,22.4,0.0189,-0.015,2.0,1214.0,532.7,53.3,160.8,11.73,75.5,4.45,0.102,2,1,0
1732.9,42.77,151.7,0.0761,-0.0001,6.94,833.7,6.2,23.8,32.6,2.1,42.6,3.3,0.109,3,1,0
558.4,33.05,299.0,0.0649,-0.0506,5.25,2553.1,172.5,127.4,299.9,26.04,76.9,9.63,0.078,1,3,1
1777.3,42.04,162.3,-0.0373,0.0336,4.15,84.7,271.5,28.1,84.2,3.59,58.3,1.49,0.018,2,4,0
1782.5,37.01,3.8,0.0058,0.0654,5.01,1816.2,96.0,3.2,5.1,0.4,36.8,1.12,0.052,2,4,0
1454.0,33.22,78.5,-0.0792,0.0368,5.04,729.5,1419.9,37.6,81.1,5.77,53.3,0.0,0.035,2,4,0
1312.3,38.41,85.8,-0.0379,0.0417,4.28,391.6,454.6,8.3,11.7,0.72,35.3,0.73,0.116,1,2,0
1070.7,48.06,189.0,-0.0445,-0.0265,6.27,838.8,363.6,5.8,5.8,0.86,45.1,2.74,0.079,2,1,0
1137.7,21.99,274.9,-0.0515,-0.0587,7.9,2407.4,47.5,79.5,198.7,21.78,83.4,28.34,0.088,2,4,0
996.1,23.62,136.8,0.0294,-0.0434,5.0,3826.0,113.4,3.4,5.8,0.25,32.5,2.49,0.02,3,1,0
710.0,31.9,21.3,0.0712,0.0013,3.01,1033.7,640.2,1.0,0.7,0.1,30.4,2.31,0.057,2,1,0
1616.1,51.64,119.7,0.0922,0.0985,2.26,736.4,477.2,8.4,11.6,1.31,36.8,2.13,0.116,4,3,0
550.6,37.85,332.4,-0.001,0.01,5.53,1562.5,695.3,17.0,14.2,1.39,53.0,0.56,0.044,1,1,0
1639.4,40.16,117.9,-0.0101,0.036,3.55,405.4,14.7,11.3,9.4,1.38,38.3,2.17,0.136,4,3,0
1666.6,25.52,4.4,0.0393,0.0159,4.88,2577.7,116.0,8.6,11.2,0.92,34.0,1.52,0.063,4,4,0
1705.5,62.18,284.3,0.0766,0.0732,2.0,517.9,25.4,16.0,9.4,1.11,28.6,3.01,0.056,5,2,0
1049.7,40.63,32.1,-0.1378,-0.0001,6.09,3102.0,664.6,102.9,295.9,21.49,73.4,2.01,0.074,1,1,1
1607.2,26.02,265.1,0.0272,0.0776,4.89,561.2,654.5,145.3,375.0,18.63,72.1,2.27,0.013,1,2,1
1314.7,10.49,63.8,-0.0242,-0.0189,5.77,752.7,184.8,124.0,292.6,16.57,82.9,22.21,0.0,3,2,1
924.2,31.12,82.9,0.0004,0.0547,4.61,735.6,888.2,54.7,168.5,7.66,83.7,18.22,0.0,2,1,0
435.5,25.96,43.1,-0.0809,-0.0421,8.01,2276.1,926.1,6.1,4.3,0.76,37.3,2.71,0.025,1,3,0
290.6,19.69,122.4,0.0137,-0.0524,8.37,685.4,1430.5,93.3,215.5,22.0,80.2,19.38,0.018,2,4,0
1136.9,39.73,19.5,-0.0537,0.0337,6.23,607.3,596.2,12.5,22.2,1.44,42.3,2.57,0.058,1,3,0
1749.3,39.03,347.1,0.0278,0.026,5.9,409.6,55.7,23.8,38.9,2.62,42.5,0.0,0.036,2,2,0
708.8,17.08,359.5,0.0313,0.1013,7.38,340.6,99.6,27.5,44.7,2.69,30.9,2.57,0.0,1,2,0
1624.2,47.33,152.9,-0.0636,0.1159,5.66,362.3,256.2,39.6,61.6,3.76,55.3,2.93,0.031,5,4,0
1294.7,23.81,131.6,-0.0765,-0.0196,5.14,1204.0,100.2,3.5,3.5,0.29,36.3,2.91,0.094,1,1,0
1254.8,34.42,159.4,0.05,-0.0137,4.19,4930.6,97.5,23.2,40.7,1.55,42.5,2.17,0.082,1,2,0
2022.5,54.08,24.3,0.0167,-0.1031,3.71,61.2,285.2,182.4,528.5,37.06,75.8,8.9,0.05,3,2,1
1003.3,18.62,345.9,0.0278,-0.016,5.71,2438.4,240.2,5.3,8.0,0.35,34.6,2.74,0.009,4,3,0
1621.5,34.93,289.3,0.0516,-0.0775,6.52,734.3,333.9,152.4,418.6,30.06,74.8,3.54,0.066,1,3,1
858.4,32.89,18.9,0.048,0.0232,6.73,2759.6,175.5,92.1,147.2,19.32,72.7,0.88,0.129,1,3,0
307.6,21.01,78.6,-0.0217,-0.0507,6.28,90.8,40.3,0.6,0.6,0.07,32.1,1.6,0.109,1,2,0
1576.2,58.58,254.9,0.0626,-0.0129,5.16,1180.6,584.2,326.7,706.5,44.74,92.7,48.11,1.896,4,4,1
1784.7,30.22,331.9,-0.0512,0.0103,5.91,2705.0,145.1,10.5,9.6,0.72,36.9,2.1,0.038,2,4,0
1448.7,38.7,239.4,-0.0368,0.022,4.43,2722.5,670.7,4.3,4.7,0.43,41.5,0.0,0.051,3,3,0
1549.4,46.76,200.7,0.0432,-0.024,4.34,471.2,715.5,170.6,342.4,50.32,82.6,25.21,3.886,3,4,1
1776.0,41.56,182.4,-0.0334,-0.0721,7.04,57.8,241.0,1.3,1.2,0.12,28.8,3.29,0.019,5,3,0
1606.6,35.28,269.7,0.0361,-0.0023,7.78,1180.9,68.5,20.9,21.6,3.25,31.5,2.11,0.116,1,1,0
1583.6,28.75,43.2,0.0045,0.0345,3.99,3275.7,515.6,5.9,10.2,0.4,30.7,2.44,0.058,1,1,0
1288.2,43.01,234.5,-0.0018,-0.0218,4.08,322.0,326.8,82.9,156.1,17.69,75.0,9.62,0.014,2,1,0
1066.6,29.42,139.7,-0.0324,-0.1185,6.62,3426.4,291.8,1.0,0.6,0.1,34.6,1.7,0.101,1,2,0
1348.5,24.34,199.0,0.0716,-0.0815,7.59,2345.7,232.1,5.7,5.6,0.69,36.8,4.79,0.001,4,3,0
1565.1,46.39,216.2,0.0255,-0.0401,3.61,2105.1,930.3,149.9,337.1,30.62,80.2,13.81,0.075,3,4,1
660.0,39.36,199.0,-0.0021,-0.0736,4.02,1091.8,97.8,77.3,152.3,15.11,79.6,13.99,0.008,1,2,0
1008.0,37.45,57.7,-0.0122,-0.0162,4.73,2219.7,432.1,238.9,622.6,31.2,84.4,24.05,0.72,1,2,1
695.8,21.56,318.5,-0.061,-0.0644,7.17,2272.4,95.8,15.7,12.7,1.54,50.0,0.0,0.026,2,2,0
1429.2,7.14,13.4,-0.1271,0.0736,4.84,1693.2,56.7,4.1,4.6,0.44,32.0,0.0,0.057,3,2,0
1265.8,50.66,281.3,0.0266,-0.0232,2.77,3493.0,756.6,6.9,8.5,0.6,40.7,4.46,0.036,1,3,0
1624.4,41.76,44.5,-0.0191,-0.0602,4.77,1045.8,1094.1,149.6,474.5,22.14,78.3,8.75,0.0,3,4,1
1901.7,51.72,304.2,-0.0531,-0.0393,4.32,2131.1,207.9,97.5,241.3,17.92,67.9,3.63,0.104,4,4,1
1432.4,44.41,322.0,-0.0186,0.0392,5.03,674.6,755.9,113.5,348.1,36.94,80.4,17.01,0.045,2,2,1
1202.4,27.84,201.4,-0.0586,0.0256,8.88,326.4,742.3,34.0,101.7,8.2,58.9,3.75,0.0,1,1,0
695.8,32.26,47.2,-0.007,0.0417,5.34,553.7,278.7,46.0,133.7,5.83,67.8,2.94,0.025,2,3,0
913.9,41.63,169.4,-0.0105,-0.0299,3.62,427.3,977.9,79.4,208.8,16.57,68.5,1.76,0.061,2,3,1
1042.9,30.08,331.8,0.0935,0.0766,4.04,949.2,137.1,130.8,415.7,25.02,86.0,27.27,0.083,2,2,1
2350.3,23.28,288.0,-0.0157,0.0224,5.21,688.6,1020.8,4.0,6.0,0.28,38.6,1.44,0.095,3,4,0
1526.3,32.3,143.9,-0.0414,0.0812,8.52,614.3,47.4,7.3,5.6,0.52,31.2,0.65,0.096,1,3,0
839.2,28.21,356.0,-0.0549,-0.0052,6.14,768.3,169.7,12.3,13.2,1.19,41.0,3.42,0.0,1,1,0
764.6,34.1,145.1,-0.0147,-0.0121,7.83,1329.5,392.9,154.5,235.1,39.45,75.8,9.55,0.0,1,1,0
770.1,32.04,357.4,0.0243,-0.0334,4.85,1790.7,1147.3,7.3,7.2,0.5,35.6,1.7,0.107,1,1,0
1214.3,41.51,313.3,-0.075,-0.0019,5.68,5956.5,394.4,0.7,0.5,0.08,29.4,1.49,0.006,1,3,0
1409.3,26.18,134.0,-0.0543,-0.0064,4.83,279.9,173.0,53.4,87.1,4.17,61.3,1.58,0.0,3,3,0
1795.8,27.09,99.9,0.0445,0.056,4.36,404.9,510.7,24.4,73.9,4.51,54.1,2.97,0.094,3,4,0
1598.8,43.25,325.4,-0.0004,-0.0704,2.55,1117.9,639.2,2.4,3.4,0.32,40.0,4.93,0.025,4,4,0
1858.5,36.58,317.6,0.0268,0.1266,4.42,2311.0,422.0,27.1,25.8,2.15,39.2,0.95,0.072,1,2,0
947.9,39.51,105.8,-0.0618,0.0252,2.31,466.3,82.2,11.9,14.6,0.84,28.7,1.52,0.097,3,1,0
1456.9,50.22,240.7,0.0906,-0.0343,4.31,199.8,29.2,162.2,413.3,33.15,78.1,11.36,0.12,4,1,1
1208.0,25.69,119.7,0.024,0.0406,6.12,1172.1,385.7,16.8,24.5,1.57,45.3,2.09,0.101,3,2,0
1183.9,46.33,19.7,-0.0144,-0.0468,5.91,200.1,323.0,4.1,2.3,0.58,40.4,2.99,0.094,1,1,0
1077.7,38.12,87.3,0.0475,-0.0096,6.39,473.9,377.5,42.2,84.1,10.75,64.7,2.12,0.007,2,1,0
1704.6,40.33,232.2,-0.0594,0.0195,5.12,623.8,1250.7,178.7,322.9,42.57,85.5,30.55,3.145,1,3,1
919.2,36.09,118.0,0.0201,0.0478,7.49,963.0,316.3,40.2,32.3,3.33,44.3,4.69,0.054,3,1,0
1352.3,34.85,246.7,0.0781,0.0327,5.33,1509.7,914.9,3.0,1.5,0.2,38.4,2.99,0.024,2,3,0
344.9,13.73,217.3,-0.03,-0.0715,7.06,816.3,1553.3,0.5,0.7,0.03,34.9,2.36,0.035,2,2,0
1326.7,40.13,342.2,-0.046,-0.126,4.76,724.9,27.4,101.3,166.9,25.06,74.0,0.1,0.021,3,3,1
1057.1,22.67,266.9,0.0005,0.0395,6.56,143.7,5.7,4.6,5.7,0.37,38.6,4.37,0.068,2,1,0
1581.2,60.88,157.6,-0.0103,0.0509,3.68,1014.9,222.6,21.5,44.1,4.77,46.3,3.44,0.024,5,1,0
390.1,36.24,297.6,0.1076,0.0214,5.94,2278.3,71.2,6.1,9.5,0.49,30.0,0.0,0.057,1,1,0
2260.4,34.17,269.6,0.0712,0.0199,4.77,449.0,240.9,3.9,5.8,0.32,35.9,1.12,0.066,5,3,0
907.1,37.56,217.6,-0.0044,0.0324,5.15,563.3,160.3,100.5,190.1,14.79,84.6,22.11,2.301,3,1,1
1001.6,40.18,153.7,0.0826,-0.0219,5.9,851.2,1134.4,14.6,11.3,2.2,38.8,3.54,0.063,3,3,0
1366.4,37.65,187.3,-0.038,-0.0508,5.35,336.5,346.3,19.2,33.4,3.13,44.1,0.72,0.073,4,1,0
1817.9,37.74,130.7,-0.0317,-0.0636,6.67,2758.5,764.4,0.9,0.6,0.07,34.5,2.54,0.082,5,2,0
804.9,30.53,351.0,-0.004,-0.0246,5.14,756.0,80.2,13.3,10.8,1.98,30.2,0.0,0.057,2,4,0
1196.9,34.51,283.3,0.0385,-0.0708,4.33,3935.5,117.2,40.3,85.2,6.15,69.9,1.94,0.07,2,3,0
759.5,26.17,17.7,0.0201,-0.0239,8.18,55.1,7.9,0.3,0.3,0.03,48.5,1.7,0.0,2,4,0
1624.7,22.76,284.8,-0.0249,0.0136,4.76,203.7,214.3,62.2,44.1,10.34,42.5,0.23,0.066,1,1,0
396.5,13.9,333.0,0.0251,-0.0024,6.26,164.5,305.6,1.8,3.2,0.29,38.7,2.27,0.022,1,3,0
834.9,43.43,246.6,-0.0479,0.0766,5.47,2161.0,138.0,1.8,2.5,0.12,43.9,4.36,0.024,1,1,0
1995.6,62.28,345.9,-0.0653,-0.0497,2.59,1824.4,720.1,27.0,45.4,4.4,52.3,1.75,0.081,5,2,1
221.2,25.92,112.7,0.0239,0.0593,7.07,389.9,615.8,90.8,285.2,12.03,87.4,38.29,0.032,1,1,1
1687.7,49.48,127.2,0.008,0.0054,5.76,896.0,301.3,21.3,12.4,1.67,44.6,2.43,0.042,1,1,0
2287.5,49.83,249.5,-0.0135,-0.0239,6.08,651.2,73.7,35.3,36.0,4.17,42.8,2.87,0.014,4,3,0
442.1,25.24,178.6,-0.179,0.0136,7.73,247.6,41.7,73.2,220.6,13.71,75.0,0.32,0.067,1,3,1
687.4,32.53,209.7,-0.0488,-0.0222,2.18,167.8,812.7,12.6,18.8,0.97,28.1,1.17,0.057,1,2,0
1319.2,16.59,184.6,-0.02,-0.0467,5.54,2492.0,105.5,4.7,6.7,0.77,37.2,2.8,0.026,2,1,0
926.1,28.91,321.3,-0.0302,-0.0392,4.28,710.6,129.3,174.8,456.2,37.58,78.7,11.19,0.013,2,3,1
1362.9,43.63,38.1,-0.0499,0.0002,7.87,1337.4,113.1,142.9,440.0,27.43,84.5,28.71,1.075,3,1,1
1131.8,28.41,165.5,0.1002,-0.0533,5.67,109.4,29.1,2.6,4.0,0.28,26.8,3.65,0.058,1,1,0
1228.9,36.96,87.4,0.0273,0.0617,8.93,1210.8,96.3,208.6,501.3,32.88,81.0,16.92,0.032,4,3,1
1556.8,32.09,79.4,-0.0457,0.0677,4.17,1219.3,185.4,13.8,21.3,3.23,57.8,2.81,0.072,2,1,0
987.2,40.0,124.5,0.0068,0.0312,5.33,355.3,654.4,94.6,208.8,12.41,81.5,23.51,0.08,2,2,1
754.6,38.47,202.7,-0.1628,0.0138,4.17,564.9,235.2,4.4,7.0,0.33,37.5,1.78,0.0,1,2,0
1744.8,41.34,269.2,-0.0206,-0.0049,4.23,617.6,1092.9,61.7,123.8,13.34,64.8,2.31,0.065,2,1,0
549.4,32.5,223.6,-0.0785,-0.047,6.03,72.7,316.2,92.1,246.8,24.22,84.0,18.89,0.492,2,4,1
713.0,37.97,168.6,0.0895,-0.0033,5.39,1024.2,780.0,23.5,19.3,1.96,27.2,5.05,0.028,1,1,0
485.6,25.55,335.7,-0.0205,0.0276,5.32,1759.6,51.4,25.2,36.0,3.71,33.8,4.05,0.063,1,2,0
807.9,54.14,154.3,-0.0004,-0.058,2.0,2283.3,1649.0,14.9,15.7,2.31,33.6,1.41,0.09,3,3,0
1277.3,28.29,232.4,-0.1305,0.0114,4.1,1021.6,133.1,58.1,135.1,10.56,59.2,0.95,0.072,2,2,0
1277.2,32.62,264.1,0.069,0.0129,6.83,5.2,102.9,18.4,27.1,1.26,48.9,4.09,0.0,1,2,0
1302.2,43.17,233.9,0.0347,-0.0493,2.9,1836.7,82.0,101.0,204.0,26.43,75.2,8.66,0.051,2,1,1
1121.2,16.61,50.2,-0.0582,0.0716,4.94,209.8,23.5,19.5,59.8,2.81,57.7,3.65,0.044,2,4,0
1136.1,27.3,328.6,-0.0425,-0.045,3.9,578.1,37.1,4.8,7.1,0.78,32.9,0.05,0.148,1,4,0
1064.1,35.85,255.2,-0.0551,0.022,5.13,328.4,503.4,93.5,156.6,11.95,71.1,2.24,0.106,2,3,0
1397.3,33.63,265.3,-0.0723,0.0156,5.35,1421.5,755.2,1.4,0.8,0.11,38.5,0.0,0.06,4,2,0
1665.4,42.44,179.4,-0.1096,-0.0515,4.78,45.5,67.4,143.7,278.3,46.65,81.6,19.44,0.068,2,4,1
1006.4,34.63,335.1,-0.0345,0.0493,8.29,2318.6,338.8,0.9,0.9,0.07,37.5,0.66,0.043,1,3,0
845.5,38.41,101.7,0.0061,-0.0454,2.0,684.2,216.1,7.6,4.1,1.14,32.3,1.25,0.043,2,2,0
754.9,28.6,153.0,0.0059,0.0326,4.0,55.7,634.6,1.9,3.4,0.22,18.6,3.0,0.0,3,2,0
390.2,14.61,245.9,0.0158,-0.0432,7.22,340.2,186.6,74.6,115.9,12.33,64.0,0.27,0.096,1,2,0
1201.6,29.29,280.8,0.052,0.1124,7.44,790.5,132.6,28.6,17.4,3.17,41.7,2.04,0.029,1,2,0
1832.6,38.56,203.4,0.0819,0.1041,5.03,289.0,634.9,26.8,53.9,3.43,51.7,0.71,0.039,3,1,0
916.7,37.18,356.0,-0.054,0.0149,2.0,672.2,341.9,36.4,64.9,6.04,49.9,2.55,0.039,1,4,0
1436.6,22.8,171.6,-0.0008,0.126,5.22,5045.3,26.9,0.3,0.3,0.02,39.9,0.77,0.067,2,4,0
439.8,29.3,325.5,0.012,0.0024,5.75,1720.8,109.5,17.6,24.2,1.33,43.5,2.64,0.0,1,1,0
348.7,24.23,4.0,0.0541,-0.0077,6.11,560.3,15.9,23.5,60.4,3.63,51.7,0.15,0.082,3,2,0
1594.9,47.34,81.7,-0.0354,-0.0062,4.45,956.8,31.2,0.3,0.5,0.03,34.3,0.06,0.023,5,1,0
1057.4,46.17,206.5,-0.035,-0.0171,6.85,43.3,360.1,0.7,0.7,0.06,37.7,0.0,0.004,4,1,0
1347.7,43.06,278.3,-0.0505,0.0153,4.34,607.7,247.7,14.7,17.0,1.18,38.6,0.0,0.034,2,3,0
1494.0,28.7,9.6,-0.0547,-0.1347,2.9,3785.6,1420.6,1.3,2.0,0.21,44.9,2.15,0.0,1,1,0
1920.7,57.21,225.9,-0.0502,-0.0098,4.39,835.3,66.0,119.2,344.9,27.95,79.7,17.99,0.013,5,4,1
1955.5,27.57,272.6,0.0037,-0.0652,7.88,577.4,665.5,11.0,9.3,0.74,34.8,0.0,0.048,2,3,0
1660.2,14.39,277.5,-0.031,0.0596,6.46,20.1,35.8,125.4,366.5,16.99,77.4,14.72,0.064,2,4,1
893.3,44.98,309.9,-0.0591,0.0767,2.39,624.3,560.0,153.9,259.5,26.47,79.0,16.76,0.028,2,1,1
1967.9,34.97,189.0,0.0108,-0.0503,6.48,1050.8,783.6,27.3,45.3,3.82,49.4,1.3,0.071,5,1,0
1780.7,33.89,274.7,0.0453,0.0068,4.59,1129.5,58.5,14.8,17.9,1.81,37.8,2.63,0.117,1,3,0
687.5,26.19,239.9,0.0177,-0.0443,4.45,506.5,9.5,0.4,0.3,0.03,41.1,2.41,0.006,1,1,0
820.4,33.17,110.4,-0.0744,0.0129,7.41,295.9,888.2,0.7,0.4,0.06,46.5,1.75,0.104,1,3,0
2313.1,38.79,200.8,0.0115,0.1026,4.67,976.2,395.8,4.2,7.5,0.38,29.4,1.7,0.031,5,1,0
2027.3,40.67,150.1,-0.0865,0.0312,4.83,127.0,149.5,8.1,13.6,0.6,39.0,2.98,0.045,3,2,0
818.6,29.95,7.5,0.0809,-0.0123,4.14,634.0,216.2,10.6,12.2,1.05,40.9,3.93,0.105,3,3,0
920.7,56.15,60.4,-0.0327,-0.0292,3.6,3056.9,8.4,96.5,243.5,17.26,80.6,17.37,0.087,2,3,1
1475.3,43.74,295.0,0.1112,-0.0108,3.49,729.7,26.6,17.8,30.4,2.93,45.7,1.08,0.018,2,1,0
560.0,31.53,213.1,-0.0281,0.0222,6.77,502.2,1182.8,250.4,686.1,40.45,74.1,4.71,0.002,1,2,1
1648.1,23.38,305.8,-0.0251,0.0794,6.02,673.1,122.9,6.1,6.0,0.73,40.3,1.82,0.018,3,2,0
877.3,25.19,31.8,0.0856,-0.0334,7.72,651.1,170.7,54.1,149.0,8.1,68.8,2.61,0.117,1,1,0
953.8,27.58,120.0,0.011,-0.0351,7.46,1122.2,285.3,22.6,18.9,3.59,42.8,1.47,0.074,1,3,0
1546.4,23.74,51.5,-0.0173,-0.0006,8.55,1822.6,189.1,95.0,193.2,20.47,77.1,11.95,0.035,1,4,0
768.8,23.71,265.5,0.0142,-0.0399,4.33,69.5,93.1,15.5,13.9,2.39,32.8,0.91,0.113,1,3,0
1117.3,39.47,79.4,-0.0182,0.1158,4.91,1219.1,242.6,89.8,150.3,22.44,78.9,14.36,0.041,3,1,0
919.8,33.75,278.2,0.0226,0.0462,6.98,88.6,160.4,99.1,227.5,14.63,85.8,32.9,0.554,2,1,1
1562.2,40.42,108.1,-0.0492,-0.1019,4.3,5010.7,11.2,33.7,30.5,2.49,39.5,2.28,0.112,2,3,0
1532.1,25.43,287.6,0.0062,-0.0325,6.6,1504.4,351.0,0.2,0.1,0.03,25.1,0.0,0.077,2,2,0
1495.9,41.22,221.1,-0.0642,0.1081,3.26,667.1,693.6,77.6,248.2,20.2,86.8,25.29,6.726,2,2,1
1140.3,35.81,19.7,-0.0062,0.0599,7.18,1653.6,111.6,3.2,2.2,0.22,39.5,4.29,0.059,2,1,0
1348.2,28.63,84.6,0.028,-0.0734,4.06,343.7,93.6,5.0,8.5,0.37,37.6,2.04,0.057,2,2,0
1438.1,18.1,235.6,0.12,0.0083,5.69,70.1,196.6,77.5,245.5,16.17,83.9,23.63,0.091,2,4,1
50.6,51.62,312.8,-0.0827,0.0286,2.0,1375.7,359.0,89.1,272.3,15.73,74.6,0.8,0.006,1,2,1
1172.6,32.45,75.3,0.0632,0.0331,4.33,1625.9,698.5,0.3,0.4,0.06,32.0,1.57,0.098,3,1,0
1997.8,33.01,248.2,-0.0543,-0.0074,5.83,1694.7,38.1,50.2,89.0,16.58,51.9,4.14,0.062,5,1,0
1906.7,38.57,329.7,-0.0055,0.0446,5.01,2753.7,8.5,1.4,1.2,0.15,38.4,2.09,0.025,2,3,0
1082.2,35.78,200.0,0.0236,0.0864,5.38,1017.9,47.0,2.1,2.6,0.26,42.7,0.94,0.068,1,3,0
440.1,26.7,243.9,-0.0248,0.0058,3.07,2108.6,991.5,8.3,9.8,0.94,39.4,0.0,0.053,1,3,0
776.5,29.91,28.7,-0.0207,0.0175,7.16,895.6,32.6,3.2,2.1,0.25,30.3,0.91,0.051,1,1,0
1160.4,60.67,197.3,0.0142,0.0563,3.37,661.0,180.8,12.9,16.1,1.34,31.8,1.1,0.043,5,1,0
740.8,26.04,115.5,-0.0125,0.0827,6.47,648.2,128.3,4.6,6.8,0.69,41.8,1.59,0.105,3,1,0
1221.6,40.5,230.9,-0.0726,-0.0585,2.53,434.1,51.4,25.9,37.4,3.67,38.0,0.0,0.067,2,2,0
833.5,40.48,197.0,0.0046,-0.0174,4.45,740.3,741.0,10.6,15.3,0.92,30.6,2.6,0.046,3,1,0
1704.0,28.88,10.1,-0.0349,0.0948,4.73,1079.1,88.7,170.4,276.7,50.05,76.2,6.45,0.0,2,2,1
789.0,24.06,321.8,-0.0532,-0.0309,9.06,433.6,425.8,16.2,25.5,1.2,43.5,1.74,0.045,1,3,0
1803.2,33.08,185.8,0.0153,0.0641,6.09,513.9,302.2,8.4,7.2,1.08,37.2,0.14,0.066,3,1,0
1218.9,44.83,260.4,0.0038,0.013,5.51,232.2,224.3,7.6,12.3,0.82,32.4,2.78,0.102,2,1,0
852.9,26.97,279.8,0.0093,-0.0852,6.41,1252.1,797.4,20.7,13.3,2.61,31.4,3.21,0.078,2,1,0
1165.6,35.6,43.5,0.1045,0.0146,7.07,2449.8,218.8,153.7,489.5,19.61,80.0,18.73,0.034,1,3,1
960.0,24.9,209.0,-0.0465,-0.0648,4.48,851.7,260.0,23.6,33.2,1.83,39.0,2.33,0.058,5,4,0
451.7,24.01,9.6,-0.0199,-0.0221,5.42,2.8,32.9,2.8,1.6,0.3,34.0,0.56,0.047,1,3,0
1419.6,28.93,173.1,-0.0703,0.0083,6.85,842.2,115.5,1.1,1.8,0.12,28.2,2.08,0.094,2,4,0
1975.1,37.74,80.8,-0.0039,-0.0374,4.33,1903.5,310.9,3.9,3.3,0.27,37.4,2.9,0.059,3,2,0
326.1,30.44,254.1,0.0394,-0.0956,5.45,65.7,285.8,0.4,0.6,0.04,37.5,1.95,0.0,2,1,0
771.0,34.91,119.5,-0.0622,0.0027,4.53,389.1,784.3,402.2,1240.3,55.84,81.0,13.79,0.014,2,2,1
1565.7,42.66,62.4,0.0456,-0.0325,3.34,593.1,767.1,110.4,168.6,19.39,82.1,21.1,1.637,2,2,1
1309.9,43.04,96.7,0.1054,0.0694,4.09,704.5,101.8,16.2,26.3,5.3,41.0,2.42,0.01,2,1,0
688.5,37.97,38.0,-0.0151,0.0227,3.91,2233.5,68.5,11.2,19.0,1.29,50.1,1.27,0.041,2,1,0
1853.3,36.88,13.9,0.0196,-0.032,4.36,168.2,129.0,8.3,4.2,1.17,17.9,2.37,0.077,2,4,0
1565.6,55.81,219.3,0.0302,-0.0466,3.52,983.7,269.5,52.5,138.3,10.75,69.5,0.8,0.027,4,1,0
1630.9,42.26,54.0,0.0221,0.0021,2.0,391.3,171.9,50.8,117.6,6.46,65.8,1.18,0.033,2,3,0
900.1,47.71,24.8,-0.0022,0.0839,4.36,931.2,84.0,1.8,2.6,0.12,32.5,1.78,0.049,2,3,0
940.0,30.03,217.2,-0.0549,-0.0084,2.64,733.1,97.9,18.2,9.8,1.99,45.2,3.37,0.028,3,1,0
1566.6,28.07,83.2,0.0638,0.0209,6.01,15.4,341.3,32.0,93.5,4.84,58.5,2.75,0.085,2,2,0
939.1,41.58,300.9,-0.0014,-0.0592,2.77,996.1,329.8,11.6,12.9,1.54,42.4,3.58,0.079,4,3,0
570.9,29.8,322.4,0.0378,-0.0078,4.1,1183.1,46.6,4.7,4.5,0.53,34.6,4.3,0.042,1,2,0
1300.7,22.68,300.4,0.027,-0.0166,4.8,3239.0,387.7,151.0,267.5,35.29,78.4,15.66,0.042,3,2,0
396.1,34.28,358.1,0.0332,-0.0398,5.32,842.7,5.6,272.0,703.6,44.57,71.7,1.77,0.004,2,1,1
734.7,38.13,68.0,0.025,0.036,3.79,607.6,191.1,31.0,76.9,8.87,51.0,1.28,0.009,2,3,0
1147.5,49.11,281.8,-0.0695,-0.0262,5.05,3490.1,917.3,10.1,5.9,1.34,37.4,1.57,0.079,2,3,0
716.7,39.27,103.1,-0.0395,0.0451,3.93,1418.9,272.6,4.5,3.6,0.33,43.3,3.55,0.026,3,1,0
756.5,50.03,154.2,0.0325,-0.0251,6.01,891.2,23.6,95.0,128.5,10.7,61.2,1.53,0.0,2,2,0
2692.0,48.36,358.1,-0.0169,-0.0013,5.68,1833.5,523.8,9.8,17.3,0.98,30.1,1.91,0.088,5,4,0
1243.3,35.6,231.5,-0.0133,-0.0004,7.4,2217.7,23.5,5.5,5.8,0.39,40.2,0.0,0.0,3,2,0
726.6,32.3,173.4,0.0507,-0.0263,5.34,2085.0,272.3,36.7,32.1,6.02,42.7,3.55,0.097,1,3,0
1456.3,33.03,18.3,-0.0705,0.0607,5.49,2270.6,63.0,12.3,11.5,0.95,40.3,4.28,0.059,2,1,0
602.4,37.73,95.3,0.0487,0.0719,6.63,313.7,214.8,239.3,586.3,62.88,79.4,15.4,0.05,1,2,1
1134.1,33.12,190.5,0.0709,0.0026,3.69,516.8,104.5,3.9,3.0,0.31,26.8,3.5,0.097,1,4,0
1322.1,38.18,56.2,0.0322,-0.0057,5.33,212.8,796.4,62.5,145.6,8.48,77.6,16.61,0.024,2,2,1
1874.3,36.23,306.0,-0.0101,-0.0184,3.66,2269.4,156.0,1.0,0.7,0.11,38.4,1.06,0.0,3,3,0
1206.9,43.44,154.3,-0.0452,-0.0845,4.17,45.9,84.1,13.2,16.4,1.96,45.5,0.09,0.043,1,4,0
878.4,27.88,89.0,-0.0102,-0.154,3.77,2293.4,430.1,15.3,17.7,1.37,34.2,3.75,0.0,2,1,0
766.6,21.56,283.6,0.0364,-0.0684,8.33,1966.5,1163.5,25.8,43.5,3.46,53.0,2.87,0.092,1,1,0
394.5,33.77,146.9,-0.0032,-0.0311,3.07,1650.6,59.3,31.4,32.3,4.87,37.6,1.27,0.132,1,1,0
2024.6,44.33,288.5,-0.0138,-0.0892,5.14,177.7,1014.8,0.5,0.5,0.04,38.2,1.58,0.042,4,1,0
1973.0,51.6,255.9,-0.012,0.0032,4.65,2232.7,2.0,19.1,9.7,2.11,32.3,0.66,0.07,4,4,0
926.8,40.64,195.1,-0.0896,-0.0203,7.39,566.9,959.4,2.1,1.7,0.24,28.5,5.17,0.061,2,1,0
1602.2,44.68,126.0,0.009,-0.0847,4.74,1825.2,776.2,0.6,0.5,0.06,39.9,0.0,0.074,4,2,0
925.9,39.47,354.8,0.0662,-0.0299,7.35,1993.8,29.5,3.6,2.5,0.28,31.3,0.0,0.046,1,4,0
558.7,26.36,213.7,-0.0098,0.0293,6.37,1029.1,153.9,22.5,26.3,1.53,41.4,2.82,0.057,1,3,0
1679.3,30.19,165.8,-0.0352,-0.0505,5.93,1089.0,25.7,13.5,19.1,1.34,41.6,1.06,0.078,2,4,0
776.4,16.15,72.6,-0.0484,-0.0417,6.0,4561.5,210.5,66.3,206.4,20.72,88.4,36.46,0.062,1,3,1
1397.5,31.93,74.9,0.0225,0.0061,5.69,77.0,457.2,0.1,0.1,0.01,32.9,4.48,0.088,2,2,0
2063.7,44.9,25.7,-0.0134,0.1287,2.93,873.3,639.2,18.3,22.2,1.33,51.9,0.81,0.113,4,3,0
1678.4,43.95,28.6,-0.0502,0.0406,4.54,1289.1,199.6,141.9,450.7,40.66,76.4,12.94,0.069,1,1,1
321.8,30.01,246.3,-0.0023,-0.1076,4.5,353.7,154.9,14.1,22.6,0.97,37.0,1.82,0.028,2,4,0
1840.1,30.86,172.4,-0.0048,-0.0018,6.49,2743.4,82.1,15.7,28.3,1.72,49.5,1.61,0.014,1,3,0
777.9,35.57,8.6,0.0315,0.0556,6.3,1350.2,52.7,9.2,10.4,1.37,48.4,0.77,0.0,2,2,0
1177.5,51.46,279.5,-0.0369,-0.0128,4.07,942.2,23.4,0.9,0.5,0.09,39.4,5.33,0.029,3,4,0
1403.0,37.9,227.4,-0.0074,0.017,5.98,1408.6,409.7,9.2,16.4,1.32,44.5,3.9,0.147,2,2,0
832.0,32.97,273.2,0.0579,0.0144,7.5,6009.9,856.6,123.1,225.3,37.76,70.0,0.0,0.017,1,3,1
2020.2,56.22,230.8,0.0159,-0.068,2.43,2279.4,239.8,10.3,16.2,1.58,30.4,3.6,0.064,5,3,0
956.1,29.66,210.8,0.018,-0.0191,4.9,88.6,31.5,6.7,8.7,0.45,36.9,0.41,0.023,2,4,0
1717.2,34.0,229.3,0.0296,-0.0502,3.35,1827.1,33.9,16.3,15.4,1.49,36.3,2.86,0.0,3,3,0
899.1,35.34,254.4,-0.0342,0.0375,4.42,716.6,366.5,4.3,4.6,0.52,37.5,2.27,0.0,3,2,0
497.2,31.79,240.5,-0.0664,-0.038,2.0,4498.3,98.9,16.6,16.8,1.58,29.3,3.57,0.045,1,4,0
1154.8,41.55,215.5,0.0881,0.0219,5.27,623.1,333.8,38.8,100.1,5.98,63.1,5.19,0.0,2,4,0
1166.2,28.2,216.5,0.0022,0.0699,5.94,448.6,183.5,28.2,24.7,3.4,38.6,1.06,0.058,1,3,0
1584.6,31.98,137.0,0.0552,-0.0402,7.08,1508.9,444.5,75.4,196.8,20.47,70.4,1.89,0.0,3,1,0
1815.6,41.57,128.9,-0.0508,0.0479,6.47,179.0,223.7,78.6,220.1,17.09,71.3,2.19,0.089,4,2,1
597.8,42.02,40.9,-0.0353,-0.0367,3.67,251.6,480.9,163.8,306.5,22.24,86.1,24.57,2.865,1,1,1
1382.5,47.47,111.6,-0.0329,-0.0307,5.04,1225.0,1048.8,160.0,382.4,21.37,81.9,21.34,0.058,2,4,1
1858.3,42.35,122.9,-0.0991,-0.0648,2.0,1883.7,405.4,20.0,26.9,1.53,43.7,4.53,0.0,5,1,0
1596.8,22.36,34.3,-0.0465,-0.0558,5.38,124.7,134.6,147.6,432.9,23.02,79.7,14.65,0.047,3,1,1
1014.5,29.47,347.8,0.0474,-0.0131,4.73,509.5,74.7,58.4,88.8,13.45,55.5,1.33,0.027,1,2,0
520.0,46.52,94.0,-0.0218,0.0508,4.64,3280.4,8.2,22.8,46.9,3.87,46.9,1.63,0.016,1,2,0
1610.4,40.31,228.4,0.0312,0.0634,2.8,952.5,117.9,175.0,455.1,40.47,79.7,18.52,0.012,1,1,1
998.1,23.93,255.3,0.0137,-0.0223,8.03,243.5,182.3,20.0,18.5,1.34,41.1,1.68,0.028,2,1,0
1060.1,44.91,354.1,-0.1024,0.0761,4.69,1034.1,159.1,16.0,19.6,2.25,38.7,3.75,0.017,2,3,0
1314.3,28.13,238.3,0.0381,0.0202,7.88,1388.0,703.2,1.0,0.8,0.11,34.4,1.48,0.021,2,4,0
764.8,46.51,235.1,-0.0177,-0.0454,2.65,147.0,993.6,34.3,81.5,5.46,52.5,2.49,0.111,2,1,0
998.1,42.1,241.6,0.093,0.0284,3.43,211.8,304.7,1.5,2.3,0.24,34.3,2.01,0.002,4,3,0
387.6,37.23,264.3,0.056,-0.068,7.39,2700.4,963.2,17.9,12.8,1.77,34.5,2.54,0.105,2,1,0
226.0,28.37,205.0,0.1259,-0.0021,3.81,3431.8,217.0,98.9,203.0,23.65,92.6,35.88,0.0,1,1,1
443.9,52.98,336.2,-0.0175,-0.0303,2.91,2499.1,138.8,164.3,522.0,30.17,79.9,20.08,0.045,3,1,1
1283.0,31.17,105.4,-0.0504,0.0003,2.95,1315.2,459.8,11.2,6.1,1.15,41.8,0.24,0.046,2,2,0
1915.7,52.62,262.6,0.0402,-0.0329,2.12,5871.0,165.2,24.1,28.0,2.53,44.6,3.12,0.165,4,1,0
636.0,48.2,153.6,0.045,0.0279,3.9,576.1,191.6,2.6,3.1,0.39,34.0,1.28,0.069,3,2,0
1072.3,39.85,145.6,-0.03,-0.1563,6.49,709.9,134.7,11.5,13.5,1.05,33.7,0.0,0.009,2,1,0
792.8,40.12,17.1,0.0197,-0.0368,5.68,1564.7,222.4,14.1,15.2,1.06,43.7,2.28,0.087,1,3,0
1272.8,32.92,53.1,0.0768,-0.0448,3.98,1436.5,391.8,5.4,9.5,0.51,32.6,2.39,0.098,4,3,0
1132.0,31.91,22.6,-0.0169,-0.0388,2.05,2636.5,795.4,8.4,4.4,0.6,30.1,3.37,0.118,2,3,0
1204.1,40.89,339.6,-0.0039,0.0804,4.82,992.4,854.8,99.7,309.0,17.82,90.7,37.04,0.725,3,3,1
801.1,29.16,10.0,0.0275,-0.0487,8.21,1930.6,456.2,18.1,31.6,2.24,34.4,1.04,0.052,4,3,0
1310.4,31.6,9.2,-0.0427,-0.0508,5.61,3654.4,168.7,109.9,296.8,24.48,75.5,10.4,0.062,1,1,1
553.8,31.94,55.8,0.04,0.0396,3.36,189.7,10.4,120.7,194.4,20.49,80.8,16.31,0.05,1,3,1
1512.9,24.68,29.1,0.0253,-0.0056,9.86,462.5,248.2,203.0,633.0,29.38,84.3,26.39,0.122,4,4,1
558.8,15.3,137.9,0.0318,0.0942,5.82,785.9,9.3,5.3,5.2,0.38,43.9,0.0,0.052,1,2,0
963.5,31.48,341.6,0.087,0.0347,5.67,1282.3,46.5,28.5,48.0,2.85,31.8,0.86,0.014,1,2,0
1178.6,22.79,112.2,-0.0011,-0.0078,4.25,2715.5,51.6,11.0,18.8,1.83,40.0,2.75,0.002,2,3,0
1058.3,30.89,201.9,-0.0187,-0.0226,5.33,1793.7,825.6,22.8,61.6,6.75,50.4,3.48,0.046,2,1,0
1609.5,30.08,320.3,-0.1695,-0.0021,5.24,635.3,536.5,190.5,498.2,62.39,97.7,54.0,0.092,1,1,1
1382.2,35.91,206.1,-0.0243,-0.0055,5.89,518.0,753.1,63.6,148.0,18.8,63.9,1.42,0.0,1,2,0
1074.1,27.98,313.0,0.05,-0.0051,6.08,1788.8,1877.6,75.7,223.7,17.98,67.5,2.63,0.052,1,3,0
1272.7,27.02,179.2,-0.0111,0.0156,5.82,803.7,19.6,44.0,68.1,12.1,41.6,2.93,0.063,3,2,0
1227.9,30.75,124.1,-0.0649,0.1101,6.91,1242.5,75.6,1.8,1.8,0.14,32.8,1.71,0.059,1,2,0
710.1,31.85,225.1,0.0024,0.0019,6.0,467.4,104.7,0.5,0.5,0.05,27.0,2.69,0.103,1,4,0
1515.2,34.22,13.9,-0.0841,0.0536,4.02,751.2,293.2,10.3,10.0,0.94,39.3,3.04,0.022,1,3,0
761.1,23.18,271.4,0.0785,-0.0565,5.53,2944.4,707.3,1.6,2.4,0.18,36.7,1.71,0.052,1,2,0
638.3,24.68,328.3,0.0188,0.0258,4.43,2132.8,9.1,10.9,19.2,1.4,34.4,3.37,0.135,2,3,0
1015.0,36.83,87.4,-0.0613,0.0794,7.43,1886.6,1899.7,16.5,19.1,1.33,39.2,2.58,0.071,2,4,0
1594.8,27.41,41.7,0.0123,0.1664,5.36,3749.0,329.6,93.9,296.2,30.24,78.3,16.75,0.093,4,1,1
1976.4,28.65,282.9,0.0455,-0.0264,4.25,102.4,518.7,1.8,3.0,0.14,28.3,0.0,0.0,1,3,0
1103.0,28.9,344.6,0.0423,0.0369,6.49,926.0,1265.3,5.3,3.6,0.85,29.1,2.27,0.033,1,1,0
743.0,33.58,71.2,0.0905,-0.0829,4.76,926.4,327.3,8.0,5.0,1.11,40.3,1.62,0.086,1,2,0
1545.8,7.57,232.8,-0.0026,-0.0032,7.07,486.2,1241.1,151.6,404.0,29.73,66.8,2.26,0.073,1,1,1
941.3,33.3,161.2,-0.0025,0.0235,4.85,1344.5,39.7,36.5,71.0,5.87,43.5,0.4,0.061,3,4,0
1683.2,42.99,263.0,-0.1005,0.133,4.62,3644.2,293.8,0.4,0.6,0.04,27.8,2.15,0.056,4,1,0
1192.5,19.95,253.7,-0.0686,-0.072,8.69,501.3,587.0,78.6,241.9,11.79,75.6,7.35,0.0,2,2,0
770.1,31.09,117.6,-0.0152,0.0242,3.52,2140.0,0.2,99.2,256.3,16.6,71.0,3.42,0.055,1,3,1
474.5,37.77,291.6,-0.0794,0.0293,3.55,311.9,201.7,19.1,10.9,2.38,36.7,4.42,0.075,1,3,0
1524.8,34.87,106.0,0.0052,-0.0097,3.96,2897.6,9.1,4.0,3.2,0.4,43.3,4.15,0.048,4,4,0
940.9,23.76,74.0,-0.0241,0.0065,3.01,638.4,74.6,16.7,18.6,1.67,38.4,4.41,0.084,2,4,0
1664.4,25.35,141.1,-0.0621,-0.0247,3.63,1385.9,248.4,4.7,8.4,0.44,47.0,0.0,0.105,2,1,0
717.7,34.26,67.4,0.0392,0.0424,5.5,4646.5,18.2,43.2,74.1,3.37,59.1,2.87,0.103,1,4,0
987.4,37.27,340.4,-0.0066,0.0471,5.8,1157.7,25.1,8.5,8.2,0.57,32.7,1.66,0.037,2,1,0
1064.0,20.01,282.6,-0.0315,-0.0539,7.73,3798.4,1012.2,6.4,7.0,0.71,41.7,1.97,0.104,3,1,0
267.8,17.49,203.0,-0.0783,-0.0699,6.92,2404.8,91.0,83.7,256.5,13.9,81.9,20.17,0.0,1,1,0
1537.0,27.21,203.9,-0.0648,-0.0182,5.05,836.4,180.8,14.8,20.4,2.45,36.7,0.0,0.014,2,4,0
1012.3,31.7,56.1,-0.1155,0.0407,8.47,273.1,406.5,123.4,291.5,16.76,86.4,31.69,0.0,1,3,1
777.7,33.35,21.2,0.0975,-0.0334,6.69,43.5,600.4,1.5,0.8,0.24,34.7,2.96,0.051,2,2,0
1296.3,30.36,291.9,0.078,-0.0031,4.86,27.9,288.2,6.3,8.1,0.83,43.5,0.0,0.072,2,3,0
618.3,35.64,257.1,-0.0924,0.0508,6.14,641.7,192.2,25.0,34.7,2.06,52.9,1.56,0.043,2,1,0
638.7,31.46,96.6,0.0574,0.0751,4.57,2930.7,406.4,80.5,157.3,11.48,83.3,18.3,0.044,1,1,0
1439.0,24.48,176.9,-0.0277,0.0133,4.15,1233.1,1311.9,4.5,2.3,0.57,40.4,2.94,0.071,1,1,0
613.5,34.85,105.6,-0.0197,-0.0147,3.82,11.4,1349.9,63.3,77.5,4.91,47.1,2.74,0.0,2,3,0
2026.9,31.62,306.8,0.0188,0.0053,7.79,1712.5,795.4,160.8,359.8,25.37,87.7,32.27,0.022,5,3,1
861.9,19.15,86.1,-0.1029,-0.0485,6.93,834.3,15.3,6.9,11.8,0.53,37.6,1.89,0.057,2,1,0
2002.7,17.65,122.3,0.0228,0.044,6.4,269.8,98.4,8.6,14.8,0.68,45.6,0.0,0.069,3,1,0
2219.4,41.3,4.0,0.057,0.0208,5.65,797.0,658.1,3.9,4.8,0.34,32.4,0.57,0.053,3,3,0
1073.9,39.16,330.9,-0.0195,0.0492,3.92,56.6,5.3,10.4,9.9,1.08,29.2,2.69,0.009,4,2,0
700.9,30.48,347.9,-0.0074,0.0542,4.21,1377.0,323.8,17.4,18.3,1.46,42.6,1.78,0.016,1,1,0
1664.1,39.88,91.1,0.0151,-0.0341,7.7,45.5,138.8,1.2,1.2,0.1,42.8,2.22,0.1,4,3,0
1068.6,32.99,81.8,-0.0529,-0.0615,3.78,288.4,871.3,94.9,180.0,25.89,73.8,3.86,0.067,2,3,1
1545.0,40.25,342.5,-0.1051,-0.0673,4.61,981.6,44.4,7.3,4.7,0.51,40.0,0.73,0.069,1,4,0
1600.4,19.87,305.2,-0.0949,0.0163,8.19,1917.2,779.8,2.5,3.8,0.19,40.9,1.75,0.061,1,1,0
1083.0,40.79,353.9,0.007,-0.058,3.38,3046.1,355.7,98.9,177.7,26.69,72.3,1.32,0.066,2,4,0
2176.0,49.52,68.1,-0.0433,-0.0174,6.04,164.6,70.7,198.1,516.4,44.13,86.1,27.84,5.115,5,1,1
1643.3,25.33,249.6,-0.0073,0.0074,4.38,189.6,236.9,18.1,48.8,3.23,42.8,3.57,0.035,2,1,0
1442.8,41.08,235.9,0.0473,-0.0153,5.33,1589.7,546.8,29.6,45.7,4.15,54.5,2.13,0.052,1,1,0
266.5,31.14,354.9,0.0366,-0.0205,3.57,6713.9,119.9,4.4,4.1,0.37,30.2,3.48,0.109,1,1,0
1254.3,39.99,257.5,-0.077,-0.0711,4.32,1397.1,36.5,106.9,254.5,14.82,77.9,15.76,0.097,1,1,1
636.5,25.33,192.6,0.0617,-0.0156,6.88,1823.8,641.2,171.7,257.9,54.42,84.5,27.97,0.074,1,1,1
767.7,33.14,157.0,-0.1176,0.0099,6.69,852.0,43.5,7.9,11.6,0.58,30.8,0.81,0.098,3,4,0
1971.8,36.55,14.6,-0.001,-0.0103,6.29,470.7,2.4,7.8,13.7,1.06,44.7,3.3,0.056,2,4,0
1330.6,28.58,83.9,-0.058,0.0391,6.24,324.2,184.9,76.0,177.3,23.47,80.7,18.19,0.0,3,4,0
745.0,11.95,232.9,0.0731,0.0188,5.15,147.0,1139.4,125.9,391.6,18.2,75.6,10.7,0.0,1,1,1
2051.0,44.14,237.5,0.0011,-0.1062,5.81,4055.6,775.8,24.0,36.2,2.81,43.9,2.84,0.024,5,1,0
1492.9,48.84,118.9,-0.0161,-0.0229,2.0,2107.0,22.2,42.3,77.5,6.34,50.9,1.03,0.042,4,1,0
967.3,34.86,309.7,-0.0675,-0.0392,2.0,1159.7,126.4,82.9,247.7,16.82,77.9,13.17,0.023,4,4,1
519.2,29.78,14.6,-0.0912,0.0399,6.4,68.1,167.8,58.9,136.7,16.62,69.7,2.19,0.052,1,3,0
908.3,29.7,259.1,-0.0424,0.0898,3.7,763.0,77.4,125.2,256.3,16.19,84.2,18.26,0.008,2,3,1
1192.4,44.63,221.2,-0.0617,-0.0182,6.05,1427.1,162.1,6.9,9.0,0.56,31.1,2.35,0.081,2,2,0
50.0,19.74,337.2,-0.0158,-0.0156,7.57,837.9,443.1,12.6,21.1,1.75,39.7,0.59,0.0,1,3,0
1438.4,51.64,86.2,0.0429,0.0438,7.36,944.6,636.3,40.7,87.1,5.3,47.0,5.7,0.083,5,1,0
1827.4,44.89,309.7,0.0101,0.0356,3.62,229.3,1653.1,3.2,3.1,0.24,30.1,0.43,0.058,2,2,0
2083.1,38.13,319.2,-0.1523,-0.0353,4.36,482.0,397.9,24.5,37.6,1.78,42.8,1.04,0.082,4,1,0
1268.6,19.02,320.0,0.0261,0.0034,9.13,5223.0,1894.7,10.9,6.2,1.18,35.8,0.79,0.032,2,4,0
1090.5,34.06,39.3,-0.0419,-0.0253,6.21,600.9,996.3,8.5,5.4,0.65,20.1,1.14,0.031,3,2,0
1297.6,20.14,200.9,0.008,-0.0389,2.86,1459.3,132.8,114.9,187.6,17.35,71.9,1.54,0.148,2,1,0
53.9,36.66,280.5,0.0098,0.0513,4.66,666.4,459.2,207.4,581.8,46.23,71.5,5.23,0.109,2,1,1
273.2,16.62,229.6,0.0045,0.0571,7.97,176.8,709.7,1.0,1.1,0.08,39.9,2.98,0.028,1,3,0
1754.4,37.37,292.3,-0.0377,-0.0221,6.79,432.1,66.8,2.5,2.5,0.28,38.9,2.78,0.015,2,4,0
1622.4,36.9,140.9,-0.0424,0.1017,3.48,1644.5,6.1,5.1,5.3,0.35,34.8,2.72,0.107,1,1,0
1167.4,35.71,151.5,0.0174,-0.0069,2.4,437.2,75.0,7.8,5.5,0.54,31.3,2.04,0.084,2,1,0
2659.4,41.61,183.0,0.0129,-0.0016,4.86,356.6,71.9,93.3,196.6,13.75,65.6,1.47,0.066,5,3,1
1206.0,33.88,53.0,0.0501,0.0946,4.01,41.9,652.5,18.9,22.3,1.31,44.2,6.62,0.076,2,4,0
1577.2,35.77,67.9,0.0554,0.0376,6.23,234.1,53.8,23.2,38.9,1.67,39.3,0.95,0.045,1,4,0
1378.4,37.42,24.9,-0.0013,-0.0621,6.56,4679.5,104.1,28.2,47.1,2.02,43.9,3.15,0.07,1,1,0
1959.5,26.75,146.8,0.02,0.065,2.0,649.6,208.9,80.3,175.1,10.85,75.6,11.73,0.063,3,3,1
991.3,27.41,242.7,-0.0458,0.0339,5.86,1295.8,106.1,36.3,24.0,2.89,28.0,2.1,0.0,1,1,0
1467.1,23.77,260.4,0.118,0.0933,6.28,654.3,94.1,13.8,20.3,1.17,49.2,1.99,0.028,3,2,0
1195.4,43.95,56.4,-0.0271,0.0465,4.46,255.2,162.0,6.7,6.7,0.8,31.2,1.1,0.078,2,2,0
1051.9,34.39,273.8,0.0504,0.0175,5.74,407.2,486.6,92.4,259.5,28.17,82.5,20.74,1.019,1,2,1
2176.5,45.94,319.2,-0.0454,0.0763,2.02,856.1,487.9,3.1,4.6,0.47,33.4,0.85,0.054,3,2,0
1003.7,35.66,165.9,-0.0009,-0.0135,3.41,116.3,68.3,29.9,31.2,3.58,50.7,1.77,0.015,1,1,0
1198.6,30.23,73.8,0.0092,0.0233,7.39,78.4,292.4,6.7,3.7,0.71,32.1,0.73,0.061,1,1,0
1208.1,42.66,220.4,0.0118,0.0304,2.16,1637.9,100.3,1.2,1.5,0.08,36.0,0.96,0.055,1,4,0
957.3,22.99,301.7,0.0085,-0.0881,3.68,897.9,702.7,0.6,0.8,0.07,35.1,2.48,0.066,1,3,0
1820.5,62.02,259.6,-0.0086,-0.0579,5.49,841.0,1348.4,121.5,286.4,27.41,88.5,28.07,6.422,4,4,1
2082.6,52.41,344.3,0.0663,-0.0217,6.98,592.6,37.9,8.8,10.5,0.71,29.7,2.98,0.011,5,4,0
1248.2,38.08,350.7,-0.011,0.0896,5.15,354.2,1410.0,49.8,150.1,10.09,69.5,3.17,0.053,2,1,0
1478.7,34.64,226.0,0.0842,0.038,4.09,155.7,1256.6,60.1,124.1,16.36,66.4,0.09,0.051,2,1,0
1048.7,20.28,340.0,-0.0592,0.0821,3.8,1657.6,561.9,94.3,185.4,19.97,72.3,2.6,0.005,3,2,0
1763.3,36.75,68.0,0.0174,-0.0116,7.93,611.4,312.5,112.5,255.0,16.65,73.4,0.0,0.055,4,1,1
1956.8,37.59,311.1,0.0323,-0.0386,6.31,500.8,368.5,14.0,9.5,1.06,29.6,1.66,0.111,5,1,0
1409.7,39.06,347.6,-0.0076,0.062,2.27,3447.1,190.3,1.5,0.9,0.12,36.3,3.48,0.006,1,1,0
1187.2,10.88,25.0,0.128,-0.0876,7.2,203.1,294.4,1.2,0.8,0.15,26.0,0.18,0.051,2,2,0
702.7,41.67,46.4,-0.056,0.0476,3.81,4160.5,27.6,11.2,5.9,0.78,43.9,3.47,0.041,2,4,0
810.0,30.66,124.7,0.0182,0.0379,6.85,5120.8,190.6,10.5,7.3,1.04,36.1,2.28,0.008,1,1,0
1538.9,45.07,241.5,0.0339,0.0072,3.23,3184.7,143.0,0.7,0.6,0.06,44.4,3.99,0.098,4,1,0
1250.7,32.67,245.0,-0.0236,-0.0282,6.88,1210.7,979.3,4.1,5.9,0.54,46.6,2.54,0.006,2,3,0
1045.5,37.57,26.9,-0.017,0.0562,4.22,4242.0,341.7,3.3,4.2,0.34,18.8,1.48,0.083,2,4,0
1560.5,24.22,46.9,-0.068,-0.0241,4.39,1085.7,116.8,170.0,405.8,40.37,79.5,19.26,0.04,3,3,1
406.4,15.56,145.0,0.0609,-0.0203,7.36,491.9,308.2,50.4,53.9,3.48,50.7,3.17,0.03,1,2,0
1472.5,35.76,201.0,0.0516,-0.0259,9.86,90.5,283.3,43.2,50.9,3.4,46.9,1.92,0.083,2,2,0
1416.5,45.21,224.2,0.047,0.0369,4.09,112.9,130.4,19.2,12.4,1.6,27.1,1.92,0.038,3,3,0
1801.4,32.86,155.1,-0.0101,-0.0443,4.94,2421.9,98.4,2.0,3.5,0.2,34.9,2.08,0.053,3,3,0
611.0,15.75,141.8,-0.0767,0.0887,6.35,906.6,37.3,5.6,7.5,0.66,29.3,1.9,0.0,1,2,0
1061.3,39.44,298.5,0.0383,-0.0085,4.96,2326.2,416.7,24.5,27.0,2.03,53.0,2.55,0.033,1,4,0
1604.9,42.62,79.3,0.0162,-0.0403,3.66,2073.3,136.7,40.1,101.9,7.32,56.3,2.07,0.068,4,1,0
744.9,46.67,311.6,-0.0032,-0.0105,3.77,504.2,101.9,48.2,148.0,11.95,80.6,19.78,0.044,3,2,1
1395.6,34.33,325.5,0.0199,0.0036,5.69,1189.2,1177.2,9.1,13.4,0.76,35.1,1.47,0.0,3,3,0
898.7,39.0,84.6,-0.0047,0.0134,5.3,763.2,91.8,42.3,93.4,8.32,54.5,2.41,0.008,3,1,0
1532.1,38.91,166.8,0.0692,-0.0205,5.52,1423.5,1866.4,14.1,16.6,1.35,28.1,2.75,0.04,3,1,0
1127.4,31.26,309.1,0.0461,0.0464,6.44,362.2,328.6,36.9,46.4,2.59,42.6,0.92,0.079,1,2,0
1613.5,38.19,183.9,0.0111,0.0876,5.78,94.0,155.6,13.6,12.0,2.07,40.3,0.35,0.053,2,1,0
385.9,29.95,298.7,-0.0383,0.0247,4.49,632.6,869.8,0.3,0.3,0.05,42.6,2.98,0.053,2,4,0
880.5,33.17,7.6,-0.083,0.0288,6.88,1647.9,689.5,203.3,624.4,56.58,75.8,13.84,0.065,1,3,1
1198.9,52.8,90.9,0.0419,0.0392,4.93,475.2,1143.1,26.6,13.4,3.53,35.8,0.76,0.0,1,1,0
1498.5,33.59,27.2,0.0423,-0.0553,6.21,1236.5,61.3,17.8,19.6,1.58,31.2,0.02,0.043,3,2,0
2152.0,44.71,220.7,0.0047,0.0227,5.16,4008.1,30.3,7.1,12.7,0.95,42.3,0.32,0.094,5,1,0
2056.1,35.7,89.1,0.0742,0.0471,6.15,582.8,74.7,9.0,11.1,1.09,38.1,3.36,0.133,4,4,0
1107.4,37.11,343.2,-0.0679,-0.042,5.44,1660.3,435.1,124.0,239.8,18.92,79.6,15.92,0.014,1,3,1
1197.7,41.68,141.2,-0.1111,0.0128,4.42,1294.0,380.8,9.0,5.4,1.1,40.9,1.21,0.016,1,3,0
1129.7,40.74,152.0,-0.0668,0.0839,5.47,288.3,54.5,15.1,9.5,1.1,36.2,1.97,0.145,2,1,0
1401.9,35.67,32.9,0.1349,-0.008,5.1,443.4,122.7,2.6,1.6,0.27,36.3,1.71,0.085,1,1,0
788.7,23.77,78.0,-0.0043,0.0039,3.79,762.6,12.0,0.3,0.5,0.02,41.7,4.1,0.108,2,4,0
1144.1,44.34,274.2,0.0203,-0.0942,4.45,1681.0,335.4,73.6,205.4,11.8,82.6,23.17,0.358,2,2,1
1349.5,26.41,114.1,-0.0556,-0.0376,10.23,109.7,463.9,141.4,269.4,35.64,89.3,31.4,0.065,3,2,1
1136.9,43.44,164.0,0.0624,-0.0382,3.47,811.6,44.7,2.5,1.6,0.39,26.7,0.99,0.085,2,3,0
676.1,35.52,305.4,-0.0325,0.0518,3.46,1504.4,264.8,23.2,20.7,2.12,40.2,2.0,0.044,1,2,0
1275.0,34.15,9.4,0.0031,0.0071,2.11,744.9,224.2,130.6,252.7,19.96,75.7,12.19,0.044,2,3,1
964.4,40.43,59.3,0.0246,-0.0739,6.39,107.5,146.9,87.2,240.6,12.6,68.9,4.0,0.025,4,1,1
1740.1,40.97,81.0,0.0704,-0.127,5.92,808.9,81.7,86.1,224.7,17.95,74.8,3.92,0.053,5,2,1
1799.7,29.1,70.4,0.0006,0.0324,6.51,2463.8,191.5,24.1,36.4,1.86,47.4,3.14,0.0,3,1,0
1086.5,25.37,6.5,0.0448,-0.035,3.94,2230.6,83.9,5.9,8.4,0.48,33.2,1.72,0.014,2,1,0
1874.9,28.41,185.6,0.0637,0.0152,4.35,285.0,652.3,23.9,49.8,4.31,38.4,0.67,0.081,4,2,0
1444.9,38.22,45.4,-0.0485,0.0176,5.3,1370.1,696.9,31.7,42.2,3.49,41.5,5.72,0.081,4,4,0
1077.4,40.29,13.5,0.113,-0.0385,2.0,1293.1,419.0,67.5,204.6,9.99,85.2,26.53,0.071,2,3,1
1695.1,54.54,235.0,-0.0462,-0.0304,5.45,274.6,117.9,147.6,289.2,20.86,78.4,18.15,0.06,5,2,1
1184.9,38.01,172.6,-0.0153,-0.0157,3.38,343.1,55.7,9.5,12.1,0.85,31.6,2.5,0.04,2,2,0
2079.3,46.73,49.2,0.0352,-0.0037,4.0,1573.4,561.0,75.2,154.1,11.04,73.8,1.17,0.017,4,1,0
1141.5,39.74,328.8,0.0531,-0.0047,5.33,358.2,67.5,171.5,342.1,40.43,78.2,12.41,0.056,1,2,1
1804.1,56.88,154.4,-0.0925,0.0424,6.18,593.9,433.7,83.0,201.7,11.1,65.1,0.57,0.05,4,3,1
671.2,25.97,227.9,-0.0113,-0.0562,4.96,3962.8,22.5,30.5,65.3,4.1,53.4,0.84,0.006,1,4,0
640.7,25.97,148.5,-0.0401,0.0389,7.38,254.6,592.3,0.4,0.7,0.06,32.6,1.97,0.102,4,3,0
1595.5,40.29,280.0,0.0572,0.1351,4.08,1105.7,72.3,2.5,3.0,0.21,43.4,2.01,0.0,4,2,0
1449.9,21.84,218.4,0.051,0.0109,7.43,2736.5,96.5,36.3,108.0,5.03,69.6,0.0,0.077,2,3,0
1382.2,44.81,104.1,0.0751,0.0121,4.52,4703.8,230.8,3.3,5.0,0.22,39.0,1.35,0.033,3,1,0
912.0,33.74,175.5,-0.0109,0.031,4.65,1165.4,34.0,15.5,9.4,1.37,36.5,2.13,0.013,4,4,0
2086.3,49.99,97.1,-0.1561,0.072,4.69,1134.1,293.9,0.8,0.8,0.06,28.4,2.4,0.089,5,3,0
2702.2,41.18,225.4,-0.0335,-0.0502,4.52,883.9,700.8,5.1,3.4,0.8,28.2,0.09,0.055,5,2,0
1418.8,40.83,154.1,-0.0251,0.0623,3.88,565.5,514.0,0.5,0.7,0.05,33.2,1.5,0.015,2,3,0
1646.7,47.15,127.9,0.0086,0.0607,3.81,2649.8,465.7,14.3,11.3,1.07,36.8,2.03,0.065,2,2,0
611.6,26.98,255.6,0.0695,0.0124,4.96,437.9,2.8,96.0,236.4,12.76,80.6,16.22,0.031,1,2,1
1430.7,38.61,127.1,-0.0359,0.0133,3.79,1141.7,129.0,1.0,1.3,0.12,26.6,2.65,0.035,1,1,0
562.4,25.45,91.5,0.0217,-0.0233,7.67,2393.0,1445.4,38.8,62.9,6.49,35.6,1.45,0.096,1,3,0
394.8,22.4,115.2,0.0291,0.041,5.58,2041.6,349.2,8.5,13.3,1.16,28.2,3.15,0.05,1,1,0
2209.8,40.28,357.7,-0.049,0.0599,4.46,926.4,22.5,24.1,36.4,1.76,42.0,2.81,0.042,4,1,0
2248.2,40.22,97.5,-0.0525,0.005,4.9,779.7,193.7,21.8,29.1,3.16,29.2,1.13,0.011,5,1,0
654.5,33.24,171.6,-0.0381,-0.0144,5.42,2759.9,9.0,10.5,12.4,0.77,33.7,2.98,0.002,1,1,0
518.8,25.59,181.2,0.0074,0.0034,6.92,537.8,409.7,61.2,96.7,12.28,59.0,1.24,0.052,1,2,0
2422.0,32.58,178.3,0.1111,0.0776,4.37,886.2,129.7,46.8,67.3,3.51,39.1,3.33,0.033,4,2,0
1069.1,34.89,224.2,0.0428,-0.021,4.76,1242.2,111.5,6.7,8.2,0.45,44.7,3.44,0.014,1,1,0
1710.5,22.12,111.1,0.0324,0.042,3.57,3589.7,201.0,9.4,13.0,0.91,27.7,1.76,0.099,2,4,0
653.0,29.28,232.4,0.0624,0.0256,5.88,3934.4,119.8,0.5,0.9,0.04,38.6,1.1,0.019,2,3,0
2168.2,36.85,166.3,-0.0504,0.0096,3.97,1234.6,403.9,4.9,2.8,0.54,36.1,0.04,0.054,5,1,0
1901.6,24.61,197.0,-0.0644,-0.0299,5.03,891.6,408.2,3.9,1.9,0.37,38.4,2.47,0.022,1,1,0
288.1,16.89,209.7,-0.009,0.0391,5.14,1683.5,160.5,19.5,21.1,1.75,51.7,2.82,0.061,1,1,0
786.6,39.57,311.1,-0.0242,-0.0053,5.88,820.5,820.2,104.8,283.9,13.69,79.6,13.2,0.105,1,1,1
1107.6,28.49,130.6,0.0651,0.0093,2.67,743.1,317.1,7.0,9.0,0.5,31.5,1.13,0.069,2,1,0
1537.7,33.43,152.2,0.0973,-0.0212,6.7,85.3,741.0,9.5,9.1,1.56,35.6,0.83,0.037,3,1,0
620.1,49.09,130.0,-0.0221,0.0639,4.33,992.0,267.5,34.2,77.1,4.75,67.1,2.93,0.021,3,4,0
911.6,34.49,262.5,0.0773,0.0239,4.01,512.7,407.2,25.1,17.0,2.05,37.1,2.36,0.01,3,3,0
966.6,44.64,149.6,-0.0366,-0.02,2.63,356.0,357.0,6.9,6.0,1.09,31.3,2.23,0.07,4,1,0
1497.1,20.3,200.2,-0.001,0.021,5.37,299.7,684.4,85.2,231.0,24.92,75.9,7.63,0.0,4,3,1
330.5,19.21,21.5,0.0255,-0.0554,7.05,772.2,349.8,176.6,487.4,39.05,92.9,48.91,0.017,1,1,1
733.5,40.18,83.8,0.0245,0.0905,4.11,323.1,45.8,59.6,146.8,9.53,78.6,14.62,0.028,1,1,0
1173.4,36.92,317.1,-0.0072,-0.0216,4.85,849.9,661.8,28.6,43.8,5.11,51.3,0.7,0.022,1,3,0
701.4,36.43,229.2,0.0311,0.0633,3.74,112.8,580.6,10.2,10.1,1.17,42.6,0.9,0.049,3,1,0
1733.5,29.66,340.3,-0.0222,-0.0574,6.01,438.0,331.0,161.1,366.5,22.79,71.2,2.93,0.099,4,3,1
766.6,32.13,315.0,-0.0806,-0.0606,6.22,449.6,445.4,73.1,183.1,9.43,81.6,19.72,0.033,1,3,1
800.7,33.69,93.0,0.0794,0.0937,6.74,1986.0,524.2,55.4,151.3,13.3,70.7,0.0,0.034,1,4,0
1317.4,19.29,124.1,0.0813,-0.0077,4.79,840.3,408.7,60.9,161.4,8.79,85.1,34.91,0.086,1,1,0
720.5,31.98,292.4,0.058,-0.0269,6.42,1049.3,412.0,9.6,10.0,1.55,34.0,0.46,0.046,1,4,0
1619.4,26.7,283.5,0.0297,-0.0632,7.18,1981.4,61.1,177.1,507.7,22.42,85.1,30.24,0.017,2,1,1
613.3,22.96,330.8,-0.0143,0.005,7.51,241.5,3.6,13.0,16.8,1.02,31.7,2.59,0.0,2,1,0
1436.8,34.98,206.4,-0.073,-0.0394,4.53,811.0,433.4,13.9,12.0,1.86,33.3,2.51,0.0,2,2,0
806.9,24.89,238.1,0.1228,-0.0255,5.83,1951.5,142.9,183.5,351.7,29.36,75.8,9.82,0.0,1,1,1
968.6,41.65,301.4,0.0133,0.0045,4.31,601.7,234.1,4.1,6.0,0.61,35.1,2.89,0.04,1,2,0
867.3,33.14,287.7,-0.1068,-0.0611,6.32,1717.0,1271.8,2.4,1.9,0.23,43.1,0.56,0.059,1,3,0
2340.6,53.41,338.0,-0.018,-0.0105,3.05,2619.0,329.4,15.8,23.1,1.32,39.7,2.57,0.0,4,3,0
1670.9,10.05,278.1,-0.0285,0.006,6.24,381.8,584.0,12.5,11.1,0.99,27.5,1.86,0.004,1,2,0
1510.4,32.24,220.6,-0.0629,0.0809,2.03,2375.8,242.3,25.1,30.8,4.07,51.9,0.15,0.023,2,1,0
2089.7,23.22,49.8,0.0329,0.0181,6.37,3191.0,6.2,16.4,8.3,1.61,32.2,4.87,0.014,4,3,0
1787.4,35.1,64.3,0.0024,0.0076,7.29,147.9,207.3,105.6,218.0,13.9,87.8,39.17,0.083,4,1,1
1267.1,36.19,182.4,0.0477,0.0891,2.48,243.1,210.4,29.0,18.5,4.15,37.7,2.95,0.03,3,1,0
755.7,37.32,17.6,-0.0265,-0.0676,4.24,2881.7,23.4,59.6,160.5,15.39,79.4,13.11,0.001,2,3,1
659.5,20.33,26.5,0.0187,0.0092,7.38,1589.8,420.8,127.4,312.0,28.53,77.9,13.46,0.033,1,2,1
2149.3,51.15,11.0,-0.0256,0.0723,6.1,120.2,12.0,35.5,78.9,5.62,54.3,0.48,0.113,4,1,0
1680.1,43.74,153.4,-0.0914,-0.0548,7.32,922.5,1240.2,15.5,24.3,1.86,44.1,4.07,0.033,1,2,0
2331.5,42.41,164.2,-0.0275,0.0503,4.45,932.8,2415.4,13.9,8.9,1.88,43.3,1.96,0.041,5,2,0
1478.0,25.41,209.7,0.002,-0.0938,2.95,243.5,209.4,6.4,8.5,0.62,27.7,3.35,0.031,2,4,0
1322.6,35.79,147.0,-0.0086,-0.0236,8.38,1340.7,2.7,133.9,274.1,21.79,85.3,28.51,0.525,3,3,1
1249.8,20.6,212.4,-0.0036,0.0357,6.87,710.9,653.4,2.9,1.6,0.21,27.0,2.92,0.076,1,2,0
1640.9,47.73,109.1,0.0642,0.0629,3.31,1709.7,26.3,8.6,9.6,1.21,35.3,3.83,0.06,2,1,0
1825.2,45.05,327.5,-0.036,-0.0085,3.06,683.8,322.6,77.5,246.6,19.42,92.4,43.58,1.722,2,3,1
1425.2,32.02,26.3,-0.0557,-0.0188,7.34,227.8,25.0,7.7,5.6,0.62,31.6,4.61,0.036,3,3,0
612.3,30.3,312.5,-0.1166,0.0209,6.31,147.8,276.1,9.6,16.5,1.05,42.7,3.04,0.041,1,1,0
1336.1,48.33,75.7,-0.0355,-0.0087,3.84,3616.2,353.8,222.5,425.6,32.72,72.4,3.67,0.049,1,2,1
1215.0,40.87,129.3,0.063,0.0544,5.49,772.5,18.5,4.9,7.0,0.37,41.0,0.0,0.0,2,1,0
1324.5,32.17,219.2,-0.0367,-0.027,5.94,1056.0,849.8,0.5,0.8,0.06,38.8,2.06,0.033,3,2,0
1816.2,24.05,57.8,-0.064,0.0597,4.91,382.5,648.3,20.7,48.9,3.15,45.6,2.87,0.017,2,1,0
1487.8,30.26,23.1,0.0043,-0.0437,7.66,1139.4,136.0,89.6,157.7,14.21,77.9,14.68,0.085,1,4,0
1498.8,52.24,84.2,0.0375,-0.0716,3.79,868.2,46.6,35.8,41.7,3.47,47.2,0.2,0.0,4,2,0
1395.3,46.63,219.6,-0.0838,-0.06,8.66,301.4,116.2,16.2,24.0,1.33,37.5,5.84,0.04,2,3,0
806.7,27.16,40.4,0.0088,-0.0453,4.78,4003.3,174.4,35.0,44.0,2.35,58.4,1.72,0.135,3,4,0
516.1,33.93,306.0,-0.0425,-0.0591,6.48,1165.0,318.7,77.8,146.2,10.32,80.6,14.42,0.095,1,1,0
744.7,25.65,219.6,0.022,-0.0647,6.44,109.9,1386.5,13.1,18.3,1.01,44.3,0.48,0.058,1,4,0
877.8,29.29,48.8,0.0201,0.0711,5.12,82.2,799.6,32.0,75.6,4.35,59.7,1.47,0.029,1,2,0
400.8,25.25,341.2,0.0101,-0.0167,5.7,1977.1,247.5,57.1,152.9,7.39,83.1,21.41,0.001,1,1,0
963.6,53.71,196.4,0.045,0.1078,5.72,1183.5,1162.3,46.6,72.3,11.36,49.3,2.92,0.05,5,3,1
394.7,28.68,226.5,0.0865,-0.1057,6.27,784.6,318.3,146.2,406.0,23.65,69.7,0.93,0.086,1,2,1
547.4,29.11,219.4,-0.0184,0.0047,3.74,1988.5,395.1,104.7,291.9,32.29,80.7,18.32,0.12,2,1,1
1275.6,31.69,246.7,0.0652,0.0286,5.05,376.9,351.6,167.9,522.1,41.36,83.1,20.32,0.051,2,1,1
1250.6,28.01,114.2,-0.0567,0.0235,8.69,896.9,88.5,205.4,621.9,25.95,73.3,1.19,0.069,4,1,1
2248.3,32.97,270.2,-0.1435,-0.0017,4.05,1773.3,122.2,7.4,8.5,0.52,44.5,4.14,0.089,4,3,0
1553.7,22.2,268.3,0.09,-0.0388,5.53,1495.4,305.3,1.6,2.3,0.14,43.5,2.47,0.0,2,1,0
1830.1,46.94,342.1,-0.0627,-0.0396,3.88,379.7,778.8,0.3,0.4,0.03,32.6,1.91,0.023,5,2,0
1468.8,32.55,163.9,0.0193,0.0487,3.74,1004.2,1092.5,60.4,188.5,7.64,81.8,21.23,0.024,1,3,1
1453.4,37.23,12.7,0.0016,-0.0299,5.86,1412.0,20.0,87.2,165.0,25.72,60.5,0.14,0.087,2,1,0
1207.0,16.05,47.5,0.0095,0.0855,5.61,655.9,183.2,145.1,451.5,25.55,80.1,20.37,0.05,3,2,1
1225.4,32.74,294.2,-0.0244,0.0544,4.22,2646.5,194.5,4.8,5.7,0.39,35.4,1.14,0.134,1,1,0
1308.7,56.82,18.4,-0.045,0.037,4.25,3177.0,361.3,123.5,233.3,18.19,76.0,11.82,0.009,2,1,1
428.5,15.55,39.3,-0.0322,-0.0616,4.84,69.9,117.4,131.9,347.3,17.61,86.6,36.07,0.024,1,1,1
923.4,19.6,234.0,0.0412,0.0803,6.04,411.4,137.1,37.6,25.8,4.6,39.4,2.65,0.026,2,1,0
1676.9,19.89,204.9,-0.052,0.0192,4.87,59.5,523.8,44.6,117.2,8.22,59.2,0.0,0.012,4,1,0
964.6,45.66,191.3,0.086,0.0371,6.4,1061.4,1315.7,5.7,3.9,0.78,28.0,3.23,0.034,1,3,0
1893.3,40.11,148.6,-0.0635,-0.002,3.14,2426.4,1017.2,2.5,4.4,0.17,28.9,2.57,0.067,2,3,0
898.7,24.73,24.8,-0.0117,-0.0495,5.68,239.1,277.8,136.0,411.8,17.51,90.4,35.34,0.04,1,1,1
1947.7,40.19,151.1,0.0754,-0.0301,5.66,90.2,104.2,47.4,150.7,12.85,75.8,13.8,0.06,1,2,1
1351.3,33.03,345.6,-0.0392,-0.0011,7.41,758.5,70.7,2.2,3.8,0.16,36.2,0.58,0.112,1,3,0
2430.1,30.74,294.8,0.0123,-0.0163,6.04,2672.8,1142.5,1.3,1.9,0.12,38.0,0.44,0.03,2,2,0
1301.9,27.37,236.4,-0.0411,-0.004,9.02,248.3,123.7,6.5,6.7,0.67,40.0,4.32,0.0,2,2,0
1867.7,40.68,99.8,-0.0558,0.024,6.56,3960.9,93.5,5.1,6.5,0.45,35.2,1.2,0.058,3,3,0
1001.6,31.87,222.6,0.0442,0.0402,6.67,725.1,141.5,231.6,403.9,35.96,72.2,2.5,0.098,4,2,1
467.0,32.84,68.2,0.0816,-0.1026,6.46,2231.4,424.8,29.6,71.2,4.2,57.0,3.29,0.051,1,1,0
680.6,46.99,196.8,-0.0447,0.0186,3.51,667.0,234.8,17.8,10.1,1.23,34.5,1.5,0.0,2,2,0
1494.8,15.32,194.6,-0.0719,0.0087,8.78,2865.6,229.2,21.5,19.6,3.37,47.4,5.42,0.02,2,3,0
2087.3,42.15,75.8,0.0638,0.0427,4.27,1478.6,446.8,106.0,273.4,18.68,74.1,5.83,0.039,5,3,1
1367.3,42.12,142.8,-0.0772,0.0136,3.32,533.8,626.9,82.9,230.4,21.99,72.6,3.24,0.103,4,2,1
1521.0,26.92,117.4,0.0097,-0.0466,5.73,916.7,825.2,17.2,19.8,1.51,36.7,3.23,0.03,2,3,0
443.6,12.99,285.3,-0.0087,-0.0357,5.51,173.2,183.5,166.8,428.7,22.13,74.7,0.62,0.0,1,2,1
1683.9,39.75,59.5,0.0015,0.0571,7.18,2953.3,434.2,89.0,225.0,19.56,74.4,0.01,0.012,1,2,1
943.4,23.31,231.5,0.0091,-0.0514,7.97,2812.5,292.0,7.8,8.4,0.77,41.0,1.04,0.009,2,4,0
2201.2,37.59,167.5,-0.0114,-0.0136,5.47,364.9,633.5,78.3,150.9,13.82,62.7,3.9,0.044,5,1,0
1035.0,24.79,345.3,-0.0241,-0.0373,4.34,80.7,97.0,20.4,10.5,2.58,42.7,2.73,0.0,1,2,0
1033.7,29.22,33.1,-0.0342,0.0042,6.41,75.8,4.4,18.8,18.9,2.28,44.7,1.98,0.083,2,1,0
854.5,33.09,131.5,-0.0291,-0.0261,5.74,451.9,264.7,39.3,66.4,5.18,51.4,2.46,0.086,1,1,0
836.2,44.79,134.1,0.0119,-0.0687,6.22,541.6,505.2,71.2,145.8,12.85,72.8,1.71,0.056,4,3,1
942.8,37.82,91.4,0.064,0.0426,3.86,970.7,161.4,166.2,316.3,36.43,81.5,22.32,0.03,1,1,1
1888.3,23.75,243.1,-0.0253,0.0414,5.72,1842.3,60.9,48.1,81.5,11.16,54.2,3.6,0.05,2,3,0
983.8,38.1,251.5,-0.0593,-0.0751,5.93,3319.3,186.7,2.3,3.0,0.17,38.0,4.02,0.124,2,3,0
935.1,38.95,214.5,-0.0149,-0.0632,6.63,1015.3,46.3,43.0,129.8,6.13,69.8,0.95,0.028,2,1,0
880.3,44.58,263.8,0.06,-0.0366,6.0,12.7,82.2,8.7,10.4,1.1,36.6,1.6,0.111,2,2,0
1113.4,34.58,76.1,-0.0258,0.028,4.65,25.0,1794.4,0.5,0.9,0.04,34.3,2.94,0.079,2,3,0
1118.6,34.2,321.8,-0.0397,0.0193,6.91,244.1,725.2,3.1,5.1,0.5,42.5,1.12,0.066,1,1,0
296.5,37.5,162.3,-0.0076,0.0256,6.32,289.5,127.5,12.2,18.3,1.08,39.0,2.11,0.047,2,4,0
683.9,28.91,9.8,-0.0386,0.075,3.47,920.2,322.9,52.0,79.5,8.53,50.6,2.24,0.098,1,3,0
1226.2,38.62,264.2,0.0161,0.0369,5.01,56.3,232.8,12.0,19.3,0.83,37.0,2.38,0.069,1,4,0
1071.7,30.75,104.1,0.1208,-0.0248,6.3,471.9,413.7,2.5,2.9,0.19,36.6,0.46,0.089,2,1,0
865.9,28.13,201.9,-0.0838,0.0722,5.33,1977.3,20.4,12.7,15.5,1.26,39.5,0.17,0.055,1,4,0
1516.8,38.11,200.3,-0.1308,-0.0068,3.85,1285.6,27.7,0.7,1.0,0.11,45.7,3.51,0.087,2,1,0
1347.2,19.95,226.3,0.0591,0.0607,7.97,243.2,106.1,153.7,344.6,27.47,72.7,0.15,0.033,2,2,1
206.1,30.25,206.7,0.0106,0.0015,5.79,4738.6,332.0,8.1,6.0,0.75,34.6,2.06,0.075,1,3,0
1893.4,31.78,44.4,-0.0405,0.0569,5.98,484.9,244.9,30.0,27.9,3.82,36.5,0.65,0.146,2,3,0
1385.0,29.91,36.5,0.0437,0.0251,3.16,602.3,140.2,20.2,11.4,2.52,39.8,1.95,0.096,1,1,0
726.8,28.87,268.5,-0.0054,-0.0118,4.02,705.2,102.2,0.6,0.6,0.05,44.5,1.17,0.061,1,1,0
875.8,44.29,85.7,-0.0344,-0.0293,5.27,952.7,143.2,5.5,6.2,0.39,30.9,4.51,0.104,3,3,0
1687.8,39.68,303.7,0.0162,0.0635,4.33,938.1,754.2,4.2,7.1,0.56,27.2,1.28,0.022,3,1,0
2304.9,34.88,62.6,-0.1027,0.0327,7.37,684.5,207.5,56.7,99.3,10.41,53.5,1.86,0.125,5,3,0
1535.6,40.96,350.2,0.0508,0.0047,4.44,1174.0,421.2,13.1,14.9,1.65,37.6,6.57,0.034,4,1,0
1012.2,39.7,230.9,0.0584,0.1278,5.12,2561.1,103.1,20.0,16.5,1.69,36.8,2.2,0.008,2,3,0
452.4,37.33,114.9,0.0665,0.063,5.02,922.0,143.3,109.5,244.3,13.82,80.0,14.91,0.092,1,2,1
656.0,52.42,58.8,0.082,-0.0527,2.66,961.0,156.9,176.1,538.1,30.46,85.8,23.67,0.416,4,3,1
883.5,49.77,235.8,0.0506,-0.0517,4.89,1111.3,628.9,8.4,10.8,1.11,35.9,3.39,0.0,2,1,0
1843.1,28.63,309.5,-0.1106,0.0597,4.48,475.0,334.4,8.1,9.1,0.54,45.6,1.48,0.047,4,2,0
291.2,21.51,257.0,0.015,0.0161,6.63,1621.7,104.5,5.9,9.3,0.85,34.9,3.59,0.009,1,1,0
975.6,28.07,161.3,-0.0212,-0.0431,4.6,1117.9,174.0,159.3,239.0,28.02,88.3,32.05,0.025,3,2,1
530.6,28.55,311.7,-0.0224,0.0611,8.66,755.7,1160.6,147.3,278.9,25.57,82.1,18.88,0.057,1,1,1
1577.9,22.0,204.0,0.0212,-0.0099,6.76,2934.4,749.4,3.5,6.2,0.26,39.9,1.37,0.016,2,1,0
1180.3,43.95,343.0,-0.0265,-0.017,5.11,1355.4,1548.9,315.7,525.8,41.96,81.0,19.66,0.017,3,1,1
380.1,20.56,139.7,-0.0488,-0.1058,4.04,1309.8,23.6,6.4,7.1,0.58,44.0,4.91,0.034,1,4,0
1707.8,41.64,72.8,0.0012,-0.093,4.36,114.8,414.6,1.7,1.7,0.14,30.0,1.86,0.004,2,3,0
1222.0,40.95,60.7,0.0403,0.068,4.08,2784.0,66.3,3.9,2.9,0.39,25.3,2.4,0.058,4,4,0
1375.6,48.06,249.9,-0.0044,0.0006,4.6,49.9,44.5,7.5,7.9,0.86,28.0,1.32,0.011,2,2,0
659.6,29.81,48.8,-0.1103,0.1121,3.95,176.5,37.4,33.9,28.1,2.63,35.0,0.0,0.01,1,2,0
1133.8,29.48,65.4,0.0328,0.0142,4.67,203.3,169.6,0.1,0.1,0.01,27.1,2.63,0.089,3,3,0
841.8,36.4,184.1,-0.0098,0.0561,4.72,2063.4,770.7,64.4,199.8,9.37,81.2,16.43,0.1,3,2,0
1573.3,36.56,123.1,0.0011,0.057,6.07,2700.7,358.9,28.0,47.3,3.07,50.4,2.59,0.106,2,3,0
1148.1,31.64,150.2,0.0245,-0.0284,7.39,774.6,445.8,7.1,3.8,0.68,35.4,2.92,0.067,3,3,0
1105.8,31.14,311.7,-0.0179,0.0808,7.15,655.8,262.3,4.8,5.2,0.36,32.1,0.17,0.083,1,1,0
1903.5,32.81,157.3,-0.0311,-0.0325,4.31,1584.7,1234.3,60.4,70.9,4.98,52.0,2.54,0.079,1,2,0
848.0,37.6,267.5,0.0441,-0.027,4.32,10.2,394.0,140.6,280.1,37.37,79.3,17.46,0.032,1,2,1
1252.0,33.12,139.5,0.0391,0.0301,2.28,1593.3,17.2,113.1,341.7,31.27,88.5,28.49,0.05,1,4,1
570.1,19.1,256.0,-0.0965,0.0289,7.02,77.5,575.2,11.4,13.8,0.77,49.2,3.57,0.123,1,2,0
516.5,34.2,56.9,0.0325,-0.0513,4.39,26.8,15.7,24.6,20.6,3.12,51.1,0.82,0.029,1,2,0
831.8,40.23,35.2,0.0404,0.0029,3.53,106.3,1168.1,89.4,180.8,12.46,83.0,21.72,0.427,2,1,0
851.3,32.63,151.5,-0.0004,-0.0282,3.06,278.5,587.8,14.4,17.4,1.98,34.5,2.86,0.0,3,1,0
1516.5,38.21,98.9,0.0448,0.0308,6.67,475.3,454.6,5.8,7.1,0.65,35.8,2.34,0.018,2,3,0
2097.6,38.28,153.2,-0.0132,-0.0215,4.92,1077.1,534.9,207.7,588.1,39.3,78.3,15.24,0.119,5,3,1
1113.5,16.55,96.7,0.0423,-0.0114,7.66,33.4,355.9,30.6,24.7,2.79,40.9,1.35,0.019,2,1,0
400.2,50.08,55.6,0.0626,0.053,6.01,349.5,88.3,0.6,0.4,0.05,27.3,4.94,0.149,1,2,0
388.3,22.42,239.1,0.006,0.0828,6.09,420.5,310.2,26.2,22.7,3.84,35.7,3.23,0.04,1,2,0
1300.9,47.07,175.6,0.0031,0.0215,7.05,672.2,330.5,1.2,1.9,0.09,39.5,1.7,0.072,2,2,0
996.1,38.9,207.9,0.1061,-0.0566,5.41,1751.7,477.4,109.3,274.3,15.24,85.5,28.55,0.904,4,1,1
1680.6,40.85,15.1,-0.0675,-0.0493,6.47,1212.3,782.4,66.0,176.7,9.32,76.2,13.63,0.002,5,3,1
245.3,19.96,256.7,-0.0344,-0.0019,6.07,747.9,161.3,20.9,36.0,2.08,48.8,1.56,0.087,1,2,0
317.3,26.94,79.4,0.0422,-0.1281,10.05,373.8,13.3,43.1,65.5,6.47,71.3,2.15,0.134,1,1,0
477.7,30.0,38.0,-0.073,-0.0023,4.06,3086.1,1131.3,1.4,1.8,0.14,47.1,0.62,0.077,1,2,0
1265.0,44.55,301.7,0.0119,-0.0206,2.44,263.8,136.0,35.8,87.2,4.98,52.8,1.31,0.045,1,4,0
1417.5,25.91,215.7,0.0136,0.0426,5.43,948.2,537.8,2.9,4.5,0.24,41.0,0.97,0.055,2,1,0
792.7,28.61,202.2,0.1057,0.0103,2.56,929.9,655.5,13.6,13.3,1.67,33.3,3.72,0.0,1,2,0
1336.1,42.74,196.4,-0.0231,0.0167,4.15,1413.9,6.4,9.8,8.7,1.11,29.1,0.49,0.071,3,1,0
749.7,24.01,298.9,0.0485,-0.0607,6.53,1074.8,661.5,6.1,6.8,0.66,39.0,2.65,0.069,2,2,0
1885.4,31.54,66.6,-0.0343,-0.0474,8.67,358.1,168.4,40.8,96.5,10.18,54.6,0.41,0.053,4,2,0
2424.3,49.32,169.3,0.0181,0.0294,6.61,1352.9,12.0,9.6,9.1,0.98,36.4,3.05,0.068,5,2,0
1696.0,30.77,110.5,0.0665,0.0892,6.29,492.6,132.8,167.8,402.0,21.2,78.9,17.84,0.075,2,1,1
1605.1,39.34,270.5,0.0596,0.0449,3.81,476.8,80.9,5.8,9.4,0.42,33.5,2.89,0.027,3,2,0
1528.3,29.17,120.1,-0.0277,-0.0089,5.64,854.2,124.9,22.6,40.4,3.61,48.7,3.54,0.031,3,3,0
1034.4,36.69,301.1,0.0104,0.0003,4.17,2376.6,204.7,18.5,10.2,2.12,23.7,1.0,0.083,3,2,0
1442.0,30.46,163.5,-0.0039,-0.0095,3.69,1476.1,589.6,7.2,4.7,1.1,31.3,2.49,0.033,2,2,0
2098.8,23.82,219.1,-0.0151,-0.0175,6.52,2686.8,193.7,10.0,5.7,0.78,35.1,0.0,0.053,2,4,0
833.9,45.69,82.4,0.0241,0.0679,5.77,2937.6,398.1,12.5,8.8,0.93,41.1,1.67,0.118,2,2,0
1734.7,36.84,89.7,0.0158,-0.0209,5.68,529.9,1832.8,112.8,283.6,23.56,79.4,19.65,0.068,3,2,1
1014.3,35.4,131.7,-0.0243,-0.0144,6.02,1285.1,308.9,29.4,43.1,2.15,57.3,1.06,0.109,1,1,0
2098.0,42.7,357.9,0.0397,-0.0295,4.62,215.9,447.9,121.8,270.8,21.53,92.8,29.55,0.534,5,1,1
1031.7,42.91,196.6,0.0281,-0.0738,5.35,1045.7,112.8,4.8,5.8,0.36,31.1,0.0,0.088,3,2,0
939.0,56.04,300.7,0.0127,0.0049,2.6,75.0,538.5,54.4,112.5,9.36,62.1,0.1,0.036,1,4,0
1433.2,31.7,56.1,0.0351,0.0708,7.47,2800.9,927.4,108.9,293.3,16.18,76.5,11.12,0.1,2,1,0
1543.0,24.55,32.1,-0.0522,-0.008,5.23,4792.8,183.6,212.4,356.6,55.8,81.9,16.09,0.085,1,2,1
1863.7,41.47,96.9,0.0138,-0.0982,4.98,2730.7,408.3,97.6,280.0,26.73,76.5,12.6,0.023,4,3,1
51.6,29.1,282.3,-0.034,-0.0011,5.84,358.4,197.0,5.5,3.0,0.55,39.1,1.99,0.0,1,1,0
1877.0,49.18,152.1,-0.0728,-0.0056,2.82,749.1,370.1,11.8,19.7,1.08,35.6,0.37,0.047,2,2,0
1143.1,35.01,215.7,-0.0005,0.0718,4.38,709.7,244.0,6.9,4.7,0.49,31.5,3.6,0.08,2,3,0
429.1,51.0,61.4,-0.0518,0.0131,5.44,1510.5,15.2,79.0,189.4,14.04,81.1,16.7,0.031,1,2,1
1368.0,34.63,312.6,-0.0701,-0.0309,3.97,3770.6,24.2,11.8,18.4,1.39,34.2,3.22,0.103,3,3,0
1306.4,37.3,180.6,-0.0625,-0.029,8.01,772.5,344.4,86.1,194.2,15.46,63.6,2.39,0.09,2,2,1
1269.8,34.28,351.0,-0.0118,0.1399,3.09,510.4,393.8,64.7,164.5,11.78,74.9,2.33,0.084,3,2,1
864.8,24.37,156.6,0.0223,-0.1202,5.25,973.3,156.8,2.7,3.9,0.32,33.3,3.61,0.026,1,1,0
1414.0,30.86,34.2,-0.0103,-0.0083,5.39,234.2,347.0,161.9,420.1,29.77,79.9,17.91,0.083,3,4,1
370.2,38.12,175.8,-0.0171,-0.1523,5.75,144.7,342.0,50.5,28.5,8.25,44.2,3.18,0.0,1,2,0
234.9,31.37,355.7,-0.0076,-0.0247,5.46,3625.7,1474.2,10.5,13.6,1.55,48.1,1.4,0.0,1,1,0
1286.5,25.67,163.8,0.0285,-0.0607,6.95,1619.0,769.9,140.6,374.4,32.65,71.2,5.28,0.006,2,1,1
1054.1,34.26,78.5,-0.0902,-0.0396,3.52,938.6,206.1,85.9,218.6,14.94,85.0,32.73,0.84,1,2,1
1647.1,39.79,37.6,-0.0168,0.0314,4.57,652.0,117.4,21.1,31.8,1.43,35.5,1.48,0.057,4,1,0
1445.0,53.48,108.6,0.0393,0.0729,2.28,491.6,150.6,14.5,18.9,1.68,41.7,3.94,0.101,3,1,0
939.7,42.22,174.1,-0.0662,0.0125,6.24,1474.3,503.6,183.0,317.4,32.73,75.8,9.87,0.067,4,1,1
2675.0,54.96,134.7,0.0617,-0.1298,4.51,6375.8,108.6,210.2,363.2,35.48,78.4,17.3,0.001,4,3,1
1485.5,42.06,329.1,-0.0044,-0.0631,4.31,898.0,568.9,59.5,187.1,18.68,79.4,17.59,0.069,2,1,1
1694.4,9.2,18.0,-0.0551,0.0284,8.4,95.4,136.8,13.2,13.2,1.83,33.6,0.0,0.0,4,4,0
1873.3,48.4,155.2,0.0229,0.0911,4.27,92.4,72.0,40.2,43.4,5.02,42.5,3.46,0.011,4,4,0
901.5,37.04,169.0,0.0398,-0.0151,2.49,1109.5,481.8,48.3,83.2,13.86,54.3,2.11,0.062,3,1,0
1352.8,41.79,330.8,0.0,0.0241,4.99,1035.0,4.3,159.1,411.6,52.0,92.1,33.91,0.004,3,3,1
851.8,35.69,177.5,0.0287,0.0716,5.69,6671.4,73.5,4.2,2.3,0.32,26.5,1.1,0.037,4,3,0
806.3,26.22,280.1,-0.067,-0.051,4.5,56.0,299.8,27.8,68.0,5.27,45.8,2.41,0.078,1,1,0
1300.4,40.15,214.8,0.0015,-0.0132,3.04,1599.5,556.5,4.2,5.5,0.34,45.6,1.45,0.006,2,2,0
775.6,37.2,137.9,-0.0049,-0.1166,6.08,260.0,54.3,37.3,77.1,9.5,59.0,2.32,0.058,1,1,0
176.9,18.26,285.0,0.0265,-0.0242,5.72,319.0,202.6,2.0,1.5,0.27,36.3,1.63,0.061,1,2,0
1814.6,27.78,120.6,0.0196,0.0329,8.53,234.3,23.7,77.5,211.6,18.34,71.7,3.84,0.009,2,3,1
828.2,32.47,160.8,-0.0539,0.0895,7.42,206.9,353.1,18.6,19.3,1.94,43.5,1.75,0.001,1,1,0
1571.7,26.87,133.8,0.0257,-0.0455,4.7,1052.4,317.5,27.8,22.5,3.45,41.2,0.76,0.0,2,2,0
948.9,18.04,68.2,0.0426,0.0352,5.63,5077.5,132.9,8.4,14.4,0.61,39.9,3.06,0.0,1,1,0
1252.8,34.62,316.0,0.0333,-0.139,8.28,191.4,1100.4,12.9,15.5,1.17,32.0,3.75,0.07,2,2,0
1061.0,30.9,114.7,-0.0327,-0.0622,7.66,472.8,323.8,42.9,95.5,9.74,67.9,2.5,0.016,2,3,0
1230.0,25.19,320.1,-0.0171,0.0394,5.19,523.5,45.0,23.4,24.4,2.7,44.0,1.18,0.122,3,1,0
625.4,28.15,86.4,0.0189,0.1501,7.28,1474.2,260.5,5.0,4.4,0.41,33.9,2.59,0.039,1,3,0
871.4,32.33,313.1,-0.041,-0.0739,7.67,1936.3,365.3,157.0,337.3,44.75,89.0,37.78,0.025,1,4,1
1383.2,31.53,353.3,-0.077,0.0479,4.18,1513.7,170.8,220.2,601.5,57.35,83.9,26.11,0.041,2,2,1
645.7,26.37,226.8,-0.0392,0.0543,5.05,2286.9,199.7,222.4,626.9,30.67,75.3,4.84,0.034,1,2,1
714.9,49.55,122.5,-0.0148,0.0401,2.77,1264.7,352.1,16.2,12.8,1.1,32.4,3.85,0.038,3,1,0
1647.5,23.16,34.5,0.0058,0.0173,9.27,509.0,418.3,21.6,43.3,5.4,37.4,1.6,0.068,2,4,0
50.0,28.31,175.6,-0.0134,-0.0655,5.15,869.0,374.9,11.2,15.3,1.38,39.3,2.19,0.0,1,2,0
1123.6,30.64,141.6,0.0521,0.0051,5.5,693.9,490.5,123.9,217.1,29.88,75.8,7.61,0.076,2,2,0
1557.7,51.46,97.4,-0.0612,0.0247,6.66,1898.4,63.8,2.3,1.8,0.23,37.3,5.35,0.057,4,3,0
745.2,37.76,129.1,0.0708,0.026,4.62,1382.7,92.6,4.0,3.5,0.43,34.5,1.86,0.024,1,4,0
477.8,26.8,138.9,0.0048,0.0029,5.56,1942.6,103.2,21.1,54.4,2.67,58.4,3.21,0.088,1,2,0
1335.0,40.43,344.6,-0.1122,-0.0059,2.8,292.5,281.8,9.7,11.2,0.67,41.7,0.6,0.032,1,3,0
2202.7,32.84,261.8,-0.0239,-0.0325,8.47,105.5,37.7,0.4,0.6,0.04,38.7,1.93,0.037,4,2,0
1178.0,26.29,323.1,-0.0443,0.04,8.22,2276.4,607.2,20.2,28.5,1.79,42.1,0.44,0.045,1,2,0
1063.4,39.82,357.1,-0.0386,-0.1074,5.42,62.1,124.2,108.3,299.7,18.31,78.9,12.99,0.113,2,3,1
581.2,33.22,127.8,-0.1749,-0.0024,7.1,737.8,12.5,2.2,3.8,0.23,23.8,1.91,0.074,1,4,0
1724.5,30.44,185.5,0.0579,-0.0278,7.5,2607.0,301.4,6.1,5.0,0.58,31.5,1.66,0.009,3,2,0
2166.8,33.77,80.9,-0.077,-0.0826,5.8,203.3,457.3,10.5,14.8,1.42,41.7,1.29,0.057,5,3,0
1164.7,40.01,269.0,-0.0052,-0.0264,5.92,6656.5,146.3,112.9,242.4,24.33,82.5,25.59,1.421,1,2,1
1634.3,46.11,32.2,-0.0033,-0.0129,2.0,26.2,102.6,12.8,9.7,0.99,47.1,1.63,0.14,4,2,0
729.1,27.69,263.9,0.0179,-0.0909,7.18,37.1,600.2,4.2,5.1,0.51,34.7,0.48,0.043,1,1,0
770.7,41.78,91.1,0.1064,-0.0099,2.37,126.8,265.9,6.4,5.6,0.61,36.8,0.0,0.031,3,1,0
806.8,35.83,292.1,-0.0004,-0.0599,3.59,1177.8,292.8,8.9,4.6,1.27,37.7,1.84,0.043,2,4,0
664.3,28.0,241.1,0.0845,0.0274,4.32,293.0,1544.7,21.1,23.2,1.61,49.2,1.06,0.036,4,3,0
1338.8,46.15,187.9,0.0193,0.0648,3.36,87.5,985.8,12.9,14.0,0.9,40.7,1.66,0.067,2,1,0
227.6,48.07,270.5,0.0044,0.0631,3.56,843.4,446.8,14.1,10.9,1.39,29.3,3.05,0.105,2,2,0
1676.3,27.7,353.0,-0.0136,0.0275,6.55,2424.9,1811.9,14.2,18.1,2.11,46.3,2.44,0.013,2,3,0
448.1,22.63,321.3,0.0298,0.0133,5.12,2378.0,389.8,0.9,0.8,0.11,34.9,0.34,0.08,1,3,0
1790.3,32.71,343.4,0.0558,0.0178,5.69,801.8,42.7,6.0,8.1,0.49,41.5,4.67,0.069,3,4,0
1519.5,21.95,260.4,-0.0318,-0.018,4.83,698.1,1007.5,0.2,0.2,0.02,21.9,1.03,0.162,1,1,0
833.2,40.19,228.6,0.0043,0.0651,4.92,1172.1,81.4,5.4,3.7,0.66,24.1,1.88,0.082,1,2,0
1726.5,28.9,257.4,0.0714,0.0301,7.26,1939.3,334.9,11.1,8.9,1.64,31.5,1.67,0.017,3,1,0
1673.8,43.31,127.4,-0.0863,0.0252,7.18,553.2,170.3,80.1,193.0,10.36,78.4,11.07,0.121,1,2,1
1500.6,39.35,152.4,-0.0899,-0.0182,4.43,2829.3,85.0,0.4,0.2,0.03,37.8,1.25,0.0,4,2,0
655.1,36.02,1.3,0.0507,-0.0736,6.19,1788.4,10.3,25.9,38.0,3.63,38.4,0.43,0.05,1,3,0
1322.2,34.06,265.0,-0.0673,-0.0063,3.14,615.1,32.2,70.8,119.0,12.6,65.2,2.84,0.041,2,4,0
1625.4,49.89,337.2,-0.0199,-0.0582,4.81,84.2,102.4,1.4,1.8,0.12,41.1,2.4,0.074,5,1,0
1586.7,37.62,322.1,0.0187,-0.0115,6.64,1688.6,121.1,58.3,152.0,7.97,76.3,15.6,0.032,2,1,0
1522.5,21.35,163.7,-0.0604,-0.0302,8.17,2200.5,457.0,36.4,64.1,2.51,45.3,0.47,0.09,2,2,0
1374.2,35.6,285.0,0.1043,0.0717,7.06,29.4,46.0,4.8,3.6,0.52,27.8,1.62,0.025,3,3,0
777.1,35.46,64.1,-0.094,0.0196,2.95,1407.4,227.0,10.4,8.9,0.69,40.7,0.0,0.059,1,3,0
1086.9,48.54,328.2,-0.0374,0.0382,4.39,3859.6,144.2,3.2,4.6,0.26,40.6,1.81,0.084,1,3,0
1257.1,32.42,190.6,-0.074,0.0703,6.4,4404.4,12.2,379.2,839.4,69.8,66.7,3.87,0.036,2,2,1
1764.3,32.42,318.6,-0.0251,0.0405,4.21,338.7,397.7,15.7,24.6,1.58,38.2,0.5,0.018,3,1,0
1355.9,22.14,192.5,0.041,0.0373,7.68,707.3,516.0,7.0,12.0,0.51,35.4,3.28,0.083,4,4,0
1068.8,29.58,2.9,0.0354,-0.0244,10.56,758.4,651.4,84.2,218.2,14.53,95.7,61.38,0.075,4,2,1
1116.1,37.05,80.1,0.0214,-0.1233,6.66,3841.3,19.6,17.4,26.2,1.56,46.6,2.98,0.069,2,2,0
1407.3,25.94,149.4,0.0576,-0.0297,4.33,1189.1,188.7,13.2,14.1,0.93,46.9,2.43,0.197,3,4,0
2647.9,43.23,129.0,-0.0182,-0.0565,5.13,1792.6,822.8,170.5,358.7,34.75,72.3,1.51,0.024,4,1,1
1726.3,53.97,192.5,0.0317,0.0126,4.53,3112.1,63.1,3.3,3.9,0.41,35.7,0.0,0.159,5,4,0
1334.8,33.21,107.5,0.0817,0.0208,5.8,878.7,401.8,44.5,55.5,5.5,56.3,0.0,0.071,4,2,0
1012.6,37.6,329.5,0.0676,-0.1004,7.22,646.2,449.2,42.2,64.1,6.72,53.3,1.51,0.078,2,4,0
858.6,36.92,195.1,0.0731,0.0447,4.86,1264.1,154.9,7.3,8.3,0.73,38.6,1.33,0.059,1,1,0
1425.3,37.08,86.5,-0.051,0.0477,6.66,1111.1,495.8,202.7,479.0,26.07,89.0,24.43,4.834,1,1,1
1996.3,20.95,185.3,-0.0647,0.0207,6.66,1968.2,867.7,3.4,5.9,0.33,32.9,2.81,0.036,3,1,0
1152.0,44.66,37.5,0.0435,-0.0318,4.25,718.1,43.7,16.3,15.0,1.49,30.2,1.0,0.0,1,2,0
798.3,29.06,177.1,-0.0664,-0.0943,6.39,1175.9,19.7,93.8,216.5,25.29,89.7,38.47,0.072,1,3,1
255.7,24.16,250.6,0.0029,-0.0319,5.42,421.5,30.2,86.7,265.1,19.63,83.7,28.47,0.056,1,3,1
736.0,33.19,342.0,-0.022,0.0784,4.21,1473.8,595.2,0.7,0.9,0.05,32.5,1.4,0.0,3,2,0
1674.1,37.12,156.2,0.017,-0.0029,7.58,236.4,93.5,87.8,166.4,15.18,75.4,9.78,0.063,3,3,1
1485.3,52.68,154.5,-0.0203,0.018,2.55,1231.6,379.8,19.2,12.3,3.02,39.9,2.75,0.046,5,3,0
1419.6,30.57,46.0,0.0152,-0.0042,4.56,2063.6,191.4,134.3,394.7,24.07,81.0,20.17,0.109,1,1,1
576.6,37.52,333.5,-0.0682,-0.0053,5.77,246.2,333.4,4.3,7.1,0.53,32.1,0.0,0.025,1,1,0
1781.2,27.12,228.9,-0.1047,-0.1231,6.62,568.5,546.3,4.6,3.9,0.4,35.9,0.59,0.049,1,3,0
1976.5,19.76,1.1,0.0926,-0.0014,8.44,201.8,538.4,23.8,27.9,1.72,43.7,2.95,0.097,1,4,0
1561.5,29.16,101.7,0.0443,-0.0582,5.7,740.8,144.2,15.1,18.8,2.09,46.6,0.34,0.111,2,3,0
685.5,34.92,213.2,0.0126,0.0341,5.1,871.5,310.4,266.1,637.3,42.71,84.2,22.94,3.9,3,1,1
762.3,25.82,63.7,0.0624,0.0276,4.56,1065.3,275.4,103.4,176.9,28.01,83.9,26.6,0.071,1,1,0
986.0,34.08,241.0,-0.0408,-0.0579,6.51,2170.8,8.8,107.1,287.6,21.18,73.7,3.79,0.042,1,3,1
1814.7,25.74,222.9,0.0133,-0.0013,3.91,870.9,613.2,8.6,8.9,1.23,32.3,2.25,0.094,2,1,0
1176.8,42.84,90.8,0.0415,0.0452,6.69,396.7,101.2,190.8,532.7,25.92,77.9,11.26,0.0,1,1,1
1418.1,42.12,137.7,-0.0141,0.0383,5.02,2332.4,618.4,178.3,550.1,43.41,84.0,25.97,3.064,2,4,1
1044.9,51.72,149.9,-0.0686,-0.0319,4.36,2054.6,364.2,32.8,30.2,4.76,47.4,3.92,0.0,2,3,0
981.8,36.05,134.2,-0.0261,0.0182,2.0,601.0,395.4,106.2,230.5,28.76,76.2,13.8,0.105,3,1,1
1173.0,36.27,332.4,-0.0152,-0.0345,6.0,168.5,63.6,108.6,271.9,17.77,88.6,39.64,5.211,2,3,1
625.9,32.95,120.1,0.0803,-0.0417,6.07,507.6,141.4,3.8,4.0,0.29,33.0,3.65,0.017,2,3,0
986.9,23.72,344.0,-0.0722,-0.0411,6.45,3610.3,387.7,15.8,9.7,1.28,34.1,0.17,0.108,3,2,0
265.7,33.59,221.8,-0.0118,0.0587,7.01,491.3,64.3,15.4,15.1,1.3,30.6,4.44,0.113,1,2,0
1378.1,36.47,132.2,0.0049,-0.0315,4.69,700.3,37.8,2.7,1.4,0.31,24.9,3.47,0.01,3,2,0
1389.5,32.13,152.4,0.031,0.0416,5.29,878.7,422.1,86.4,177.5,13.84,76.7,11.86,0.031,4,1,0
868.2,57.26,167.8,-0.0099,-0.0359,4.9,222.0,320.8,8.7,10.5,0.9,46.0,0.0,0.018,2,3,0
1169.9,39.49,54.0,-0.032,-0.014,7.26,2215.6,154.0,0.7,0.4,0.06,35.4,2.68,0.063,1,3,0
1639.4,49.43,40.8,-0.0087,-0.061,3.32,389.0,483.1,173.1,362.7,50.09,76.1,13.21,0.023,5,3,1
1608.2,32.58,261.0,0.0288,0.0221,6.5,1836.8,40.1,27.6,34.4,2.16,35.6,2.58,0.0,3,1,0
1474.2,32.49,309.4,0.0513,-0.0222,5.42,1816.0,193.8,212.4,424.6,31.92,81.0,19.83,0.086,1,3,1
1041.5,38.42,188.2,-0.0894,0.0897,7.12,1619.0,858.0,69.0,218.1,22.57,87.6,29.28,2.468,2,3,1
1344.9,30.7,39.9,-0.09,-0.1584,6.8,3730.0,492.8,4.4,2.6,0.33,46.1,3.5,0.017,3,3,0
1873.1,40.7,129.7,-0.0416,-0.042,5.93,1408.8,88.3,87.5,131.7,13.42,70.6,2.09,0.087,4,2,1
1136.2,33.98,29.6,-0.0318,-0.1094,6.88,42.7,4.8,22.5,15.0,2.22,30.9,0.0,0.068,2,3,0
2309.1,44.8,5.6,-0.0068,0.0702,2.58,739.4,148.1,43.0,116.2,6.01,60.8,1.89,0.08,5,3,0
834.7,47.06,140.6,0.0474,0.0013,3.18,2643.1,1010.3,9.0,8.3,1.3,33.0,1.0,0.08,3,2,0
681.8,37.13,285.2,-0.07,0.0588,3.57,114.3,788.6,14.4,8.1,1.92,39.8,4.92,0.076,1,3,0
924.0,39.54,212.3,-0.0254,-0.0674,4.34,1225.5,140.5,1.5,1.2,0.13,27.4,1.3,0.054,2,3,0
1533.3,20.7,79.0,0.0627,-0.0284,3.79,715.9,213.4,0.9,1.4,0.13,36.2,1.61,0.0,2,1,0
420.0,24.85,47.9,0.0501,0.0478,9.12,1724.2,667.6,73.9,119.0,21.94,61.7,0.0,0.056,1,2,0
1735.9,30.34,323.9,0.0977,0.0324,5.66,1070.3,1018.4,5.3,5.7,0.77,37.2,3.63,0.024,2,1,0
1006.8,34.05,1.8,-0.0276,-0.0667,6.41,183.8,180.0,96.0,195.9,24.68,78.5,16.47,0.0,2,1,1
730.2,25.49,323.4,-0.0043,-0.0438,6.94,462.4,196.4,38.2,95.5,9.41,56.8,3.59,0.005,3,2,0
1508.9,41.22,157.5,0.0376,-0.0448,4.75,1908.5,55.0,13.1,7.9,1.17,36.8,2.52,0.021,4,1,0
896.8,38.67,157.4,0.0725,-0.0239,3.39,398.1,4230.8,8.0,7.1,0.64,38.3,2.8,0.033,1,4,0
1923.5,44.77,304.4,-0.066,-0.0042,3.43,944.3,359.7,13.4,10.6,1.01,28.0,2.69,0.065,2,2,0
280.0,39.4,113.6,-0.0062,0.0407,5.06,450.4,7.8,116.8,359.6,37.04,87.2,34.05,1.151,1,4,1
769.4,44.96,15.9,-0.0004,0.0158,6.02,421.1,199.8,45.1,82.2,6.59,50.7,2.62,0.061,2,3,1
1431.4,23.16,275.8,0.0658,0.0086,4.18,1023.0,199.3,49.5,142.5,6.67,74.4,3.71,0.043,3,2,0
1749.1,43.99,117.8,-0.0504,0.0191,5.48,317.3,59.7,4.9,6.6,0.33,29.6,2.56,0.107,4,3,0
1596.8,29.66,133.0,-0.0567,-0.0066,4.45,375.6,886.2,36.2,87.8,5.0,57.1,3.86,0.051,3,3,0
382.5,17.8,282.7,-0.0454,0.0146,4.49,2483.4,492.5,24.3,64.4,4.16,49.5,1.88,0.02,1,1,0
809.8,31.86,240.2,0.0723,0.0285,5.4,3574.0,178.7,24.2,30.1,2.58,49.4,3.97,0.098,1,3,0
1333.0,44.95,62.8,-0.0069,-0.0739,5.18,5845.5,1084.8,6.5,7.9,0.44,38.0,1.73,0.039,3,1,0
1817.8,32.38,253.9,-0.0379,0.0389,4.82,3212.5,71.2,95.9,164.7,22.36,72.5,1.81,0.01,3,2,1
1424.7,16.57,79.6,-0.0174,0.0038,6.43,4796.3,89.1,8.1,12.1,0.56,46.9,3.62,0.066,3,3,0
711.1,26.93,219.5,-0.051,0.0017,5.61,2316.5,745.4,97.9,187.1,13.72,77.2,9.51,0.052,1,4,0
623.1,34.71,226.0,-0.0107,0.0463,5.93,332.9,348.5,0.7,0.4,0.06,43.7,2.71,0.011,1,3,0
1349.2,39.18,169.7,0.0326,0.0196,4.57,1698.7,632.6,1.4,2.3,0.2,38.4,2.4,0.022,3,2,0
1546.1,45.03,198.0,-0.0961,-0.0165,3.5,3956.6,1890.9,247.5,392.5,44.03,79.9,12.45,0.019,2,3,1
1301.5,36.73,212.5,0.0334,0.0606,4.26,423.3,255.2,10.4,16.7,0.98,43.7,2.6,0.074,1,4,0
1670.4,48.71,130.0,-0.0752,0.0016,3.52,1109.5,379.1,177.2,398.6,48.36,85.7,22.58,2.586,3,2,1
279.8,44.61,214.3,-0.0414,0.0218,5.04,613.0,170.1,89.4,196.1,29.66,84.4,22.59,2.332,4,3,1
1291.4,46.75,83.8,0.0557,-0.0755,3.24,771.7,274.3,145.6,359.6,19.79,75.4,7.17,0.061,4,3,1
1545.9,29.0,307.2,0.0454,0.0369,5.77,1009.7,885.7,13.7,16.1,1.08,46.5,2.67,0.046,2,1,0
1490.1,46.54,36.9,-0.0031,0.0372,3.12,606.2,217.5,0.9,1.1,0.09,32.8,2.75,0.083,1,2,0
1284.4,43.88,2.6,0.004,-0.022,5.18,114.0,81.5,51.7,157.8,11.57,63.2,0.0,0.04,3,1,0
1787.7,41.95,215.5,-0.073,-0.0401,4.98,368.2,186.4,35.6,81.0,6.2,52.9,2.02,0.158,5,4,0
1742.7,35.4,244.3,-0.0301,-0.0053,4.66,2778.6,318.4,14.0,13.8,1.6,45.8,0.85,0.0,1,1,0
417.0,31.36,350.2,-0.0924,-0.0543,7.75,1322.6,14.9,25.4,24.9,4.05,37.6,2.35,0.021,1,2,0
1352.1,45.6,49.4,0.0748,-0.0871,7.39,468.4,362.3,62.6,180.9,13.81,91.9,42.02,2.929,2,3,1
1367.5,41.5,317.4,0.0073,-0.0818,3.53,365.6,432.0,6.6,9.8,0.89,37.7,2.38,0.016,2,4,0
251.7,47.23,46.8,-0.0689,0.0091,3.02,2303.4,237.5,1.8,2.8,0.2,35.9,3.33,0.064,1,1,0
2363.4,37.7,293.2,0.0232,-0.0482,7.11,1398.9,512.1,171.7,468.4,49.75,74.8,0.0,0.07,5,1,1
664.2,3.15,246.1,-0.0019,-0.0263,8.13,859.8,293.7,1.2,0.8,0.09,28.4,1.64,0.073,1,1,0
2330.4,52.03,30.4,0.0288,-0.0502,5.75,1480.9,43.4,37.6,41.9,3.03,58.2,4.08,0.04,4,2,0
416.4,29.02,281.6,-0.0894,-0.0483,6.14,1969.5,84.6,13.7,10.6,1.27,38.5,2.25,0.041,1,1,0
667.0,31.92,7.9,0.0604,0.0406,5.48,444.1,29.0,7.9,9.3,1.28,35.0,4.54,0.064,3,3,0
995.4,28.49,147.6,-0.013,0.0216,8.57,822.5,42.5,6.0,10.3,0.48,37.0,4.65,0.041,4,2,0
525.5,52.35,105.8,0.1118,-0.0551,2.0,601.0,1138.5,2.3,2.7,0.22,24.4,0.0,0.052,1,2,0
480.9,36.68,192.2,-0.0897,-0.055,7.65,1487.8,1026.4,14.2,15.9,1.02,36.7,2.44,0.032,1,2,0
554.3,29.17,43.3,-0.0218,-0.016,3.8,11.9,269.1,60.4,97.0,14.64,67.3,0.98,0.101,1,3,0
1992.6,38.77,153.4,-0.1267,0.0695,7.55,961.0,605.3,10.3,13.8,1.44,31.3,3.01,0.023,2,4,0
1285.3,46.17,168.3,0.0202,0.0073,4.76,455.2,869.0,5.0,3.1,0.8,37.5,1.32,0.09,3,2,0
1888.4,33.4,233.8,0.0379,-0.0383,5.42,230.5,169.5,37.5,62.7,4.84,56.5,1.59,0.047,2,4,0
791.0,55.84,290.7,0.0138,0.046,5.83,2927.2,123.2,1.0,1.3,0.08,41.5,1.83,0.126,2,4,0
1406.0,39.29,189.4,-0.0395,0.0178,3.0,1332.2,84.7,141.3,433.4,24.43,78.8,16.4,0.045,3,3,1
386.0,27.77,246.3,0.0852,0.0224,3.85,662.8,140.2,10.6,8.1,1.07,25.1,0.0,0.011,1,3,0
1313.3,44.73,198.5,-0.0015,-0.0692,3.82,125.4,431.8,12.4,18.3,1.35,45.9,3.17,0.047,3,4,0
1820.6,34.02,35.3,-0.0009,0.045,5.21,290.2,229.6,13.6,15.7,1.03,35.5,1.6,0.081,2,4,0
812.9,30.33,226.3,0.0352,-0.0513,7.1,1364.4,594.7,14.5,16.3,2.32,35.5,0.63,0.047,3,4,0
807.5,31.24,214.4,0.0213,0.0493,4.68,835.2,107.3,10.4,9.4,0.7,41.0,3.23,0.019,3,1,0
716.3,24.5,200.5,-0.0894,-0.0448,6.98,106.6,148.5,50.0,124.3,6.27,65.8,0.0,0.008,1,1,0
1442.3,41.27,260.7,-0.0506,0.0128,3.94,813.0,106.6,73.2,174.7,10.64,83.2,20.44,0.306,2,3,1
1812.4,26.16,345.7,0.0189,0.0981,7.27,1612.1,1712.6,1.5,2.5,0.17,45.4,1.68,0.041,2,3,0
1439.9,43.69,269.4,0.0351,-0.041,5.19,1100.2,121.4,90.4,225.2,21.51,81.7,15.62,0.053,3,4,1
1184.4,40.6,146.1,-0.0353,0.1591,2.67,145.2,1021.6,3.9,6.0,0.39,37.9,1.75,0.055,2,3,0
605.9,24.6,18.0,-0.0304,0.052,6.41,914.4,224.2,74.9,123.5,13.58,70.9,2.37,0.08,1,4,0
1175.4,44.94,334.4,-0.1125,-0.0485,2.52,896.7,304.3,5.5,7.6,0.66,37.3,1.01,0.04,4,4,0
2047.3,42.63,315.0,0.0182,0.0837,2.16,3276.2,203.3,5.7,8.7,0.77,45.9,0.0,0.065,5,3,0
641.8,40.28,43.8,0.0505,0.0372,6.92,2087.2,599.3,33.6,87.5,8.38,62.6,0.0,0.099,3,4,0
1415.4,35.89,69.0,0.0182,0.0112,6.22,2377.9,203.3,122.9,361.1,32.71,90.7,44.01,0.207,3,1,1
424.4,32.41,27.2,-0.0814,-0.0318,5.76,156.3,228.4,9.7,7.6,0.85,34.0,0.42,0.012,1,3,0
1540.7,50.46,310.9,0.04,-0.0112,2.0,600.7,449.3,120.9,380.2,36.52,80.9,16.82,0.121,4,3,1
1953.0,28.85,344.2,0.023,-0.0222,9.06,2446.7,236.1,196.5,392.9,55.51,75.7,9.1,0.037,2,4,1
1982.0,22.56,337.9,0.0147,-0.0178,6.22,769.1,152.5,11.5,18.9,0.77,37.9,2.91,0.026,3,3,0
630.7,31.68,319.3,0.0707,0.0022,4.3,528.6,27.2,72.9,72.6,11.84,54.9,3.57,0.086,3,2,0
1219.6,44.12,52.1,0.0218,-0.0223,2.0,290.5,42.1,7.6,8.0,0.72,33.1,2.85,0.033,3,4,0
337.3,27.55,353.1,0.005,-0.0397,5.52,360.2,72.7,8.0,14.2,0.67,45.4,4.34,0.019,1,3,0
1262.6,35.36,103.6,0.0404,0.0308,3.78,325.6,50.1,99.0,200.1,19.01,81.8,19.89,0.052,2,2,1
1222.5,43.51,319.3,-0.0171,-0.0601,4.83,501.1,151.0,13.2,11.4,1.5,30.6,2.2,0.0,3,1,0
1414.3,35.13,8.6,0.0154,0.0245,5.31,241.3,121.7,8.6,7.3,1.08,35.0,2.52,0.081,2,1,0
1503.7,36.48,56.3,-0.0309,0.044,5.03,2635.3,301.4,15.7,24.7,1.04,38.5,1.81,0.0,4,1,0
79.7,19.76,309.1,-0.0339,-0.0196,9.03,4887.6,1304.1,89.3,219.2,14.39,88.4,42.15,0.0,1,4,0
344.7,31.62,81.9,-0.0045,-0.0114,5.87,2065.4,362.5,31.5,19.4,2.97,42.8,3.49,0.059,1,3,0
816.3,31.12,10.0,-0.0697,0.0371,5.23,706.3,398.7,92.5,252.8,12.35,70.7,1.36,0.067,1,3,1
985.8,40.11,48.4,0.0306,-0.0453,4.17,1054.0,208.3,10.2,18.0,1.62,37.3,0.0,0.0,1,3,0
1509.7,44.84,145.3,-0.1196,-0.1329,6.8,455.4,1471.1,76.4,182.5,20.44,82.2,18.15,2.112,1,3,1
2117.8,43.71,247.8,0.0111,-0.057,6.68,2231.7,63.9,9.8,14.2,0.84,36.8,3.51,0.058,3,1,0
1839.5,52.04,343.7,-0.0926,-0.0018,3.43,1692.3,26.1,3.0,3.6,0.21,30.7,0.37,0.11,5,1,0
1628.9,46.58,144.5,0.0442,-0.0934,3.82,252.8,1227.6,177.2,532.6,57.06,85.6,33.14,2.459,5,2,1
1373.8,31.88,102.9,0.0589,0.035,7.31,1343.4,1024.1,73.1,147.0,11.52,71.2,0.09,0.102,1,2,0
936.8,28.69,178.8,-0.0446,0.0372,6.53,3014.4,513.7,8.4,13.0,1.15,40.2,0.0,0.072,2,4,0
666.8,35.88,12.4,-0.0496,-0.0355,6.29,327.3,113.9,25.3,25.0,1.7,41.6,2.8,0.086,1,4,0
473.8,25.35,147.2,-0.0785,0.0022,6.66,5694.0,197.9,291.9,456.5,65.71,84.6,28.35,0.109,1,3,1
1664.6,52.37,139.8,-0.0805,0.0419,6.01,637.9,685.0,3.2,4.6,0.26,36.3,1.24,0.056,5,1,0
981.5,11.72,276.1,0.0351,0.029,6.69,103.4,361.3,60.8,174.1,8.6,71.0,3.23,0.046,2,3,0
532.4,17.05,164.2,-0.0203,0.0388,7.53,842.6,571.8,2.9,3.2,0.2,34.3,0.05,0.111,1,4,0
553.2,47.55,72.3,0.0095,-0.0746,8.04,1088.1,440.8,5.8,7.4,0.4,36.1,0.0,0.018,1,2,0
1045.5,24.89,106.1,0.0217,0.0339,6.73,268.5,35.7,11.0,10.5,0.95,35.2,1.88,0.011,1,1,0
1192.1,35.23,22.1,0.0239,-0.0177,4.1,90.7,151.2,7.6,4.7,1.06,32.9,1.13,0.09,1,1,0
1872.4,36.5,154.6,0.0007,-0.0172,4.77,222.5,444.6,60.4,145.9,8.35,79.6,18.55,0.01,4,1,1
443.1,20.08,59.6,-0.0556,0.0182,2.18,2423.8,364.4,42.1,130.5,9.92,72.8,0.54,0.107,1,4,0
1572.2,38.82,246.3,-0.0353,-0.0377,7.89,449.7,10.4,67.7,150.6,10.63,61.4,0.34,0.046,1,2,0
1352.6,31.92,49.3,0.0439,0.0199,4.43,1165.7,85.7,18.0,21.4,2.32,44.7,2.4,0.022,3,1,0
1339.0,16.66,345.6,0.0122,0.0413,6.49,629.4,284.4,14.3,14.8,1.58,40.7,1.36,0.0,2,4,0
2020.4,37.76,204.5,-0.008,-0.0908,6.93,412.1,368.6,39.3,52.5,2.82,40.6,3.81,0.0,4,2,0
1087.2,29.72,205.9,0.1091,-0.0579,4.52,123.4,482.8,12.9,19.2,1.98,46.7,1.99,0.068,1,3,0
589.9,27.86,211.2,0.0693,-0.0251,6.26,514.4,110.8,35.2,39.7,3.24,40.7,3.78,0.006,1,3,0
1528.9,29.27,221.0,0.0148,-0.0194,5.65,1643.1,69.4,66.7,135.3,9.13,63.4,2.42,0.139,1,1,0
975.2,24.84,5.2,-0.0153,-0.0282,5.2,135.1,85.4,121.7,347.8,17.35,80.1,16.14,0.012,1,2,1
1098.8,36.62,32.8,-0.0636,-0.0293,6.96,155.4,6.7,9.0,9.2,0.77,42.9,0.57,0.078,1,1,0
381.9,22.39,229.5,-0.0237,-0.0889,7.93,2002.9,87.9,2.0,1.2,0.16,40.7,4.66,0.013,1,2,0
614.0,21.61,60.9,-0.0032,0.0244,5.59,2758.9,164.8,6.6,9.4,0.47,33.5,4.81,0.048,1,2,0
469.3,31.91,27.2,-0.0182,0.0311,3.47,729.0,1082.1,42.9,73.9,3.22,47.3,2.46,0.047,1,4,0
2037.8,44.48,218.6,-0.0009,-0.1005,5.37,3172.8,278.3,80.0,181.0,11.96,86.6,34.79,1.544,5,4,1
1627.6,35.37,284.2,0.024,-0.0001,5.07,1292.9,1196.8,14.4,20.1,1.98,43.8,0.0,0.112,3,3,0
639.8,41.24,98.4,-0.0232,-0.0356,4.92,42.9,568.3,0.7,0.9,0.08,51.5,0.21,0.11,2,1,0
486.9,28.18,120.9,-0.0055,0.0936,3.92,460.0,113.7,4.9,5.4,0.49,43.6,2.19,0.042,2,1,0
1405.1,31.61,126.2,0.0588,-0.0261,7.5,11.4,11.7,278.3,827.7,62.23,88.9,35.31,0.053,3,3,1
870.1,39.75,313.9,0.0542,0.0686,5.55,632.8,586.0,1.6,2.6,0.11,31.6,5.51,0.024,2,2,0
571.5,33.0,266.9,0.0128,-0.0195,6.21,820.3,181.0,88.9,270.6,14.88,76.4,10.84,0.11,4,2,1
1861.2,48.17,174.7,-0.0868,-0.0132,6.18,1455.3,712.6,1.3,1.9,0.19,30.5,2.01,0.105,4,1,0
640.7,38.04,239.6,-0.0198,-0.0453,5.34,482.1,402.7,14.6,16.9,1.49,36.0,2.91,0.088,1,3,0
1286.1,32.89,155.9,0.0277,-0.0374,5.57,671.8,167.4,27.7,62.0,6.88,46.8,1.06,0.099,3,2,0
580.0,22.6,71.6,0.0586,-0.0015,5.86,2050.2,37.1,8.4,5.1,0.63,35.8,3.65,0.044,3,4,0
1318.3,38.69,142.1,0.0443,-0.0124,5.72,190.4,59.4,39.6,78.7,5.74,58.4,1.63,0.086,1,1,0
1171.8,12.98,74.3,-0.0275,0.0909,6.91,483.8,156.8,11.8,13.3,0.79,27.9,3.24,0.031,2,2,0
2074.2,47.6,89.0,-0.1031,-0.0289,4.47,255.6,409.9,19.7,16.7,2.22,39.7,0.0,0.093,5,4,0
1906.0,29.67,273.7,-0.0356,-0.0558,5.97,686.7,316.9,3.1,4.1,0.31,44.7,1.29,0.019,2,4,0
921.8,39.39,168.2,-0.0283,-0.0194,5.85,3666.4,65.6,1.6,1.0,0.14,35.0,4.84,0.049,1,3,0
995.7,39.83,107.6,-0.0309,-0.0217,6.49,617.1,465.7,153.6,287.2,24.38,75.1,8.32,0.058,1,2,1
1088.7,46.7,101.6,0.0157,-0.0592,4.67,222.5,392.2,148.2,445.6,22.84,83.1,25.48,1.861,2,2,1
495.4,43.65,273.5,-0.0259,0.0276,3.57,973.7,833.6,61.9,154.0,9.91,75.1,7.15,0.0,3,3,0
1066.3,35.65,70.7,-0.0035,-0.0375,6.84,83.3,23.6,58.9,98.6,4.1,52.1,1.68,0.011,2,1,0
1138.2,36.17,164.4,-0.0463,-0.0129,4.89,1685.6,297.3,11.8,16.1,1.73,37.2,3.6,0.055,2,1,0
572.0,26.48,242.0,0.0004,0.0231,4.37,94.1,59.8,43.0,84.1,10.71,54.9,1.44,0.007,1,3,0
935.4,7.68,254.6,-0.0768,-0.0012,7.51,804.4,89.1,21.4,28.8,1.65,35.0,3.97,0.038,1,3,0
1228.2,48.79,13.8,0.0067,0.013,3.61,169.4,330.4,5.7,9.1,0.49,29.7,0.49,0.078,2,3,0
1645.1,25.81,138.7,-0.0715,-0.0876,7.49,2473.4,123.1,29.0,49.5,2.38,45.3,0.92,0.03,3,3,0
1568.9,59.65,265.7,0.0082,-0.0427,2.0,3232.7,140.1,69.9,125.5,10.96,68.8,4.28,0.066,5,4,1
574.8,30.56,41.8,0.1028,0.0256,6.04,23.3,47.8,18.4,19.5,2.17,49.3,2.98,0.023,3,3,0
852.6,23.74,11.3,0.0544,-0.0577,4.07,755.2,668.5,21.1,11.6,2.08,36.6,3.94,0.068,3,2,0
694.5,28.73,231.0,0.0023,-0.0418,4.97,849.1,380.5,144.6,354.6,22.27,78.1,12.03,0.103,4,2,1
712.8,17.98,155.6,-0.0109,-0.0671,5.36,687.7,23.8,24.5,55.0,3.27,45.7,0.4,0.111,1,4,0
1652.0,34.39,175.8,0.074,0.0231,6.54,415.3,819.9,9.0,13.3,1.02,41.4,3.34,0.0,5,1,0
1035.1,30.23,75.0,-0.0785,0.0651,6.64,1795.3,17.0,1.0,1.5,0.09,38.8,2.43,0.009,3,3,0
1217.2,42.91,85.9,-0.0842,0.0757,7.34,2052.8,293.7,4.0,5.6,0.33,41.8,3.18,0.009,3,1,0
1027.6,28.35,250.9,0.0055,0.0209,7.72,456.7,378.2,110.9,289.6,17.17,75.0,2.25,0.082,2,3,1
1224.5,46.43,107.4,0.0713,-0.0693,4.33,1505.3,852.2,130.5,265.5,21.17,90.8,34.08,6.49,4,2,1
1535.1,29.92,306.2,-0.0014,-0.0105,2.0,248.6,482.3,7.4,7.4,0.73,31.3,2.92,0.073,4,3,0
1590.4,49.79,160.3,0.026,0.0225,4.54,1720.1,53.5,2.6,3.6,0.24,44.5,1.08,0.104,2,4,0
1387.9,28.03,126.2,0.0038,-0.1177,5.85,2872.0,112.0,113.5,192.2,21.52,78.0,16.1,0.085,1,1,0
824.2,26.85,300.2,0.0337,-0.0283,6.67,3513.1,36.7,3.5,2.3,0.24,43.2,1.87,0.097,1,4,0
1553.1,34.19,172.1,-0.0789,0.0905,2.52,858.1,290.8,1.2,1.5,0.11,30.5,1.08,0.044,1,4,0
2407.4,33.36,219.6,-0.0739,-0.0965,5.71,418.1,133.3,2.8,2.5,0.19,37.4,2.19,0.0,4,1,0
1588.6,28.79,204.4,-0.0115,0.0426,6.74,2130.7,9.3,103.4,235.9,25.57,74.4,3.58,0.028,2,4,1
1768.5,29.22,270.4,0.0185,-0.0801,5.81,1369.3,14.0,12.4,23.5,2.26,42.7,1.07,0.074,3,1,0
918.5,35.29,350.4,-0.0005,-0.0268,5.38,956.1,278.3,112.5,266.7,20.31,80.7,15.93,0.0,1,3,1
1291.3,28.64,30.7,0.0527,-0.0305,5.03,2203.1,797.1,25.4,14.5,3.69,27.9,1.3,0.056,2,2,0
1116.3,38.47,228.7,-0.0035,0.0246,4.0,18.1,240.6,9.6,10.2,0.99,35.8,0.0,0.095,3,2,0
1023.5,45.08,39.4,-0.0532,0.0528,4.26,312.0,37.8,53.1,167.2,8.64,87.3,25.86,4.698,3,4,1
627.0,43.95,313.2,0.0271,0.0491,4.88,321.2,23.9,155.4,414.6,22.38,81.4,18.55,0.031,1,1,1
841.5,34.55,104.3,0.018,-0.0422,2.76,45.9,456.5,16.4,12.7,1.19,33.8,2.94,0.0,2,1,0
2064.1,37.96,88.1,-0.0883,0.0711,4.36,2777.5,75.6,86.0,231.0,19.57,84.4,28.42,0.237,5,3,1
1330.9,25.88,253.1,-0.0235,-0.0504,3.63,528.8,631.7,37.2,86.3,5.29,55.3,1.39,0.052,2,2,0
2167.1,41.93,75.4,-0.0731,-0.0384,2.49,297.8,183.8,71.0,140.0,11.91,73.1,2.87,0.032,4,2,0
1081.3,42.36,163.3,0.0523,0.0605,2.87,2263.5,310.3,74.6,174.3,23.19,73.3,1.72,0.107,2,3,0
1744.7,39.22,76.4,0.0168,-0.0947,4.53,1344.7,499.7,107.3,295.0,22.66,87.0,29.39,0.46,4,1,1
223.9,30.71,280.5,-0.0216,0.0019,5.21,1349.7,558.7,34.0,43.0,4.26,47.5,3.86,0.115,1,2,0
1941.3,29.49,284.1,0.0117,0.085,4.64,22.8,278.0,113.3,295.1,19.31,75.2,6.05,0.068,4,2,1
1519.8,39.57,42.5,-0.0937,0.0569,3.64,239.9,63.0,0.3,0.5,0.04,31.3,2.05,0.047,2,1,0
321.0,12.97,205.5,0.0266,0.0057,7.24,3493.1,501.0,95.0,301.5,14.54,92.2,30.79,0.048,2,3,1
1646.4,43.62,37.4,-0.061,0.0282,3.29,528.8,241.1,78.5,126.7,10.85,65.8,0.86,0.041,3,4,0
2123.2,47.09,96.3,0.017,-0.0631,3.4,932.7,39.3,0.3,0.4,0.03,33.7,1.78,0.0,5,3,0
958.4,44.69,262.8,-0.0083,0.0363,3.9,15.7,263.8,0.8,0.8,0.09,30.0,3.33,0.0,3,4,0
1026.5,42.83,338.8,0.0211,0.0036,6.08,1173.3,546.7,9.5,7.7,0.64,40.5,5.43,0.082,2,4,0
731.2,34.39,340.8,0.0742,0.0122,5.45,2993.7,190.9,1.4,1.9,0.11,36.8,1.5,0.079,1,2,0
1920.8,36.18,31.1,0.0412,0.0189,5.57,108.0,208.9,2.7,1.7,0.36,34.1,1.41,0.091,4,4,0
1422.6,46.91,75.0,-0.0204,-0.054,4.76,357.9,128.7,75.2,211.6,11.74,86.9,21.67,1.244,2,4,1
1834.3,41.38,308.3,-0.0295,0.0649,5.3,4116.9,655.8,2.4,1.4,0.16,34.7,1.74,0.041,3,3,0
1197.3,39.54,63.4,-0.0089,-0.002,5.91,539.8,363.2,31.0,95.6,7.31,53.3,0.99,0.026,2,4,0
1584.4,23.96,151.4,-0.0079,0.028,5.13,2067.3,326.6,8.1,11.9,0.94,52.9,2.67,0.0,2,1,0
1867.2,17.98,230.4,-0.0322,0.0272,8.15,926.9,53.4,15.8,18.4,1.68,41.2,3.07,0.075,1,3,0
794.6,17.69,338.7,0.0069,0.0799,7.5,5617.7,1481.0,86.2,245.9,13.17,74.9,2.65,0.0,3,4,0
1556.0,32.58,285.3,0.0123,-0.0091,7.11,249.5,167.2,0.3,0.3,0.04,37.8,4.99,0.105,3,1,0
511.8,30.83,213.3,0.0453,0.004,4.97,1284.9,154.0,67.7,115.9,14.26,61.7,0.0,0.0,3,2,0
1161.8,34.28,24.3,0.0317,0.0636,4.46,1509.5,971.7,82.6,172.8,16.75,88.9,38.78,0.606,2,1,0
1218.4,23.29,65.1,-0.0151,0.0556,6.6,72.6,17.0,4.7,4.4,0.35,38.4,2.14,0.07,4,3,0
1675.7,32.35,308.8,-0.0617,-0.0621,7.37,859.3,184.6,2.2,3.0,0.17,41.5,1.85,0.105,1,4,0
961.7,31.74,189.6,-0.0564,-0.0619,6.92,600.0,52.7,39.3,83.1,5.8,61.8,1.68,0.087,2,3,0
1918.0,30.09,356.5,-0.03,-0.0714,3.09,169.1,397.2,7.7,5.5,0.69,38.2,2.98,0.07,2,1,0
611.5,15.48,297.7,0.0431,0.0651,6.7,464.5,28.8,8.5,13.5,0.66,41.7,1.26,0.061,1,3,0
1361.5,35.58,70.3,0.0227,-0.0047,4.73,2441.6,231.1,34.2,57.3,7.84,47.9,3.02,0.049,2,4,0
1156.5,28.2,193.0,0.0081,-0.0785,4.6,862.4,12.4,54.8,135.1,7.86,72.8,2.21,0.019,2,3,1
1872.7,15.84,320.8,0.0075,-0.0122,7.89,183.6,173.8,52.9,136.9,13.11,70.8,0.31,0.061,2,2,0
705.7,24.32,219.1,-0.0373,-0.0444,6.12,215.4,260.5,29.9,52.1,2.2,49.4,0.83,0.053,2,4,0
909.4,37.91,243.4,0.0037,0.0622,3.76,2641.5,540.5,2.6,4.1,0.35,30.4,1.82,0.04,1,1,0
1024.3,54.59,268.4,0.0469,0.0781,3.45,1173.8,902.2,3.9,2.6,0.57,37.7,0.0,0.01,2,3,0
798.7,26.47,294.3,0.0694,0.0259,5.86,3206.4,286.1,1.5,2.0,0.14,40.2,2.17,0.077,1,3,0
466.7,25.54,179.1,0.0266,-0.0031,5.15,592.3,5.4,53.6,74.8,4.94,51.3,4.58,0.061,1,2,0
963.6,25.31,221.2,-0.1111,0.0144,4.09,1901.1,248.8,111.1,282.3,29.05,88.0,36.4,0.0,1,4,1
2012.8,37.42,266.5,-0.0349,-0.011,2.0,2401.8,6.1,170.3,416.2,25.45,79.4,17.08,0.025,4,4,1
1861.5,48.46,128.5,-0.0655,-0.0303,3.4,1371.5,544.2,14.8,18.9,1.23,28.3,0.0,0.069,2,3,0
1360.6,30.31,43.0,0.0226,0.0331,2.9,236.5,28.2,126.4,395.8,23.13,75.6,9.67,0.063,2,1,1
1529.3,24.62,243.5,-0.0212,-0.0526,4.19,1225.2,414.6,9.1,11.2,0.85,39.1,2.84,0.041,1,3,0
792.2,40.96,136.2,-0.0168,-0.0349,2.05,17.7,324.4,8.7,6.9,0.65,48.0,0.92,0.045,3,1,0
1528.2,39.3,118.0,-0.0963,0.0267,4.24,2824.3,450.0,6.9,10.2,0.49,39.0,0.74,0.0,3,2,0
1285.4,40.68,261.2,-0.0404,-0.0917,4.65,412.1,1502.5,47.1,94.8,8.47,55.8,2.55,0.152,2,1,0
702.6,19.08,162.0,0.0234,-0.0087,6.67,3407.4,200.0,3.9,6.9,0.43,33.4,0.56,0.08,1,1,0
238.8,20.8,1.8,-0.0679,-0.0601,7.65,1358.7,1153.3,6.1,5.7,0.42,41.3,1.54,0.102,1,1,0
352.2,32.54,51.1,0.0553,-0.0409,4.6,2523.8,864.0,6.9,11.4,1.05,42.9,1.33,0.0,1,3,0
2470.7,58.92,317.8,0.0113,0.0111,5.91,48.0,262.2,1.2,1.4,0.12,34.6,0.0,0.002,4,2,0
1542.9,37.51,175.0,-0.0453,-0.0198,3.71,188.4,205.6,61.1,112.9,9.05,64.3,3.88,0.029,2,1,1
830.7,38.45,37.7,-0.0013,0.0233,3.54,1077.6,90.6,26.5,30.8,3.1,48.1,1.63,0.068,1,1,0
782.5,21.1,140.9,-0.0168,0.0462,7.57,2582.2,392.9,260.0,562.2,48.66,81.5,23.96,0.033,1,3,1
1173.4,24.71,239.8,-0.0211,-0.0419,7.24,527.0,315.0,9.1,6.6,0.81,33.4,1.74,0.012,1,4,0
1787.0,31.22,72.5,0.047,-0.0414,5.27,2747.9,80.0,1.0,1.2,0.12,29.3,0.0,0.0,2,1,0
1226.8,23.95,325.3,0.0408,0.0282,4.37,1078.8,613.0,5.0,5.4,0.55,30.3,3.89,0.01,1,1,0
1530.5,30.01,232.8,0.0216,0.0216,9.08,1001.4,201.4,161.2,360.3,22.37,88.1,31.31,0.057,3,2,1
1107.1,32.87,243.1,0.0549,-0.1224,7.07,732.5,12.7,90.2,228.2,21.13,89.9,38.46,1.691,1,1,1
900.2,27.66,251.7,-0.0316,0.0738,6.04,1027.9,1043.5,0.9,0.7,0.13,32.6,2.26,0.122,4,1,0
1024.4,29.86,72.9,0.0387,-0.0008,6.59,656.4,237.8,24.2,41.3,2.54,38.6,2.64,0.059,3,3,0
1420.1,39.33,276.7,0.0579,-0.002,5.25,3583.3,74.7,130.9,215.8,19.63,79.4,18.58,0.009,2,3,1
279.1,21.94,206.1,-0.0297,0.0591,5.72,1556.6,78.1,19.6,47.8,3.22,45.8,3.64,0.036,1,4,0
565.0,35.96,285.8,-0.0053,-0.0135,3.36,303.9,87.6,155.8,245.2,21.62,80.6,20.16,0.029,1,4,1
1285.6,57.75,176.1,0.0754,-0.0519,2.0,597.1,779.7,23.8,17.8,1.73,35.8,3.18,0.013,5,1,0
1449.0,41.11,242.3,0.0369,0.0409,6.26,297.4,30.2,176.0,330.8,34.93,78.6,15.66,0.068,2,1,1
1312.8,42.46,46.7,0.0707,0.0163,3.75,4052.1,548.7,70.2,121.1,10.92,63.1,0.11,0.043,3,2,0
1226.0,36.2,40.5,0.0271,-0.0695,4.84,1238.7,187.6,0.4,0.5,0.07,33.2,2.25,0.09,1,4,0
937.2,35.43,258.7,-0.0411,0.0377,3.69,934.9,476.8,96.5,151.3,16.29,72.2,2.19,0.0,3,1,0
1355.0,39.84,59.5,0.0714,0.0046,4.18,2892.5,28.5,0.3,0.2,0.03,28.4,1.14,0.031,3,4,0
1947.2,41.8,288.1,0.0573,-0.0293,3.82,1533.4,156.9,0.6,1.0,0.05,29.2,1.34,0.012,5,2,0
1458.6,35.13,165.3,-0.0148,0.0387,5.21,85.2,25.8,94.4,256.5,17.75,88.0,35.48,1.407,3,3,1
1007.9,53.86,74.5,-0.0772,-0.0041,3.3,791.1,56.4,3.2,5.4,0.33,37.5,0.0,0.049,2,1,0
1748.4,31.87,175.5,-0.0169,-0.0176,4.15,806.1,5.6,17.0,25.5,1.2,33.7,3.96,0.04,3,4,0
1726.6,24.77,192.3,-0.0077,0.0671,5.73,1204.6,456.6,11.6,34.5,1.47,44.0,4.57,0.037,3,4,0
1095.2,34.4,42.6,0.0147,-0.0753,7.59,723.0,39.7,66.3,146.9,17.83,70.9,3.83,0.086,2,3,0
1451.8,35.59,359.4,-0.0441,-0.0373,3.55,948.3,26.5,180.5,379.8,29.7,79.8,20.22,0.035,2,4,1
1113.5,32.28,330.5,-0.053,0.1211,5.65,3459.3,991.8,10.5,12.6,0.86,35.7,3.33,0.075,3,4,0
1459.5,26.24,146.2,0.0056,0.0059,7.07,317.9,100.8,6.5,8.8,0.77,35.1,0.28,0.094,2,4,0
1215.1,32.72,313.7,0.0374,0.0752,2.42,531.9,290.5,111.4,322.0,15.22,83.3,20.39,0.856,3,3,1
1559.0,32.43,190.9,-0.0141,0.0945,5.71,70.1,217.7,28.3,40.2,3.35,42.4,2.49,0.106,3,1,0
1658.6,20.36,55.2,0.119,-0.0461,7.31,3194.5,188.1,186.1,531.6,29.7,70.3,2.31,0.064,3,2,1
970.3,34.71,122.7,0.0204,-0.0072,4.28,140.2,253.3,35.5,35.7,3.81,44.3,0.56,0.092,2,3,0
1855.1,21.0,92.3,-0.0308,-0.0108,7.57,450.2,31.3,18.2,17.1,1.44,40.1,1.37,0.071,2,2,0
1476.4,23.19,290.6,-0.0276,0.0327,4.24,729.2,1223.6,67.9,131.9,9.77,73.7,1.43,0.0,1,2,0
1441.5,33.67,310.2,0.0127,0.0081,5.93,44.4,95.2,41.5,91.9,10.43,64.2,0.13,0.0,2,2,0
2237.4,27.21,356.8,-0.0407,-0.0062,4.52,496.8,146.6,118.8,319.7,18.27,70.3,2.29,0.017,2,2,1
1500.2,36.59,176.0,0.0155,0.0139,5.45,978.6,84.7,47.6,116.4,7.33,76.3,9.17,0.068,4,2,0
866.0,39.86,194.6,-0.0354,0.0011,7.73,2536.3,647.6,15.3,20.7,1.11,41.0,2.33,0.043,5,3,0
833.4,23.45,0.1,0.0218,0.016,6.93,2207.3,367.7,58.9,187.1,10.25,82.8,16.02,0.032,2,2,0
517.4,30.42,139.4,0.0358,-0.0479,8.56,380.1,234.8,7.6,10.5,0.54,38.0,0.39,0.061,1,2,0
1136.2,23.29,265.5,0.119,-0.0525,6.69,2519.9,170.3,7.8,7.6,0.78,39.9,3.54,0.097,3,1,0
1522.9,39.67,153.2,0.0498,0.0442,3.63,428.3,662.3,35.4,64.4,5.6,57.7,0.51,0.05,4,2,0
477.6,38.07,134.3,0.0261,0.0092,2.5,561.6,215.0,16.0,24.5,2.17,40.4,4.13,0.073,2,3,0
944.4,30.49,289.6,-0.044,-0.0144,4.79,1444.6,742.4,0.3,0.2,0.05,26.9,0.0,0.033,1,2,0
1007.1,44.22,180.4,-0.0121,-0.0784,4.19,3776.0,898.2,27.5,15.2,1.88,44.8,1.41,0.029,1,1,0
1439.0,35.33,343.9,-0.0601,-0.0929,6.63,676.2,210.6,45.1,78.6,6.79,44.2,2.29,0.072,2,1,0
964.5,33.53,329.2,0.0123,0.0054,7.69,932.1,136.5,4.2,6.6,0.58,32.9,0.88,0.048,1,2,0
1643.1,36.82,286.9,0.042,-0.0494,6.31,874.7,243.3,38.0,69.1,12.32,48.2,4.42,0.003,3,3,0
799.5,42.72,308.1,-0.0272,0.0515,6.12,430.4,121.4,10.0,7.4,0.79,32.6,1.22,0.088,3,1,0
691.8,27.31,170.0,-0.0444,-0.0752,5.16,211.3,439.1,18.5,10.7,2.57,44.4,5.58,0.015,1,2,0
1513.4,25.28,233.2,0.0968,-0.0438,7.52,1031.4,77.9,108.5,269.7,24.5,68.1,2.41,0.025,1,1,0
436.0,29.53,79.7,-0.0385,-0.0714,5.99,1671.7,145.8,145.4,262.1,26.01,75.3,8.9,0.072,1,3,1
1902.8,35.97,245.2,0.0434,-0.0339,7.04,3025.4,215.9,28.5,44.3,2.18,41.1,5.25,0.036,5,1,0
1270.7,36.11,95.2,0.0575,-0.0502,5.17,3.9,65.1,15.0,19.4,1.86,39.4,2.29,0.087,2,1,0
1349.2,41.39,63.3,0.0287,-0.0057,3.27,630.2,177.6,84.8,210.0,15.3,75.2,7.93,0.079,1,3,1
1752.2,24.88,126.0,0.0024,0.0122,4.91,93.6,184.4,1.6,0.8,0.11,42.2,1.69,0.13,2,1,0
529.6,32.02,224.9,0.0076,0.0498,6.13,948.2,3.8,13.9,13.4,1.0,46.1,3.65,0.0,2,4,0
595.4,36.35,190.9,-0.0521,0.0979,6.35,573.6,240.1,15.3,14.7,1.06,42.2,0.22,0.0,2,4,0
656.1,24.1,181.5,0.0434,0.0492,8.41,349.5,325.6,5.1,5.2,0.71,35.8,2.63,0.086,1,3,0
1588.1,39.57,176.6,-0.0247,0.0033,6.11,1779.4,655.6,6.2,9.8,1.03,35.7,2.19,0.054,2,2,0
1493.0,18.81,328.4,0.001,0.0107,7.96,305.0,796.8,14.4,10.2,1.15,38.3,2.9,0.028,1,2,0
1098.9,41.97,117.9,-0.057,0.0275,3.68,502.6,255.5,76.8,218.2,12.51,84.0,25.58,5.365,2,3,1
769.4,20.42,132.2,0.033,-0.0244,3.72,1003.0,49.2,3.0,2.8,0.3,30.7,1.55,0.066,1,2,0
1302.7,35.37,23.5,0.0272,-0.018,7.46,823.2,27.5,53.8,62.0,5.74,52.9,4.56,0.103,3,2,0
964.7,43.35,20.2,0.1133,0.0229,4.71,355.4,712.0,15.5,11.8,1.78,31.2,2.81,0.077,2,1,0
1541.6,32.67,63.9,-0.0117,-0.0385,3.56,905.5,373.4,5.9,5.6,0.41,36.4,3.22,0.079,3,2,0
1560.4,32.68,214.6,0.0904,-0.0525,4.87,77.5,73.1,199.9,624.1,53.21,75.2,8.99,0.134,2,4,1
1348.8,30.52,146.9,0.0048,-0.0194,5.7,2455.0,994.1,120.7,232.3,18.23,88.2,38.78,0.077,1,2,1
1355.1,38.67,13.7,0.0168,-0.0089,5.24,1217.4,1280.0,13.8,24.0,1.82,42.7,1.39,0.0,4,2,0
868.3,42.5,37.7,0.0185,-0.0407,5.03,443.6,375.3,14.5,24.4,1.65,40.8,2.63,0.112,3,2,0
1515.4,30.36,307.4,-0.0315,0.1333,3.19,1339.7,584.4,14.5,18.7,2.27,38.9,2.02,0.041,4,1,0
1171.5,48.37,44.0,0.0522,-0.0692,3.84,5.8,606.3,39.2,94.0,8.4,63.5,1.2,0.05,2,4,0
1516.5,36.08,201.6,-0.003,0.0516,4.87,1713.9,222.7,2.2,2.1,0.17,41.6,1.41,0.131,3,1,0
1173.7,28.59,264.7,0.0249,-0.0125,6.32,10.5,474.1,8.3,13.8,0.73,46.1,0.2,0.0,3,1,0
184.8,34.23,32.1,-0.0227,0.0312,7.22,208.1,835.2,33.7,34.7,2.46,45.7,3.65,0.043,1,3,0
1394.1,32.67,29.0,0.0337,0.0519,3.29,34.6,3.4,49.0,119.8,11.06,63.5,1.92,0.059,4,2,0
1615.2,51.04,212.9,-0.0292,-0.0918,4.67,270.0,212.3,87.7,169.4,21.74,70.2,2.21,0.005,5,2,1
1283.0,28.18,146.6,0.0195,0.0376,6.93,2801.4,921.1,1.1,1.1,0.08,35.4,3.45,0.0,1,1,0
1820.2,42.73,86.8,0.0459,-0.0367,4.14,807.2,63.0,126.6,281.0,15.99,86.7,31.45,8.031,3,2,1
1245.4,34.46,180.9,-0.0554,-0.0316,4.96,656.2,496.7,169.9,312.2,35.22,78.3,14.02,0.141,2,1,1
1196.8,30.79,243.2,0.051,-0.0885,5.98,421.7,72.8,1.7,2.0,0.14,42.3,3.94,0.072,2,4,0
362.4,31.86,186.0,-0.041,0.0673,6.55,25.8,135.1,116.5,222.8,18.72,84.2,25.74,0.037,1,2,1
1376.9,43.86,359.5,0.0125,-0.0025,5.58,1154.0,390.0,62.2,188.8,18.83,74.0,2.34,0.021,2,1,0
1544.1,38.37,48.0,0.0448,0.0356,8.41,7153.3,34.4,69.4,172.9,10.61,69.5,0.0,0.05,3,4,0
654.8,45.97,196.8,0.0911,0.0272,5.02,641.7,154.8,40.8,87.5,6.88,49.7,0.0,0.016,1,1,0
2412.3,38.45,9.3,-0.0727,0.0811,4.14,162.7,338.8,48.1,63.0,3.7,53.3,0.05,0.028,4,3,0
1333.8,31.31,119.5,-0.0544,-0.0552,6.58,2716.2,71.3,3.0,2.5,0.24,40.7,0.71,0.031,4,2,0
633.7,20.3,334.4,0.0979,-0.0266,7.81,1251.2,20.5,25.2,13.9,2.84,35.0,3.47,0.097,1,3,0
1408.2,33.58,270.8,0.0534,0.0193,4.95,2509.4,139.9,27.8,35.1,1.92,42.7,3.34,0.031,2,2,0
837.5,29.68,201.4,-0.111,0.0809,3.5,166.8,405.3,16.6,22.0,1.12,44.9,2.63,0.097,3,2,0
1485.0,38.15,64.1,-0.0172,0.0199,4.45,5116.1,40.2,127.5,315.5,21.57,82.4,25.28,3.244,3,3,1
499.1,35.8,181.2,-0.0126,-0.0382,2.42,878.9,577.3,28.8,16.0,3.81,35.7,1.06,0.03,4,4,0
723.5,30.91,173.3,0.0056,0.0761,5.81,3654.3,148.3,23.5,38.1,1.62,40.7,3.79,0.086,4,1,0
1299.1,38.22,50.7,0.0539,0.0217,6.86,2809.9,164.0,2.2,1.5,0.16,36.8,4.6,0.085,2,1,0
2386.6,52.14,337.0,-0.0801,-0.0451,2.0,2404.3,405.8,0.1,0.2,0.01,33.7,3.42,0.09,5,4,0
977.7,22.99,147.0,0.006,0.1236,5.98,2689.8,7.9,5.8,7.8,0.44,35.6,2.21,0.03,2,1,0
1434.9,36.68,243.0,0.0364,-0.0942,7.86,1407.6,302.7,191.6,459.1,31.42,80.8,19.1,0.035,2,2,1
1099.5,22.78,233.6,0.0002,0.0122,9.24,2348.8,644.1,45.9,42.5,4.71,45.4,0.16,0.048,3,2,0
379.0,11.91,262.9,0.0566,0.0739,8.4,584.2,316.7,3.4,3.1,0.39,35.8,0.25,0.068,1,3,0
878.5,38.28,54.6,-0.0644,0.0234,5.7,977.9,378.9,11.9,21.1,1.75,29.6,0.0,0.041,2,1,0
1026.8,24.14,100.2,-0.0073,-0.0563,7.25,1504.9,170.4,49.5,97.5,8.06,51.9,0.0,0.057,2,3,0
436.8,50.39,182.7,0.0206,-0.0376,5.68,1320.1,345.3,0.1,0.1,0.02,32.3,2.69,0.076,1,3,0
2667.3,43.5,257.6,-0.0319,0.0001,5.66,1349.4,51.9,4.9,5.3,0.41,45.4,0.0,0.028,5,3,0
1559.8,33.1,164.5,0.0206,-0.0874,3.63,328.3,392.8,14.5,14.0,2.09,34.4,0.86,0.0,4,2,0
1337.8,32.6,190.1,0.0173,-0.0069,5.58,3357.8,627.8,67.9,211.6,14.83,73.5,3.42,0.051,2,1,0
1230.4,38.9,286.2,-0.0252,0.0049,2.99,903.9,18.6,15.9,21.7,1.39,43.6,1.17,0.048,1,3,0
1939.2,25.12,196.4,-0.0667,0.009,5.75,5653.2,42.4,16.0,29.1,3.05,44.2,0.1,0.024,3,2,0
2267.7,37.05,231.3,0.1269,0.0587,4.6,1520.9,576.0,2.2,1.7,0.19,34.9,3.04,0.053,5,1,0
1100.0,21.38,309.8,0.0452,0.0124,6.75,17.4,261.7,1.6,2.2,0.2,42.2,0.14,0.114,1,3,0
796.2,17.51,83.7,-0.0048,-0.0199,6.94,356.8,901.2,9.1,7.6,0.76,40.4,0.0,0.106,3,1,0
1551.5,46.99,219.3,-0.0009,0.0443,4.22,2093.3,134.9,40.0,54.6,2.74,45.0,2.03,0.056,4,2,0
225.6,39.43,108.1,0.0373,-0.0376,4.6,644.7,13.6,2.9,3.5,0.23,31.7,0.49,0.079,1,3,0
771.8,34.83,256.9,0.0107,0.0479,7.0,493.4,38.0,5.0,4.7,0.34,44.7,3.64,0.015,1,2,0
1419.7,35.65,192.6,0.0538,0.0303,5.41,1840.7,427.4,1.7,1.3,0.12,27.6,0.63,0.061,1,3,0
1274.2,30.65,215.5,0.0174,-0.0189,4.82,613.4,501.4,8.1,4.9,0.75,31.1,4.07,0.055,3,2,0
951.4,46.59,306.6,0.0141,0.0354,7.57,472.5,430.8,23.2,19.3,2.44,49.3,1.43,0.04,2,4,0
1176.1,46.31,88.7,-0.0164,-0.0684,7.09,89.2,235.5,70.0,120.2,9.75,74.8,2.89,0.063,1,4,0
683.3,14.85,333.6,0.0681,-0.0585,6.61,3970.0,123.3,312.9,942.4,72.59,88.2,32.97,0.041,1,1,1
1254.9,45.67,134.9,-0.0686,-0.0123,6.5,208.0,390.4,4.7,5.6,0.34,36.8,0.83,0.023,2,2,0
1393.2,29.99,151.5,-0.0181,-0.0224,8.53,34.7,59.9,5.0,8.4,0.59,36.3,3.1,0.0,2,3,0
1035.5,52.1,125.9,-0.0757,0.0597,6.42,74.1,9.5,128.2,212.7,42.33,81.1,15.94,0.09,3,2,1
2045.4,36.33,229.6,-0.0274,-0.0281,5.15,772.9,134.4,198.8,529.7,39.85,84.5,25.38,1.936,4,3,1
763.4,48.53,155.2,0.0306,-0.0412,2.48,729.0,316.3,10.5,16.3,0.72,27.6,3.12,0.053,4,1,0
1210.0,25.95,303.5,-0.0669,-0.0244,5.03,75.0,33.7,4.3,4.5,0.31,40.3,3.11,0.138,1,2,0
1945.7,48.06,134.4,-0.0021,0.0139,4.38,236.5,129.6,6.0,9.2,0.48,30.3,3.58,0.0,5,2,0
1432.5,39.61,252.4,0.0019,-0.0546,6.22,462.9,6.2,2.8,4.1,0.41,48.4,4.03,0.051,2,2,0
1266.4,34.38,135.3,0.0406,-0.0344,6.25,223.3,82.0,7.1,11.5,0.57,36.4,0.0,0.057,1,3,0
1032.0,42.42,213.7,0.0609,-0.0164,3.69,200.6,298.3,7.9,5.2,1.09,36.5,2.09,0.077,1,1,0
1123.6,23.63,293.4,-0.0082,0.0509,4.91,598.1,1037.4,18.2,31.2,2.09,51.7,4.93,0.071,3,2,0
915.1,33.17,1.1,0.0283,0.0471,5.11,872.7,679.0,243.9,773.2,49.19,77.8,15.79,0.103,2,2,1
1015.5,22.41,205.0,-0.0432,0.0878,8.54,146.4,75.1,81.7,187.3,22.5,82.4,20.19,0.054,1,3,1
89.4,29.28,260.3,-0.0506,-0.1052,6.19,861.7,1171.5,91.8,257.0,14.67,79.9,18.44,0.059,1,1,0
1428.7,39.95,268.0,-0.0476,0.0887,3.19,132.2,325.6,19.5,24.1,2.4,44.2,0.05,0.076,3,2,0
1178.6,34.18,296.4,0.0523,-0.0308,7.28,2645.1,655.2,1.5,2.6,0.11,44.6,1.55,0.0,4,1,0
1511.4,39.96,93.2,-0.0313,-0.0359,4.76,563.9,511.0,111.0,167.7,15.73,67.6,3.13,0.027,4,1,0
570.0,38.31,328.3,-0.0134,-0.019,3.81,1293.9,823.8,28.7,26.3,1.94,38.1,1.76,0.116,3,4,0
668.8,31.61,291.0,0.0643,-0.0025,4.45,2355.1,63.1,8.5,8.5,0.64,43.5,2.77,0.085,3,3,0
1739.0,33.25,7.6,-0.0021,-0.0537,3.82,1404.3,16.1,1.4,2.0,0.15,42.4,3.1,0.113,3,1,0
721.9,29.77,91.4,0.0121,0.0901,5.63,1036.1,487.2,268.8,678.1,36.9,77.1,11.62,0.115,1,3,1
1109.5,26.51,294.9,0.0005,0.0224,5.53,4035.4,144.0,36.1,87.5,10.66,53.4,2.86,0.0,4,3,0
2020.3,57.91,300.1,0.0479,0.0479,2.0,756.4,37.7,62.5,193.9,13.78,75.7,10.14,0.036,4,2,1
1303.8,29.54,338.0,0.003,-0.0011,3.8,18.5,138.3,170.7,396.0,26.69,70.8,2.98,0.019,2,1,1
1499.3,35.2,340.0,-0.0416,-0.0358,4.31,865.0,507.8,0.1,0.1,0.01,30.6,2.37,0.043,4,1,0
1483.9,28.65,295.7,0.0307,-0.099,4.59,2474.5,21.7,97.4,171.8,12.59,76.3,10.42,0.051,3,3,1
1140.9,27.56,109.5,0.0368,-0.0276,5.41,701.5,624.1,5.5,9.1,0.79,40.5,2.93,0.054,2,1,0
1188.9,41.73,243.1,0.0211,-0.0801,4.26,532.5,66.5,14.8,14.1,2.17,40.2,1.66,0.093,4,3,0
1453.8,44.37,204.2,-0.0394,-0.046,4.57,611.6,51.2,2.2,1.9,0.16,30.9,0.55,0.067,2,2,0
622.4,28.04,33.9,0.0822,0.0391,5.67,462.6,197.7,163.4,334.7,40.85,86.1,30.4,0.029,1,1,1
1037.1,38.06,226.2,-0.0046,-0.0197,3.76,1449.0,19.1,16.0,16.0,1.46,45.6,1.4,0.094,3,1,0
1012.9,43.66,193.8,0.0669,-0.0185,4.97,2940.7,390.9,24.2,33.5,2.8,41.0,2.43,0.0,5,3,0
693.4,39.06,101.3,0.0389,-0.0753,4.85,676.5,1216.7,128.5,409.4,25.14,76.3,9.05,0.038,3,2,1
1385.8,34.09,136.6,0.0319,-0.0466,5.15,822.7,174.8,91.7,166.2,28.15,77.4,13.93,0.106,3,1,0
1408.2,48.79,122.4,0.0397,0.0097,5.18,1147.0,634.2,30.0,79.2,5.83,47.5,3.81,0.007,3,1,0
892.5,26.83,172.5,-0.0682,0.043,3.96,1312.7,6.2,3.2,5.1,0.28,40.2,0.45,0.069,1,3,0
927.0,39.96,199.8,-0.0027,0.0336,5.3,1205.5,93.7,58.8,112.4,7.83,61.8,0.76,0.016,1,1,0
1618.2,44.32,51.6,-0.0793,-0.046,6.81,1479.8,100.3,30.1,29.3,4.04,45.2,0.0,0.088,4,4,0
2262.4,47.59,116.9,0.0512,-0.1076,4.06,1302.6,575.4,0.5,0.4,0.06,28.0,0.47,0.0,4,2,0
1947.8,53.36,351.7,-0.0186,-0.0621,2.67,472.3,411.4,131.0,332.5,23.26,68.3,1.33,0.056,4,1,1
1744.6,20.68,198.2,0.0719,0.0216,7.23,663.1,264.1,247.0,633.9,66.24,82.7,24.61,0.047,2,4,1
722.0,21.48,57.6,0.0173,-0.014,6.41,1261.6,191.4,0.9,0.6,0.09,41.4,2.29,0.029,2,2,0
1765.0,24.68,355.0,-0.0426,0.0121,5.65,354.3,485.1,0.8,1.4,0.11,42.2,3.08,0.071,2,2,0
2196.9,34.52,178.7,-0.0058,0.0473,4.31,376.4,103.6,73.7,173.1,18.6,83.6,18.93,4.122,4,3,1
1892.3,37.57,234.4,-0.0156,-0.0406,4.57,444.2,30.1,4.6,6.5,0.54,40.0,2.75,0.031,2,3,0
598.6,23.42,19.6,-0.0054,-0.0039,7.47,179.7,171.2,1.4,1.7,0.2,36.6,1.42,0.021,3,3,0
2126.0,47.79,150.5,-0.0222,-0.026,2.61,2696.7,349.9,32.2,21.6,2.25,40.4,3.61,0.048,4,1,0
1501.5,10.68,240.1,0.0622,-0.0256,5.51,3302.2,587.5,18.2,29.8,1.98,47.4,2.0,0.043,5,3,0
1880.7,32.59,329.8,0.1087,0.04,7.01,166.4,304.9,7.2,11.1,0.69,44.3,1.45,0.035,3,4,0
1210.1,30.08,264.0,0.0411,0.0373,6.74,539.8,0.1,58.9,105.8,11.28,53.5,3.06,0.015,1,1,0
1132.7,14.4,34.5,-0.028,-0.0316,6.91,1821.5,37.5,26.8,29.2,3.82,46.6,0.92,0.063,1,2,0
698.4,35.82,50.8,0.037,-0.0445,5.9,686.3,301.3,87.5,198.6,20.89,79.2,17.4,0.108,2,4,1
1089.8,29.75,319.5,0.004,0.0187,5.72,1674.3,625.7,208.7,537.3,65.75,76.6,9.94,0.0,4,3,1
1063.2,27.28,239.7,0.0038,0.0541,6.77,610.1,68.2,46.4,133.4,7.35,64.2,4.06,0.01,1,4,0
1608.7,50.26,322.2,0.0374,-0.0191,2.0,1360.4,74.7,41.7,122.3,7.72,69.1,2.25,0.027,3,1,0
897.7,24.04,68.9,0.0093,-0.0468,6.74,205.0,368.5,10.1,16.4,1.37,29.5,1.47,0.079,2,3,0
1608.8,30.89,28.2,-0.1281,0.0457,6.94,1910.5,220.0,3.8,4.0,0.29,42.3,2.78,0.025,1,4,0
821.9,32.58,162.1,0.0611,0.0109,7.53,1475.0,118.9,0.7,0.8,0.05,35.3,0.46,0.129,2,1,0
1110.9,27.78,312.1,0.0494,0.0207,8.49,1132.1,64.5,6.1,7.9,0.66,42.6,1.51,0.047,2,2,0
1110.3,21.36,250.5,0.0105,0.0368,5.79,705.4,74.5,17.6,11.2,2.11,44.9,1.61,0.0,2,1,0
334.7,28.88,289.1,-0.021,-0.1102,5.51,140.3,320.5,8.1,14.0,0.72,39.8,0.65,0.065,1,1,0
2179.4,50.2,354.6,-0.0475,0.0009,3.98,113.0,629.7,2.6,4.3,0.25,40.7,1.65,0.0,5,1,0
279.8,23.81,356.6,-0.0211,-0.0541,7.47,388.9,512.9,4.7,3.9,0.68,36.3,1.68,0.047,1,2,0
810.9,42.76,261.8,0.0744,0.0039,3.5,833.9,694.3,220.2,514.1,42.87,66.6,1.91,0.116,3,2,1
1846.8,20.14,337.5,-0.0249,0.0216,5.73,1701.5,619.0,0.8,0.4,0.05,38.1,0.57,0.002,3,2,0
1777.9,26.97,27.2,-0.0198,0.0727,5.53,738.7,71.7,2.9,2.8,0.35,28.5,3.77,0.094,3,1,0
789.2,44.75,25.1,-0.05,-0.0282,5.3,1684.0,204.2,88.8,280.9,15.1,87.2,37.02,2.574,3,2,1
1000.9,36.45,81.2,0.0469,-0.0818,4.22,1203.6,546.7,120.9,193.0,17.35,78.9,17.72,0.007,1,4,1
1190.6,39.31,177.9,0.0375,-0.0299,6.15,2764.8,428.5,141.0,346.7,22.81,77.7,13.41,0.0,3,4,1
879.5,35.78,269.3,0.0483,-0.0013,4.8,2546.5,92.2,103.9,187.8,16.27,97.9,62.02,2.079,2,1,1
1331.1,43.73,255.2,0.0381,-0.0325,5.21,5383.5,96.8,10.3,5.3,1.68,33.2,1.34,0.094,1,1,0
614.6,29.61,225.1,-0.0843,-0.0143,4.62,736.0,17.0,5.4,5.2,0.66,39.8,1.54,0.097,1,1,0
192.0,34.13,209.8,0.0701,0.0201,4.5,791.6,28.2,1.3,1.8,0.13,38.8,5.23,0.044,1,4,0
772.4,57.02,253.3,-0.0836,-0.0691,5.46,4.2,392.3,64.0,98.4,8.27,55.6,1.61,0.028,3,1,1
952.9,31.97,179.4,-0.0391,-0.0068,5.37,1113.5,242.3,171.0,273.4,26.79,75.5,12.46,0.106,1,2,1
2067.3,44.84,355.9,0.0425,-0.0104,2.0,7876.9,29.9,135.3,235.9,26.36,86.7,33.92,0.395,4,1,1
1116.6,40.43,96.8,-0.1076,0.0356,3.16,476.5,6.0,205.0,365.1,49.35,90.3,27.07,0.226,2,1,1
1011.6,34.46,50.0,-0.0044,-0.0106,4.25,278.8,289.5,0.8,1.3,0.08,38.5,0.8,0.006,3,2,0
1160.8,28.11,252.9,0.0258,0.0101,6.12,1232.3,458.7,26.8,27.2,2.64,49.3,0.29,0.089,3,2,0
1336.8,25.59,52.5,0.0185,0.0266,4.97,1819.4,251.0,83.6,202.5,11.3,85.2,27.68,0.006,1,1,0
1048.3,30.78,322.1,0.0032,-0.0082,5.49,1389.6,178.8,0.6,0.8,0.04,26.4,1.05,0.075,3,4,0
1129.1,41.28,321.1,-0.0223,-0.0324,6.28,42.5,137.0,61.7,126.6,12.68,73.4,2.65,0.088,3,3,1
798.0,24.5,326.5,0.0312,0.0175,6.01,424.7,83.5,34.8,83.4,4.39,45.9,0.24,0.0,2,2,0
86.8,22.41,215.9,-0.0538,0.0435,5.48,727.6,625.0,0.4,0.2,0.05,36.6,2.73,0.063,1,1,0
1825.4,49.92,336.7,-0.0773,0.0189,5.1,1096.6,21.3,5.7,5.5,0.62,45.8,1.08,0.084,3,4,0
1479.4,42.36,66.3,-0.0201,-0.0375,4.18,20.1,384.4,108.0,340.2,13.95,81.5,13.75,0.08,3,2,1
505.5,21.97,94.9,0.0806,-0.0266,7.56,684.2,728.5,127.5,389.5,32.24,85.6,19.06,0.012,1,1,1
1461.7,42.03,86.4,0.0016,-0.0257,4.67,81.7,466.8,28.4,42.8,2.48,46.1,2.68,0.041,4,1,0
1820.1,18.96,78.9,-0.083,-0.0043,6.51,521.7,549.5,4.7,5.2,0.35,29.0,1.98,0.0,1,1,0
1249.7,42.62,66.2,-0.0962,-0.1105,5.25,564.2,647.4,36.1,45.7,3.25,43.8,2.26,0.106,2,1,0
1210.8,31.01,189.6,-0.0612,-0.0458,4.12,3361.3,258.9,4.5,7.7,0.46,30.1,0.0,0.0,1,1,0
1930.0,42.1,288.5,-0.0148,0.0203,4.93,912.6,34.0,6.7,9.7,0.51,36.0,2.51,0.072,3,2,0
711.7,35.7,344.4,-0.0114,0.0544,2.0,6954.6,71.3,69.4,170.0,11.83,77.1,14.9,0.0,1,2,0
422.5,32.71,127.5,-0.0087,0.0605,6.25,550.6,162.4,100.1,197.0,30.89,85.6,22.92,3.335,1,1,1
743.0,34.59,21.8,0.0067,0.1285,7.62,695.7,1382.1,2.8,4.5,0.36,37.9,0.57,0.102,2,2,0
1363.0,36.58,20.7,0.0924,-0.0187,5.33,932.2,81.8,6.0,7.6,0.65,46.3,3.23,0.025,3,3,0
1915.8,52.47,55.1,-0.0335,-0.0083,3.01,3830.3,235.9,21.7,29.4,1.59,43.9,1.93,0.055,5,2,0
708.0,14.85,250.5,-0.0219,-0.017,6.5,3046.5,256.7,89.7,149.9,28.55,77.9,15.72,0.027,1,4,0
1887.8,36.34,270.4,0.0563,-0.0258,5.27,973.5,316.5,10.6,7.9,0.8,46.0,1.9,0.063,5,1,0
1149.0,18.68,247.7,0.004,-0.0033,9.78,675.3,132.9,4.1,4.7,0.34,45.1,2.57,0.002,1,1,0
266.5,30.6,111.8,-0.0081,-0.0849,3.88,551.3,105.1,108.0,249.0,15.3,83.7,27.05,0.055,1,3,1
683.8,16.76,81.9,0.1131,0.0067,6.82,122.0,28.2,177.5,453.3,29.74,90.1,41.28,0.017,1,3,1
1608.9,35.18,196.7,0.0126,0.0047,2.0,182.6,386.1,2.3,4.0,0.38,27.1,2.62,0.033,3,1,0
1914.3,36.69,139.0,0.0082,-0.0502,2.46,924.6,182.9,81.6,213.9,10.26,84.0,24.76,1.448,2,1,1
637.5,42.01,227.1,-0.024,-0.0205,5.25,2004.6,1.8,108.8,310.8,15.21,78.2,11.49,0.105,3,2,1
832.1,31.25,16.1,0.0382,0.0021,4.97,1577.6,112.6,19.6,21.2,1.51,37.4,3.61,0.107,1,4,0
1199.1,47.16,216.9,0.048,0.0689,4.54,3114.8,335.3,3.4,4.3,0.37,34.5,2.09,0.002,2,2,0
1704.8,32.04,354.2,0.0471,0.0758,4.58,1191.4,244.3,14.5,10.1,1.96,33.4,1.15,0.003,1,1,0
1391.7,40.69,158.3,-0.0195,-0.0298,4.0,354.1,81.9,29.6,37.4,2.68,37.5,3.39,0.095,2,1,0
1212.4,37.07,7.8,0.027,0.0577,3.9,252.3,313.7,52.7,167.6,12.36,76.7,12.18,0.054,3,1,0
857.6,41.01,259.3,-0.0329,-0.0683,4.48,1053.3,521.8,9.2,13.9,0.75,39.1,0.0,0.073,1,3,0
686.0,9.92,97.8,-0.0189,0.0609,6.89,1932.3,428.2,10.1,17.6,0.75,25.4,2.02,0.07,1,3,0
1508.3,33.54,191.5,0.0257,-0.043,7.18,158.8,79.0,22.2,47.8,3.15,65.6,0.99,0.096,2,1,0
1243.5,43.65,152.9,-0.0554,0.0366,8.29,395.5,519.4,0.2,0.3,0.02,36.3,2.72,0.011,3,2,0
811.0,34.26,37.8,-0.0119,0.0302,6.73,721.1,181.0,0.7,1.0,0.04,31.6,0.0,0.0,1,3,0
504.6,27.33,146.4,0.0194,0.0531,5.4,5472.2,723.6,13.4,14.9,1.7,42.7,0.85,0.001,3,3,0
1449.9,41.55,81.1,0.0256,-0.0207,4.39,195.3,104.3,11.6,10.4,0.96,39.1,0.77,0.0,2,1,0
823.1,33.35,254.0,0.0582,0.0031,6.08,642.0,339.6,77.3,164.3,15.57,67.1,2.97,0.031,1,2,0
494.6,35.12,229.0,0.0132,0.0086,6.2,332.1,42.1,30.6,18.0,2.95,34.7,4.26,0.0,1,1,0
1257.3,28.36,281.0,-0.0419,0.0124,5.5,273.6,160.3,89.8,135.1,14.47,65.2,1.26,0.051,2,1,0
1345.0,32.64,26.6,0.0362,-0.0358,4.25,2631.2,913.1,4.4,6.1,0.59,40.1,1.99,0.034,3,3,0
1530.3,36.43,234.3,0.0347,-0.108,3.46,367.1,822.5,26.1,17.6,2.16,37.9,3.46,0.022,1,1,0
935.9,21.81,277.6,0.0566,0.0052,4.65,1731.3,70.1,55.6,165.2,10.23,71.5,1.14,0.078,1,1,0
1761.6,36.39,185.9,0.0551,0.0286,2.0,4114.8,278.1,32.8,53.6,3.41,55.7,2.17,0.058,2,1,0
1441.6,40.29,223.8,0.0185,-0.0396,5.45,2907.5,176.4,10.0,5.9,1.36,33.5,3.22,0.091,1,2,0
1646.5,45.37,2.3,-0.0503,-0.002,3.68,285.4,615.0,102.7,301.9,19.83,80.0,20.32,0.09,3,3,1
1192.2,40.29,36.3,-0.0166,0.0205,6.14,916.0,31.1,52.6,80.7,10.6,58.8,1.86,0.0,2,3,0
767.3,32.74,147.5,0.0018,-0.0339,4.35,826.0,136.1,21.6,36.5,2.45,35.2,2.28,0.017,1,2,0
1089.7,32.05,127.1,-0.0263,-0.04,4.2,829.6,5.9,3.2,2.2,0.51,43.1,1.77,0.044,3,3,0
1215.3,39.55,175.2,0.0104,0.0183,6.76,293.0,278.8,11.3,6.1,0.83,36.6,3.34,0.0,3,4,0
358.8,26.07,46.9,-0.0278,-0.0299,5.32,356.6,42.9,17.1,24.2,2.63,46.7,0.12,0.055,1,1,0
2424.2,41.31,223.8,-0.0192,-0.0358,3.99,77.1,18.1,9.2,13.7,1.01,37.8,1.61,0.121,4,4,0
1208.9,46.09,232.3,-0.0515,-0.0483,3.6,968.7,49.7,11.6,11.1,1.09,41.1,3.12,0.027,1,2,0
1083.7,49.23,144.5,0.0389,0.0254,5.59,1694.4,29.0,62.5,156.6,8.5,78.4,15.96,0.129,3,1,1
987.6,40.21,59.5,0.0029,0.0302,4.77,244.4,396.9,7.1,5.4,0.5,24.7,3.38,0.0,1,4,0
1661.0,51.58,6.9,-0.0285,-0.0235,2.0,53.7,582.6,179.6,287.9,42.9,85.5,30.65,8.983,4,3,1
1274.0,26.69,150.0,0.0127,-0.0244,4.89,893.6,103.5,8.3,7.8,0.89,20.5,1.33,0.025,1,1,0
1515.6,47.34,12.3,-0.0987,0.0381,4.57,1210.5,571.2,83.3,255.9,10.82,78.7,16.63,0.0,2,2,1
627.5,27.47,85.6,-0.0544,-0.0406,3.38,661.8,216.4,104.5,200.0,25.0,79.7,17.78,0.075,3,3,1
469.7,24.35,144.8,0.0048,-0.0125,7.71,556.0,417.4,10.0,15.5,1.58,37.2,2.53,0.019,2,2,0
2444.6,37.69,5.9,-0.0791,0.0352,7.9,461.4,154.6,80.9,243.2,19.61,72.1,0.0,0.07,4,1,1
1470.2,40.88,92.6,0.0083,0.0179,3.0,491.1,786.0,33.7,24.1,3.01,40.6,4.51,0.119,3,2,0
1102.9,37.44,177.0,-0.018,-0.0758,5.99,3161.4,391.5,7.4,6.5,0.69,28.8,2.8,0.022,2,2,0
1574.3,20.37,251.9,0.0343,0.0329,7.25,1325.7,148.3,4.9,5.6,0.64,32.0,2.82,0.0,3,1,0
1438.2,39.9,176.0,-0.0078,-0.0421,2.29,1688.2,750.4,25.7,33.9,2.15,33.7,0.3,0.087,2,2,0
1391.4,32.55,214.6,0.0108,-0.0464,6.12,630.7,861.5,8.3,13.0,0.68,34.8,1.99,0.026,1,3,0
1235.1,33.86,343.3,0.0135,0.0824,7.23,679.7,412.2,12.3,11.9,1.2,36.7,1.16,0.081,1,4,0
1905.6,29.65,158.5,-0.0321,-0.0174,7.64,322.9,180.8,0.2,0.1,0.02,40.2,2.38,0.046,2,3,0
566.1,34.48,291.9,0.0401,0.0161,5.05,149.2,47.8,209.3,454.9,50.42,83.3,21.6,1.471,3,2,1
957.6,32.61,219.1,-0.0109,0.0024,5.48,476.7,178.7,108.2,293.3,13.63,81.4,24.89,0.067,2,2,1
844.3,46.47,239.8,-0.0164,-0.0349,2.79,72.3,573.0,178.2,568.6,40.1,84.3,29.43,0.452,3,1,1
1486.9,34.97,310.2,0.0623,-0.0514,2.4,494.6,277.3,5.6,7.1,0.4,25.6,1.14,0.0,3,1,0
1037.5,22.73,320.5,-0.0993,0.0014,8.69,559.1,517.0,13.1,21.4,1.72,33.3,1.53,0.018,1,2,0
1189.7,28.31,181.4,-0.0608,0.038,5.17,1508.5,51.3,2.1,3.1,0.18,38.0,0.63,0.082,4,1,0
659.0,34.84,264.4,-0.0243,-0.0555,8.37,7.9,122.4,85.3,137.8,25.19,70.9,1.65,0.0,1,4,0
1575.7,31.01,66.6,0.1195,0.0476,6.23,4175.4,268.0,18.3,20.8,1.61,41.1,2.85,0.026,1,4,0
745.0,44.51,127.1,-0.0704,-0.0119,4.47,251.1,21.2,117.7,336.8,37.85,76.5,8.67,0.048,3,1,1
1017.1,29.14,211.2,-0.0085,-0.0738,3.64,784.9,1421.1,341.6,544.8,53.86,84.3,27.48,0.047,1,4,1
840.7,33.66,302.8,-0.0494,0.0208,4.14,2021.9,39.6,10.3,9.4,1.0,47.1,2.14,0.079,2,2,0
1398.0,39.27,259.4,-0.0082,-0.0032,4.18,98.6,24.1,60.9,107.3,8.58,64.2,2.77,0.077,4,2,0
1692.9,51.56,35.4,0.0713,-0.0104,4.39,841.3,855.8,174.6,418.4,53.79,74.6,3.24,0.013,3,4,1
1645.2,41.13,126.1,-0.0332,0.0001,2.52,899.9,62.7,2.1,2.0,0.22,27.7,1.77,0.055,4,1,0
1271.5,39.75,104.0,-0.0817,0.0008,3.26,118.3,115.9,65.2,120.0,9.33,66.6,0.91,0.005,1,1,0
1145.9,41.69,204.0,-0.0395,0.0213,3.92,1107.9,470.0,6.2,3.7,0.53,37.7,1.87,0.084,1,3,0
1178.5,21.74,259.9,0.0054,-0.0085,7.84,382.9,133.6,37.4,86.0,5.48,50.7,2.5,0.027,2,1,0
1111.8,39.97,205.4,0.0895,-0.076,2.47,1478.7,514.4,18.2,31.8,1.63,38.0,1.5,0.034,2,4,0
675.5,35.88,339.5,0.0241,-0.0243,5.68,2717.2,92.0,106.1,209.7,29.68,75.6,8.13,0.06,1,4,0
1794.4,32.73,124.0,0.0618,-0.0293,7.51,558.5,244.6,76.0,218.6,9.76,76.0,6.88,0.077,1,3,1
1601.5,38.94,235.1,-0.0579,-0.0303,3.32,4297.1,119.0,12.1,16.5,0.93,31.7,1.92,0.073,3,2,0
1211.6,18.04,294.6,0.0288,-0.0347,7.77,558.7,80.4,14.4,25.6,1.17,45.6,0.0,0.079,2,2,0
777.6,31.35,335.5,-0.0524,-0.0091,2.11,128.6,269.0,1.2,2.0,0.08,37.9,0.0,0.022,1,3,0
1600.4,32.24,250.4,-0.0154,-0.0157,7.58,150.5,78.4,0.2,0.2,0.02,44.4,1.42,0.052,1,4,0
1444.3,53.65,271.4,-0.0131,0.0221,4.36,763.1,485.2,80.3,220.4,10.61,73.4,0.0,0.0,2,1,1
2078.6,26.99,170.2,0.0861,0.0344,5.94,522.6,50.4,14.7,19.3,2.14,29.5,3.63,0.0,4,1,0
655.9,32.08,354.3,0.0574,0.0905,4.57,1097.3,1026.6,1.6,1.0,0.23,43.4,3.53,0.08,3,2,0
1082.0,36.27,141.3,0.046,-0.0709,4.29,1949.1,79.3,39.0,95.6,10.66,74.5,1.72,0.027,1,3,0
676.1,25.17,266.5,0.0017,-0.0633,5.14,335.3,91.4,99.8,209.9,26.57,85.4,27.95,0.0,1,2,0
474.3,32.63,32.0,-0.0238,0.0965,5.28,5.9,146.9,65.7,206.1,11.03,89.6,26.71,0.474,1,2,1
1396.9,19.94,104.7,-0.0139,0.009,3.93,694.9,146.0,72.8,221.2,10.67,74.5,0.34,0.061,2,1,0
1015.1,43.3,13.1,-0.0517,-0.088,2.19,181.2,173.8,71.8,86.8,7.38,65.8,1.08,0.085,2,2,0
630.1,22.11,207.0,0.0321,-0.0869,7.44,1382.1,322.3,182.3,510.1,55.96,77.8,12.55,0.051,1,3,1
1216.3,27.17,252.4,-0.0247,-0.0253,4.61,709.7,16.4,3.9,3.2,0.26,35.0,2.52,0.006,2,3,0
1086.0,30.14,39.5,-0.0357,0.0342,7.47,3605.4,1.9,48.8,100.7,6.31,72.6,3.58,0.0,1,3,0
1051.9,28.55,172.4,-0.0758,0.0544,7.9,329.0,504.3,78.4,133.7,14.04,59.2,0.0,0.019,3,1,0
1137.2,27.51,183.5,-0.0294,0.0175,6.39,4527.2,223.9,14.2,15.7,1.77,34.2,1.21,0.0,2,1,0
1425.9,27.91,304.8,-0.0264,0.0353,7.49,1346.4,324.8,98.9,173.3,13.01,75.3,4.33,0.087,1,4,0
1602.4,43.4,262.5,0.0034,0.1069,5.87,5903.3,719.0,30.6,21.1,2.29,43.1,2.48,0.073,3,3,0
1453.6,49.97,184.2,-0.0191,0.054,3.17,6132.0,128.0,28.3,40.6,3.09,44.0,0.4,0.088,4,3,0
631.9,23.06,110.0,-0.0184,-0.0699,6.05,853.7,171.8,9.1,7.1,0.7,34.4,0.0,0.049,3,1,0
1550.6,30.5,16.3,0.0126,0.0085,6.27,108.1,349.8,77.3,229.6,14.49,65.2,4.23,0.067,4,2,0
867.0,24.55,128.2,0.0906,-0.059,6.47,5905.4,346.4,130.3,347.2,18.78,94.1,38.72,0.042,1,2,1
528.7,31.74,88.7,-0.0548,-0.076,5.54,590.7,116.6,41.9,67.8,10.86,53.7,2.76,0.007,1,1,0
1404.1,36.15,58.5,-0.0158,0.067,7.89,73.3,525.0,192.6,564.4,33.64,77.2,12.53,0.101,1,1,1
607.2,48.01,81.1,0.0489,-0.0007,2.85,579.2,191.8,71.3,209.6,12.62,77.5,12.18,0.0,2,1,1
1708.9,46.17,80.7,-0.004,0.022,2.0,2266.6,404.3,92.6,282.4,15.17,70.5,1.85,0.08,4,4,1
1435.6,42.14,306.0,0.0008,-0.0371,3.12,945.0,845.8,19.7,29.3,3.17,50.6,2.48,0.025,5,3,0
1176.9,33.04,141.2,-0.0471,0.0691,6.6,906.7,319.2,222.3,578.8,73.8,83.5,25.38,1.366,4,1,1
1554.3,38.64,282.0,-0.0278,-0.0284,4.96,3891.6,193.6,11.9,14.7,1.7,33.4,0.0,0.0,4,1,0
1388.1,32.55,163.6,0.0479,-0.076,4.25,285.3,148.2,55.2,139.7,10.9,65.7,3.7,0.093,3,2,0
1203.3,43.41,107.1,0.0776,-0.0643,5.01,2803.0,776.0,4.9,8.4,0.54,31.8,1.04,0.052,4,2,0
1263.2,59.48,334.4,-0.0736,0.0489,3.52,765.9,26.3,95.3,241.8,30.49,74.9,2.8,0.091,1,1,1
870.3,29.35,137.1,0.0133,-0.0705,5.69,3828.2,943.3,155.3,439.5,31.91,77.5,15.87,0.0,2,3,1
1399.6,15.19,250.4,-0.0151,0.0146,5.47,1424.1,118.3,9.7,13.5,1.15,47.5,0.66,0.047,1,1,0
886.1,18.97,106.5,0.0096,0.0104,8.55,2112.6,20.7,27.5,43.0,4.33,49.6,2.16,0.0,1,4,0
1376.5,43.81,154.9,-0.0642,-0.0576,6.67,165.9,1449.5,33.7,50.3,2.66,52.5,1.28,0.051,2,1,0
1696.2,32.03,259.9,-0.0172,0.0024,2.0,3218.0,196.8,10.0,15.2,0.69,39.6,2.47,0.073,1,2,0
511.7,31.89,345.3,0.0089,-0.0556,4.27,1827.8,519.6,69.3,185.5,11.24,83.0,20.09,0.046,1,2,1
1421.9,21.41,276.9,-0.0364,-0.015,6.3,1187.7,194.9,2.6,4.0,0.38,30.0,4.74,0.054,2,1,0
1685.8,55.39,156.3,0.0705,0.0739,2.19,638.8,628.4,20.6,30.0,1.75,42.5,0.41,0.062,5,4,0
2156.0,43.7,129.6,0.0758,-0.0574,5.33,253.8,2.3,60.7,58.3,7.44,54.2,3.95,0.152,5,1,0
1577.8,27.55,149.4,0.0235,-0.0361,3.71,1466.0,329.7,80.4,148.9,12.29,67.5,0.79,0.05,3,1,0
1378.3,40.89,249.1,0.032,0.1022,2.76,630.0,73.4,4.7,6.6,0.37,29.9,1.45,0.098,4,3,0
1007.8,29.92,29.0,0.0762,0.062,4.47,2492.9,458.0,171.6,538.9,48.82,92.2,24.27,0.062,2,1,1
414.1,28.65,184.6,0.0048,-0.009,4.08,1673.9,720.0,62.0,153.5,15.17,80.8,19.55,0.069,1,4,0
1057.3,27.67,112.7,0.0057,0.0078,6.22,300.8,164.6,59.4,98.7,12.76,50.9,3.53,0.101,3,1,0
1114.9,35.23,18.2,0.0768,0.0257,7.54,3019.1,732.4,72.6,221.2,11.93,82.4,18.64,3.201,1,2,1
686.3,30.85,336.3,-0.0514,0.0371,4.74,1589.4,147.5,74.0,174.4,10.9,73.4,0.0,0.0,1,2,1
1053.5,35.89,217.7,-0.0037,-0.0521,6.14,53.3,263.7,2.4,3.6,0.17,45.2,3.1,0.048,1,2,0
1030.0,50.78,334.5,-0.0528,0.098,4.86,1694.3,633.6,59.3,167.1,13.64,66.8,2.64,0.047,3,3,0
629.9,36.03,117.3,-0.0663,-0.0312,5.67,605.7,95.8,263.2,472.1,80.0,76.9,14.29,0.139,1,4,1
380.3,41.6,137.0,-0.0536,-0.0092,7.49,453.1,170.3,11.3,6.0,1.5,33.8,1.72,0.081,1,2,0
1297.2,32.53,51.0,-0.108,-0.0447,8.33,2.1,1475.3,145.9,303.1,19.77,80.7,17.44,0.064,3,2,1
1482.4,25.35,34.1,-0.0267,-0.0107,5.51,1125.5,113.6,4.8,7.6,0.34,38.6,3.6,0.119,4,1,0
1278.1,46.23,122.0,-0.0439,-0.0021,3.27,24.4,367.3,3.4,6.1,0.54,42.8,1.98,0.075,2,3,0
1570.7,29.75,144.1,0.0373,-0.0969,5.71,2670.2,207.0,17.9,30.3,2.99,38.7,3.48,0.029,1,2,0
1054.7,38.39,171.0,0.017,0.0134,5.17,534.5,96.8,71.4,185.8,18.14,79.6,14.56,0.039,2,2,1
1839.2,24.15,124.1,-0.0903,0.0156,6.0,510.2,18.5,6.8,5.2,0.56,36.0,1.69,0.149,3,3,0
656.7,37.86,187.9,-0.0216,-0.0175,6.34,1.1,162.2,24.5,43.7,2.42,42.3,2.19,0.017,2,2,0
2493.1,32.29,320.9,-0.0088,0.0013,3.33,1080.0,800.2,21.7,34.5,2.41,38.9,0.28,0.065,5,2,0
1292.0,37.94,75.0,-0.0859,-0.0019,6.13,602.0,60.1,46.9,139.6,6.34,68.7,4.06,0.001,2,2,0
1077.2,34.59,42.8,0.0184,0.0741,6.42,5876.3,68.5,117.1,186.6,34.91,79.2,16.04,0.069,2,3,1
1390.2,34.88,164.9,0.0939,-0.0644,7.15,883.4,401.1,26.3,14.1,3.63,37.8,2.19,0.063,3,3,0
1980.0,50.3,176.3,0.0571,0.0534,3.31,179.1,545.6,19.1,21.3,3.16,44.2,2.21,0.088,5,1,0
1407.5,30.43,122.7,0.0204,-0.0259,4.12,673.3,621.1,0.6,0.3,0.07,49.6,2.27,0.064,1,2,0
1060.4,29.37,108.3,-0.0042,-0.0305,7.7,112.5,893.6,12.3,19.8,1.26,33.3,0.94,0.123,2,2,0
1213.9,55.14,287.6,-0.0672,0.0689,3.51,3406.3,268.9,33.3,35.0,3.6,48.1,2.02,0.0,1,1,0
1761.0,47.63,2.9,0.0974,0.0187,5.23,381.9,588.1,34.7,43.8,2.8,46.5,1.8,0.005,5,1,0
385.8,38.16,287.6,0.0422,-0.0137,2.42,952.3,188.7,3.6,4.5,0.54,35.5,0.62,0.041,1,3,0
1248.4,37.15,258.3,0.0845,0.0463,3.99,650.9,79.0,115.8,237.4,18.42,82.2,18.97,3.441,3,3,1
939.2,48.75,350.6,-0.0411,-0.0212,7.68,26.2,1227.9,0.5,0.4,0.07,36.1,0.0,0.108,2,1,0
761.0,28.68,357.9,-0.0497,-0.004,7.29,158.5,482.2,108.3,246.6,14.64,82.3,21.58,0.027,1,1,1
1504.7,42.18,191.3,0.0282,-0.0133,5.32,346.5,778.9,11.2,24.4,1.6,33.7,1.39,0.076,3,1,0
542.4,21.39,186.5,0.0229,0.1077,6.99,284.5,133.3,79.9,145.9,10.55,72.8,1.71,0.06,1,1,0
1504.5,40.31,344.5,-0.0094,0.0408,3.12,2109.6,117.9,104.1,186.9,16.08,76.1,9.93,0.076,1,2,1
1606.6,33.08,80.0,-0.0236,-0.038,2.77,425.0,7.3,5.6,7.3,0.55,34.6,3.42,0.06,2,1,0
1144.2,21.59,26.0,0.0286,-0.0429,10.98,4051.3,291.8,8.1,6.5,0.73,44.6,5.12,0.025,1,3,0
178.1,26.91,106.7,-0.0162,-0.0227,4.69,1149.5,52.2,127.2,267.6,17.72,83.9,19.92,0.034,1,1,1
1481.2,26.22,61.9,-0.0551,-0.0605,3.99,979.9,1.9,2.6,1.4,0.22,32.3,0.38,0.073,2,2,0
1566.8,19.71,31.7,-0.0229,0.0358,4.96,205.3,365.9,4.9,5.7,0.62,36.3,0.38,0.034,2,3,0
1030.2,29.94,94.8,0.0748,0.0256,5.17,3632.8,105.0,18.0,17.4,1.34,32.8,0.92,0.0,1,3,0
839.9,36.48,318.8,-0.0002,-0.0891,6.62,263.9,483.6,27.5,43.5,2.3,41.2,1.47,0.084,3,1,0
1117.7,42.74,45.8,-0.0246,0.0285,3.95,300.0,493.6,152.6,301.9,32.56,80.0,21.21,0.067,2,2,1
1377.7,28.37,222.6,-0.0285,-0.027,6.42,1306.2,529.9,69.8,176.4,9.16,84.9,25.94,0.037,4,1,0
1662.6,32.09,142.3,-0.0246,-0.0203,4.42,993.5,419.5,69.9,134.5,10.62,80.7,24.11,0.06,4,1,0
732.5,45.06,6.2,0.0454,-0.0908,2.0,477.4,27.5,133.1,222.5,32.14,79.7,17.95,0.073,1,1,1
701.2,33.05,114.4,0.07,0.029,4.9,2881.7,16.1,152.4,434.8,38.02,83.8,26.14,2.248,1,3,1
346.4,16.98,271.3,-0.0262,0.0637,4.02,2389.7,24.2,3.0,4.1,0.33,39.1,1.33,0.0,1,4,0
1108.0,38.02,234.2,-0.0047,-0.0836,4.31,3456.5,3.5,3.3,4.2,0.26,25.9,2.44,0.03,1,2,0
372.2,22.87,292.1,0.0243,0.0179,6.6,312.9,252.5,111.1,186.7,25.57,76.0,9.13,0.065,1,3,0
1251.4,31.97,188.7,0.0901,0.0285,7.57,539.2,530.7,70.4,208.5,8.92,85.9,31.36,0.017,1,3,1
583.0,27.41,335.2,0.0212,0.1047,6.02,53.6,307.4,3.0,5.3,0.24,30.8,1.69,0.098,1,4,0
690.6,39.07,257.1,-0.0542,-0.0094,7.43,1291.8,454.8,4.1,3.1,0.28,28.9,0.69,0.059,1,2,0
1649.1,36.2,342.2,-0.0073,-0.0104,2.99,16.3,292.7,16.2,16.7,1.85,41.5,1.97,0.015,3,4,0
1812.3,51.81,49.9,0.0101,-0.0138,2.4,1300.9,144.8,8.4,5.7,0.8,43.9,6.18,0.058,5,1,0
2148.2,44.6,236.2,-0.0319,0.0193,4.86,2377.2,157.7,168.4,416.1,40.03,72.0,0.43,0.029,3,1,1
1484.1,51.7,94.0,0.0151,-0.0081,3.25,1056.4,183.8,1.2,0.6,0.13,38.1,1.93,0.14,1,2,0
964.4,23.03,189.2,0.0199,0.0196,8.1,904.6,128.5,43.5,124.6,8.09,71.4,0.99,0.036,1,2,0
1227.4,31.86,25.5,0.0186,0.0435,6.2,1183.3,171.2,58.6,134.2,7.34,61.1,2.39,0.0,1,1,0
887.3,30.7,153.0,-0.0033,-0.0389,8.82,606.6,446.3,100.3,242.8,18.99,80.5,18.44,0.052,2,1,1
50.0,29.45,159.4,0.0092,0.0591,4.03,1443.2,1478.1,6.7,4.6,0.45,37.7,2.75,0.089,1,2,0
1765.0,37.97,47.1,0.0293,-0.0248,4.06,164.8,334.4,17.8,24.3,1.76,50.2,2.34,0.0,2,3,0
1712.6,50.62,282.1,-0.0771,0.0293,3.15,212.7,216.6,101.6,285.6,22.83,74.5,2.11,0.055,4,1,1
1184.9,34.76,49.1,0.0457,0.031,6.46,619.7,33.8,98.2,154.4,15.2,72.0,1.97,0.073,1,2,0
879.6,32.15,167.9,0.0013,-0.0306,4.76,1474.4,167.1,1.8,1.4,0.15,46.3,2.94,0.068,1,2,0
345.3,20.89,323.4,-0.0394,-0.0059,4.7,1135.5,19.4,0.9,1.6,0.08,36.4,1.33,0.074,1,3,0
1684.2,44.34,48.5,-0.0288,-0.0777,5.09,167.0,754.1,2.7,2.1,0.2,37.8,0.38,0.064,2,3,0
1236.6,46.58,275.9,-0.0189,-0.0026,4.72,382.4,707.7,232.0,740.7,38.23,81.9,17.52,0.021,1,3,1
1798.9,43.9,7.6,-0.091,-0.0528,3.38,4008.2,360.5,64.6,111.3,17.17,62.6,2.51,0.05,4,2,0
1636.2,28.01,337.4,-0.0388,-0.0237,4.23,2542.4,288.2,46.3,32.9,3.16,52.9,3.42,0.053,3,1,0
1080.9,39.13,293.9,0.0202,0.0939,5.77,4546.9,251.7,41.2,35.4,4.85,36.3,3.67,0.032,3,1,0
1371.7,30.43,334.9,0.0145,0.0097,5.29,129.9,497.5,5.0,4.7,0.39,37.3,4.36,0.065,3,1,0
1232.2,31.5,39.3,-0.0291,-0.0282,5.91,829.8,957.2,244.8,398.0,45.81,80.0,19.21,0.026,4,4,1
1563.0,54.75,295.0,-0.1076,-0.0001,4.17,1578.4,1510.4,45.4,75.6,7.87,54.1,1.96,0.054,3,2,0
2275.6,48.66,139.1,0.0319,-0.0277,5.38,2809.3,475.8,46.0,79.4,6.59,58.2,1.94,0.073,4,1,0
842.1,31.47,351.8,0.0078,0.0595,6.43,1306.4,10.8,88.0,268.7,12.0,89.8,42.21,0.0,3,4,1
933.9,34.43,216.5,-0.0564,-0.0228,3.59,2708.8,566.4,8.8,11.0,0.77,27.7,3.63,0.015,3,1,0
2494.2,48.69,77.7,-0.0628,-0.0275,4.36,2671.9,58.5,0.8,0.7,0.07,40.2,1.86,0.043,4,1,0
807.2,26.44,23.7,0.0725,0.02,4.55,101.3,37.6,13.3,9.2,1.14,40.0,1.75,0.0,1,2,0
1096.5,42.31,215.3,0.0063,0.0487,4.75,538.0,308.9,2.7,1.5,0.27,32.1,1.36,0.009,3,3,0
798.6,34.95,291.6,-0.0076,-0.064,4.48,2820.2,356.3,3.1,1.7,0.24,41.9,0.82,0.025,1,2,0
1657.7,40.89,198.8,-0.068,-0.0944,6.44,289.2,105.4,4.6,5.0,0.35,39.6,1.39,0.038,2,3,0
1305.5,47.29,259.2,-0.0517,0.0094,4.77,2408.0,291.3,1.2,1.6,0.12,28.1,0.71,0.071,3,1,0
690.0,29.48,61.2,-0.0692,-0.0038,7.37,213.8,141.3,2.4,2.1,0.19,26.7,3.55,0.0,1,3,0
1512.6,28.36,336.1,0.038,0.0384,6.05,1045.7,10.8,61.0,42.6,5.78,35.2,3.24,0.011,3,4,0
1697.3,35.71,315.9,0.0733,0.0084,3.6,63.3,14.1,2.6,4.5,0.2,32.1,3.47,0.112,2,3,0
1217.3,36.11,294.1,-0.0071,0.0785,4.75,118.7,924.4,168.2,300.2,27.94,78.7,13.1,0.04,1,1,1
916.4,32.3,212.5,-0.0095,0.1516,5.07,592.5,70.3,29.8,20.3,2.24,34.6,2.63,0.045,1,3,0
1289.4,28.31,269.6,0.005,0.0407,4.13,1552.9,84.4,8.3,8.9,0.79,22.6,2.69,0.102,4,3,0
1389.2,37.13,16.1,0.0067,-0.0208,6.84,875.8,838.8,122.4,253.6,18.77,76.6,9.1,0.066,1,3,1
1203.3,16.44,15.8,-0.0768,0.0867,6.15,73.6,556.4,137.5,335.8,19.97,76.4,12.19,0.0,2,2,1
706.1,21.36,58.7,-0.0201,-0.0197,6.52,2977.7,530.9,100.6,269.3,20.65,71.0,2.06,0.11,1,4,0
854.2,39.87,261.3,-0.0699,-0.0329,4.8,405.3,309.8,122.9,306.4,34.13,70.1,3.63,0.052,1,4,1
1811.8,30.73,78.9,0.0669,-0.0025,2.95,1515.4,833.6,11.4,6.1,1.3,40.9,1.3,0.072,1,4,0
1176.6,39.48,43.0,0.0581,0.0752,4.94,479.5,219.3,160.0,367.3,29.92,64.9,1.31,0.028,2,1,1
999.6,40.58,88.0,0.0082,0.0114,5.51,1334.3,71.4,4.4,6.8,0.62,35.2,3.53,0.088,4,3,0
1605.4,46.83,315.4,-0.0052,-0.0489,5.62,320.4,73.3,24.0,47.7,3.79,46.8,5.09,0.094,1,2,0
1426.5,52.35,142.5,0.0634,-0.0917,4.15,501.2,49.1,83.7,261.1,11.38,73.9,3.06,0.063,5,3,1
1253.3,15.42,280.3,0.04,0.0074,6.99,1370.1,812.9,139.1,296.1,24.51,71.3,2.72,0.055,1,4,1
1003.0,41.77,332.4,-0.0357,-0.0006,2.0,1549.2,107.5,22.6,32.7,2.77,46.1,1.48,0.013,1,3,0
293.2,7.12,182.6,-0.0355,-0.0538,8.06,195.2,289.9,40.5,122.2,9.32,68.6,1.04,0.0,1,3,0
884.3,39.3,277.3,-0.0303,0.101,5.65,1803.4,52.8,3.5,5.4,0.24,29.3,1.63,0.051,1,3,0
476.7,28.6,295.2,0.0193,0.0531,4.46,207.7,42.3,16.3,9.7,1.32,45.8,0.0,0.141,1,1,0
1475.1,20.54,27.4,-0.0639,0.0653,7.15,2272.1,88.5,20.3,13.0,1.79,46.1,3.01,0.033,1,4,0
851.4,34.52,255.6,-0.0922,-0.0533,4.96,667.9,1218.3,58.6,142.8,9.8,76.3,9.69,0.012,2,3,0
425.4,42.15,129.9,0.0087,-0.0488,6.5,1580.9,427.6,208.9,556.8,29.67,90.2,43.75,2.237,3,2,1
605.3,27.46,198.7,-0.0016,0.0293,8.0,216.2,233.3,67.0,211.5,13.34,79.8,15.21,0.024,1,1,0
2336.5,30.33,106.6,0.0696,-0.0485,6.85,1165.4,941.9,38.9,49.6,2.94,47.6,1.2,0.062,3,4,0
1618.4,29.32,51.2,0.0201,-0.078,4.34,456.6,156.9,11.8,13.8,1.34,42.9,4.1,0.099,2,3,0
499.0,32.95,216.4,0.0794,0.0079,4.81,3584.6,453.3,5.5,7.8,0.86,36.3,0.68,0.117,1,1,0
1664.3,32.6,132.9,-0.0694,-0.0385,2.68,1224.8,97.5,86.8,209.6,14.95,79.4,16.23,0.102,1,2,1
1769.1,52.21,227.6,0.1749,0.0046,2.03,164.6,817.8,53.1,100.3,10.27,54.9,0.54,0.125,5,4,0
1050.7,30.44,295.6,0.0019,0.0323,3.55,213.4,117.4,82.7,224.6,16.84,71.1,1.0,0.0,3,1,1
1140.1,30.15,25.3,-0.0742,0.0122,7.43,537.9,1162.8,43.2,69.6,5.94,52.2,2.95,0.053,1,1,0
1947.6,41.0,171.8,-0.0307,-0.0025,4.31,510.1,27.1,62.9,160.6,13.04,62.3,2.28,0.044,4,3,0
744.3,44.56,132.2,0.1294,-0.0779,5.02,2563.4,571.3,9.7,7.4,0.74,49.5,2.4,0.063,3,1,0
50.0,34.6,94.1,-0.0638,0.0389,8.25,1350.1,1005.8,8.9,10.8,1.49,37.5,1.69,0.058,1,3,0
886.7,30.07,335.3,-0.0359,0.0338,8.15,831.8,540.4,19.6,35.3,1.36,44.4,2.22,0.066,2,4,0
2294.8,50.8,115.7,-0.0725,0.0279,3.83,530.3,573.0,129.8,265.4,21.74,82.4,17.31,3.416,5,4,1
905.8,24.53,151.3,-0.0777,0.0091,6.21,321.5,980.3,77.5,238.4,13.34,84.9,21.54,0.071,1,3,1
1147.4,43.3,86.3,-0.0242,0.0614,5.14,2402.8,654.5,19.4,53.8,2.77,48.4,0.0,0.068,2,2,0
1655.1,37.27,12.5,-0.0028,0.0025,4.12,791.1,104.9,95.0,265.2,15.09,85.5,27.46,0.134,1,1,1
1564.5,38.22,96.5,-0.011,0.0746,4.31,999.6,100.8,218.9,593.4,52.98,76.4,7.89,0.024,1,1,1
748.5,14.83,349.2,-0.0025,-0.0466,8.21,526.8,1597.7,2.5,2.7,0.2,35.7,2.7,0.001,1,1,0
1076.7,37.95,207.0,-0.0171,-0.0084,4.36,2610.0,466.6,9.9,16.5,0.67,29.5,2.64,0.021,2,2,0
1440.0,36.33,334.5,0.0339,-0.0521,5.24,288.9,610.8,176.0,343.5,23.36,90.5,34.2,8.065,3,3,1
360.5,12.71,0.9,0.045,0.0029,8.62,1205.7,477.6,78.9,147.2,10.32,66.6,0.0,0.042,1,3,0
1930.6,47.45,2.7,-0.0103,0.0202,6.04,435.7,106.3,120.1,289.8,17.41,81.0,21.46,0.037,2,2,1
1851.1,50.56,23.7,-0.0043,-0.0387,3.56,191.8,251.8,3.4,2.4,0.37,30.0,0.13,0.122,4,1,0
1275.0,30.89,5.2,0.0231,-0.044,6.62,114.2,312.8,0.3,0.4,0.02,35.0,5.18,0.034,3,3,0
760.6,34.28,141.8,0.0608,-0.0027,8.04,859.2,186.9,210.7,555.0,35.88,82.1,21.29,2.956,2,1,1
1764.9,28.64,357.7,-0.0455,-0.0219,7.53,2198.6,14.5,6.4,8.9,0.47,34.2,3.78,0.035,2,1,0
1512.9,30.03,311.2,0.0082,0.0456,4.89,1144.9,510.5,2.1,3.8,0.16,34.7,3.69,0.036,2,1,0
1526.9,29.54,86.4,-0.0307,-0.0093,6.01,310.6,170.7,12.1,7.8,0.95,34.6,2.0,0.064,3,3,0
1191.3,36.26,157.1,-0.0161,0.0622,3.53,701.3,287.0,21.0,17.0,2.07,32.2,0.99,0.007,4,3,0
1393.9,33.56,52.5,-0.0693,-0.0304,4.0,608.6,380.1,12.1,13.2,1.0,37.6,1.51,0.068,2,3,0
403.8,54.33,94.7,0.0499,-0.0541,2.68,616.5,307.3,98.8,198.2,19.62,85.5,21.12,3.057,3,1,1
2032.9,42.95,39.2,0.0423,-0.024,4.03,1936.2,743.1,27.5,50.4,8.39,49.2,0.94,0.044,5,4,0
564.0,43.56,185.2,-0.0187,0.0422,5.89,970.4,641.6,4.8,4.3,0.33,37.7,1.01,0.036,1,2,0
593.0,39.13,333.6,0.0003,-0.0152,4.77,10.8,0.4,39.1,61.4,2.77,50.3,0.0,0.058,1,1,0
543.9,41.49,332.0,0.0597,0.0467,3.57,327.0,379.2,11.9,15.9,0.92,38.7,1.09,0.008,1,4,0
1126.8,36.61,13.2,-0.0854,0.0079,5.28,2062.8,252.2,142.8,451.5,23.9,89.6,30.77,1.714,2,4,1
1027.7,22.54,312.6,-0.014,0.0448,6.32,945.3,442.2,79.0,221.8,24.81,78.2,15.94,0.053,2,1,0
1684.6,39.43,115.8,0.0908,0.0579,7.05,2482.7,152.0,24.0,75.7,7.76,67.6,1.71,0.034,4,3,0
1260.9,29.17,336.7,-0.0864,0.0595,4.41,565.6,339.7,0.3,0.5,0.03,34.5,1.81,0.067,2,2,0
1157.1,46.38,142.8,0.0073,0.0211,2.0,705.9,320.4,3.2,2.9,0.24,34.7,2.54,0.066,1,1,0
1651.7,27.0,65.0,-0.0068,0.0226,5.4,656.0,229.3,7.5,7.8,0.62,36.2,2.81,0.052,3,2,0
1741.9,23.59,235.1,0.0857,0.0373,3.18,293.7,56.8,69.9,173.1,22.98,81.1,21.46,0.053,5,4,0
1505.8,27.04,292.8,0.048,-0.0342,3.76,195.2,970.5,1.2,1.0,0.11,41.7,1.87,0.043,3,3,0
1357.3,22.05,176.7,0.0854,-0.0814,4.07,2563.0,30.5,3.6,2.5,0.44,27.0,3.68,0.082,3,1,0
616.2,26.08,296.8,-0.1648,0.0039,6.86,1094.5,396.7,66.4,167.7,11.45,75.0,7.29,0.057,1,4,0
1483.6,37.45,345.3,-0.006,-0.0673,6.1,639.3,20.8,0.0,0.1,0.0,35.3,5.11,0.049,2,1,0
1009.3,28.65,107.7,0.0568,-0.0111,5.26,2349.1,118.6,137.8,209.6,18.03,81.9,17.71,0.092,2,1,1
1658.4,32.2,224.9,-0.005,0.0444,5.32,3399.6,838.1,8.2,12.5,0.62,41.5,2.15,0.026,4,4,0
584.2,39.89,345.6,-0.0081,-0.012,4.25,1623.9,336.3,10.7,7.0,0.93,41.1,0.82,0.059,2,2,0
969.4,49.78,67.8,0.0074,-0.0407,4.54,2027.7,507.8,49.5,33.1,6.37,40.4,1.66,0.046,1,4,0
1337.8,31.31,206.6,-0.0811,0.0902,3.46,1025.8,421.3,15.3,14.6,1.15,27.0,2.55,0.049,3,4,0
1133.7,29.98,78.2,-0.0432,-0.0105,6.34,267.2,45.9,54.3,158.4,11.55,69.4,5.14,0.06,1,4,0
1272.2,25.91,22.3,-0.0125,-0.0404,9.83,73.0,4.0,64.1,104.6,9.49,53.5,1.63,0.104,2,2,0
1131.8,32.57,311.7,0.0161,-0.0047,7.46,1313.9,1042.8,189.2,510.7,35.21,73.5,4.62,0.049,1,3,1
1958.8,39.77,323.9,0.0151,0.0178,3.76,227.5,186.3,195.2,504.5,52.74,81.7,19.49,0.065,5,1,1
1196.2,23.6,56.1,0.0517,0.1078,5.69,61.7,231.4,2.7,2.3,0.25,34.5,3.65,0.095,4,1,0
272.2,24.62,16.1,-0.0318,0.029,5.35,726.6,22.0,0.8,0.8,0.06,30.7,5.02,0.088,1,2,0
67.0,31.71,62.4,0.0629,-0.1104,6.33,436.6,7.0,99.0,175.2,15.7,75.0,9.09,0.095,1,1,1
1663.5,39.41,298.1,-0.0106,0.0413,6.87,1674.2,853.8,33.1,43.2,5.31,43.3,1.29,0.041,1,2,0
1349.9,34.83,119.1,-0.06,-0.0417,4.11,1105.5,593.9,3.8,4.2,0.31,30.8,1.29,0.08,4,4,0
1941.7,39.14,195.8,0.0071,-0.0016,2.13,1856.5,584.9,123.3,98.9,17.98,56.1,1.2,0.021,3,2,0
1355.9,38.34,38.4,-0.0113,0.0295,5.95,488.0,629.7,9.0,7.7,1.09,35.6,0.0,0.0,2,2,0
1812.8,45.21,165.9,-0.0097,0.0194,3.1,987.6,194.2,5.1,7.7,0.59,33.6,1.82,0.048,3,2,0
927.5,37.33,270.6,-0.02,-0.0533,3.32,567.2,188.6,50.3,145.0,8.49,72.5,1.92,0.02,1,4,0
1951.3,24.11,353.4,0.0884,0.0853,8.76,2171.0,13.5,6.3,4.1,0.49,26.1,4.74,0.073,1,3,0
1808.9,22.15,278.1,0.0149,0.0314,6.61,437.7,574.7,7.6,9.9,0.84,30.3,0.01,0.033,2,2,0
1976.0,32.34,301.1,0.0244,-0.0119,2.8,711.7,1186.6,8.1,12.1,1.16,30.3,1.77,0.015,1,4,0
1255.2,45.73,314.2,0.0978,0.0702,2.0,277.6,53.7,50.4,150.7,11.47,67.7,2.1,0.072,3,1,1
1347.3,19.78,255.6,0.0493,-0.0266,2.92,13.5,348.0,11.8,7.1,1.46,45.4,3.81,0.049,1,3,0
1065.3,34.81,238.7,-0.0346,0.0156,6.54,2460.5,30.9,27.3,16.4,3.28,39.3,1.67,0.098,1,1,0
540.1,28.36,303.7,-0.0195,0.0308,5.59,329.3,113.9,120.4,243.4,30.15,84.2,26.99,0.0,1,2,1
1284.2,30.92,302.5,-0.0596,-0.0149,5.25,1956.0,1039.3,30.3,56.7,5.06,45.1,0.0,0.045,2,3,0
428.0,19.46,281.2,0.0637,0.0279,5.72,428.7,17.0,36.3,24.0,3.65,38.9,1.81,0.031,1,2,0
1212.5,39.92,318.4,-0.0054,-0.0807,3.65,571.6,1324.2,153.5,339.4,42.96,84.9,26.57,0.268,2,3,1
1631.1,43.68,51.0,0.0133,0.0256,7.73,264.5,1831.6,68.2,196.5,13.38,79.3,14.8,0.071,1,4,0
1212.9,43.54,260.7,-0.0819,-0.0698,7.56,1850.9,290.9,3.3,5.4,0.46,43.1,4.75,0.031,1,4,0
553.6,34.83,285.0,-0.0388,-0.0551,4.76,1402.9,170.8,10.0,17.0,0.85,44.0,1.52,0.031,4,3,0
1287.7,28.23,215.7,0.0274,-0.0103,6.84,613.5,725.0,128.8,253.1,17.56,81.3,18.5,0.053,3,2,1
1016.7,39.48,79.0,-0.0519,0.0354,3.15,1174.4,108.9,54.1,140.5,16.21,72.3,3.11,0.053,1,1,0
914.4,30.55,213.0,0.0253,0.0189,6.37,501.4,36.1,6.5,4.9,0.66,35.6,1.06,0.039,1,2,0
694.4,35.75,326.8,-0.043,-0.0492,4.39,1378.0,451.9,79.5,134.3,13.72,74.9,1.21,0.079,1,2,0
1602.9,57.43,346.8,-0.1065,-0.0583,4.8,413.5,1454.4,60.1,142.8,12.59,65.4,3.23,0.08,5,1,1
1878.9,37.5,264.7,-0.0854,0.1042,3.03,1105.8,488.2,17.5,29.9,1.64,35.6,1.69,0.047,2,4,0
1456.2,24.7,122.2,-0.0336,-0.0278,5.85,251.1,57.1,42.7,84.6,7.9,63.3,1.74,0.0,1,4,0
50.0,41.73,177.8,-0.1353,-0.0049,3.58,1991.9,242.4,42.2,59.6,2.83,40.0,4.99,0.024,1,3,0
949.0,30.65,205.7,-0.025,-0.0578,6.04,3987.4,137.4,15.4,9.1,1.18,31.0,2.46,0.105,3,4,0
1840.5,53.72,355.3,-0.1291,0.0314,2.96,337.5,711.4,6.1,7.1,0.88,33.7,0.68,0.105,4,2,0
472.0,20.58,250.0,0.0103,0.0053,7.99,915.4,595.9,66.3,133.6,9.96,68.1,3.37,0.038,1,2,0
778.2,14.9,239.1,0.0897,0.028,6.87,63.0,34.2,13.1,12.5,1.23,33.0,1.14,0.086,1,1,0
1539.5,37.02,54.6,0.0523,0.058,5.34,169.8,852.9,136.6,285.7,17.18,77.7,14.44,0.088,3,1,1
1888.6,23.46,258.9,-0.0212,-0.046,3.83,3.1,798.0,167.9,268.8,51.32,84.4,17.73,0.0,4,4,1
1871.9,40.25,163.7,0.0629,-0.0135,3.05,226.3,1221.7,5.6,9.2,0.53,32.6,4.75,0.0,2,2,0
1629.7,44.36,106.3,0.0306,0.0345,5.96,137.4,53.1,20.7,24.5,1.46,41.6,2.74,0.032,3,3,0
731.4,33.86,276.7,-0.0391,0.0716,5.66,1908.3,188.0,7.3,9.7,0.85,30.2,0.72,0.0,1,1,0
1080.7,34.76,157.7,0.0241,-0.0502,6.91,947.7,885.9,20.4,31.0,2.17,41.3,1.43,0.053,2,3,0
624.1,39.48,354.2,-0.0498,-0.0324,6.09,124.1,369.6,11.7,18.3,1.42,34.0,3.77,0.0,2,1,0
445.5,26.83,44.9,-0.0432,-0.0087,5.05,355.3,470.9,0.7,0.5,0.07,36.9,1.49,0.087,1,1,0
1394.0,35.15,267.3,-0.0208,-0.0227,6.12,2078.3,350.2,106.3,309.6,16.65,79.5,18.56,0.052,2,1,1
949.4,44.08,237.0,-0.0167,0.0393,2.0,2898.3,670.9,65.1,129.9,18.84,64.8,1.86,0.0,1,4,0
1561.0,31.61,204.9,0.0429,0.013,4.98,450.4,495.4,133.7,414.2,36.3,79.9,19.99,0.058,3,1,1
2094.8,32.3,348.0,0.0327,0.1049,3.45,2365.1,459.6,4.5,3.9,0.41,42.3,2.68,0.074,2,2,0
1641.7,39.65,233.6,-0.0064,-0.0501,5.06,159.3,322.6,4.9,2.6,0.45,38.5,3.3,0.089,2,4,0
577.0,31.56,160.2,0.0039,0.0525,2.67,104.4,643.9,46.4,94.7,8.57,70.2,2.43,0.055,1,4,0
1592.0,31.64,291.9,0.0936,-0.0692,3.84,546.7,16.0,36.6,96.3,7.62,55.7,0.43,0.043,2,1,0
1072.8,41.53,345.9,0.0535,0.0028,7.17,97.7,889.6,106.7,206.6,15.82,95.8,31.15,0.608,1,1,1
469.3,19.72,291.1,0.092,0.0413,5.57,6.7,61.1,28.7,17.9,2.37,37.9,2.42,0.112,1,3,0
528.5,44.94,78.0,-0.0586,-0.0322,4.2,181.3,156.3,13.4,22.6,1.07,35.5,3.44,0.101,2,4,0
837.1,41.72,170.4,0.0533,0.0518,5.41,7115.9,52.8,23.0,11.7,1.87,33.7,2.59,0.0,3,3,0
1367.3,26.51,154.5,0.0318,0.0443,4.4,696.0,369.7,2.7,3.5,0.41,30.0,0.92,0.04,2,1,0
1406.6,41.98,189.6,-0.1086,-0.0051,5.5,6210.4,386.1,34.6,57.1,2.91,48.1,1.86,0.004,1,1,0
1351.9,25.46,138.2,-0.0164,0.0217,6.0,210.6,330.1,148.0,331.1,37.13,81.2,24.28,0.08,2,3,1
2236.4,44.11,312.4,-0.0037,0.0035,3.34,273.3,39.6,48.8,118.6,11.24,70.9,0.68,0.019,5,3,1
996.3,36.18,325.9,-0.0748,-0.052,5.92,5500.7,170.3,24.7,23.1,3.82,35.9,1.2,0.064,3,3,0
1698.4,30.35,110.4,-0.0891,-0.0463,2.71,251.1,64.6,1.4,1.0,0.11,37.7,2.65,0.162,2,1,0
718.7,32.87,322.0,0.006,0.0749,4.51,817.4,279.2,7.8,8.8,1.15,44.7,3.65,0.007,1,1,0
603.2,39.57,284.5,0.004,0.0474,5.05,4577.5,1765.6,11.7,6.2,1.44,42.5,1.46,0.069,1,1,0
676.9,22.82,321.0,-0.0326,-0.0343,6.79,2457.0,545.7,119.1,291.6,22.14,86.4,23.01,0.094,1,1,1
887.3,31.92,215.4,-0.0411,-0.08,4.68,2864.4,439.9,5.1,6.5,0.34,41.6,0.42,0.065,3,1,0
1535.5,42.89,263.7,-0.0148,-0.018,3.99,364.9,0.4,119.4,204.2,31.81,78.9,15.86,0.02,3,3,1
282.4,38.27,107.5,0.0346,-0.0345,4.86,875.5,917.1,6.2,7.2,0.75,42.8,1.74,0.056,1,1,0
479.0,16.06,207.7,-0.0307,-0.0406,7.42,256.0,789.1,1.4,1.7,0.21,42.4,2.05,0.106,1,1,0
1759.7,16.34,336.0,-0.0757,0.0259,5.94,178.4,58.7,13.6,15.2,1.42,45.7,1.86,0.013,4,1,0
929.8,41.4,144.7,0.0097,0.0517,6.44,1123.9,70.2,14.5,25.7,1.1,37.4,3.51,0.014,2,3,0
1258.5,47.25,234.1,-0.0188,-0.0289,2.9,1568.1,192.5,63.6,103.6,4.33,64.3,1.59,0.011,1,3,0
1034.9,35.44,227.8,0.0094,0.0345,2.99,926.7,69.4,65.9,130.3,12.26,63.7,0.0,0.05,1,4,0
978.1,38.9,8.9,-0.0197,0.1042,5.22,4160.8,43.0,56.8,140.2,15.66,73.5,2.82,0.012,4,1,0
1858.6,33.48,16.2,0.0343,0.043,7.25,27.3,9.4,76.8,201.5,20.91,78.4,13.89,0.056,2,1,1
2295.8,34.94,266.4,0.0659,0.083,4.29,475.5,901.6,3.3,1.8,0.27,46.6,1.82,0.085,5,4,0
687.7,35.04,3.6,-0.0486,0.0395,3.52,360.2,295.7,56.5,38.0,5.56,46.7,3.29,0.158,1,2,0
1520.7,38.91,313.8,-0.0575,0.0793,6.21,1978.2,166.7,91.0,136.8,19.05,66.9,2.5,0.042,3,4,1
1697.4,36.47,30.2,-0.0853,-0.1135,8.2,1400.9,158.8,17.1,13.3,1.71,28.7,3.53,0.011,3,2,0
2069.2,30.38,27.1,0.0041,-0.0333,3.99,579.4,378.0,205.8,459.6,60.52,69.2,1.3,0.016,4,4,1
870.9,31.75,155.3,0.0688,-0.0805,4.69,1366.3,373.3,67.2,161.7,12.55,74.9,0.0,0.029,2,1,0
490.4,35.72,209.3,-0.0391,0.0404,8.24,822.0,605.5,24.8,42.8,2.63,42.9,3.31,0.099,1,1,0
1658.8,22.47,231.0,0.0822,-0.0575,6.61,418.7,83.0,6.4,10.4,0.44,32.1,0.0,0.026,1,1,0
1366.4,43.88,203.1,0.0483,0.0273,2.0,1438.7,45.2,0.7,0.9,0.05,24.7,3.07,0.039,3,1,0
2062.2,27.68,221.3,0.0066,-0.0017,5.89,3043.2,260.4,44.3,100.3,6.67,63.4,2.47,0.099,1,1,0
648.4,46.16,145.3,-0.008,-0.0008,3.86,846.5,19.7,9.5,11.8,0.64,49.4,2.42,0.043,2,2,0
963.5,31.31,83.6,-0.0966,-0.0274,7.93,2255.7,109.2,246.1,705.4,41.46,68.3,1.82,0.006,2,3,1
1599.6,44.73,118.7,-0.0158,0.0357,2.0,1119.6,95.5,73.5,115.7,9.9,62.3,1.91,0.037,4,3,1
2183.1,49.33,150.2,0.0442,-0.0186,6.76,3465.8,38.2,76.4,164.4,10.54,83.4,20.51,1.039,3,4,1
2190.8,37.96,325.2,0.0441,-0.0409,5.26,1991.9,196.3,5.1,5.7,0.47,34.9,1.61,0.041,4,1,0
1400.5,25.81,249.2,-0.0009,-0.022,8.63,1957.1,420.8,5.4,3.6,0.37,25.2,3.24,0.036,2,3,0
1474.5,22.18,55.7,-0.1461,-0.015,6.41,293.3,596.2,1.2,1.2,0.09,46.1,2.75,0.06,2,2,0
834.4,31.25,329.1,0.1035,-0.0108,6.17,691.6,71.3,55.6,86.6,15.92,50.9,3.34,0.032,1,4,0
2282.1,37.76,338.4,0.0041,-0.0689,4.48,29.7,1111.2,15.0,12.6,1.06,29.9,2.79,0.026,5,2,0
986.9,50.06,212.0,-0.0024,0.0864,4.34,3160.7,16.6,12.2,21.6,0.95,34.9,2.72,0.052,3,3,0
609.1,10.07,130.2,-0.0167,-0.0064,6.72,1691.2,241.3,3.4,5.1,0.26,33.0,2.27,0.0,1,2,0
1426.2,33.34,193.4,0.0198,0.0253,5.96,253.7,318.8,110.0,248.6,14.68,75.2,9.24,0.002,4,1,1
2074.6,34.32,187.1,-0.0292,0.0186,3.75,2473.5,10.6,28.8,14.8,2.91,36.0,0.41,0.021,5,2,0
1616.4,37.98,70.5,-0.0615,0.014,7.11,51.1,364.6,2.0,1.3,0.19,32.1,2.35,0.059,2,1,0
532.2,24.92,53.9,-0.0506,-0.0029,7.37,2021.2,75.4,62.8,126.3,13.88,59.2,2.57,0.088,1,4,0
787.2,18.77,139.9,-0.029,0.0089,6.06,5583.5,338.7,117.6,259.7,17.77,82.3,20.18,0.044,2,3,1
1242.9,50.96,289.7,0.0563,-0.0605,3.73,1821.8,185.3,75.8,225.0,22.76,82.0,25.14,0.524,2,2,1
1319.3,18.59,267.2,0.0478,-0.0007,8.27,2605.9,273.8,365.5,689.9,80.0,82.6,19.72,0.041,3,2,1
50.0,23.47,105.5,0.0521,-0.0364,7.16,133.0,160.5,23.3,15.6,2.01,50.2,4.91,0.078,1,3,0
1078.6,59.01,162.9,0.0501,0.0381,2.23,876.4,134.7,114.0,253.5,15.26,79.6,15.87,0.026,3,3,1
714.3,34.05,105.5,-0.0381,-0.0647,7.12,858.2,149.6,14.4,16.1,2.11,34.9,2.55,0.055,2,1,0
787.1,33.39,230.7,-0.0285,0.068,7.77,890.5,18.5,162.0,483.4,24.96,84.2,19.18,1.468,2,1,1
560.1,19.25,342.3,-0.0497,-0.0547,7.14,93.0,291.7,76.3,210.9,14.14,89.0,38.36,0.006,2,2,1
1066.3,31.42,183.4,-0.0315,-0.019,3.75,26.9,82.3,91.2,263.0,11.93,87.2,21.51,0.044,4,4,1
1796.5,34.61,155.6,0.0658,0.0031,4.06,135.5,91.0,16.7,28.6,1.54,39.5,2.86,0.042,3,1,0
1532.0,44.9,39.9,0.0502,0.0326,2.5,813.5,15.9,75.7,239.3,12.31,72.4,2.84,0.063,2,1,1
1107.1,36.64,186.8,-0.0546,-0.0437,3.01,98.2,85.0,3.3,5.5,0.25,41.8,0.93,0.075,3,3,0
1667.6,50.0,138.5,0.0201,0.0618,2.93,247.8,69.4,152.5,241.4,21.25,76.2,8.65,0.047,5,2,1
1150.5,46.2,289.8,0.0219,-0.0181,3.77,1075.5,1006.3,98.0,309.6,20.42,86.6,24.07,0.025,1,3,1
1662.2,55.21,48.4,0.0639,0.0338,2.0,198.2,1499.7,87.3,132.0,14.06,69.2,3.14,0.03,5,1,1
1358.0,31.74,36.2,0.0385,0.0457,4.74,772.4,15.6,20.7,11.8,2.34,26.9,0.0,0.0,2,1,0
1785.2,47.55,337.0,0.0519,0.0282,4.73,656.6,101.9,21.4,35.3,3.15,46.5,3.19,0.005,5,1,0
1172.8,33.55,331.4,0.0236,-0.0319,3.67,261.2,121.6,69.0,121.3,9.52,73.3,4.91,0.027,1,3,1
1997.6,50.15,33.2,0.0733,0.0035,2.0,6463.6,431.6,53.6,90.1,10.29,56.9,3.02,0.108,5,1,0
2044.4,41.34,34.0,-0.0251,0.0177,4.72,1357.6,148.2,0.3,0.5,0.04,37.8,1.25,0.0,4,1,0
1371.7,37.85,257.5,-0.0086,0.0011,6.42,2164.1,205.7,28.8,47.7,1.95,38.3,3.89,0.044,1,2,0
1015.5,36.13,140.3,-0.0214,-0.0871,3.64,1063.4,49.8,11.3,19.4,1.37,45.5,0.0,0.0,3,1,0
734.3,18.11,131.2,0.0422,-0.011,6.63,455.8,62.7,4.2,5.2,0.4,46.5,0.08,0.088,1,3,0
565.3,20.94,34.6,-0.0655,0.0823,5.85,419.5,1420.1,190.6,510.1,47.72,79.2,14.89,0.078,1,1,1
1765.9,43.81,97.6,-0.0511,-0.0727,3.46,1234.7,104.0,142.1,249.4,19.36,76.0,7.55,0.033,4,3,1
1436.6,41.47,1.2,0.0143,0.0622,4.94,1179.1,86.2,228.2,620.8,38.6,90.4,31.48,2.835,3,1,1
1837.4,38.77,41.7,-0.0183,-0.0764,6.21,1333.1,445.5,5.7,4.7,0.48,33.0,2.64,0.05,4,4,0
757.3,28.39,96.8,-0.0381,0.0763,4.67,542.7,211.8,20.9,12.6,2.32,39.5,1.22,0.13,1,1,0
50.0,17.21,166.5,-0.0024,0.0279,6.41,486.6,409.5,3.2,5.6,0.27,37.1,3.98,0.051,1,2,0
2087.4,34.15,126.1,-0.0028,-0.0419,3.6,1155.8,277.8,19.7,29.4,1.5,40.3,2.72,0.036,1,2,0
1066.9,31.35,91.1,-0.0148,-0.0408,6.51,559.6,56.1,17.5,14.5,1.63,46.3,0.61,0.086,2,2,0
405.5,39.42,94.5,-0.0537,-0.0268,3.62,997.8,111.8,86.8,264.6,18.41,80.6,18.08,0.039,1,3,1
2039.1,36.49,98.0,-0.0918,0.0701,4.15,356.5,61.0,0.8,1.4,0.09,21.6,0.46,0.0,4,4,0
653.0,47.96,290.9,0.0415,0.0366,2.0,115.8,353.1,112.0,336.4,15.72,76.3,10.29,0.029,3,2,1
573.3,31.54,329.0,0.0438,-0.041,2.0,2567.6,442.3,9.2,7.7,0.79,26.4,3.69,0.042,1,2,0
1052.6,21.29,239.2,-0.0219,0.0478,6.2,318.6,537.5,4.0,3.4,0.47,34.6,0.95,0.037,1,1,0
626.3,44.15,280.3,0.02,-0.0132,4.42,1587.4,176.4,2.2,3.1,0.24,35.6,1.21,0.051,2,3,0
1336.4,29.51,278.6,-0.0336,-0.006,3.25,274.5,39.0,6.7,10.9,0.52,35.3,1.33,0.044,4,2,0
1346.4,31.09,245.2,0.0312,-0.0505,5.95,279.4,603.3,88.3,253.2,11.93,77.9,11.67,0.036,1,1,0
418.8,33.13,229.6,-0.0442,0.0161,5.88,526.3,218.3,0.3,0.4,0.02,34.2,2.91,0.0,1,1,0
942.1,27.34,44.2,-0.0569,0.0143,7.75,812.0,407.1,182.5,347.3,40.41,68.5,2.27,0.117,1,3,1
1603.3,30.58,40.1,0.0626,0.0302,7.53,125.1,327.1,17.4,30.2,1.54,35.5,4.75,0.076,2,3,0
1352.2,20.03,14.6,-0.0115,-0.0085,5.67,492.9,77.8,1.4,1.5,0.1,24.2,2.0,0.072,2,1,0
1016.1,36.13,160.2,0.1061,0.0482,3.64,53.9,170.0,35.2,43.2,3.96,46.5,0.0,0.04,2,1,0
1560.9,25.64,244.3,-0.0733,0.0102,5.74,17.8,145.6,10.6,5.6,1.32,33.8,2.34,0.009,1,3,0
637.0,24.35,140.8,-0.0697,0.0188,5.93,39.1,974.2,4.5,4.7,0.36,39.7,0.0,0.056,1,1,0
2088.0,37.92,211.3,0.0264,-0.0632,7.96,544.8,109.6,21.4,28.7,1.69,39.1,2.37,0.0,5,1,0
1546.3,23.35,314.4,0.0565,-0.0475,6.06,991.0,115.4,10.5,18.0,2.3,35.8,2.24,0.076,2,4,0
1139.5,42.84,66.7,-0.0085,0.0815,5.57,36.3,2.4,4.3,2.7,0.38,35.5,3.38,0.1,2,4,0
1616.9,36.99,199.1,-0.0001,-0.0094,5.05,2449.5,65.0,2.3,2.1,0.28,30.5,2.01,0.037,2,2,0
1377.1,40.65,80.8,0.0556,0.0492,7.1,27.1,459.0,22.4,17.4,2.92,40.7,0.0,0.062,2,4,0
1764.9,22.32,317.1,-0.0168,0.0171,8.63,23.5,97.1,121.4,295.0,36.3,82.3,23.93,0.024,1,1,0
471.4,38.47,62.9,0.0041,0.0083,6.34,2181.4,206.8,8.1,9.0,0.72,42.8,4.83,0.085,1,1,0
1393.2,38.47,68.0,-0.0498,-0.0579,4.9,1904.9,1126.0,172.7,505.7,24.94,79.5,12.12,0.041,2,1,1
951.1,29.6,160.3,0.0718,0.1016,7.49,2321.3,371.4,4.9,3.6,0.52,38.3,0.77,0.0,3,1,0
1163.8,47.16,43.4,-0.0023,-0.0311,4.55,968.2,634.7,88.5,214.8,25.84,85.6,23.34,10.779,3,1,1
1196.7,33.06,326.8,-0.0488,0.0456,3.32,691.7,15.3,59.9,154.3,9.69,78.3,15.78,0.072,2,3,1
1085.8,46.86,325.1,-0.0109,-0.0466,5.29,835.5,12.6,14.8,10.1,1.93,45.5,4.13,0.03,2,1,0
1031.6,22.43,155.6,-0.0564,0.054,6.46,1738.2,36.8,52.9,115.0,11.62,78.1,12.72,0.0,3,1,0
1260.5,33.01,108.8,-0.0009,-0.037,4.72,103.2,6.3,30.2,41.3,4.04,50.9,1.13,0.0,1,2,0
640.6,30.72,100.0,-0.0419,-0.0483,7.52,431.8,249.0,17.4,14.8,1.2,40.6,5.13,0.052,1,3,0
1720.6,34.57,134.1,-0.0034,0.0503,4.41,900.6,55.0,18.0,20.1,1.52,32.1,3.05,0.118,2,1,0
1137.8,25.65,6.0,-0.0043,-0.0972,4.41,1826.3,248.6,8.9,16.0,0.88,41.9,1.13,0.044,2,4,0
1047.8,40.33,138.9,0.0302,-0.0563,5.37,2198.9,127.7,4.8,7.1,0.35,37.8,1.82,0.103,5,4,0
1214.8,41.42,127.7,-0.0809,-0.0475,5.81,391.8,369.1,27.3,22.5,4.2,47.8,4.11,0.068,2,3,0
1626.9,31.39,351.7,0.0043,0.0335,3.49,158.3,1403.7,11.6,14.7,0.85,36.9,0.0,0.089,1,4,0
186.6,23.81,341.7,-0.0751,0.0305,5.84,949.1,274.9,47.6,74.8,7.46,51.2,0.9,0.086,2,1,0
398.2,28.38,255.1,-0.0181,0.0008,5.12,273.7,26.7,48.8,54.8,3.69,53.9,1.96,0.019,1,4,0
1968.9,37.58,30.1,0.0321,-0.0303,5.12,1359.6,265.9,50.6,140.4,10.29,74.3,0.36,0.0,5,4,0
1013.2,23.18,287.4,0.0149,-0.1153,7.34,2257.4,171.5,53.0,50.9,5.47,59.9,2.34,0.073,3,3,0
495.8,21.12,230.3,-0.0022,0.001,7.77,914.4,397.9,129.8,312.7,20.09,77.2,10.51,0.024,3,2,1
198.9,30.82,170.7,0.0271,-0.0051,5.68,325.4,83.0,5.1,4.4,0.76,43.7,2.84,0.016,1,2,0
1166.0,27.98,154.5,0.0512,0.0798,4.95,860.2,93.0,9.0,13.9,0.65,44.0,2.41,0.118,4,3,0
677.7,29.27,233.5,0.0475,-0.0393,8.26,482.3,402.8,75.0,126.4,22.64,64.2,2.28,0.019,1,2,0
1614.6,30.04,238.3,0.0539,0.0571,4.44,863.1,281.4,0.3,0.3,0.02,24.6,1.33,0.022,1,3,0
548.7,24.07,168.1,-0.09,-0.0182,5.97,88.1,62.8,18.4,19.1,2.12,32.2,3.58,0.121,3,2,0
934.9,34.01,176.4,-0.0402,-0.0395,6.01,1859.5,307.5,94.9,188.3,22.53,76.2,13.39,0.039,3,4,0
1323.6,44.38,179.9,0.0137,0.016,3.86,338.3,164.0,72.6,142.1,9.64,75.4,6.81,0.0,2,1,1
1996.4,54.45,258.2,0.0001,-0.0244,3.47,172.6,706.0,12.1,19.7,1.53,37.8,4.24,0.046,4,4,0
146.7,46.26,344.7,0.0599,-0.056,4.18,2078.5,122.9,79.3,189.7,13.04,69.1,5.14,0.036,1,2,1
736.1,48.51,281.3,-0.0222,0.0451,4.6,4090.0,877.8,84.8,166.0,11.7,65.2,2.27,0.029,4,1,0
1932.9,38.89,267.7,0.0676,0.0599,3.95,713.6,92.6,82.5,184.9,11.96,79.7,16.09,0.058,1,3,1
1725.6,55.38,47.6,-0.0363,-0.0213,4.15,191.2,585.1,93.7,157.7,13.57,70.9,0.37,0.0,5,1,1
1181.6,14.13,234.3,0.1086,0.016,11.31,2327.4,280.9,19.6,11.8,2.75,51.6,3.92,0.0,1,4,0
1610.6,56.25,121.9,-0.043,-0.0271,4.92,947.9,188.5,19.9,34.5,1.52,37.8,2.86,0.004,4,3,1
1703.2,25.69,284.0,0.075,-0.0386,6.53,2605.6,802.0,5.9,3.5,0.91,25.5,2.89,0.08,2,2,0
1449.5,33.99,137.6,-0.0694,0.0242,5.42,1962.3,714.7,11.0,10.6,0.92,43.4,1.68,0.087,3,2,0
1756.5,40.08,61.2,-0.0397,-0.009,6.46,6042.5,937.0,3.1,5.5,0.33,30.1,0.0,0.044,5,1,0
880.9,37.09,222.4,-0.1277,-0.0144,5.01,485.9,790.0,86.2,134.8,12.07,77.4,11.18,0.072,2,1,0
347.5,28.51,75.0,0.0533,0.0166,7.29,84.2,42.2,2.0,3.0,0.21,29.5,2.95,0.062,2,3,0
904.8,25.36,345.0,0.0176,-0.0014,4.71,1255.7,111.4,2.3,2.5,0.28,28.5,5.11,0.045,1,2,0
1228.8,34.67,258.6,-0.0076,0.01,5.07,1328.4,14.9,14.1,7.5,1.49,43.0,4.32,0.029,1,3,0
408.0,33.36,130.2,-0.0235,0.0014,8.22,384.6,183.2,7.2,4.0,0.52,38.7,3.99,0.036,1,2,0
1213.4,23.69,265.4,-0.0513,-0.0217,7.7,2945.4,186.6,13.9,22.6,0.93,37.2,0.6,0.0,3,4,0
1499.0,38.52,268.7,0.0082,-0.0108,7.14,782.0,545.0,2.6,3.2,0.22,35.3,1.7,0.048,3,3,0
2151.8,26.53,245.5,-0.1003,-0.0454,7.95,4346.8,1027.9,3.3,4.7,0.46,40.8,0.0,0.101,5,2,0
1181.8,41.08,206.2,-0.0053,-0.0176,5.24,4643.7,214.9,43.0,125.5,8.75,58.4,3.94,0.053,2,4,0
1586.7,32.83,5.6,-0.0991,-0.0572,7.89,4431.3,31.9,14.6,12.5,1.52,34.7,1.7,0.05,1,1,0
222.0,25.31,144.6,0.0667,0.0921,4.59,2764.1,10.7,6.2,3.7,0.73,40.1,1.51,0.052,1,4,0
97.8,31.36,40.5,0.0445,0.0577,4.32,1738.8,266.9,23.1,28.2,2.08,44.1,2.49,0.06,1,3,0
711.9,25.17,317.6,-0.1018,-0.0202,2.0,214.0,570.8,16.6,10.6,1.12,41.8,1.6,0.0,3,4,0
975.4,31.69,198.0,-0.0233,-0.0651,4.81,1177.4,117.0,10.8,14.9,0.88,33.0,3.02,0.043,3,1,0
465.5,40.17,190.1,-0.0705,-0.0175,2.59,295.8,278.7,83.0,172.4,15.56,75.8,7.08,0.043,2,2,1
1325.7,34.92,264.6,0.1467,0.0619,6.91,503.7,584.9,18.0,25.7,1.38,43.1,2.04,0.033,2,1,0
956.9,30.77,348.5,-0.0341,-0.0646,5.14,201.3,633.1,0.3,0.4,0.05,38.2,1.73,0.036,3,1,0
1802.5,22.96,239.7,0.0168,-0.0599,5.76,625.5,249.8,261.6,806.3,71.03,83.7,22.63,0.076,2,1,1
1734.7,33.88,296.0,0.0445,-0.095,2.0,2121.0,632.7,73.3,212.6,16.5,81.5,22.8,0.03,2,2,0
1648.4,36.86,85.9,-0.0508,0.0303,6.17,2610.4,35.0,103.1,181.4,19.57,86.9,24.39,5.313,5,2,1
1263.0,41.7,38.9,0.0658,0.0279,6.46,2406.2,942.5,7.3,4.9,0.6,32.7,0.18,0.063,2,2,0
1122.2,25.72,216.1,0.0629,0.0569,5.1,6370.3,188.3,63.2,158.6,9.36,67.0,3.63,0.044,2,1,0
1252.0,41.65,93.6,-0.0146,0.0195,7.41,141.1,175.2,67.5,156.6,10.06,74.6,0.0,0.098,3,1,0
697.4,35.67,28.3,-0.0567,-0.0071,2.14,3252.0,432.5,18.3,21.2,2.0,38.5,0.0,0.039,1,3,0
1776.2,32.1,233.5,-0.0732,0.0434,7.21,2231.1,166.1,4.3,5.3,0.7,34.0,3.69,0.085,4,1,0
804.2,29.84,79.7,-0.0236,0.0142,4.7,317.8,187.0,11.5,17.3,1.65,37.7,2.39,0.126,3,4,0
1291.4,24.32,97.4,-0.0515,0.1182,8.79,3229.6,107.9,3.6,4.9,0.24,33.5,1.48,0.031,3,1,0
50.0,21.91,335.1,-0.0428,0.0768,7.18,1471.0,273.4,125.3,362.5,18.73,83.1,24.11,0.021,1,1,1
1288.1,36.88,82.7,0.0489,-0.0111,4.43,2298.9,336.2,8.2,8.9,0.97,34.2,2.41,0.054,5,4,0
523.9,41.95,316.3,0.0446,-0.0196,4.95,1107.1,61.7,3.7,2.0,0.25,30.9,1.69,0.121,2,2,0
776.0,21.71,303.5,-0.042,-0.0561,8.38,1863.5,503.8,2.4,4.1,0.39,32.0,0.69,0.0,3,2,0
882.7,20.71,288.7,-0.0388,-0.0082,7.36,1905.9,133.0,26.8,59.1,4.4,52.6,1.37,0.0,3,1,0
665.4,45.98,66.5,-0.0036,0.0008,2.06,638.0,858.6,15.9,14.3,1.13,45.8,2.26,0.03,1,1,0
1605.8,33.68,171.5,0.0856,-0.0255,4.57,820.3,57.1,92.1,283.2,15.25,76.0,7.23,0.019,4,4,1
559.5,27.59,316.2,0.0391,0.0777,6.34,71.4,172.8,4.9,2.6,0.33,35.8,1.67,0.073,1,2,0
1157.3,34.99,26.9,-0.0144,-0.0043,4.6,2649.7,381.9,2.8,2.2,0.21,32.6,2.61,0.0,1,2,0
763.8,36.52,213.7,-0.0117,-0.0284,7.04,308.8,77.7,3.0,4.2,0.28,38.6,0.0,0.004,2,3,0
492.4,44.48,200.8,0.0891,0.0395,2.35,1088.9,243.7,7.8,13.2,0.67,49.6,2.41,0.035,1,3,0
1113.1,38.52,117.6,-0.0559,0.0693,7.12,1384.4,144.0,6.3,9.3,0.93,45.2,1.27,0.048,2,2,0
1236.8,24.21,327.4,0.0618,-0.0147,4.2,2672.0,19.3,0.1,0.1,0.01,32.4,1.43,0.051,2,1,0
1513.8,41.01,123.9,0.0037,-0.0146,5.39,687.4,897.1,0.8,1.3,0.1,50.5,2.72,0.089,3,2,0
757.4,42.44,204.1,-0.0417,-0.0011,3.95,618.0,340.9,0.3,0.2,0.03,42.0,1.29,0.017,2,3,0
1371.1,49.59,98.0,0.0679,0.0698,5.19,4440.9,197.9,7.6,13.7,0.67,39.2,3.63,0.007,1,1,0
831.6,44.16,20.8,-0.0586,-0.1477,4.65,764.5,616.7,50.0,142.7,7.43,67.7,3.2,0.03,3,4,0
1048.8,33.25,344.5,-0.0018,-0.0741,5.53,439.2,75.3,125.7,365.2,18.62,84.9,23.91,4.151,3,3,1
89.8,35.17,97.5,0.0203,0.0987,6.06,1009.4,374.7,105.5,243.2,18.04,89.9,29.8,1.022,1,2,1
1654.2,15.83,276.9,-0.0914,-0.0367,4.52,89.3,188.6,13.6,23.2,1.2,45.1,2.78,0.088,2,1,0
595.0,31.77,95.6,0.0275,-0.0091,4.71,2402.1,45.9,170.9,323.5,39.69,70.9,2.36,0.076,3,2,1
1233.6,36.63,85.6,-0.0003,0.0904,5.89,4542.1,163.1,23.3,26.0,1.8,40.2,1.38,0.105,4,3,0
1214.1,36.2,291.8,0.0076,-0.0053,4.56,617.1,47.3,8.9,14.0,0.63,44.1,3.22,0.107,2,4,0
1877.1,40.72,33.9,0.0319,-0.0922,3.69,2433.4,852.4,137.1,325.0,19.01,81.0,18.67,0.091,5,1,1
1377.5,47.37,23.4,-0.0557,0.1934,4.19,661.8,164.2,8.8,19.7,1.55,45.4,0.36,0.016,1,4,0
1574.3,32.65,299.9,0.0654,-0.0667,4.39,154.4,717.1,10.1,6.5,0.72,36.7,0.82,0.05,1,3,0
817.9,37.6,74.3,-0.0176,0.0472,6.85,644.9,360.8,0.5,0.4,0.06,39.3,2.51,0.101,3,3,0
780.2,28.82,128.2,-0.0373,-0.036,6.62,2172.6,89.9,14.7,16.6,1.6,32.9,0.52,0.026,1,1,0
503.9,28.48,281.7,0.0704,0.1098,4.82,1422.4,610.5,40.0,68.2,5.48,60.2,2.8,0.111,1,1,0
2035.9,31.83,24.0,-0.0435,0.0851,4.89,585.2,536.2,177.9,427.0,23.9,88.0,29.94,0.1,3,1,1
1026.8,24.11,12.9,-0.0396,0.0633,4.8,502.3,313.1,1.5,2.2,0.22,40.2,1.94,0.057,1,3,0
1700.3,30.67,46.9,-0.0313,0.0241,5.52,367.1,2.7,3.2,2.4,0.31,44.7,1.62,0.062,3,2,0
1084.2,46.23,343.0,0.0779,-0.0277,3.5,389.2,702.9,124.6,188.0,26.59,72.6,0.71,0.055,2,3,1
2469.0,40.11,24.9,-0.0412,-0.0214,6.0,1487.1,519.7,180.5,505.6,23.91,76.3,8.67,0.0,3,2,1
1853.9,44.44,341.1,0.0904,0.0533,5.37,1591.8,634.2,8.0,10.3,0.56,39.3,1.37,0.014,4,1,0
1817.9,31.18,320.6,-0.0231,-0.0081,8.35,283.9,115.3,16.4,19.2,2.19,43.0,1.17,0.04,1,2,0
346.9,21.31,195.8,0.0028,-0.0395,6.69,313.4,68.3,70.3,190.7,13.53,85.2,23.16,0.051,1,1,1
694.9,20.62,182.6,0.0738,-0.0557,5.83,411.4,515.5,12.2,18.0,0.94,39.9,2.49,0.097,1,4,0
1536.1,50.39,67.5,-0.0268,0.031,3.33,529.5,167.2,118.4,282.0,24.22,87.2,31.23,1.06,2,1,1
1551.6,39.57,237.2,0.052,0.0333,3.78,2728.5,463.2,139.0,336.3,22.81,82.2,18.66,0.241,2,4,1
996.8,48.69,31.7,0.2043,-0.0529,8.54,74.8,320.4,57.2,159.8,12.51,77.5,12.54,0.033,2,2,1
2158.2,35.26,38.8,-0.053,0.0517,4.1,2722.4,785.7,0.5,0.8,0.05,30.1,1.42,0.055,5,4,0
965.8,24.46,198.4,-0.0338,-0.0559,6.09,1404.8,184.0,125.6,359.0,23.82,81.4,17.92,0.095,3,4,1
1227.9,46.72,254.0,0.0237,0.0436,6.43,2085.8,185.7,1.1,1.7,0.14,32.6,0.75,0.037,1,4,0
1746.6,38.76,169.4,-0.0191,-0.0965,4.0,79.7,77.5,7.2,7.2,0.66,36.7,1.54,0.038,5,2,0
2653.5,58.68,233.4,0.0382,0.035,3.59,3932.1,71.4,27.8,61.1,5.32,46.3,1.18,0.021,4,4,0
1492.1,40.78,161.6,-0.0116,-0.0815,7.87,79.0,184.9,20.0,34.9,1.98,34.1,1.75,0.095,1,1,0
2138.3,44.32,53.5,-0.0762,-0.0271,3.24,671.8,266.0,117.1,282.1,33.8,85.9,22.42,0.494,5,1,1
758.7,29.42,36.7,0.0999,-0.0176,5.91,105.9,1066.3,200.2,333.4,44.04,82.9,20.74,0.073,2,1,1
1316.8,48.94,224.2,0.0476,0.0128,3.26,281.2,49.2,15.2,18.4,1.34,48.4,3.3,0.058,3,1,0
723.5,33.63,140.8,0.0093,-0.0775,5.92,1426.1,1054.7,16.8,9.1,1.21,39.1,2.15,0.164,3,2,0
1904.5,29.4,17.2,0.0368,0.0199,7.87,1286.7,169.1,24.6,24.0,2.06,28.4,4.76,0.016,3,2,0
1771.9,32.11,280.2,0.0674,-0.0315,5.91,797.8,627.9,93.6,201.7,16.95,70.9,2.39,0.048,3,1,0
1137.3,46.05,211.8,-0.0301,-0.1475,3.82,1059.8,157.4,45.9,75.9,11.74,53.6,3.18,0.042,3,3,0
866.9,47.23,2.5,-0.0594,0.009,2.19,3201.6,112.0,126.5,332.4,18.51,76.2,10.43,0.036,2,2,1
689.4,43.55,72.4,0.0258,-0.0071,3.37,1898.4,12.3,9.4,6.6,0.92,42.6,2.06,0.047,2,1,0
50.0,24.58,82.5,-0.0709,-0.08,6.36,362.6,283.1,8.7,4.4,0.8,33.2,4.72,0.074,1,3,0
962.7,40.49,230.1,-0.0081,-0.0095,5.34,613.8,451.2,9.5,10.8,1.22,35.2,0.0,0.081,1,3,0
286.8,32.18,275.7,-0.1252,-0.0079,5.61,489.9,655.6,11.1,7.0,0.77,25.2,1.64,0.128,1,1,0
1083.4,33.31,245.9,0.0283,-0.0744,5.58,1129.4,45.5,3.8,4.4,0.31,38.1,2.97,0.075,3,3,0
477.5,39.94,248.1,-0.0952,-0.086,5.71,1956.6,173.9,133.8,326.3,28.81,73.0,2.58,0.033,1,2,1
1185.4,23.34,303.7,-0.0422,-0.0407,5.18,1551.2,92.2,61.6,140.0,11.6,70.0,0.0,0.0,3,1,0
306.2,28.5,309.5,0.0263,-0.0231,2.48,1980.2,30.6,10.7,8.5,0.96,39.1,2.59,0.0,1,2,0
2375.3,36.41,49.4,0.0104,0.0128,3.5,604.4,1325.1,20.0,19.4,3.02,39.1,1.2,0.005,5,1,0
1470.1,34.96,1.6,0.0189,-0.0294,6.04,1777.4,301.8,2.6,3.9,0.33,40.9,0.64,0.074,3,2,0
1308.3,29.95,218.8,0.0082,0.0803,5.51,880.8,109.3,99.9,203.6,18.76,78.9,15.11,0.027,4,1,1
1328.8,23.44,196.7,-0.0392,-0.007,3.23,493.6,470.1,80.3,130.9,14.92,76.3,17.11,0.093,1,3,1
1131.2,43.6,348.8,0.0251,0.0049,4.94,515.0,52.5,58.9,158.9,7.43,71.2,2.8,0.092,3,1,0
672.4,33.87,111.1,-0.0512,-0.0372,5.58,378.7,156.0,154.2,341.9,22.53,79.9,20.86,0.061,1,4,1
1937.5,27.99,287.4,0.0268,0.0264,4.86,234.7,136.9,72.4,148.9,9.88,78.7,18.03,0.0,3,4,0
1195.7,38.41,139.2,0.0418,-0.0056,6.24,782.8,352.1,10.1,13.4,0.75,35.8,0.0,0.053,3,1,0
1360.9,35.78,193.3,-0.0043,-0.0392,5.15,393.4,526.7,34.2,31.8,4.66,41.3,1.37,0.011,2,3,0
680.7,35.63,69.2,-0.0226,0.0195,6.25,792.6,334.9,4.9,5.6,0.34,37.9,1.12,0.02,1,1,0
2039.2,46.58,276.4,-0.0556,-0.061,3.94,135.9,85.5,68.1,149.0,17.72,70.0,2.5,0.026,4,3,1
649.3,25.44,340.5,0.0185,-0.0286,4.95,1442.7,431.8,2.8,4.2,0.27,32.2,2.59,0.087,1,4,0
299.1,23.18,353.5,0.0181,-0.0214,7.28,1649.3,670.6,7.9,5.3,0.86,29.7,1.02,0.055,1,3,0
654.0,39.27,82.0,0.0564,0.0346,5.54,60.6,88.2,71.3,138.3,13.14,67.2,0.99,0.018,3,2,1
1067.4,34.78,65.4,0.0339,0.0333,5.55,1167.4,459.8,0.8,1.2,0.1,32.3,1.32,0.062,2,1,0
1515.9,30.32,49.4,-0.0006,-0.0417,5.0,498.1,7.7,15.0,24.0,1.29,32.6,1.86,0.057,1,2,0
1415.9,37.18,71.1,-0.0208,0.0519,3.87,202.6,68.9,37.8,82.6,10.69,55.4,0.1,0.053,2,1,0
1664.2,30.79,188.3,-0.0055,0.0311,4.04,109.7,142.1,4.9,4.7,0.46,32.3,3.96,0.046,1,4,0
1733.0,29.11,339.4,0.025,-0.0742,6.66,5420.6,51.7,200.4,491.0,38.33,80.1,17.51,0.0,4,2,1
1885.9,37.6,355.5,0.021,-0.0449,6.03,3894.9,853.0,2.0,1.1,0.19,28.5,0.0,0.119,5,1,0
2415.8,35.49,240.6,0.0176,-0.0077,5.77,1903.4,47.2,2.1,2.7,0.33,41.9,0.0,0.087,5,4,0
1300.8,43.47,213.6,0.121,-0.055,6.31,2993.1,137.7,85.5,272.7,28.07,88.8,37.66,1.168,2,3,1
1104.4,46.47,251.2,-0.0515,-0.0031,2.59,238.8,40.6,17.0,23.1,1.6,36.8,2.27,0.057,2,1,0
211.2,51.16,152.8,0.0378,0.0844,4.1,1582.0,52.5,13.3,14.7,1.65,26.5,2.12,0.059,1,3,0
1217.4,47.9,280.3,-0.0783,0.0642,6.27,208.5,41.8,74.7,115.2,12.8,62.6,1.51,0.013,2,1,0
755.4,33.21,333.2,0.0218,-0.0331,5.45,93.8,311.1,114.0,189.0,15.12,75.8,5.6,0.035,2,1,1
860.1,34.33,297.5,-0.0419,-0.0215,6.43,1536.9,278.1,6.6,5.8,0.47,39.8,1.09,0.092,2,1,0
810.4,29.78,167.3,-0.0672,-0.0073,5.53,791.6,459.2,97.0,155.6,15.46,73.7,3.66,0.026,1,3,0
1467.4,38.55,108.0,0.0049,0.0134,3.95,35.2,176.5,34.9,63.4,7.29,48.0,1.31,0.103,3,2,0
469.6,39.11,11.9,0.0306,-0.092,2.65,1097.5,1324.4,0.6,0.4,0.06,21.5,3.04,0.0,1,1,0
880.2,22.28,324.8,0.0113,0.0162,9.04,5194.9,1.7,5.9,5.2,0.67,25.9,0.81,0.008,3,3,0
1646.8,44.06,170.3,-0.0888,-0.0413,5.06,1175.6,291.3,39.0,28.5,3.35,47.5,1.87,0.072,1,1,0
1368.4,39.47,151.5,0.001,-0.0646,3.35,1392.3,587.4,33.0,27.9,2.26,46.2,3.16,0.059,3,1,0
691.6,32.95,247.9,0.1054,0.0984,6.57,9.3,14.1,211.0,355.3,44.17,80.0,19.13,0.0,1,3,1
1266.9,25.36,136.5,-0.0163,0.0401,7.19,1509.9,179.9,19.9,31.5,2.87,42.8,1.05,0.041,2,4,0
780.1,37.41,186.4,0.0357,-0.0098,4.95,187.5,20.9,6.1,8.1,0.61,36.9,2.3,0.102,3,4,0
1663.2,44.77,14.7,-0.0366,-0.0249,5.47,1677.0,410.2,57.7,132.6,12.71,69.7,2.03,0.0,2,2,0
1751.8,53.49,44.3,-0.0444,0.1062,2.0,300.6,1.5,23.0,12.6,2.02,29.9,0.9,0.022,4,1,0
628.0,32.95,162.9,0.0716,-0.0185,6.63,402.4,170.5,186.0,293.0,47.24,75.1,7.2,0.051,2,3,1
50.0,23.28,228.9,-0.0665,0.0106,4.41,1971.7,291.5,13.9,19.5,0.95,41.8,0.69,0.113,1,1,0
1956.6,37.75,79.5,-0.0009,0.029,4.42,162.2,150.9,5.3,2.9,0.65,43.3,0.53,0.122,2,2,0
870.5,44.44,238.4,-0.0237,-0.0148,2.44,2139.0,900.7,11.7,16.4,1.49,35.9,0.56,0.0,3,3,0
1434.4,33.71,111.7,-0.0805,-0.0233,9.96,3297.0,264.5,1.6,1.0,0.19,36.8,4.14,0.031,4,1,0
664.4,43.75,215.3,-0.0326,0.0025,5.43,1025.7,415.9,12.0,9.1,1.96,26.5,1.13,0.052,2,1,0
1312.8,46.17,228.0,0.0141,-0.0131,6.19,1692.1,697.2,24.1,40.8,3.06,57.4,2.99,0.071,4,1,0
839.6,34.41,313.7,-0.0317,-0.0415,4.88,648.8,33.5,5.9,10.3,0.57,46.3,1.99,0.013,1,3,0
988.2,26.92,168.7,-0.0248,-0.0121,4.94,175.0,9.4,6.0,5.9,0.41,33.3,0.0,0.042,2,2,0
969.8,34.19,75.9,-0.0034,0.069,7.87,969.8,680.4,14.7,10.7,1.73,42.0,1.85,0.021,2,1,0
1787.4,36.39,152.0,0.0861,-0.0349,3.01,5432.8,456.0,8.5,9.3,1.07,47.3,0.0,0.0,1,1,0
695.3,20.84,180.9,-0.0279,0.015,6.42,1081.7,120.6,9.1,25.1,1.41,37.8,1.92,0.077,1,4,0
1338.7,10.41,345.0,-0.0124,0.0678,8.74,52.5,324.4,38.0,108.2,12.23,61.2,4.45,0.086,3,4,0
2478.6,54.21,325.9,-0.0512,-0.0212,3.51,659.2,1015.2,97.8,291.4,21.5,73.9,2.46,0.048,5,3,1
934.6,30.8,31.7,0.025,0.0836,4.24,2599.1,39.0,33.8,66.0,4.63,55.0,0.0,0.063,1,4,0
1270.3,31.45,81.3,-0.0047,-0.041,3.32,440.7,132.4,15.8,9.0,1.15,38.6,3.31,0.142,2,1,0
1927.8,28.29,27.1,0.0074,0.012,3.31,809.5,187.0,15.4,13.0,1.97,44.8,1.81,0.113,3,1,0
1123.1,35.97,238.8,0.033,-0.0081,3.44,554.1,195.1,133.3,240.0,20.24,78.1,15.78,0.061,2,1,1
1754.8,32.61,21.1,0.0002,0.1301,5.4,145.9,686.7,49.3,109.6,9.57,68.8,0.92,0.047,3,3,0
1751.3,37.95,262.3,0.0505,-0.0096,4.64,987.5,557.3,9.3,5.1,0.7,43.4,2.03,0.016,5,3,0
941.9,34.87,208.3,-0.0274,0.0006,5.82,528.2,220.4,138.7,278.9,23.29,81.7,16.72,0.03,2,2,1
1485.0,37.17,104.0,0.0461,0.0613,2.0,168.4,426.1,2.1,3.8,0.3,40.5,0.75,0.119,3,4,0
1734.5,42.09,82.6,0.0592,-0.0091,4.37,955.2,258.9,122.3,336.2,21.27,79.8,17.6,0.093,5,1,1
1361.9,28.65,354.8,0.0107,-0.0075,6.53,293.2,91.6,3.1,4.7,0.35,44.3,4.17,0.08,3,3,0
1082.2,31.43,235.8,-0.0196,0.0536,7.23,659.1,163.5,1.8,3.2,0.17,41.6,1.68,0.0,4,2,0
1646.1,30.44,196.8,-0.0138,0.0832,4.38,1479.2,291.1,41.2,108.4,6.3,61.5,1.82,0.072,3,2,0
646.4,21.43,236.4,-0.0752,-0.0081,9.06,289.2,127.9,5.3,3.8,0.61,39.2,1.77,0.094,1,3,0
1369.3,32.52,192.5,-0.0767,0.0165,6.0,1749.0,562.6,2.0,1.2,0.18,22.4,4.69,0.007,1,2,0
768.0,20.2,345.5,0.0095,0.0282,7.8,2287.6,296.5,2.1,3.7,0.24,36.9,0.09,0.0,3,2,0
1485.0,35.02,8.7,0.0148,0.0173,4.41,98.8,376.4,2.8,1.9,0.2,28.6,1.37,0.064,5,1,0
1064.8,33.4,210.8,-0.0028,-0.0566,7.24,1916.9,67.4,28.5,22.8,1.99,39.9,5.96,0.014,1,2,0
830.8,40.46,275.6,0.0275,-0.0292,4.69,729.6,826.5,91.2,257.4,14.46,84.6,30.38,4.348,3,2,1
1210.5,40.6,83.6,-0.0509,0.0151,3.81,135.0,50.4,24.7,44.9,4.15,51.8,2.15,0.041,1,1,0
1394.4,18.44,83.2,-0.082,-0.06,6.97,22.5,47.8,77.1,227.9,11.41,79.3,13.99,0.024,4,2,1
1885.6,37.45,47.8,-0.0213,0.0144,3.66,1415.1,1175.8,109.1,166.9,27.98,78.1,11.24,0.132,4,2,1
1232.0,42.44,92.7,0.0424,0.0388,4.4,467.7,141.9,1.0,0.6,0.11,32.1,2.56,0.026,2,1,0
891.9,28.69,37.2,-0.0546,0.0254,3.58,748.2,524.9,0.5,0.6,0.05,35.4,3.37,0.0,2,3,0
900.3,36.9,99.2,-0.0589,0.0222,3.77,5823.6,142.6,6.7,11.3,0.72,32.0,0.38,0.074,1,1,0
769.3,51.31,97.8,0.0103,0.045,5.53,2886.4,90.9,7.5,8.7,1.07,46.9,1.99,0.032,3,1,0
2158.7,47.24,298.6,0.0115,0.0879,4.61,396.9,26.1,132.8,260.1,20.19,87.3,26.41,0.337,4,2,1
1350.5,28.87,37.1,-0.0305,0.0241,2.0,1310.1,37.3,4.6,3.3,0.63,41.4,0.0,0.082,3,1,0
1915.2,43.65,8.3,0.0074,-0.0037,3.74,1970.7,1017.3,17.8,39.3,3.77,47.5,2.82,0.03,5,3,0
1504.5,42.09,257.1,-0.0363,0.0326,3.48,90.3,28.5,82.5,251.6,13.4,80.1,11.9,0.068,4,1,1
1101.8,32.73,154.2,-0.0369,-0.1124,4.57,735.4,757.6,15.0,16.0,1.91,31.3,0.87,0.094,2,3,0
2016.1,31.42,23.4,-0.0108,0.1019,4.7,1045.2,31.3,4.2,3.1,0.33,20.5,2.89,0.04,4,2,0
2221.0,41.78,255.6,-0.0037,0.0897,6.51,372.0,45.8,247.3,766.6,39.71,78.5,11.54,0.008,4,4,1
749.3,32.88,66.4,0.0114,0.0352,5.35,1102.8,142.9,84.6,254.1,19.67,79.7,15.36,0.083,1,3,1
1355.7,36.17,178.9,0.0406,0.0566,7.81,426.8,106.4,0.1,0.1,0.01,48.2,0.89,0.059,2,2,0
525.2,21.28,66.7,0.062,-0.0387,4.17,319.4,312.5,1.4,0.8,0.11,38.9,2.6,0.122,1,1,0
1871.3,35.9,153.6,-0.0816,-0.0059,5.44,391.9,746.7,94.4,270.9,26.89,77.8,10.96,0.066,2,2,1
1489.4,26.33,240.0,-0.0623,0.0226,6.37,3798.8,225.3,186.2,458.2,30.58,80.5,18.55,0.058,2,2,1
745.4,26.13,169.8,-0.0023,-0.0679,5.69,586.7,242.4,20.9,25.7,1.55,37.9,0.0,0.083,1,4,0
2303.0,43.18,23.0,-0.0242,-0.0533,4.89,1291.9,261.0,113.9,356.9,14.52,79.6,15.69,0.038,5,1,1
810.5,36.19,237.3,0.0171,-0.0085,5.62,1373.0,238.2,7.7,8.8,0.65,44.1,2.05,0.057,2,2,0
1350.4,25.02,235.3,-0.0247,0.0589,6.34,1223.2,182.5,1.7,1.2,0.17,36.2,2.15,0.038,2,1,0
225.4,27.1,110.0,0.0128,0.01,5.12,380.3,45.4,14.3,13.7,1.38,45.9,1.05,0.122,1,1,0
1295.9,28.82,269.4,0.0463,0.0597,3.07,1073.4,36.2,0.9,1.2,0.1,42.3,0.16,0.116,2,2,0
1005.1,27.63,179.6,-0.0336,-0.0403,4.84,1256.8,156.4,51.3,59.7,7.74,54.5,1.69,0.021,1,4,0
421.6,27.38,243.0,-0.0017,0.0063,2.46,927.2,282.1,26.3,25.6,1.83,46.6,4.73,0.059,1,1,0
1613.0,46.03,3.4,0.034,-0.0676,4.84,1609.5,225.3,4.7,7.1,0.6,37.2,4.92,0.0,5,1,0
2037.8,40.75,296.3,0.0256,0.0517,6.5,2667.3,563.7,10.4,18.7,1.1,40.7,2.28,0.01,4,2,0
602.0,43.23,158.9,-0.0341,0.1552,5.26,1749.6,38.1,12.5,11.4,1.42,37.7,2.55,0.025,4,1,0
1503.8,33.43,5.9,0.0528,0.0294,4.64,203.5,113.6,173.7,334.6,24.1,73.6,3.19,0.0,1,2,1
1344.8,42.78,28.2,-0.0025,0.0138,5.21,805.0,187.7,5.2,6.1,0.56,21.2,2.28,0.074,2,1,0
1589.8,32.86,18.8,0.0212,0.0547,5.46,1739.1,1123.0,0.9,1.3,0.13,35.9,1.4,0.04,4,2,0
50.0,27.63,64.7,0.0266,0.0232,4.68,1181.6,93.6,373.8,658.9,80.0,77.4,12.86,0.046,1,3,1
1610.8,12.94,308.1,-0.0347,-0.0426,5.82,852.0,447.2,3.8,4.5,0.56,35.6,1.91,0.0,2,2,0
774.5,18.69,358.9,0.0185,-0.0334,4.24,3441.4,113.9,25.7,31.7,2.56,47.4,1.15,0.04,2,2,0
548.9,25.12,207.1,0.0177,-0.0117,6.95,1518.9,172.0,3.1,2.8,0.21,40.1,3.72,0.016,1,3,0
1446.5,41.75,100.9,-0.0715,-0.0068,5.68,517.5,32.3,60.5,133.6,11.92,72.9,0.0,0.043,3,2,0
1158.0,45.64,149.4,-0.0096,-0.0347,3.04,897.7,1105.1,15.2,24.9,1.56,40.1,2.4,0.064,1,3,0
610.5,31.74,339.3,0.014,0.0674,5.44,1007.0,387.6,120.7,373.9,15.67,62.7,1.44,0.055,1,2,1
1573.1,25.88,167.8,0.0611,0.1232,7.4,162.3,43.5,2.1,3.4,0.14,54.4,2.37,0.027,1,3,0
1000.4,45.78,87.4,-0.042,-0.0653,3.68,1237.4,203.5,77.4,220.6,15.05,80.0,19.01,0.0,2,2,1
1140.3,30.98,62.0,-0.0746,-0.0277,7.19,1903.2,65.2,154.2,435.5,23.01,75.8,12.67,0.035,2,2,1
1744.1,46.81,359.4,-0.048,-0.0509,2.61,1371.6,603.7,0.2,0.3,0.03,27.3,2.38,0.047,1,4,0
2174.4,46.3,227.9,0.0074,-0.0104,3.28,82.1,1101.4,74.8,209.9,13.26,79.7,18.54,0.029,5,2,1
1766.3,36.09,17.1,-0.0733,0.0493,3.14,147.7,296.8,2.4,2.0,0.18,49.5,0.0,0.07,5,4,0
2139.6,60.89,44.6,-0.0369,-0.0283,2.87,1039.4,1283.8,12.7,8.7,1.0,29.0,2.53,0.072,4,3,0
428.7,32.61,67.8,0.0643,-0.0005,4.77,99.3,373.9,116.6,326.2,23.09,76.6,12.7,0.014,1,2,1
1139.6,31.57,137.9,-0.0066,-0.0337,4.22,5650.6,11.8,2.2,2.1,0.18,27.1,1.04,0.029,1,4,0
1682.4,29.45,236.9,-0.0545,0.0366,6.72,359.6,80.4,1.6,1.8,0.12,28.1,0.0,0.024,2,3,0
1084.9,37.63,317.6,0.0127,0.0349,6.55,927.6,1042.8,1.7,2.0,0.12,43.3,4.38,0.0,1,3,0
1009.7,26.71,126.2,0.0489,-0.0182,5.15,2372.9,45.5,90.6,207.9,17.6,81.1,27.63,0.057,2,2,1
922.3,41.21,268.9,0.0396,0.0076,3.28,1041.4,81.9,4.2,3.3,0.34,37.0,0.0,0.018,3,3,0
1168.7,39.18,10.1,-0.0216,0.017,3.51,1945.8,531.9,22.7,27.6,1.59,35.4,2.97,0.129,4,3,0
836.8,22.82,334.5,-0.025,-0.1157,6.23,1001.9,34.1,5.7,9.5,0.4,47.0,1.11,0.124,1,4,0
1765.0,30.1,143.0,-0.0052,0.0445,4.78,1648.9,819.2,10.1,12.0,0.67,45.6,0.61,0.055,2,2,0
1586.3,42.67,198.2,-0.0197,0.0932,3.94,1087.0,808.5,11.4,17.5,0.85,41.8,2.26,0.001,3,2,0
947.7,28.39,58.7,0.0554,-0.0514,3.55,1778.4,107.9,7.9,12.2,0.85,26.8,2.29,0.085,2,2,0
627.5,38.15,147.3,-0.0627,0.0451,6.6,2540.4,291.6,15.4,8.3,1.44,31.4,0.0,0.055,1,3,0
571.6,26.19,165.6,-0.0008,-0.0619,5.13,70.8,2.1,108.9,287.3,16.09,70.5,3.04,0.102,1,1,1
1412.4,41.39,329.4,0.0735,-0.0288,3.72,735.0,2.3,26.5,20.9,2.46,37.8,3.26,0.056,4,1,0
1931.7,19.41,135.2,0.023,-0.1404,7.13,251.1,126.2,4.4,2.5,0.64,38.4,4.44,0.094,3,3,0
50.0,25.68,44.7,0.0322,-0.0941,4.84,393.4,53.1,59.4,162.0,13.89,75.8,7.76,0.028,1,2,1
2363.2,26.74,303.9,-0.0196,0.0002,5.07,52.9,186.3,13.1,14.4,1.07,42.0,4.31,0.075,4,3,0
1422.9,37.83,36.1,-0.0209,0.0264,8.16,655.0,99.9,18.0,31.4,2.04,39.3,0.69,0.0,3,3,0
470.3,32.6,20.5,0.0256,-0.0609,4.92,130.6,194.3,7.8,11.3,0.69,38.1,0.47,0.049,1,3,0
1254.8,28.34,104.5,-0.0747,0.0303,4.82,1204.4,151.3,145.3,294.5,19.74,72.5,1.77,0.097,2,1,1
2472.7,40.86,220.5,0.0584,0.0652,5.36,338.0,214.8,1.0,1.4,0.12,31.1,0.01,0.027,4,2,0
1168.6,35.81,14.4,-0.0467,-0.0255,3.35,779.2,161.0,9.9,11.1,0.7,36.8,3.24,0.0,1,1,0
1324.3,43.26,43.0,-0.0721,0.058,7.22,77.4,55.2,2.7,2.1,0.22,28.3,3.75,0.072,3,1,0
1466.0,44.41,187.7,0.019,-0.0473,4.08,2218.5,260.3,2.5,2.4,0.19,36.2,1.3,0.103,4,2,0
1108.9,46.29,295.3,0.0725,0.025,2.61,1937.4,21.8,20.3,20.3,1.84,34.5,1.36,0.07,1,3,0
1275.5,48.2,96.1,0.0207,0.0368,4.67,2696.9,60.4,0.9,1.3,0.14,32.5,1.18,0.048,2,3,0
1286.8,43.73,342.0,-0.0135,0.0631,4.01,1462.6,471.4,150.6,481.3,35.91,74.6,1.22,0.041,5,1,1
557.6,44.41,144.1,0.0755,0.0285,6.04,860.6,221.7,8.5,4.5,1.32,38.5,1.73,0.021,2,2,0
310.7,34.2,316.2,0.04,0.0635,7.32,367.5,1.6,66.9,171.0,18.48,76.2,8.67,0.004,1,1,0
1268.1,6.93,190.7,-0.0443,0.0311,8.87,1916.0,251.8,1.2,1.6,0.13,50.3,2.09,0.099,2,1,0
788.5,18.36,63.3,0.0372,-0.0188,7.06,2892.4,314.4,18.5,17.9,2.25,36.6,3.58,0.045,2,2,0
2343.9,53.97,238.4,0.0011,0.0574,7.05,1267.4,250.7,9.0,9.5,0.66,36.6,0.0,0.042,5,2,0
355.5,23.08,84.1,0.0675,0.0352,5.05,191.9,585.7,301.7,647.6,53.02,80.7,18.98,0.023,1,2,1
662.8,46.04,104.4,0.0131,0.0064,6.93,4640.8,41.7,27.2,66.2,5.54,58.4,0.99,0.039,1,2,0
1084.4,43.41,242.3,0.0284,-0.0084,6.14,305.4,277.7,26.7,58.2,4.11,46.0,0.0,0.03,3,2,0
2329.8,41.0,308.6,-0.0783,0.0111,3.89,2205.0,90.3,9.1,11.4,0.94,52.8,0.37,0.0,4,1,0
1510.2,38.17,250.9,-0.0723,-0.0373,2.72,72.5,135.9,1.4,1.4,0.11,31.8,4.31,0.045,2,1,0
1733.7,51.72,206.8,-0.0414,-0.0392,2.0,978.0,178.5,20.6,25.1,2.12,43.4,3.76,0.012,5,1,0
1085.4,38.96,342.7,-0.0938,-0.0174,5.3,1237.4,378.3,90.8,155.2,16.92,74.0,0.0,0.085,2,2,1
1605.6,41.23,228.8,0.0089,0.0446,2.45,4478.8,13.3,25.1,33.1,1.87,46.7,1.89,0.037,1,1,0
698.1,28.64,264.5,0.0176,-0.03,6.59,605.0,51.0,57.0,154.4,17.59,66.3,2.26,0.067,1,1,0
869.4,49.93,241.2,0.086,0.005,3.88,2546.8,76.2,0.7,0.5,0.05,38.3,0.0,0.106,1,3,0
1295.3,36.36,228.4,0.0686,0.0062,7.65,140.6,221.9,97.8,274.2,26.27,80.7,22.39,0.062,3,1,1
119.7,31.73,327.3,-0.0912,0.0287,7.97,179.7,254.7,47.5,43.4,7.41,40.0,1.35,0.045,2,1,0
2178.5,41.35,101.7,0.0222,-0.0085,5.63,816.2,402.8,30.0,30.4,2.54,40.7,0.0,0.085,5,2,0
1211.3,31.35,215.7,-0.0339,-0.0499,5.61,3127.3,198.8,44.1,141.1,12.07,76.4,11.3,0.062,1,4,0
1057.8,30.69,264.5,-0.0934,0.028,6.34,1779.5,739.2,39.5,97.5,5.65,63.8,1.01,0.001,2,1,0
1203.5,17.04,121.5,0.045,-0.0336,6.02,1074.3,148.3,34.0,96.2,6.35,61.9,1.48,0.069,3,4,0
1002.3,22.13,113.3,-0.0203,-0.0514,5.9,578.4,100.9,5.9,6.9,0.6,37.6,2.83,0.132,1,1,0
1073.7,41.2,82.3,0.0084,0.0009,5.92,1678.8,981.5,105.3,226.0,20.97,69.4,2.31,0.074,4,1,1
1520.2,51.32,6.4,-0.0026,0.0253,3.16,2746.7,54.8,32.8,53.7,3.21,59.2,0.0,0.131,5,4,0
1788.5,14.97,291.8,-0.1143,-0.0709,6.66,259.7,175.1,90.2,275.5,17.28,86.5,35.37,0.067,2,3,1
2103.0,48.36,51.3,0.0465,0.0251,4.08,1154.2,885.5,2.6,4.0,0.21,24.4,2.72,0.052,4,3,0
2217.8,40.27,83.6,0.0721,0.0216,6.08,1985.9,358.4,110.9,340.4,19.7,81.2,17.7,0.091,4,1,1
1078.2,27.22,234.2,0.0623,-0.0351,3.68,342.0,264.1,86.6,195.7,14.41,79.5,12.94,0.019,3,4,1
886.0,34.23,325.5,-0.0775,-0.0751,7.23,64.0,5.7,3.7,6.0,0.49,38.0,4.37,0.034,1,3,0
485.0,38.06,10.4,-0.047,-0.0158,6.61,1039.7,50.4,2.9,3.4,0.29,42.6,3.54,0.073,1,1,0
1085.2,28.83,54.7,-0.0064,-0.0457,5.57,810.5,117.5,13.7,10.7,1.66,40.9,0.0,0.034,1,1,0
1495.2,42.1,63.2,-0.002,-0.0624,6.44,170.8,137.0,115.0,252.4,34.68,89.4,39.41,3.628,4,3,1
1239.6,23.34,29.8,-0.0683,0.0016,4.78,528.1,177.0,2.3,2.0,0.19,23.3,1.31,0.02,1,2,0
2430.1,40.8,328.5,-0.0149,0.0341,3.76,244.5,73.0,280.7,576.0,49.34,80.2,14.65,0.033,5,4,1
1381.0,24.83,114.4,-0.0435,0.0462,6.7,369.1,36.3,0.3,0.2,0.02,27.7,3.21,0.02,2,1,0
1965.4,38.26,217.8,0.0319,0.0452,5.07,193.5,372.9,3.2,3.4,0.41,33.3,2.89,0.102,5,1,0
1130.7,35.07,89.9,0.0147,0.0651,5.4,1158.0,17.2,17.9,18.2,2.7,45.0,2.53,0.041,3,2,0
1613.4,24.17,326.6,0.0112,-0.0116,5.91,1335.5,309.8,6.2,6.2,0.59,30.0,1.95,0.018,2,3,0
832.8,34.98,231.3,-0.1792,0.0767,4.16,137.3,35.3,58.1,112.2,7.5,55.0,0.79,0.079,1,2,0
632.8,41.28,5.8,0.0592,-0.0292,5.42,228.1,182.9,31.3,92.2,5.74,54.4,1.48,0.071,1,1,0
1860.1,37.28,213.1,-0.0256,-0.0047,3.85,101.7,355.5,2.1,3.5,0.17,41.7,1.49,0.083,3,1,0
610.8,27.1,231.2,-0.0243,-0.0928,7.74,259.9,1280.0,9.1,14.4,0.74,32.0,1.07,0.05,1,3,0
1377.9,48.1,309.8,-0.0182,0.0526,2.56,77.7,156.8,11.5,8.7,1.41,41.2,2.81,0.066,2,1,0
1052.6,42.12,42.9,-0.0607,-0.0773,3.52,29.2,551.5,53.4,123.5,7.63,68.8,2.4,0.071,3,3,1
775.0,31.76,221.9,0.0051,-0.0748,5.81,327.6,508.0,1.1,1.8,0.07,37.2,1.64,0.009,1,3,0
1447.3,29.57,262.9,0.043,-0.0557,6.85,2519.3,558.6,1.0,1.5,0.08,35.3,0.56,0.0,1,4,0
2026.3,43.09,102.3,0.0423,0.1865,6.65,1362.4,323.1,14.3,21.8,1.02,48.2,1.28,0.045,3,2,0
1639.0,26.77,349.0,-0.0574,-0.1526,6.25,587.9,392.3,118.7,331.1,26.15,89.8,26.68,0.05,3,1,1
1915.2,30.93,6.2,0.0233,0.07,4.31,995.3,579.9,9.2,13.2,0.97,37.9,3.08,0.036,4,4,0
1623.3,44.43,259.4,0.0517,0.0395,3.43,237.1,549.5,196.2,406.8,29.49,81.2,18.36,0.024,4,4,1
1273.9,31.98,121.7,0.0312,-0.037,3.11,1010.7,405.3,23.7,21.9,2.27,41.7,4.61,0.101,1,1,0
1270.7,31.16,155.7,0.0525,-0.0133,7.28,283.8,42.7,127.0,214.7,30.74,79.9,16.92,0.033,4,3,1
1198.2,38.93,292.5,0.0612,0.0051,7.09,233.6,31.9,8.4,12.4,0.56,42.6,0.73,0.047,3,4,0
1190.8,21.07,183.2,0.0849,0.0191,8.1,6887.4,48.6,111.5,237.7,20.79,87.3,24.99,0.073,3,4,0
1041.1,24.99,356.3,0.0038,0.0431,7.51,5735.4,629.7,1.8,1.8,0.14,29.9,1.17,0.039,4,4,0
884.7,37.78,74.2,0.0232,0.0143,4.94,839.2,162.4,17.0,28.6,1.44,51.6,3.08,0.09,1,4,0
1269.6,24.25,201.1,-0.0641,0.0126,6.59,146.2,503.9,3.5,4.5,0.28,21.4,2.63,0.0,4,3,0
1205.3,35.21,230.8,-0.0538,-0.0115,3.89,419.3,604.2,0.9,0.8,0.07,36.7,0.0,0.066,1,2,0
2460.7,44.46,218.5,-0.0412,0.1245,3.75,2091.2,344.8,64.5,203.1,14.63,74.4,2.27,0.103,3,1,0
689.0,45.45,254.7,-0.0702,-0.0612,3.61,2283.8,17.7,3.6,5.2,0.59,42.9,3.85,0.0,3,4,0
1914.7,50.42,321.5,0.0147,-0.0066,5.22,2120.2,413.5,139.3,316.3,29.13,79.2,11.78,0.039,4,2,1
718.8,36.32,329.0,-0.0855,0.0377,5.11,5831.8,254.8,14.2,16.8,1.19,38.4,2.35,0.042,3,1,0
1689.7,29.15,156.0,0.0041,-0.0301,6.23,992.8,286.3,1.5,1.0,0.12,45.9,1.77,0.04,1,3,0
1825.9,24.67,233.4,-0.0198,0.0022,6.94,166.1,348.5,22.1,13.6,2.05,44.8,5.22,0.092,2,2,0
406.9,51.87,341.5,0.1231,-0.0391,2.0,0.3,1203.8,20.7,27.8,1.6,39.9,3.56,0.1,4,3,0
539.2,58.94,211.1,0.0753,0.0199,2.0,3208.7,133.5,41.6,92.9,13.29,56.8,1.79,0.122,1,1,0
907.0,21.2,194.1,0.0902,0.0012,5.44,485.3,342.0,51.6,125.0,12.67,71.3,0.0,0.047,1,3,0
1463.0,15.12,298.2,0.0556,0.0612,5.37,2065.2,8.1,5.8,7.5,0.46,33.8,3.16,0.161,1,3,0
573.9,36.49,320.4,-0.0545,0.0431,4.83,1321.7,731.9,21.1,19.8,1.48,45.7,0.54,0.044,2,3,0
543.8,28.85,176.1,0.0549,-0.0498,9.33,365.7,24.7,24.9,53.4,4.03,55.8,0.96,0.065,1,4,0
825.4,35.11,208.9,0.0396,-0.0695,5.33,537.8,132.7,82.5,209.3,13.96,72.5,4.88,0.084,1,2,1
456.8,13.94,71.5,0.0415,0.0017,6.49,120.4,70.1,92.6,220.4,13.21,74.3,6.79,0.128,1,1,0
2158.0,41.35,146.2,-0.0025,0.0176,5.17,1743.6,930.9,9.2,10.9,1.3,25.8,2.45,0.0,4,1,0
1887.0,31.94,215.6,-0.0246,-0.058,7.13,725.6,113.0,4.8,7.5,0.44,34.4,2.47,0.01,2,1,0
788.6,18.82,278.8,0.0217,-0.0437,4.74,752.4,367.0,5.5,6.4,0.41,35.9,1.05,0.0,1,3,0
1442.1,40.84,79.9,-0.0273,0.009,9.02,66.8,103.7,3.5,2.2,0.28,36.8,0.0,0.036,3,1,0
622.4,25.96,335.1,0.009,0.0244,5.59,1075.5,307.5,18.6,16.4,2.72,24.0,1.16,0.071,1,3,0
124.3,29.26,99.9,0.0147,-0.0289,3.3,798.7,39.6,7.0,10.4,0.58,43.3,2.44,0.028,1,3,0
1741.0,12.44,286.6,-0.0049,0.0231,8.61,2016.4,434.5,4.6,6.5,0.37,41.0,1.97,0.0,2,1,0
1307.1,12.01,72.7,-0.0007,0.0286,6.01,2416.1,690.3,115.7,211.8,25.81,82.6,21.26,0.076,3,3,1
1754.4,29.75,179.2,-0.0418,-0.0009,7.44,1009.7,306.2,4.3,2.9,0.34,31.7,0.0,0.0,1,2,0
1631.9,38.18,169.3,0.0112,-0.0527,6.01,1023.9,886.0,61.6,109.2,9.05,65.0,1.87,0.079,2,1,0
853.4,43.41,136.9,0.0293,-0.0009,3.63,158.7,306.2,6.0,5.0,0.44,41.0,2.6,0.056,3,3,0
824.9,44.17,140.5,-0.0133,0.0139,5.37,1198.2,87.1,210.2,546.2,34.62,90.6,44.0,0.565,1,1,1
1153.5,16.68,57.1,-0.0214,-0.0097,5.65,294.4,92.5,14.7,21.6,1.94,37.2,0.57,0.088,3,1,0
1728.5,12.51,231.4,0.0049,0.0675,7.13,729.2,560.2,2.0,2.4,0.21,36.7,2.31,0.069,4,1,0
1621.0,37.65,231.0,0.0052,-0.0983,5.13,1329.2,541.9,0.3,0.2,0.02,34.3,0.0,0.114,4,2,0
756.3,13.3,265.7,0.0348,-0.0314,9.37,2284.6,265.0,10.6,16.6,1.39,30.3,1.57,0.083,1,1,0
1792.5,38.92,6.6,-0.0389,-0.0212,4.26,2434.0,41.9,104.7,161.0,13.81,76.5,14.46,0.065,5,3,1
2009.2,35.73,53.7,0.0503,-0.1214,2.84,1111.0,759.9,5.7,7.2,0.47,32.2,2.92,0.08,2,1,0
1874.3,41.02,147.2,0.0245,-0.0557,3.98,466.6,938.5,192.8,569.4,24.42,73.6,1.26,0.033,5,3,1
2313.0,29.28,204.0,0.0133,-0.0263,5.35,49.7,55.3,150.3,311.1,28.81,74.7,2.12,0.0,4,3,1
1053.5,44.05,220.3,-0.0256,-0.0375,5.59,491.6,75.0,20.0,30.9,1.47,43.9,0.05,0.078,1,2,0
1209.4,22.98,173.0,-0.0825,0.0136,6.68,935.3,84.7,16.6,21.2,2.33,42.7,1.45,0.056,5,1,0
1962.9,33.08,144.5,0.0091,-0.0074,5.25,3414.7,56.3,2.7,3.2,0.19,37.7,2.17,0.036,2,2,0
1591.3,44.72,232.0,0.0441,0.0483,3.01,1045.4,615.0,211.9,441.2,56.42,87.2,22.86,2.383,3,3,1
1623.2,41.83,123.2,0.0428,0.0249,4.71,2367.5,200.5,12.0,19.4,0.96,46.4,1.62,0.0,2,2,0
1164.7,18.69,216.0,-0.086,0.126,6.36,1650.3,453.6,43.9,64.0,5.57,52.1,2.6,0.019,2,2,0
1271.4,33.01,22.3,-0.046,0.0309,6.11,343.5,257.1,12.2,16.3,1.73,45.7,1.14,0.063,3,3,0
1199.4,29.54,311.2,0.0563,0.0394,7.46,309.4,318.0,7.6,11.7,0.58,44.1,2.04,0.0,4,3,0
1404.2,25.95,246.1,-0.0228,-0.0421,6.39,1057.1,119.6,95.1,192.1,27.49,86.7,27.89,0.127,1,2,1
2555.5,50.49,114.6,-0.0328,0.087,7.58,1439.8,212.3,124.4,297.9,19.04,74.4,4.26,0.073,4,4,1
832.8,41.75,303.7,-0.1143,-0.0054,2.14,1928.5,45.0,171.3,507.0,35.85,78.7,17.54,0.067,1,2,1
1796.6,37.1,327.3,0.0976,-0.0114,5.0,707.7,5.8,7.9,10.1,0.55,38.8,0.99,0.0,4,4,0
1100.5,44.09,352.9,-0.0032,-0.0413,5.79,404.9,1028.6,7.0,5.9,0.69,29.2,3.58,0.061,4,4,0
1335.2,38.19,223.8,0.0107,-0.0358,5.13,369.9,461.0,118.3,232.0,21.82,75.2,8.41,0.064,2,3,1
570.2,41.01,82.7,0.0862,0.072,4.71,1051.4,189.8,47.9,43.8,3.46,48.9,1.08,0.045,1,1,0
344.9,23.03,28.4,-0.029,0.045,8.2,499.4,164.4,11.0,19.0,1.57,32.0,3.35,0.11,1,1,0
1576.8,28.84,94.3,0.0595,0.0315,5.2,19.1,36.3,65.6,208.8,9.39,89.7,34.51,0.096,4,2,1
1892.0,35.28,140.0,0.0652,0.056,6.41,1303.4,187.5,238.3,677.8,67.11,88.8,33.46,2.144,4,1,1
1004.4,21.85,14.0,0.0519,0.0298,3.1,121.1,65.7,5.0,5.3,0.67,31.7,3.33,0.077,2,2,0
1468.2,32.91,239.0,-0.0375,0.0041,4.91,220.7,162.3,1.4,0.9,0.12,32.4,1.2,0.053,3,4,0
1680.9,40.29,55.4,0.06,-0.0021,4.49,221.8,258.4,0.4,0.5,0.04,31.9,1.88,0.063,3,1,0
1608.2,30.21,64.8,0.0141,-0.0215,5.62,8.3,68.8,123.2,353.8,22.21,92.0,29.23,0.034,1,2,1
927.2,37.52,118.1,-0.0077,-0.0282,3.76,1259.0,2089.3,7.2,11.1,0.87,35.6,0.6,0.05,2,2,0
1045.2,39.36,74.2,0.0021,0.0919,4.42,135.3,165.8,6.3,11.2,0.84,43.2,1.25,0.011,3,2,0
2417.7,55.77,347.7,0.0897,-0.0569,2.0,569.0,1006.9,69.3,104.0,9.93,66.7,6.29,0.068,4,2,1
1507.5,44.55,351.1,-0.0435,0.0471,2.72,690.4,755.4,71.1,201.6,14.86,83.0,25.59,1.768,3,2,1
1287.5,35.75,272.9,-0.0969,-0.0661,7.06,1693.3,106.1,1.4,1.3,0.11,30.6,2.78,0.041,2,4,0
516.7,31.29,125.2,0.0194,0.0804,2.98,386.6,90.4,57.3,178.0,16.3,82.2,25.81,0.096,1,2,1
1201.5,34.63,97.1,-0.0258,-0.0652,4.23,203.8,1249.3,274.4,596.6,69.23,79.7,14.7,0.053,2,1,1
898.0,34.41,352.9,0.1045,-0.0073,6.23,364.1,382.2,9.1,13.2,1.18,39.0,2.49,0.062,3,3,0
1860.1,35.02,68.0,0.0326,-0.0181,4.89,828.7,187.0,0.8,1.4,0.08,31.9,2.14,0.077,3,1,0
2036.3,48.79,280.8,-0.0148,-0.1057,4.53,3033.8,104.1,13.7,8.1,1.49,33.3,0.22,0.006,5,1,0
2259.3,28.51,53.2,0.0136,0.0104,4.83,186.1,307.9,120.5,316.5,16.46,77.2,10.14,0.06,5,4,1
2414.7,24.81,185.1,-0.0104,-0.0235,5.06,244.4,498.2,41.8,100.6,7.0,60.2,2.3,0.036,5,4,0
2095.5,22.23,125.0,-0.0211,-0.0379,5.67,251.5,719.6,4.9,5.0,0.53,34.9,4.11,0.047,3,1,0
167.7,18.33,125.8,-0.0086,-0.0625,6.16,620.6,619.4,49.8,82.0,5.15,49.7,2.22,0.109,1,1,0
426.7,29.18,225.2,0.0433,0.0966,3.63,107.5,94.8,18.9,31.9,2.19,47.4,2.64,0.072,2,3,0
1376.8,21.38,217.7,0.117,-0.0421,6.69,261.6,557.7,13.7,13.5,0.96,45.8,0.65,0.041,1,3,0
744.1,45.42,43.8,-0.0036,-0.0051,4.16,1288.7,19.9,4.9,7.9,0.79,42.0,2.22,0.03,2,2,0
732.7,28.58,226.1,-0.0861,0.0354,5.72,1199.6,213.3,132.6,323.7,29.11,88.4,36.47,0.053,1,2,1
2209.4,36.11,294.3,0.045,-0.0486,8.4,271.2,274.9,61.9,189.8,15.71,78.4,17.47,0.0,5,1,0
1472.0,38.13,252.5,-0.0251,0.0876,4.97,628.3,1068.5,10.7,10.6,0.83,40.3,0.5,0.02,2,1,0
1574.9,31.01,327.7,0.0934,0.0071,6.26,1762.2,566.7,269.3,598.4,38.08,72.2,0.84,0.028,4,1,1
1424.0,40.89,56.5,0.0109,0.001,6.11,540.5,1037.8,17.7,22.5,2.25,45.1,1.1,0.061,3,1,0
1802.6,35.86,2.6,0.0494,-0.0596,4.47,1308.5,228.6,11.5,16.3,0.84,46.2,3.14,0.015,2,4,0
1032.2,28.06,270.8,-0.061,-0.045,6.52,2309.3,213.1,2.6,2.3,0.23,36.3,0.0,0.057,1,1,0
2133.8,42.94,157.6,0.0227,-0.0507,4.87,808.0,200.0,20.5,35.8,1.57,37.2,3.8,0.007,5,1,0
855.2,35.5,338.0,0.0899,-0.0116,5.05,1392.1,271.5,1.8,2.5,0.15,27.1,1.4,0.115,2,3,0
1709.5,38.37,256.4,-0.0967,0.047,3.75,2605.6,583.1,3.8,6.2,0.32,47.4,0.2,0.039,5,2,0
387.8,37.03,217.8,0.1223,-0.0865,7.73,652.2,292.6,13.0,10.8,1.01,49.3,2.98,0.019,1,1,0
184.5,32.9,3.4,0.0187,-0.0015,4.29,1115.3,60.6,143.5,422.4,28.72,78.4,12.4,0.023,1,4,1
1469.0,24.97,30.3,-0.0092,-0.0352,4.24,163.4,864.3,4.6,4.2,0.43,35.7,0.0,0.105,3,2,0
1160.4,19.01,76.8,-0.0635,0.0428,9.32,1638.2,461.4,18.7,32.5,1.33,42.8,1.49,0.0,4,1,0
1731.7,34.12,244.4,0.0417,0.0314,5.28,1837.5,119.2,33.7,51.4,7.1,55.1,1.73,0.088,2,3,0
1776.8,44.58,109.2,-0.0069,-0.0269,4.2,215.8,706.9,2.5,3.3,0.27,37.9,0.59,0.033,5,1,0
2010.5,44.75,87.2,0.0254,-0.0117,2.59,785.1,484.9,25.0,16.1,1.71,43.0,2.15,0.001,5,1,0
647.1,32.71,288.3,-0.0213,0.0478,6.72,989.8,1026.2,153.8,445.7,44.57,68.1,1.49,0.019,2,4,1
1013.2,46.53,46.4,-0.0427,-0.0276,4.98,674.8,29.8,95.0,191.5,26.44,82.8,21.82,5.344,2,3,1
1711.4,51.12,187.2,-0.0789,0.0549,5.36,367.3,464.9,17.5,16.7,1.42,41.2,2.25,0.032,5,1,0
641.1,20.72,320.1,-0.1124,0.0068,6.7,868.5,499.9,29.3,39.4,2.32,40.3,2.36,0.063,1,3,0
1097.5,31.8,121.6,0.0365,0.0742,5.58,1012.1,356.4,26.9,22.8,2.17,44.2,0.96,0.035,3,3,0
2559.1,37.49,243.4,0.0116,-0.0316,5.68,579.4,81.1,1.6,1.6,0.13,32.7,5.85,0.079,4,2,0
564.0,34.28,265.5,-0.0251,0.0065,2.0,1713.9,55.4,82.9,227.7,16.37,83.5,20.52,5.939,1,1,1
1941.5,36.9,331.6,-0.0641,-0.0125,6.52,4826.7,135.0,68.7,123.1,9.82,54.1,1.45,0.051,5,3,0
1301.5,42.71,9.9,-0.0055,0.0482,3.12,136.5,238.1,29.1,47.0,3.23,40.6,2.39,0.069,4,3,0
1312.7,31.68,190.4,-0.0089,0.0031,6.8,274.5,20.7,13.0,15.6,1.31,43.2,2.88,0.046,1,2,0
1175.1,27.25,302.7,-0.0487,0.0721,6.25,1592.5,326.4,133.0,374.6,32.97,73.2,0.36,0.068,2,2,1
2652.6,45.88,94.0,0.0188,0.0013,4.65,1033.1,145.4,11.3,11.3,1.18,34.3,1.1,0.018,4,1,0
2081.7,39.63,156.0,0.1223,-0.002,4.83,756.0,51.0,10.3,12.9,1.31,41.2,2.02,0.055,4,2,0
1073.7,27.81,6.6,-0.0443,-0.0068,4.71,127.2,141.8,11.3,12.3,1.08,48.5,0.03,0.084,2,2,0
1370.1,27.74,271.2,-0.0235,-0.0144,6.85,708.6,251.3,9.5,5.6,0.8,20.9,2.07,0.023,3,2,0
2154.4,44.02,289.0,-0.0168,0.0018,2.84,1294.9,62.0,89.8,264.8,14.14,84.1,28.52,2.174,5,3,1
1602.3,36.09,117.2,0.0168,-0.0314,7.32,2726.9,340.5,33.0,43.8,4.83,49.6,4.15,0.0,2,1,0
538.6,40.58,57.8,0.0594,-0.0034,3.01,4049.1,45.3,16.4,16.0,1.56,52.3,0.82,0.022,1,1,0
1762.8,58.21,173.2,-0.0549,0.0027,3.02,941.6,190.1,13.9,12.5,1.87,46.9,4.59,0.126,3,3,0
811.3,44.09,315.1,0.0289,0.0193,4.35,200.7,270.8,27.6,41.3,3.62,57.9,2.26,0.125,1,1,0
1619.5,36.16,222.0,0.0665,0.08,7.06,170.3,184.3,20.0,11.7,2.14,32.1,3.33,0.108,3,4,0
721.4,37.75,78.5,-0.0418,-0.041,3.9,2951.6,286.0,331.9,940.2,80.0,71.4,3.78,0.032,2,1,1
801.6,39.14,181.4,0.0325,0.0645,8.56,1797.2,0.1,12.0,13.0,1.42,48.6,3.06,0.075,3,4,0
620.5,24.57,69.2,-0.0776,-0.0204,5.71,1123.5,519.9,11.8,15.4,1.53,46.7,1.37,0.065,1,3,0
942.1,29.18,234.7,0.0589,0.1492,9.43,100.5,286.8,61.0,114.4,9.06,62.3,1.17,0.024,2,1,0
2491.9,34.21,134.9,0.0553,0.0249,6.69,2170.7,440.3,158.0,252.1,44.37,80.6,20.11,0.15,4,2,1
573.7,27.29,65.4,0.0953,-0.0842,5.76,2523.7,44.2,171.4,467.3,32.03,75.7,7.37,0.012,1,2,1
248.4,23.14,26.0,-0.054,0.134,8.65,285.4,452.1,57.9,88.0,8.26,58.5,0.0,0.043,1,3,0
1432.6,26.55,217.2,0.1044,-0.0324,5.61,976.3,599.7,131.8,200.8,17.84,81.5,22.66,0.078,2,3,1
1584.1,35.56,68.9,0.0033,0.0093,2.0,2929.0,80.6,49.7,129.1,9.08,66.5,1.2,0.06,2,3,0
1238.1,31.87,219.9,0.0365,-0.0384,5.26,503.9,298.3,22.1,32.1,2.69,55.4,1.79,0.0,1,1,0
269.4,17.71,153.1,-0.032,-0.0308,6.74,2199.2,486.5,5.9,5.5,0.68,37.9,2.26,0.008,2,2,0
1116.6,36.43,116.5,0.0165,-0.0031,3.94,1633.4,109.7,157.9,342.3,31.18,87.1,37.58,0.217,3,1,1
869.0,24.66,28.9,-0.0912,0.0136,7.96,120.3,65.7,200.6,521.2,26.82,94.2,51.6,0.0,2,1,1
1216.6,41.82,263.6,-0.0251,-0.0039,5.08,232.4,141.4,101.5,157.8,18.45,65.0,0.67,0.066,2,4,1
1545.2,26.1,334.5,-0.0166,-0.0076,6.25,1371.1,638.0,31.3,95.8,4.89,60.0,3.63,0.07,3,1,0
746.7,36.57,43.3,0.0749,0.0092,7.69,2721.0,111.1,15.2,15.3,2.08,32.2,3.89,0.072,1,3,0
693.8,41.13,54.6,-0.0247,-0.0504,5.09,257.6,1034.5,0.5,0.5,0.04,31.3,1.08,0.086,2,3,0
905.0,28.33,308.1,-0.036,-0.1156,9.64,41.9,347.2,78.9,216.3,11.17,90.5,23.39,0.044,1,1,1
2147.3,43.77,319.5,0.0481,0.0032,4.92,534.1,324.9,136.0,242.8,29.31,79.5,18.48,0.078,5,3,1
1126.4,49.28,226.7,-0.0653,0.0575,2.0,630.0,372.0,6.7,3.7,0.54,33.9,3.25,0.11,2,3,0
1293.8,42.79,27.3,0.0132,0.0113,6.31,412.7,18.0,14.2,25.3,2.04,46.7,0.98,0.027,2,3,0
449.5,21.85,286.6,-0.0608,-0.0072,6.9,3503.8,187.0,23.2,37.2,1.65,40.7,1.18,0.073,1,1,0
1480.2,29.07,87.8,0.0734,0.0711,3.56,259.3,402.7,125.4,223.3,28.51,96.4,56.13,0.067,3,3,1
1280.3,34.67,161.2,0.0199,-0.0737,6.0,115.7,886.1,1.8,2.7,0.13,38.3,2.28,0.008,2,1,0
575.9,30.31,272.4,-0.0391,0.0219,7.77,3621.9,155.8,0.6,0.7,0.05,43.1,3.03,0.016,2,1,0
968.3,55.2,313.9,-0.03,-0.0651,5.27,2565.8,6.1,145.5,291.4,28.51,84.9,26.33,0.104,2,3,1
792.7,22.57,160.1,0.0474,0.0361,7.47,5066.6,131.8,2.4,1.8,0.35,37.8,4.69,0.022,2,1,0
1364.4,55.0,68.7,-0.0418,0.0382,4.61,589.1,434.8,98.3,309.4,27.91,73.3,2.05,0.024,5,1,1
1448.6,18.64,351.0,0.0448,0.0355,6.96,872.9,26.3,44.3,63.3,4.44,53.4,1.14,0.094,1,4,0
1675.4,41.31,52.9,0.0191,0.0125,3.0,4233.6,357.4,4.0,3.4,0.34,35.2,1.39,0.065,3,1,0
1568.5,24.4,297.3,0.0001,0.0436,7.19,2191.6,494.1,96.7,210.7,15.18,93.3,35.0,0.069,1,3,1
1107.7,43.08,152.7,-0.0547,-0.0022,4.73,1652.4,59.4,7.9,12.6,0.85,42.7,2.24,0.089,2,3,0
1958.4,48.93,79.4,0.0276,0.0412,2.0,981.4,887.8,23.3,64.5,6.94,55.8,2.51,0.099,4,4,0
1667.6,47.05,240.8,-0.0635,-0.0095,4.15,1771.8,369.4,127.4,253.3,19.1,86.7,23.65,1.635,4,3,1
1459.5,47.62,101.6,-0.0304,0.0817,5.89,31.6,403.3,16.1,19.0,2.39,37.5,2.81,0.08,5,1,0
587.7,39.75,45.5,0.046,0.0083,3.14,171.3,65.2,11.7,12.3,0.89,43.6,3.09,0.08,2,4,0
1363.0,23.69,175.8,-0.0009,-0.0105,7.23,751.1,74.0,5.7,5.7,0.51,42.0,1.56,0.031,1,2,0
2009.5,40.83,130.3,0.0452,-0.0447,9.18,1485.1,467.9,6.1,10.6,0.66,49.0,0.0,0.113,5,1,0
1985.3,34.78,273.7,-0.0767,-0.0017,5.35,2637.1,375.8,11.9,15.8,1.3,32.1,0.81,0.032,5,3,0
1216.1,33.33,211.3,0.031,0.0067,4.82,90.3,64.0,66.4,210.2,12.53,80.1,20.49,0.052,3,3,1
151.2,34.85,51.8,0.0903,0.0488,3.95,369.4,319.4,95.4,166.3,25.65,59.7,0.31,0.055,1,4,0
2295.9,32.23,174.4,0.0227,-0.0427,7.09,1444.8,261.4,78.5,147.2,10.67,67.7,3.35,0.009,5,1,0
485.1,27.39,236.5,0.0123,-0.1123,8.26,2528.7,477.1,31.2,61.9,7.01,44.4,4.41,0.083,1,2,0
837.0,40.95,271.3,0.0397,-0.0015,7.34,920.9,529.7,17.1,32.7,2.24,49.0,0.0,0.008,3,2,0
1133.8,34.49,133.6,0.0737,-0.0472,5.06,84.4,454.2,1.1,1.6,0.15,34.7,3.93,0.0,5,1,0
927.7,33.27,62.3,0.0319,-0.0412,4.15,727.1,1193.6,3.1,5.6,0.32,35.6,1.61,0.093,3,3,0
1119.5,14.98,344.4,0.0423,-0.0034,5.27,602.2,636.0,42.7,44.2,3.65,49.6,2.25,0.036,2,4,0
1049.4,37.05,46.3,0.0584,-0.1174,5.08,285.4,253.4,4.9,4.6,0.4,38.4,1.75,0.13,4,2,0
1353.7,23.74,70.1,-0.0249,-0.0576,6.21,217.6,542.4,12.9,8.3,1.7,35.1,1.26,0.07,2,3,0
1905.5,29.02,11.4,-0.0415,0.0333,7.22,757.1,360.6,36.4,56.8,5.36,51.8,3.46,0.033,3,3,0
972.1,34.35,92.1,-0.0694,-0.0679,3.49,537.9,57.5,9.9,7.1,0.97,42.9,1.17,0.033,4,4,0
864.1,21.62,41.3,0.0741,0.106,8.63,2088.1,206.6,15.6,13.0,1.07,42.7,0.72,0.153,1,1,0
708.1,42.13,210.9,-0.0191,-0.0108,3.03,176.4,255.8,31.9,31.8,3.34,39.9,3.76,0.054,1,4,0
1853.8,37.0,204.6,-0.0322,0.0351,5.17,710.2,385.9,5.1,4.8,0.46,39.0,0.0,0.082,3,4,0
2194.5,49.44,229.6,-0.0159,-0.1054,3.0,1391.8,736.1,10.3,13.6,0.72,33.8,0.43,0.132,5,3,0
916.8,50.14,146.6,0.0513,0.0555,2.46,2288.3,801.0,21.2,23.6,3.31,43.6,2.33,0.091,2,4,0
1745.0,41.13,115.6,-0.0074,-0.014,6.36,1296.9,30.7,29.1,40.1,1.98,44.4,3.08,0.004,4,3,0
1358.8,21.24,349.9,-0.0007,0.0318,5.98,1006.9,416.6,11.0,15.1,1.02,45.0,3.0,0.131,1,1,0
1484.5,24.02,34.0,-0.0639,-0.01,7.11,427.8,9.5,69.5,132.8,15.53,64.1,3.22,0.055,1,4,0
1929.2,38.6,206.6,-0.0094,-0.0172,3.48,686.7,90.0,15.2,25.6,4.1,40.3,1.9,0.03,2,4,0
976.4,28.93,30.3,0.0135,0.0492,2.0,359.3,37.5,34.3,82.4,8.93,59.3,0.0,0.023,1,1,0
1677.9,30.9,327.2,0.0502,0.0322,5.47,594.6,646.7,4.6,2.5,0.5,38.6,1.86,0.044,2,1,0
1230.8,40.1,108.6,-0.1024,0.1162,2.9,495.5,1061.3,51.5,141.7,16.2,64.0,0.86,0.044,2,3,0
598.0,20.93,295.0,-0.0178,-0.0168,6.85,558.4,83.1,53.9,97.5,8.71,63.5,2.8,0.119,1,1,0
1758.8,38.01,121.3,0.019,-0.0075,3.14,1533.5,1246.3,119.4,306.6,34.62,77.7,11.84,0.106,5,2,1
1512.4,39.8,97.9,0.0034,0.0629,3.8,3752.1,90.6,80.2,223.3,13.22,74.5,4.46,0.068,4,3,1
1241.5,37.45,110.9,-0.0165,-0.0309,7.06,1158.1,365.4,3.0,3.7,0.34,38.4,1.99,0.001,1,3,0
1471.4,21.58,334.0,-0.053,0.0092,7.75,653.4,1314.3,2.9,3.0,0.28,24.4,1.89,0.0,3,2,0
1674.8,26.83,77.8,-0.0141,-0.0724,6.74,180.6,720.9,26.4,23.3,2.55,41.6,1.21,0.036,3,1,0
1671.6,41.12,133.9,-0.0333,-0.0602,6.09,632.8,117.1,4.2,3.4,0.3,34.0,2.53,0.054,4,1,0
1571.3,39.61,299.1,0.0048,-0.0255,3.54,594.3,372.3,111.1,202.1,15.97,75.3,9.16,0.112,3,1,1
937.7,21.16,49.2,-0.004,0.0211,5.8,723.1,149.6,0.4,0.4,0.04,32.7,1.26,0.0,2,1,0
1412.9,32.6,149.2,0.007,0.0011,5.45,1469.4,230.8,9.6,13.4,1.37,33.3,1.72,0.125,4,4,0
1313.1,33.38,65.8,-0.0005,-0.0122,7.82,267.7,83.6,5.7,8.5,0.45,30.7,1.58,0.063,1,1,0
1108.2,40.46,235.0,-0.0846,0.0083,4.8,5304.7,93.5,161.2,377.1,21.55,75.7,7.67,0.071,2,1,1
774.4,36.96,218.9,0.0131,-0.0342,5.74,1897.3,50.5,145.0,315.8,18.89,82.6,22.8,1.03,3,1,1
428.0,20.03,79.8,-0.0166,-0.0946,6.15,84.3,417.8,0.9,0.7,0.08,40.7,0.67,0.048,1,4,0
594.0,31.84,200.2,0.0167,0.0747,3.78,2262.0,146.1,2.1,2.9,0.16,29.5,4.06,0.002,1,1,0
1286.3,33.21,113.3,0.0015,-0.0125,2.29,628.1,105.2,51.0,133.2,8.09,67.1,0.28,0.054,1,2,0
1053.4,34.68,61.5,0.0885,0.0109,4.68,94.7,125.1,177.4,301.2,58.19,73.2,0.08,0.008,1,3,1
853.8,40.26,89.9,-0.0272,-0.0127,4.5,588.5,88.4,5.0,6.3,0.68,26.1,0.0,0.023,2,4,0
1457.1,21.67,155.3,0.0668,0.0119,4.25,709.8,509.5,17.9,22.5,2.39,48.8,2.08,0.107,1,4,0
632.4,35.55,47.5,-0.0824,-0.0859,4.67,714.2,256.3,165.3,471.5,37.03,80.7,24.22,0.092,1,1,1
1886.1,29.12,339.2,0.0182,0.0144,6.4,459.3,1310.8,0.1,0.1,0.01,31.9,3.12,0.015,2,3,0
2198.6,36.98,127.0,-0.014,0.1263,5.49,1459.5,785.1,185.8,313.3,46.06,86.0,21.68,0.667,4,1,1
1433.2,35.57,126.6,-0.0535,0.0175,2.45,508.5,7.4,31.4,79.6,10.0,51.4,2.18,0.044,2,1,0
870.3,32.57,68.4,0.0646,-0.0583,5.9,1882.4,4.9,27.4,17.0,2.66,41.3,1.42,0.02,2,1,0
692.2,27.54,304.3,0.0347,-0.0165,8.58,1385.8,49.4,1.4,1.1,0.12,34.2,0.91,0.033,1,1,0
975.3,27.84,149.6,-0.0051,-0.0206,7.1,247.4,264.5,1.0,1.0,0.1,46.5,2.19,0.041,3,4,0
1984.5,55.17,177.2,0.0732,0.0441,2.0,456.8,6.6,56.4,89.9,8.04,51.0,0.0,0.069,4,2,1
1866.7,30.01,46.2,0.0053,0.0484,8.22,2999.4,158.0,67.9,208.1,8.86,72.5,3.9,0.11,4,1,0
1387.2,33.64,129.7,0.0417,-0.0784,5.06,608.4,15.6,11.2,17.9,0.87,42.9,2.8,0.0,1,1,0
1061.7,26.05,119.1,0.0293,-0.024,5.85,1000.1,285.6,0.4,0.4,0.03,38.4,1.69,0.063,2,2,0
1599.7,27.33,109.2,0.003,-0.0586,3.35,1090.8,651.8,85.4,196.7,13.76,83.1,22.05,0.0,3,1,0
1518.5,36.28,88.2,-0.0088,0.0595,5.71,1830.8,250.9,9.4,15.1,0.96,32.6,0.89,0.03,1,3,0
1635.2,24.04,91.4,0.1118,0.0828,5.92,26.7,377.4,2.4,3.8,0.17,42.8,1.35,0.028,3,1,0
443.0,27.35,231.8,0.0838,0.0416,6.12,726.9,26.6,91.7,203.1,28.57,83.1,25.64,0.126,1,2,1
991.8,39.03,149.7,0.0184,0.0136,5.19,1272.3,392.3,53.0,92.6,8.77,59.0,0.69,0.008,2,1,0
1266.2,41.55,217.4,0.0071,0.0162,4.24,646.2,86.1,6.2,4.7,0.46,30.3,1.84,0.077,3,1,0
1649.4,44.57,44.5,-0.0544,0.0072,2.01,1206.7,69.2,8.5,7.5,0.64,29.4,2.58,0.104,1,4,0
1252.4,25.73,349.5,-0.0657,0.0541,5.4,670.5,276.8,52.4,116.3,9.3,55.8,0.59,0.097,4,2,0
965.7,45.09,158.0,-0.0188,-0.0192,5.45,2169.4,216.8,0.1,0.1,0.01,27.5,0.12,0.052,2,4,0
741.5,29.19,269.5,0.0232,0.009,5.36,30.3,432.8,34.0,81.6,5.77,63.1,4.91,0.054,1,1,0
569.5,32.05,18.6,-0.0623,-0.0462,7.76,336.6,636.5,6.8,7.8,0.75,36.0,0.21,0.092,1,4,0
637.1,21.66,307.0,-0.013,-0.0431,8.53,2219.0,558.0,23.5,14.2,3.1,29.8,3.57,0.088,1,3,0
2392.9,44.57,13.4,-0.0358,-0.052,3.47,700.1,279.4,197.9,309.7,61.56,76.9,11.92,0.057,5,1,1
2379.9,39.37,208.8,0.0555,0.0223,3.72,128.5,321.3,249.3,634.8,70.78,72.1,0.66,0.013,5,1,1
1412.9,44.82,198.3,0.064,-0.0568,2.8,489.6,12.9,21.1,16.0,1.66,37.6,4.61,0.037,4,3,0
1027.9,18.51,94.1,-0.0107,0.0525,5.24,1296.1,590.0,109.9,174.0,13.83,69.7,2.1,0.038,2,1,0
998.0,51.01,29.7,0.0367,-0.0971,6.13,52.2,1682.7,6.7,6.3,0.71,41.8,1.96,0.1,1,1,0
692.6,26.45,353.9,0.0045,-0.0672,7.99,950.4,30.3,24.1,26.7,2.91,43.0,1.07,0.036,1,2,0
1211.0,35.45,116.0,0.072,0.006,5.55,454.0,96.8,1.5,1.2,0.12,33.8,1.53,0.06,1,4,0
1871.8,37.48,5.1,0.076,-0.0124,5.95,1613.9,321.5,204.7,623.4,29.2,79.6,12.39,0.031,5,1,1
2400.1,46.97,260.7,-0.0063,-0.0607,6.17,867.0,100.6,172.6,265.8,23.32,78.7,10.08,0.05,4,2,1
968.4,47.56,235.1,0.0291,-0.0384,3.57,1224.0,830.3,28.4,83.5,3.86,58.1,0.77,0.042,2,2,0
854.4,31.49,186.9,0.0282,0.0085,4.31,64.1,152.7,9.9,14.7,1.29,42.0,1.04,0.072,1,1,0
117.9,36.72,224.2,0.0509,0.0434,7.71,78.8,71.1,10.0,10.2,0.91,37.6,1.86,0.084,1,1,0
1839.7,38.49,61.6,0.0328,0.0014,3.3,1237.4,154.6,10.8,7.3,0.94,40.0,3.7,0.07,4,4,0
1208.6,30.03,217.8,0.0647,0.0467,3.03,1276.6,373.1,172.3,478.5,36.12,78.3,15.19,0.058,2,2,1
1015.8,39.01,101.2,-0.0006,-0.0112,5.78,416.3,33.0,24.0,16.6,3.14,32.9,0.0,0.051,3,2,0
626.5,5.03,84.5,0.0892,0.0387,8.13,431.0,9.1,2.1,3.7,0.31,41.8,3.42,0.0,1,4,0
1090.7,42.72,173.1,-0.0653,-0.0036,4.63,1295.7,184.5,7.6,9.5,0.55,49.3,2.87,0.0,1,1,0
654.6,23.56,101.2,0.0131,0.034,7.37,909.4,136.7,11.3,25.9,1.51,42.3,3.18,0.071,1,3,0
894.3,39.72,14.4,0.0537,-0.0226,6.14,802.6,240.4,2.4,1.3,0.22,33.8,1.21,0.055,3,1,0
906.6,30.71,135.4,0.0114,0.0656,6.22,738.4,321.5,6.3,10.4,0.6,47.5,2.41,0.073,3,3,0
262.4,19.21,170.6,-0.001,0.0877,5.39,1237.4,673.2,2.6,4.6,0.21,39.4,0.33,0.066,1,1,0
1312.7,27.67,77.5,-0.0546,-0.031,8.89,1235.1,483.3,1.1,1.2,0.16,34.6,1.54,0.029,2,2,0
1979.5,37.8,29.9,-0.0867,-0.0517,4.97,694.4,1115.9,157.5,382.5,20.98,75.1,8.92,0.022,4,1,1
859.9,24.94,51.8,0.0024,-0.101,6.04,776.4,145.7,19.5,19.2,2.65,29.8,2.2,0.073,1,2,0
1397.2,32.04,153.1,0.0224,-0.0739,4.59,687.0,91.2,42.9,57.2,3.21,63.9,0.19,0.101,2,3,0
1557.8,36.83,261.6,0.0316,-0.0784,7.08,635.4,134.3,98.0,232.7,22.67,90.2,30.62,3.383,3,4,1
1447.5,47.56,263.1,-0.0114,-0.011,6.11,758.8,642.0,16.2,22.9,1.27,36.8,0.0,0.028,3,1,0
496.1,22.35,315.7,-0.0213,0.0733,7.72,4969.5,328.8,4.4,3.3,0.4,34.4,0.03,0.063,1,1,0
1070.4,21.44,306.7,0.0255,-0.0818,6.0,1448.9,245.8,43.5,134.4,13.0,70.8,1.25,0.068,4,2,0
1094.6,34.19,293.6,0.0008,-0.0091,5.31,384.4,1088.7,64.1,197.9,8.66,69.9,2.93,0.0,2,4,0
1067.5,29.11,7.5,-0.1029,-0.007,4.99,2376.3,75.1,46.7,126.0,10.09,70.0,0.0,0.006,1,1,0
1571.8,22.99,71.0,0.0275,-0.0194,7.11,202.7,982.5,6.3,6.0,0.42,38.5,3.61,0.014,2,1,0
2331.5,53.78,65.3,0.0329,-0.0152,4.04,170.6,184.0,59.1,168.3,12.43,77.6,12.65,0.007,5,1,1
511.2,25.13,35.8,-0.0227,-0.0271,2.53,137.7,124.4,11.8,14.3,1.24,33.9,0.01,0.02,1,3,0
2277.1,41.02,295.8,0.1029,-0.023,2.7,732.9,904.0,121.6,318.4,23.02,79.0,14.76,0.0,4,1,1
1353.9,32.23,305.8,0.0257,-0.0511,6.13,1010.3,203.5,12.3,12.8,1.41,42.8,0.0,0.011,2,2,0
936.4,25.88,132.9,-0.0338,0.02,6.24,3881.2,1218.6,24.3,22.5,2.49,37.0,6.08,0.02,5,1,0
830.2,25.38,157.3,-0.0044,-0.0107,5.4,1758.9,477.7,60.0,119.2,15.74,64.4,1.48,0.097,3,1,0
618.9,40.95,131.3,-0.0428,0.0082,5.43,147.7,230.5,7.9,10.1,0.66,39.9,1.65,0.106,1,1,0
837.7,34.26,164.7,-0.0139,0.0327,5.37,279.7,857.1,50.6,50.2,3.43,40.2,1.86,0.02,3,2,0
1638.1,38.71,78.3,0.004,0.047,6.8,595.2,151.5,3.1,1.7,0.2,34.7,0.0,0.089,4,1,0
903.5,34.32,219.6,-0.0079,-0.0416,6.88,838.9,41.7,71.8,78.5,11.54,55.9,1.39,0.095,1,2,0
488.0,17.42,135.3,-0.0674,-0.005,7.09,1525.5,251.8,95.8,127.0,8.79,69.8,0.0,0.102,1,2,0
833.6,25.96,60.7,0.0441,0.0318,4.47,896.2,1224.4,107.9,184.8,17.47,84.2,22.56,0.122,3,4,0
1649.1,37.42,32.0,0.0436,0.1338,6.83,4146.9,84.9,1.7,1.2,0.26,25.5,1.8,0.016,2,3,0
1154.4,45.07,126.5,0.0441,0.0353,3.31,5588.7,773.1,16.4,14.8,2.55,34.9,4.12,0.073,4,1,0
1303.7,27.39,24.0,-0.0136,0.0123,7.32,1098.9,379.1,5.5,9.0,0.73,37.8,1.53,0.003,4,2,0
1681.2,44.7,47.0,-0.0074,0.0105,4.55,2366.6,19.8,46.2,87.2,11.83,47.0,2.63,0.033,5,4,0
2149.3,51.82,18.0,0.0537,-0.0383,4.3,1451.8,560.8,11.2,6.2,0.83,35.8,0.0,0.062,5,2,0
1579.4,29.98,50.9,0.0581,0.0246,7.12,872.0,1827.0,80.2,173.4,17.81,76.5,14.33,0.04,1,1,0
1686.0,25.3,273.8,-0.0385,-0.0557,6.22,819.6,696.8,8.5,11.1,0.71,46.9,3.44,0.029,2,4,0
1093.8,41.67,248.2,0.071,-0.0296,5.69,708.4,265.1,7.3,9.1,0.5,36.6,2.66,0.113,3,3,0
588.3,20.91,250.0,0.0352,-0.0513,7.79,1721.2,19.0,0.1,0.2,0.01,24.7,2.5,0.015,1,4,0
1466.1,43.49,288.6,0.082,-0.0208,4.11,1787.3,35.4,5.4,4.2,0.42,44.6,2.31,0.082,3,3,0
555.0,29.52,260.9,0.0142,0.0277,4.75,1219.4,18.0,3.4,5.2,0.39,27.7,2.78,0.09,1,1,0
1647.6,38.14,7.3,0.0334,0.0166,4.95,397.4,55.5,120.1,195.3,21.18,91.4,34.61,4.07,2,4,1
1181.9,30.63,175.6,0.0062,0.0307,4.77,305.7,116.2,16.3,13.0,1.61,24.5,4.59,0.076,1,2,0
1029.9,39.87,220.0,0.0825,-0.0487,7.74,820.1,743.9,10.2,13.9,0.73,41.7,3.77,0.092,3,3,0
1008.7,28.96,109.8,0.0241,-0.0144,7.68,1479.0,104.9,246.3,628.9,49.15,80.8,16.16,0.0,3,1,1
1308.2,40.32,50.4,-0.0305,-0.0147,3.6,327.0,17.7,5.5,8.0,0.73,40.4,0.09,0.065,3,2,0
685.8,29.3,46.7,0.0153,0.0322,2.7,845.7,229.1,136.8,420.9,17.6,79.8,18.83,0.033,2,3,1
621.8,35.49,186.8,0.0085,0.0016,3.24,350.6,1219.4,136.1,302.1,23.2,88.2,34.11,0.561,2,4,1
1226.9,42.26,154.6,-0.0527,0.0139,5.18,219.3,1189.6,140.1,290.2,17.98,90.2,34.32,0.42,2,1,1
2364.6,47.23,197.9,0.0846,-0.0193,3.66,758.2,177.6,18.6,27.5,1.31,32.6,0.89,0.099,5,1,0
940.4,41.87,45.9,-0.0318,-0.0654,5.66,259.9,1059.3,46.0,43.8,3.21,48.2,5.5,0.053,4,1,0
2103.0,40.14,16.1,-0.0139,-0.0291,3.28,2661.4,1208.1,103.9,223.4,14.98,66.5,2.96,0.01,2,1,0
1659.4,35.91,132.6,0.0233,0.0286,6.45,149.8,35.7,0.9,1.2,0.1,36.2,1.69,0.0,5,3,0
1139.4,31.25,141.8,-0.057,0.0179,7.86,536.0,41.7,0.6,0.7,0.04,28.4,3.63,0.053,1,1,0
1448.4,29.94,88.8,0.027,0.0123,6.28,545.2,619.4,11.6,14.2,0.88,39.7,0.0,0.071,4,3,0
1372.8,45.3,101.0,0.0943,0.0373,3.73,2121.2,39.2,6.1,6.6,0.6,30.7,2.77,0.085,2,3,0
615.6,34.76,305.9,0.0621,-0.0457,2.76,2872.2,45.2,47.0,83.6,3.32,68.2,0.4,0.014,1,1,0
1809.5,36.91,134.3,-0.0437,-0.0243,5.16,3230.5,259.7,0.6,0.6,0.1,32.0,0.0,0.107,3,3,0
742.5,32.79,178.3,-0.0496,0.0556,5.95,614.8,78.9,3.5,2.6,0.29,42.1,0.21,0.045,1,4,0
2144.0,37.19,260.4,-0.0313,0.0202,2.71,1996.8,251.5,3.6,6.3,0.26,32.2,0.0,0.044,5,3,0
842.4,31.51,237.9,-0.0277,-0.0535,4.98,831.5,47.7,23.6,33.0,3.17,39.5,3.92,0.08,1,4,0
53.6,25.62,153.9,-0.043,0.0229,3.36,2102.3,70.6,117.5,202.8,26.57,68.4,2.19,0.022,1,1,0
1583.6,25.83,2.4,-0.0337,-0.0039,8.65,19.8,24.9,6.9,6.6,1.07,30.3,2.07,0.036,3,3,0
810.0,37.28,149.8,-0.1158,-0.0142,4.8,350.6,361.2,104.9,212.6,13.73,88.5,28.91,0.454,1,4,1
1068.5,28.79,75.4,0.0795,0.006,4.52,775.0,751.8,96.2,270.6,18.21,78.4,15.81,0.028,3,2,1
2431.3,34.68,247.5,-0.0487,0.0023,5.35,1047.8,496.4,168.4,311.1,22.87,73.7,3.38,0.009,4,4,1
1616.8,36.08,170.1,-0.0598,-0.0098,5.01,370.5,26.0,564.3,854.7,80.0,76.2,9.37,0.049,5,4,1
1036.6,34.99,103.4,-0.0012,0.0019,7.09,47.8,499.8,170.2,267.1,21.64,81.6,19.7,0.053,3,1,1
805.6,28.34,306.4,-0.061,-0.0292,4.84,791.3,218.7,1.1,1.2,0.08,33.9,1.73,0.019,1,1,0
1220.5,32.36,202.2,0.0293,-0.0204,5.79,236.8,108.1,103.0,156.1,22.93,72.8,3.77,0.033,1,1,0
1130.5,16.78,286.0,0.0564,-0.0342,5.66,2196.8,370.4,0.9,1.4,0.12,38.5,1.11,0.0,1,1,0
1600.7,36.41,325.3,0.048,0.0652,4.66,3074.1,25.2,22.2,24.8,1.61,36.9,2.96,0.029,1,1,0
1055.3,34.25,136.3,-0.0146,0.0367,4.46,390.2,39.1,97.8,236.0,14.29,79.7,14.74,0.034,2,2,1
2547.9,43.25,45.0,-0.0369,-0.03,6.5,375.9,11.8,0.2,0.4,0.03,28.6,3.3,0.0,5,4,0
1837.0,24.58,63.0,-0.0819,-0.0409,6.62,3178.2,400.3,7.9,13.7,0.55,31.5,0.0,0.104,1,3,0
1595.7,39.29,334.8,0.0468,-0.0281,5.0,3029.8,189.3,15.2,22.5,1.01,35.6,3.78,0.01,1,1,0
1904.6,24.94,76.5,0.0465,0.0691,8.34,26.7,542.3,22.5,12.9,1.81,41.4,0.81,0.109,4,2,0
930.4,28.95,117.0,0.0357,-0.0155,4.56,5253.6,403.7,148.8,441.5,40.4,70.1,3.31,0.086,1,3,1
1656.1,30.82,268.2,0.0303,0.0114,4.45,700.6,58.9,2.0,2.2,0.19,38.1,0.73,0.031,2,3,0
1652.6,15.89,213.8,-0.0742,0.0361,5.77,1296.7,985.2,26.0,32.5,2.13,41.3,3.15,0.074,4,2,0
1178.7,43.54,296.7,0.0509,0.0633,3.95,3927.3,86.5,2.2,3.4,0.3,21.2,0.0,0.046,4,2,0
486.2,32.95,44.9,0.0386,-0.0732,6.72,83.7,140.8,8.6,9.6,1.17,37.0,3.27,0.062,1,4,0
677.8,21.91,80.7,0.0812,-0.031,3.31,413.1,443.0,56.3,176.6,14.01,61.9,3.64,0.032,1,1,0
1048.0,41.05,294.7,-0.0473,-0.0631,4.38,1161.0,171.8,184.2,517.6,46.98,80.3,17.95,0.0,3,3,1
1399.2,50.3,133.7,0.0009,0.0232,3.83,385.6,78.1,133.5,234.7,20.88,76.3,13.61,0.038,1,1,1
1453.2,30.47,219.3,-0.0217,-0.0063,4.42,282.8,300.5,1.4,2.0,0.16,34.8,0.06,0.017,3,1,0
704.5,31.0,172.2,-0.0837,0.0185,5.23,2163.3,413.1,151.3,288.0,23.57,82.5,17.54,0.0,1,1,1
1656.9,21.02,70.8,-0.0191,-0.0641,5.49,470.8,477.7,17.1,27.2,1.65,33.1,3.65,0.031,1,1,0
1012.3,30.37,13.4,0.0087,-0.0772,4.48,1046.2,673.6,3.0,2.9,0.4,37.7,2.51,0.102,1,1,0
1392.5,23.41,145.9,-0.0246,-0.0341,5.02,261.5,215.9,4.2,6.5,0.46,27.2,0.19,0.057,3,4,0
978.7,37.65,138.7,-0.0612,-0.0231,5.87,558.6,232.4,7.7,9.0,0.73,36.3,1.95,0.0,3,3,0
756.8,41.65,1.2,0.036,0.0301,5.41,581.2,851.4,218.5,517.3,34.04,82.2,22.54,0.45,2,1,1
678.8,30.06,128.2,0.0732,-0.0679,6.32,1656.1,239.8,5.3,3.0,0.53,44.7,1.34,0.04,1,2,0
1221.0,26.51,279.9,-0.0419,0.0394,5.24,2484.5,29.3,12.0,20.5,0.81,38.9,1.46,0.043,2,1,0
2029.9,39.22,271.5,-0.0251,0.0393,3.91,778.8,280.3,48.8,96.0,12.61,52.9,0.84,0.055,4,3,0
1635.8,20.43,197.1,0.1255,-0.0279,7.07,767.4,236.1,6.5,6.3,0.47,23.0,0.0,0.033,3,1,0
1921.2,43.14,111.0,-0.0769,-0.0031,3.39,1072.8,240.6,11.3,11.7,1.45,41.0,0.0,0.0,5,3,0
1601.0,33.1,193.8,-0.0304,-0.0412,6.25,495.2,1102.4,36.7,81.9,8.46,48.5,0.0,0.0,3,3,0
1449.0,22.58,209.5,0.0385,0.0816,5.33,1260.3,281.1,33.5,19.5,3.01,37.6,1.87,0.068,2,4,0
2196.5,24.69,278.3,-0.1257,-0.0676,7.36,48.0,580.2,4.3,6.3,0.6,40.1,1.7,0.055,2,1,0
1166.6,54.47,188.2,0.1183,-0.0318,6.34,297.1,393.8,2.2,3.1,0.21,24.9,0.8,0.079,4,1,0
1714.7,35.03,16.6,0.0255,0.0608,7.69,472.1,97.5,92.4,156.5,13.44,73.9,3.21,0.138,5,1,1
1081.2,47.37,80.2,0.0052,-0.1001,2.93,1099.9,786.8,16.6,24.3,2.68,40.9,0.0,0.146,4,3,0
1501.1,23.3,15.3,0.077,0.0228,6.41,297.9,259.6,9.2,13.1,1.27,42.5,2.82,0.106,1,1,0
1527.4,29.63,271.7,-0.0507,0.0113,3.94,50.6,266.4,11.0,12.7,0.77,38.4,2.83,0.026,3,1,0
2117.8,24.84,11.6,-0.011,-0.1025,6.08,6363.2,172.2,0.7,0.6,0.05,33.9,3.13,0.074,4,2,0
1489.2,28.86,241.6,-0.066,0.0226,4.99,97.4,243.1,17.1,28.1,1.16,38.4,1.71,0.064,3,1,0
952.9,27.68,1.9,-0.0536,-0.0583,6.28,2316.5,368.2,4.0,2.3,0.32,27.4,0.0,0.034,1,3,0
1131.5,50.35,47.2,0.0484,0.0397,3.95,6669.8,69.7,25.5,14.4,2.11,37.1,0.85,0.022,1,1,0
1925.0,39.0,318.5,0.0623,0.0673,5.11,694.0,225.3,1.2,0.6,0.13,27.4,1.8,0.089,4,1,0
513.8,46.83,36.5,0.0085,0.024,4.23,1796.0,118.0,117.2,359.4,20.55,78.5,10.52,0.017,1,2,1
477.7,39.32,81.9,-0.0635,-0.0606,5.76,299.6,80.9,15.0,16.0,1.85,47.4,4.39,0.028,1,2,0
1555.2,35.95,161.5,0.0236,-0.087,7.53,1874.5,120.1,55.9,175.0,8.43,84.1,20.61,3.64,3,1,1
1947.8,35.87,14.5,0.0391,0.0526,5.02,597.7,1000.6,107.4,293.9,14.68,81.7,17.26,0.044,5,2,1
1275.2,33.71,278.3,0.0934,-0.0149,3.59,3373.4,581.5,6.2,10.5,0.74,33.5,3.22,0.0,1,3,0
695.1,36.58,168.4,-0.04,-0.0289,2.92,934.1,58.4,16.0,28.5,1.73,52.6,1.29,0.005,1,2,0
713.9,38.38,239.6,0.0461,0.0231,6.71,837.2,244.0,8.7,7.7,1.1,45.1,3.26,0.065,2,1,0
1193.9,43.26,296.4,0.0533,0.008,3.16,2124.1,427.1,19.7,33.4,5.08,37.4,1.1,0.067,1,1,0
928.5,21.09,354.1,-0.0763,-0.0142,5.56,2744.5,55.0,11.1,8.8,0.86,34.5,1.56,0.063,2,4,0
2376.8,25.06,118.0,0.1037,0.0041,5.47,1152.6,113.7,1.8,1.6,0.14,36.0,1.54,0.072,5,1,0
1396.5,12.89,242.2,-0.0329,-0.0828,3.43,1408.8,200.6,2.7,2.7,0.42,32.9,2.32,0.068,1,4,0
1090.2,29.35,320.9,-0.0199,0.0147,6.58,1263.8,253.2,17.6,27.5,1.66,35.1,0.54,0.031,2,2,0
1879.2,37.06,302.5,-0.0709,-0.0163,6.2,1028.8,164.2,17.6,27.9,1.8,48.0,1.12,0.075,1,2,0
963.1,28.61,291.4,0.0201,-0.0018,5.19,255.0,129.0,47.5,49.9,4.95,52.5,2.81,0.04,1,4,0
1580.3,32.22,152.4,0.0956,0.0239,4.15,538.0,665.9,29.6,82.5,4.75,66.2,1.25,0.061,3,1,0
1652.0,40.07,216.6,0.0557,-0.0362,5.5,41.9,285.6,89.6,244.5,14.78,82.0,23.97,0.138,2,1,1
497.3,29.89,110.1,0.0186,0.1276,5.8,468.1,29.6,45.3,125.8,13.58,59.5,3.67,0.046,1,1,0
1872.5,32.96,329.6,0.0304,-0.0094,5.01,1275.5,26.8,8.2,7.2,0.94,37.8,0.0,0.037,3,2,0
174.5,37.1,58.6,0.0801,0.1091,6.44,1562.3,46.7,9.8,15.4,0.73,42.2,0.7,0.021,2,4,0
1452.6,28.24,9.3,-0.0746,-0.0091,3.4,1351.9,649.5,307.9,594.8,58.09,94.2,58.41,0.0,3,2,1
807.9,42.95,251.5,0.0579,-0.0479,4.56,2957.5,228.0,2.3,3.7,0.33,31.3,2.53,0.112,1,4,0
1022.6,36.84,186.7,0.1009,-0.0316,6.98,216.5,912.0,19.9,14.5,3.16,36.6,0.55,0.086,2,1,0
1398.3,37.02,218.8,-0.0545,-0.0683,6.29,277.5,135.5,81.4,181.0,17.53,69.3,3.53,0.085,1,4,0
938.9,40.88,157.5,0.0079,0.0511,4.85,977.3,537.7,4.9,8.1,0.33,37.3,0.61,0.092,2,1,0
1724.1,28.59,30.2,0.0554,-0.0216,6.45,198.8,250.8,36.5,105.2,11.5,60.8,3.69,0.032,3,3,0
1182.9,29.27,114.4,0.0138,-0.0106,5.65,525.7,155.0,9.2,12.3,0.69,40.0,2.7,0.037,4,3,0
1136.0,40.8,220.8,0.0146,-0.0772,2.3,2037.3,353.1,50.6,119.4,8.94,57.7,1.73,0.094,3,3,0
2438.9,37.21,220.9,0.0157,-0.0637,6.95,212.9,330.9,79.3,133.8,10.08,65.6,6.34,0.083,4,4,0
1636.4,32.96,217.8,0.0237,0.06,5.77,2421.1,170.6,27.1,41.3,4.45,37.8,4.08,0.037,4,1,0
810.9,37.56,173.1,0.025,0.0421,6.44,542.7,154.4,52.9,97.8,7.75,61.3,1.39,0.04,2,1,0
1592.7,29.46,71.4,0.0311,-0.0299,3.84,1216.4,81.7,93.7,295.5,15.33,87.3,26.73,0.066,2,4,1
1162.8,31.19,278.7,0.0206,0.0445,7.33,1586.6,953.1,8.1,4.5,0.96,37.1,3.84,0.033,2,3,0
537.4,17.85,242.9,-0.0872,0.0018,6.27,2861.4,541.7,4.1,6.1,0.46,28.4,1.38,0.023,1,2,0
1459.2,28.89,235.8,-0.0404,-0.0008,4.8,478.8,8.6,142.6,337.5,27.09,77.4,14.25,0.087,3,2,1
1286.4,30.41,292.5,0.0006,0.0415,5.72,6195.5,48.8,6.2,8.3,1.02,39.9,1.6,0.074,2,4,0
901.4,21.46,328.0,0.0259,-0.0325,6.75,826.2,1214.7,0.7,0.7,0.09,32.8,0.0,0.064,1,1,0
1978.9,34.85,329.6,-0.094,-0.0443,5.9,1686.2,9.8,42.1,82.0,13.43,54.7,2.82,0.016,5,3,0
323.8,30.06,232.4,-0.0627,0.0757,5.28,264.3,391.9,15.1,19.0,1.15,30.6,2.04,0.052,1,2,0
1474.8,40.0,187.0,-0.0043,0.003,5.9,61.1,79.4,74.4,179.0,11.03,75.0,10.23,0.0,4,3,1
929.3,36.36,88.0,-0.0922,0.0218,3.58,455.7,499.0,0.8,1.2,0.06,31.7,1.71,0.155,3,3,0
1573.0,38.88,44.2,0.0118,-0.0061,3.12,1209.5,385.5,53.8,120.4,9.53,79.3,13.02,0.034,2,4,0
1471.5,31.59,227.4,-0.0247,-0.0028,4.26,2946.4,324.8,3.1,2.6,0.34,43.7,0.05,0.017,2,2,0
1177.0,24.49,250.8,-0.0192,-0.0281,9.26,730.2,921.7,5.7,3.8,0.45,43.1,0.0,0.045,1,4,0
961.4,25.17,229.9,-0.0022,0.0395,6.73,666.5,103.6,27.8,61.0,5.23,50.1,1.58,0.105,1,2,0
1517.0,31.18,80.5,0.0547,-0.0567,3.39,624.6,219.3,9.6,11.3,0.8,37.4,0.7,0.055,2,3,0
1308.4,39.11,34.9,-0.0244,0.041,7.13,130.2,1.1,21.4,30.4,2.22,53.5,1.07,0.0,2,3,0
874.7,29.9,194.3,0.1006,0.0097,3.74,2142.2,545.6,167.4,407.6,45.66,90.5,36.62,0.071,2,1,1
1190.0,19.14,217.7,0.0466,-0.0677,8.25,201.6,164.7,2.6,4.5,0.2,29.9,1.2,0.035,1,1,0
2226.2,45.62,317.6,0.0124,0.0039,4.11,670.5,192.3,9.7,8.9,1.0,46.1,2.23,0.034,5,1,0
1178.9,24.02,56.0,0.0299,0.0066,4.96,5829.2,714.0,89.5,136.7,7.71,61.4,3.2,0.057,2,3,0
698.0,60.76,328.6,-0.0186,-0.0572,2.68,673.1,15.5,4.2,5.7,0.34,32.1,0.12,0.088,3,1,0
1353.2,46.32,122.3,-0.0333,-0.0287,5.61,2574.2,346.7,21.3,37.7,1.51,44.0,0.06,0.0,4,1,0
976.3,44.36,283.4,-0.0352,-0.0808,7.37,499.6,1952.4,2.8,3.6,0.19,30.4,3.34,0.092,1,1,0
1006.8,44.62,255.9,0.003,0.0191,4.12,2114.5,585.6,22.3,38.0,1.84,40.6,1.75,0.045,1,1,0
1623.6,31.95,165.5,0.0371,-0.0604,3.33,981.7,250.8,114.6,362.6,15.92,65.6,2.54,0.016,2,4,1
2125.4,47.51,173.4,-0.0196,0.0449,2.22,2280.1,351.8,14.0,20.5,1.41,35.5,0.0,0.007,4,2,0
1212.6,22.8,279.0,-0.0028,-0.0714,6.82,17.5,135.9,67.7,121.2,20.46,63.6,4.06,0.121,3,3,0
1882.4,35.75,2.5,0.0908,0.0986,7.31,861.7,221.2,0.8,0.9,0.07,20.3,3.97,0.047,3,3,0
325.8,23.97,12.8,0.0026,-0.0395,7.4,2194.4,382.4,3.7,6.2,0.5,38.5,0.0,0.026,1,2,0
1487.6,37.3,262.3,-0.0318,0.0107,6.02,586.0,176.8,18.9,11.3,1.9,41.6,1.31,0.031,2,3,0
2447.9,35.38,0.1,0.0434,-0.0968,5.08,2563.7,822.1,2.3,3.2,0.29,32.5,4.72,0.05,4,2,0
1116.2,22.27,239.5,-0.029,-0.0822,7.36,240.5,79.0,0.9,1.3,0.08,39.4,0.4,0.0,2,3,0
1269.4,42.32,32.9,0.0651,-0.0961,5.77,917.1,428.4,1.3,2.1,0.12,35.0,0.56,0.067,2,4,0
582.2,25.0,288.6,0.0368,0.0909,4.46,2712.2,301.5,71.4,224.0,22.71,95.0,37.52,0.016,1,2,0
590.1,27.04,2.6,-0.0343,-0.0243,4.7,1293.7,399.0,82.7,216.5,10.53,79.4,14.98,0.119,1,1,0
407.0,34.07,224.7,-0.0619,-0.0058,4.6,371.0,91.4,0.5,0.5,0.04,41.0,2.3,0.09,1,1,0
1638.6,42.29,319.5,-0.0728,0.0284,3.4,526.9,1032.5,26.4,20.5,4.1,39.1,3.56,0.082,3,3,0
1546.5,31.25,310.4,-0.0967,-0.0793,4.75,6070.8,177.4,10.2,13.6,1.39,28.9,5.59,0.122,2,1,0
923.0,33.96,86.8,-0.0367,-0.0359,2.76,2150.9,2.4,13.3,14.7,1.17,44.6,0.0,0.048,2,3,0
1608.2,30.74,297.4,-0.0018,0.0092,7.38,1328.4,26.1,33.6,52.7,5.52,53.5,2.36,0.089,1,1,0
1405.6,22.57,127.7,0.0073,0.0789,5.77,2099.7,557.2,81.5,205.5,19.93,90.5,27.77,0.086,1,1,0
1152.3,35.09,177.4,0.0988,0.1042,3.53,5323.2,523.1,208.2,549.1,37.21,71.1,1.05,0.009,2,2,1
1968.2,39.9,299.6,0.0035,-0.0138,4.04,2766.2,155.7,5.6,9.4,0.64,28.4,2.53,0.008,5,1,0
507.0,24.77,111.8,-0.0112,-0.0238,7.9,491.5,259.3,16.6,18.7,2.25,35.5,2.91,0.083,1,2,0
1007.1,34.88,307.2,0.0536,-0.0046,4.35,2800.4,276.0,9.6,14.9,0.84,39.1,1.23,0.049,2,1,0
722.7,39.11,320.7,0.0079,0.1262,6.07,1651.9,60.3,15.4,11.0,1.71,46.3,2.36,0.1,1,1,0
1937.5,52.64,53.0,-0.0571,0.0263,6.58,78.9,38.4,74.2,174.6,11.19,79.1,13.38,0.113,4,3,1
1568.4,31.63,271.5,0.0484,-0.0053,5.15,162.0,40.7,48.9,127.7,7.7,73.6,1.41,0.032,1,2,0
643.7,30.86,265.3,-0.0612,-0.0384,10.27,3637.0,762.0,16.1,18.4,1.24,58.7,0.47,0.081,3,2,0
388.1,37.39,321.7,-0.0385,-0.0499,5.32,2249.4,949.6,8.2,4.9,1.07,40.2,1.73,0.038,1,2,0
1323.5,42.27,47.4,-0.0476,-0.0216,4.54,2447.7,99.3,0.2,0.2,0.01,33.8,0.0,0.068,2,1,0
2087.1,37.55,337.3,0.0601,0.0764,2.0,220.1,135.1,1.8,2.5,0.16,27.6,3.73,0.039,4,2,0
1492.0,24.26,200.3,-0.078,-0.0107,4.44,221.2,12.6,174.8,294.3,22.05,88.1,27.82,0.022,2,2,1
545.9,40.01,295.6,0.0299,-0.0756,6.66,660.1,1203.8,20.8,32.7,1.82,48.2,0.47,0.028,1,3,0
1604.6,32.61,44.6,0.0074,-0.0775,5.8,3888.8,87.9,1.1,1.6,0.19,26.8,1.83,0.021,4,1,0
1216.2,39.11,149.4,0.1425,-0.0383,6.38,2676.5,207.3,0.7,1.1,0.06,37.3,1.94,0.0,3,3,0
878.0,39.18,117.9,0.01,-0.0835,7.09,51.6,114.0,11.4,18.3,1.54,46.7,2.52,0.013,3,2,0
1885.1,39.19,34.5,0.0447,-0.013,6.1,3175.7,188.6,10.0,16.7,1.17,35.7,0.93,0.149,3,2,0
809.6,37.36,42.5,0.0227,0.081,3.48,641.5,76.7,83.5,152.2,17.25,77.6,11.58,0.07,1,2,0
1133.5,33.24,129.2,0.141,-0.0561,5.93,2401.9,135.1,196.5,605.0,44.32,94.1,39.17,2.178,1,1,1
1061.6,47.14,175.3,0.0012,0.027,3.83,34.8,281.7,35.4,71.8,7.87,55.4,4.08,0.064,4,1,0
2265.6,28.97,107.9,-0.0183,0.0479,4.46,1203.2,188.5,7.5,4.6,0.72,41.2,3.65,0.0,4,1,0
1354.3,39.92,266.4,0.0773,0.0448,4.54,197.7,251.0,85.9,177.5,19.46,90.7,28.63,0.964,2,1,1
600.5,30.67,286.5,-0.0375,0.0468,6.03,2806.8,126.9,0.7,0.9,0.08,29.4,1.85,0.051,1,2,0
1583.3,33.23,338.8,-0.044,0.0175,6.61,2510.0,212.6,1.7,1.6,0.21,47.3,1.09,0.027,3,1,0
1531.9,36.66,222.8,0.0259,0.0591,4.88,650.4,258.1,96.1,145.2,17.84,76.2,8.24,0.021,2,3,1
1097.1,23.66,157.3,0.0059,-0.0276,6.59,1684.9,923.3,7.0,12.6,0.52,39.3,0.07,0.055,3,2,0
1598.8,35.45,256.1,-0.0046,-0.0162,5.39,830.2,23.3,72.0,221.7,9.37,77.8,13.4,0.0,2,2,1
924.2,37.34,133.7,-0.0155,-0.018,5.02,200.4,674.8,12.3,6.9,0.89,42.6,2.01,0.0,1,1,0
1468.9,34.74,236.9,0.0393,-0.0666,3.89,192.4,221.0,108.7,221.7,17.96,83.3,27.54,1.153,3,2,1
992.8,24.75,266.7,0.0185,-0.0107,5.66,22.2,23.6,14.6,9.9,1.27,47.4,0.2,0.0,1,2,0
1976.3,61.76,307.9,0.0357,-0.0495,2.98,3414.3,43.2,14.8,24.2,1.61,52.6,5.27,0.111,4,4,0
1524.4,30.17,201.4,-0.03,0.0219,5.19,4934.4,90.8,4.3,5.5,0.35,33.5,4.99,0.095,1,2,0
667.4,27.17,138.9,0.0405,0.0572,5.02,1025.9,868.0,13.4,14.2,1.67,35.9,3.08,0.078,3,2,0
1257.3,34.64,66.4,0.0195,0.0127,4.25,4514.4,107.6,6.4,8.6,0.48,26.1,1.59,0.116,2,3,0
1907.8,30.66,272.3,-0.0232,-0.0358,4.75,313.2,163.2,93.0,149.5,16.22,65.4,1.49,0.065,1,3,0
955.3,36.84,89.6,0.0124,-0.0621,3.79,2649.6,43.5,175.1,309.2,50.52,77.8,15.25,0.009,3,4,1
1578.8,35.19,283.5,0.0071,-0.007,6.35,30.7,398.6,50.9,89.5,13.44,58.6,0.85,0.0,1,2,0
1063.9,31.01,69.7,0.0105,-0.024,5.33,742.4,2.3,7.4,7.6,0.68,37.7,1.46,0.009,3,2,0
502.2,35.6,325.9,0.0034,0.074,5.32,1425.1,27.9,21.1,33.1,2.12,42.9,1.94,0.021,1,1,0
1332.4,12.12,216.0,0.054,-0.0364,7.9,1129.4,202.8,40.1,45.2,3.79,43.1,1.33,0.027,2,1,0
1732.2,43.97,336.0,-0.055,0.0627,3.79,726.0,380.5,34.0,25.7,5.37,47.8,1.26,0.087,5,1,0
1887.0,39.89,69.4,-0.0134,0.0802,2.68,717.0,113.5,3.7,2.8,0.26,42.8,0.0,0.098,4,1,0
1055.9,56.94,61.6,-0.0286,-0.0887,5.54,205.6,156.5,147.4,244.2,25.8,79.8,14.81,0.027,1,3,1
1227.0,36.35,116.6,-0.1146,0.061,5.54,40.7,393.5,13.4,9.4,1.21,36.1,1.25,0.0,2,3,0
464.0,33.81,29.7,0.0002,-0.0713,4.68,380.9,933.1,88.9,207.9,11.36,83.5,22.34,3.976,1,3,1
957.8,36.82,187.4,0.0467,-0.0437,3.07,1997.0,47.4,26.5,27.8,2.42,35.8,2.61,0.028,1,3,0
1037.7,37.51,262.0,-0.0756,0.025,4.78,695.8,51.1,164.3,332.2,23.56,76.3,10.74,0.079,1,1,1
1233.2,32.02,327.4,0.0128,-0.0088,5.0,1661.2,256.5,107.5,252.3,25.63,87.7,23.56,0.337,1,4,0
1398.0,28.67,357.3,0.0114,0.0069,6.45,3043.3,457.6,81.5,253.5,14.59,85.5,28.22,0.014,2,3,1
905.3,39.21,201.5,0.0018,0.0575,5.83,40.9,371.8,7.3,9.9,0.98,45.1,1.28,0.109,1,1,0
996.1,14.37,105.4,-0.0274,-0.0373,7.14,334.7,299.8,142.7,448.0,23.05,89.1,35.88,0.014,3,1,1
1461.7,26.0,91.0,0.0776,0.0971,5.48,113.2,669.0,43.3,74.2,3.88,55.6,2.04,0.083,3,2,0
572.2,31.59,2.8,-0.0295,0.0029,6.1,2533.8,1200.9,188.5,431.5,34.98,78.9,12.67,0.0,1,3,1
2571.8,35.83,284.0,0.1091,0.0048,7.87,99.7,8.0,5.1,4.3,0.42,35.3,1.26,0.09,4,1,0
1725.8,29.61,25.7,-0.0198,0.0092,5.68,1873.4,113.7,5.0,6.3,0.76,39.9,3.14,0.09,2,4,0
1837.5,53.83,259.9,0.039,0.0068,4.06,206.0,12.4,0.9,1.3,0.13,41.2,3.15,0.088,3,2,0
1945.4,56.03,186.9,0.0715,0.034,3.06,424.9,104.0,67.9,192.1,11.73,68.4,1.41,0.0,5,2,1
760.0,46.8,224.1,-0.0364,-0.0292,4.83,427.8,599.4,21.4,24.7,1.95,43.5,3.17,0.016,3,3,0
1777.2,30.75,341.8,0.0151,-0.0226,6.41,600.2,219.6,0.0,0.0,0.0,38.9,2.67,0.079,1,4,0
1387.9,27.23,253.8,-0.0659,-0.0131,3.72,792.0,290.0,8.0,12.3,0.8,36.4,0.94,0.053,4,1,0
478.5,28.89,34.3,-0.0501,-0.0392,4.87,972.7,152.7,137.0,396.0,28.28,87.0,34.07,0.022,1,3,1
1268.4,33.8,144.5,-0.0644,-0.0171,5.01,1833.5,38.5,145.6,344.6,20.66,85.3,26.8,0.028,1,2,1
83.6,31.97,292.3,-0.0465,0.0307,6.86,604.3,175.0,127.8,241.9,31.61,79.2,16.94,0.116,1,3,1
492.8,30.21,346.0,-0.0179,0.0388,6.31,104.9,539.1,126.2,327.3,32.63,79.4,20.49,0.007,1,1,1
1149.9,26.63,113.8,-0.0044,0.0126,6.38,2055.3,875.3,3.4,3.4,0.46,39.6,0.0,0.113,2,2,0
1087.1,30.48,141.2,-0.0279,-0.0104,6.97,1096.9,313.7,50.6,103.0,10.73,59.2,0.0,0.148,4,3,0
1219.0,54.61,267.0,0.008,0.019,4.55,2401.0,174.9,7.7,13.3,0.72,35.5,2.61,0.061,1,2,0
794.2,31.25,76.0,-0.0805,-0.0263,5.61,1515.0,88.4,3.8,3.9,0.28,29.0,2.19,0.03,1,3,0
1347.1,32.23,153.5,0.095,0.0826,4.04,3894.2,397.8,141.1,316.1,23.0,91.4,36.62,2.855,3,4,1
429.6,20.91,298.4,0.013,-0.0588,7.9,3867.9,63.4,27.2,71.9,3.93,45.6,4.59,0.067,1,1,0
1201.8,21.82,40.1,0.0787,0.0445,8.69,838.3,160.7,0.5,0.5,0.07,43.1,0.0,0.158,2,3,0
951.1,41.64,40.8,-0.0485,0.0043,4.27,2386.2,100.0,221.4,564.6,31.16,94.3,49.33,1.892,3,2,1
1984.8,35.91,59.5,0.0553,-0.0508,6.93,975.0,1072.0,5.8,4.1,0.44,25.6,2.91,0.064,5,1,0
1368.4,22.9,358.1,0.0053,0.0529,6.06,1432.2,830.5,21.3,35.0,2.71,44.9,3.67,0.083,1,4,0
1735.8,51.93,311.5,-0.0142,0.113,2.0,1513.4,195.7,9.8,5.2,1.07,34.1,3.58,0.044,4,3,0
129.5,39.37,262.4,0.0298,0.0006,5.61,1059.2,421.1,9.8,7.8,1.36,25.9,1.81,0.039,1,1,0
658.0,40.52,217.1,-0.0753,-0.0341,3.41,424.6,483.3,32.9,45.6,2.3,56.0,2.06,0.0,4,1,0
1514.0,35.19,265.4,0.059,-0.0068,4.43,626.1,265.2,11.4,19.7,1.65,42.3,1.88,0.056,2,1,0
1621.8,30.88,30.7,-0.0247,-0.0236,3.3,874.5,409.3,2.7,2.7,0.3,48.2,3.54,0.095,3,2,0
1990.2,32.06,141.0,-0.0301,-0.0191,4.74,725.1,592.6,0.8,0.7,0.11,32.8,2.41,0.077,1,1,0
1776.3,43.05,304.2,0.0595,0.0927,2.01,523.3,29.2,4.9,3.6,0.33,32.0,2.14,0.113,1,2,0
1526.3,28.93,142.5,0.0045,-0.0845,6.78,1370.2,356.6,14.1,10.8,1.39,40.7,2.94,0.061,4,1,0
1937.8,36.5,104.6,0.0706,-0.0068,5.43,108.4,886.9,14.9,24.2,1.35,35.7,1.36,0.073,2,1,0
1214.8,42.51,167.6,-0.1082,-0.0043,5.22,2600.9,375.6,47.5,56.9,7.37,43.8,2.5,0.099,2,2,0
1389.2,47.31,358.3,0.0209,0.1145,6.15,1616.3,81.9,225.2,566.6,37.55,69.7,1.06,0.039,5,2,1
2225.6,53.69,282.8,-0.0021,0.031,4.3,823.4,1260.3,239.1,532.1,35.9,84.3,27.08,0.39,5,3,1
517.7,10.54,190.5,-0.0535,-0.0758,9.0,2470.6,253.3,12.7,13.6,0.92,47.8,0.33,0.011,1,3,0
731.2,40.03,88.5,-0.0044,-0.0088,3.3,2912.4,43.8,26.3,32.6,4.16,41.2,2.01,0.105,4,4,0
1485.4,21.06,238.7,0.0691,0.0053,4.15,2500.8,285.8,100.1,168.5,14.18,73.7,0.02,0.113,2,3,1
1870.3,41.2,290.5,0.017,0.1133,5.82,551.7,469.7,98.2,185.9,24.74,75.0,3.5,0.11,3,4,1
1518.5,36.73,65.4,0.0286,0.015,3.61,432.3,294.5,39.3,70.4,8.61,51.1,1.35,0.081,3,1,0
1455.0,51.12,334.9,-0.0877,0.0198,6.38,759.3,37.3,1.7,2.6,0.28,46.9,2.57,0.019,1,2,0
681.4,31.72,79.9,-0.0213,-0.0355,9.4,2471.2,21.6,39.3,68.9,7.81,44.3,0.0,0.078,1,2,0
1134.7,31.59,324.8,-0.0257,0.0226,8.4,692.5,754.9,7.7,10.6,0.92,39.4,1.54,0.041,2,4,0
1019.8,32.41,40.4,-0.0096,-0.0448,5.56,202.7,39.1,1.3,2.2,0.11,30.9,0.81,0.027,2,2,0
1462.1,26.14,127.4,0.0127,0.0406,6.14,834.5,423.8,14.9,26.0,1.39,43.3,1.87,0.0,2,2,0
1278.7,44.66,263.8,-0.014,-0.0306,4.99,2648.5,424.9,83.5,235.7,15.16,65.9,1.67,0.075,1,2,0
2318.7,40.89,135.4,-0.0349,-0.0519,4.27,476.8,43.9,47.1,46.5,3.37,40.8,2.55,0.057,4,1,0
484.2,35.75,126.8,0.0749,0.0142,5.03,578.3,45.1,9.9,14.4,1.06,40.0,2.82,0.014,1,3,0
50.0,16.7,189.0,0.0637,0.0498,4.93,1184.3,108.7,1.3,1.8,0.16,33.5,3.16,0.043,1,4,0
877.3,43.73,22.8,-0.0062,0.0098,5.8,831.0,260.2,18.7,33.2,1.53,49.4,2.58,0.07,1,3,0
1962.3,41.24,51.8,0.0886,0.0016,2.0,18.1,31.2,143.6,371.1,19.32,83.3,28.39,0.633,5,4,1
1665.0,37.41,349.9,0.0961,-0.0012,2.0,73.0,262.5,159.9,253.5,24.96,76.7,9.05,0.038,5,4,1
963.7,42.68,262.7,0.0013,0.0272,3.59,2303.5,288.5,7.9,9.9,0.54,36.1,5.9,0.071,3,2,0
586.6,20.57,158.3,0.0436,0.0949,6.48,179.0,1156.7,2.1,1.8,0.19,32.0,1.28,0.076,1,3,0
542.5,37.69,49.8,-0.0408,0.0747,4.71,3587.9,49.4,10.2,14.4,1.63,40.7,0.76,0.0,1,1,0
387.5,25.43,121.9,0.0375,0.063,4.94,2071.0,26.5,101.6,287.0,28.71,74.0,3.69,0.018,1,3,1
1717.7,42.4,160.1,0.0712,0.0587,4.43,924.7,152.7,19.4,22.7,1.99,27.7,1.36,0.058,3,1,0
1744.7,38.67,216.0,0.0549,-0.0155,2.0,760.5,603.5,122.1,282.7,24.75,97.3,54.28,7.85,4,3,1
2100.4,39.94,277.4,-0.026,0.0128,7.07,695.0,421.8,119.2,240.1,15.17,75.9,11.35,0.054,5,1,1
1519.5,24.77,69.3,-0.033,-0.0096,6.55,1973.0,527.8,167.4,345.7,22.54,79.2,17.64,0.038,2,3,1
2070.7,56.98,171.0,-0.0116,0.0578,3.55,4299.5,12.7,31.1,43.2,2.52,42.6,0.54,0.084,5,1,0
157.9,25.8,334.7,0.0336,0.0656,8.06,243.1,10.4,2.1,3.4,0.18,34.4,1.47,0.044,1,2,0
1915.9,56.17,298.3,-0.1101,-0.0757,3.31,4111.2,196.4,2.9,2.5,0.27,33.9,2.92,0.0,5,1,0
1161.1,46.37,66.5,-0.0377,-0.0435,4.95,211.9,73.6,35.0,48.3,2.81,45.1,1.96,0.009,2,2,0
579.5,26.61,270.9,0.0247,-0.0051,3.83,1906.0,37.4,274.4,857.3,46.1,75.1,9.51,0.031,1,2,1
1485.8,17.56,239.5,0.0243,-0.0383,6.79,963.4,2260.2,47.4,91.6,7.29,69.3,2.7,0.069,3,2,0
1409.7,41.57,44.0,0.1262,-0.0563,5.75,753.1,504.5,10.9,19.2,1.71,38.5,2.53,0.049,2,1,0
1918.5,30.95,122.7,0.0186,0.094,4.03,123.8,460.8,4.3,7.2,0.67,40.3,1.06,0.123,4,3,0
2073.9,40.18,143.8,-0.0009,0.0642,5.07,1230.1,66.6,112.8,178.3,35.57,74.7,0.0,0.109,4,3,1
82.9,38.26,252.1,-0.0065,0.1069,4.01,601.4,882.9,4.2,2.2,0.34,38.1,0.0,0.047,1,2,0
1564.9,54.29,74.2,-0.0084,-0.0306,4.99,633.5,36.8,28.8,70.7,9.58,61.7,5.08,0.066,3,2,0
1831.2,28.07,127.2,0.0032,0.0102,5.71,4649.9,133.7,2.4,3.6,0.19,40.1,1.74,0.043,5,1,0
644.1,39.27,135.8,-0.0775,-0.0892,3.18,2548.5,113.4,23.1,23.9,1.63,39.6,2.6,0.061,2,2,0
1943.6,19.75,107.0,0.0439,0.0482,4.97,1985.3,294.1,5.4,9.4,0.51,38.5,0.0,0.098,5,3,0
1852.1,37.76,311.0,0.0305,0.0197,6.54,890.2,344.6,69.6,201.3,9.17,88.2,38.43,2.797,5,4,1
1321.7,23.42,281.2,0.0097,-0.0027,7.04,2539.6,263.4,11.8,16.6,1.73,50.6,2.5,0.0,2,3,0
1931.8,23.39,86.8,0.0391,0.0226,6.25,532.5,163.7,18.3,17.5,1.46,53.7,1.54,0.051,2,3,0
899.4,34.82,145.7,0.0022,0.0122,4.56,3056.3,47.3,9.6,10.5,1.23,31.4,3.42,0.098,1,3,0
1152.4,28.3,7.5,0.0398,0.0135,4.15,964.8,39.2,9.4,9.9,0.69,38.5,0.0,0.011,3,4,0
1087.4,42.17,190.2,0.0454,-0.0491,4.06,205.7,61.0,70.6,190.7,13.89,72.2,1.12,0.05,3,1,1
1904.8,28.4,93.4,0.0619,-0.0069,6.07,712.6,313.2,35.7,107.9,5.69,58.9,0.95,0.106,4,2,0
1382.9,30.35,352.8,0.0707,-0.0611,5.26,2103.5,1007.3,4.1,2.6,0.47,28.1,2.82,0.09,3,3,0
653.7,26.89,4.7,0.0574,-0.02,4.98,1745.9,499.1,31.5,28.2,3.8,41.5,4.38,0.033,1,3,0
854.6,29.32,23.0,-0.005,-0.0363,6.8,411.2,501.5,10.2,9.8,1.02,26.6,5.25,0.055,1,1,0
1365.1,40.33,51.8,-0.0336,-0.0496,3.57,66.3,401.2,8.5,7.2,0.9,37.9,2.06,0.012,4,2,0
383.9,42.99,230.3,0.0348,0.1421,4.89,684.7,17.0,226.3,484.0,66.92,73.6,2.93,0.037,2,2,1
1825.2,33.76,335.6,0.0184,0.0052,7.19,447.1,438.3,160.0,337.8,26.3,82.6,21.18,5.787,4,1,1
888.6,29.69,181.1,-0.0164,-0.0397,6.01,2651.3,1614.0,93.3,143.3,30.41,73.2,3.98,0.016,1,1,0
433.0,33.65,95.2,-0.0999,0.0414,7.01,2326.5,139.0,3.0,5.1,0.23,43.9,1.01,0.069,1,3,0
1091.2,44.64,78.8,-0.038,-0.0448,4.36,4358.4,85.5,6.8,4.1,0.63,34.8,1.8,0.016,3,3,0
1637.9,32.99,252.5,-0.062,0.0519,4.95,759.8,222.8,31.9,52.8,3.13,53.4,3.67,0.097,2,1,0
1007.5,20.33,315.7,-0.0063,0.0044,6.5,1102.0,1116.6,290.7,877.8,37.59,78.2,15.94,0.042,1,4,1
1615.8,32.37,115.4,0.0014,0.0092,7.84,187.3,763.4,41.4,92.5,6.07,60.7,4.06,0.029,2,2,0
50.0,34.81,160.6,-0.0024,-0.0863,7.92,993.1,340.5,53.7,88.7,7.52,51.1,5.79,0.006,2,1,0
1373.6,22.68,242.8,0.0045,0.0773,5.0,287.6,691.9,8.0,13.3,0.85,31.4,0.0,0.044,4,2,0
576.1,33.53,340.0,-0.0171,0.0118,2.03,745.3,708.8,10.6,6.9,0.87,41.9,1.32,0.159,1,3,0
1062.2,27.97,185.4,-0.0535,-0.0048,6.83,382.2,5.9,11.6,18.2,0.78,41.0,2.04,0.095,3,3,0
1543.1,52.55,213.9,-0.003,-0.025,4.97,1538.3,122.7,5.7,5.9,0.61,33.0,1.25,0.077,4,3,0
2440.8,45.61,349.5,0.0386,0.0092,2.23,247.5,91.5,3.9,6.5,0.35,36.7,1.26,0.135,4,2,0
1560.4,41.32,71.8,0.0032,0.0152,5.52,1130.4,76.2,145.7,261.9,25.42,71.7,3.59,0.097,4,1,1
727.8,25.79,33.2,0.0504,-0.0116,8.93,508.1,72.3,59.7,148.3,12.15,67.9,2.56,0.052,2,2,0
1674.0,52.29,89.8,0.073,0.0085,4.82,1037.3,478.5,23.7,38.0,3.89,57.7,1.23,0.097,2,3,0
2100.2,54.54,137.5,0.0572,0.0949,4.93,3270.0,23.9,14.4,10.3,0.96,40.4,0.96,0.044,3,2,0
1199.8,24.77,268.1,-0.0131,-0.0258,4.09,2837.6,22.9,149.3,322.4,21.32,83.8,26.91,0.0,2,3,1
1125.9,39.74,60.0,0.0687,0.012,4.82,2882.3,7.3,212.1,320.5,53.82,89.1,33.91,0.495,1,4,1
720.6,43.38,343.3,0.029,-0.0759,2.45,717.2,78.5,207.3,387.7,27.54,72.6,2.94,0.03,1,1,1
1119.3,32.71,335.5,-0.0182,0.0116,5.73,13.6,388.0,2.3,2.0,0.19,36.6,1.45,0.045,4,1,0
1738.0,26.91,50.8,0.0696,-0.0782,5.66,445.2,292.0,20.4,28.3,1.45,37.4,1.42,0.122,3,3,0
1064.6,30.23,223.6,0.0897,-0.0595,4.55,598.5,1094.1,25.5,42.4,3.4,48.3,1.71,0.052,3,2,0
2380.2,35.93,140.5,0.1112,0.0099,4.18,750.8,220.8,6.9,10.2,0.56,38.9,0.0,0.077,2,2,0
1286.1,41.0,143.8,0.0047,0.0204,4.98,1978.4,267.4,7.0,7.1,1.08,33.8,0.63,0.039,4,3,0
655.2,33.21,245.8,0.0454,-0.0408,8.1,688.0,120.4,0.4,0.4,0.06,29.0,0.0,0.086,1,2,0
1144.6,28.27,249.5,-0.0766,-0.0475,6.13,494.4,8.1,240.9,449.0,39.39,72.2,1.12,0.064,3,2,1
664.3,33.29,189.5,0.0685,-0.0365,5.41,2337.3,382.7,24.8,19.0,3.95,34.0,0.0,0.065,1,1,0
519.0,42.31,184.0,0.0465,-0.0011,4.96,382.5,1.7,0.2,0.1,0.02,38.8,1.95,0.095,1,3,0
1132.9,19.41,270.8,0.0118,0.0578,4.07,1.6,800.0,4.8,4.2,0.33,26.2,2.92,0.088,3,2,0
472.2,25.13,30.6,0.0578,0.0227,7.26,705.3,322.0,1.5,1.1,0.11,39.5,4.88,0.011,1,2,0
1163.2,28.59,347.8,-0.068,-0.0493,5.84,452.2,105.3,17.4,13.4,1.49,41.5,2.93,0.088,1,1,0
710.5,40.39,91.1,0.0736,-0.0113,3.86,2215.8,424.6,38.3,52.7,2.89,50.0,2.3,0.057,1,1,0
1757.6,26.28,307.5,-0.0913,0.0131,8.21,1540.7,348.3,119.8,267.3,20.73,84.2,21.52,0.096,1,4,1
947.2,28.91,41.2,-0.0606,-0.0822,7.49,3970.8,77.4,16.5,21.9,2.01,48.8,1.27,0.0,1,2,0
1439.8,35.16,257.7,-0.0015,-0.0067,5.09,1432.7,37.7,98.8,295.9,17.45,82.2,17.39,0.111,2,3,1
179.6,23.06,16.9,0.0183,0.0583,7.83,1142.1,420.6,26.1,27.9,2.72,46.5,1.28,0.023,1,2,0
1594.4,33.93,221.7,-0.0328,0.0188,5.21,1799.2,938.5,17.6,21.2,1.54,40.7,5.65,0.03,2,2,0
2040.1,28.84,200.2,0.0002,0.025,6.79,524.6,346.0,0.3,0.2,0.03,33.0,1.52,0.102,5,1,0
1563.0,51.43,60.6,-0.0068,-0.0003,3.2,1097.1,265.2,86.8,259.0,15.73,79.2,18.8,0.062,2,2,1
1216.5,22.51,346.6,0.0152,0.024,4.19,639.0,15.1,49.0,82.1,9.07,61.8,1.8,0.051,2,1,0
941.0,32.29,135.0,0.0001,0.0708,8.29,4.3,195.2,12.9,13.4,1.32,37.2,1.72,0.037,3,1,0
1604.7,27.5,122.3,0.038,0.093,7.09,572.2,223.3,23.8,30.5,2.07,33.2,1.43,0.037,1,2,0
2020.9,44.49,88.0,0.0637,0.0308,3.68,430.6,14.7,103.3,293.0,24.08,73.0,0.07,0.0,4,1,1
677.8,26.61,166.0,0.0451,-0.063,8.94,724.7,77.5,24.8,71.1,7.28,51.8,1.45,0.029,1,2,0
1497.4,41.11,217.3,-0.0681,-0.0772,3.33,461.5,167.9,214.4,406.0,41.72,78.1,9.66,0.034,2,2,1
1546.7,30.12,269.0,0.0229,0.0182,7.07,1720.1,172.8,89.5,259.3,20.18,83.3,23.36,0.069,2,1,1
1522.2,39.09,224.8,-0.0123,0.0899,7.73,383.1,152.6,14.2,22.7,1.37,40.5,4.34,0.024,3,1,0
1092.0,27.57,36.8,-0.0673,0.0548,6.2,2137.7,414.1,10.6,8.6,1.45,29.9,1.02,0.067,2,3,0
1499.6,25.15,111.2,0.0616,-0.0213,7.41,2213.1,1428.3,114.9,320.4,15.87,82.1,16.52,0.071,2,2,1
282.1,29.66,38.8,0.0711,-0.0545,6.81,366.7,452.6,3.0,2.6,0.47,27.0,1.17,0.111,1,3,0
50.0,20.15,118.3,0.0077,-0.0108,4.98,907.2,788.0,0.6,0.9,0.07,41.3,3.4,0.051,1,1,0
1012.7,49.65,327.8,0.097,-0.0117,6.01,1805.1,1546.9,15.3,14.7,1.2,42.6,0.77,0.041,3,2,0
1152.3,27.29,4.7,-0.0488,-0.1158,5.77,864.8,77.9,1.3,0.9,0.14,23.4,0.0,0.055,2,1,0
964.1,33.59,19.7,0.015,-0.0077,5.98,962.5,226.6,87.8,232.4,16.07,82.6,24.04,3.37,2,4,1
1825.1,42.68,161.3,0.037,-0.0846,5.27,651.9,414.5,11.9,9.8,0.96,37.1,1.33,0.0,5,2,0
827.8,31.82,232.0,0.0054,0.0214,6.1,1631.1,27.4,0.3,0.4,0.03,42.7,0.99,0.045,2,3,0
2009.1,36.11,125.6,-0.0211,0.0267,7.68,30.5,499.9,61.5,63.9,7.12,49.0,0.76,0.026,1,1,0
1950.9,41.6,27.2,0.0535,-0.0796,3.89,821.4,619.8,37.8,55.5,4.97,50.2,0.0,0.036,2,3,0
478.8,14.33,150.6,0.0142,-0.0371,6.82,108.3,179.4,3.4,5.6,0.4,40.4,0.0,0.009,1,1,0
2325.2,42.25,198.9,0.0215,0.0684,5.56,471.9,550.1,200.2,376.8,26.56,72.1,1.94,0.086,3,3,1
1975.8,20.19,66.5,0.0103,0.017,5.09,2900.4,343.5,42.7,105.3,6.19,59.4,3.51,0.075,1,2,0
661.7,35.36,265.9,0.0368,0.0312,4.15,657.4,51.3,49.0,94.6,13.25,65.5,2.15,0.113,1,2,0
1920.8,33.01,319.6,0.0066,0.0572,5.95,344.8,319.6,158.8,254.3,31.14,76.1,9.52,0.01,3,2,1
1248.2,45.83,35.8,0.0756,-0.0208,4.22,582.6,249.1,2.6,4.4,0.37,32.7,3.56,0.11,3,1,0
999.7,33.22,237.4,-0.0001,0.0524,8.3,110.4,103.7,4.8,7.8,0.68,40.7,0.0,0.034,3,3,0
814.1,30.36,80.1,0.0682,-0.084,6.98,259.6,1576.2,4.8,6.2,0.4,32.8,2.29,0.034,2,1,0
1612.1,31.12,27.3,-0.0308,0.0396,3.82,667.2,217.1,9.1,10.6,0.73,30.3,2.83,0.079,1,2,0
1027.2,53.22,91.4,0.0024,0.0482,3.2,1570.1,231.2,3.0,4.0,0.23,30.2,4.13,0.058,5,3,0
1558.8,26.09,239.8,0.0094,-0.0054,7.47,1966.8,566.4,3.9,5.2,0.47,50.8,3.53,0.122,1,4,0
1283.4,27.94,28.3,0.0483,-0.0497,5.39,1062.7,1165.1,109.5,294.0,33.0,80.6,21.27,0.0,1,4,1
452.9,34.83,8.4,0.0032,0.0186,3.73,1731.3,15.1,1.3,0.9,0.18,34.5,3.38,0.0,1,4,0
1730.9,46.92,285.8,-0.0584,-0.0074,4.24,67.4,354.3,34.7,22.9,2.73,38.4,0.0,0.0,4,4,0
1474.7,46.58,110.9,-0.0755,-0.0405,6.03,1574.4,836.1,3.4,4.9,0.51,31.2,0.75,0.068,2,1,0
1180.3,30.99,193.0,-0.0356,-0.0526,5.11,797.2,12.3,27.3,62.3,7.12,50.7,0.0,0.008,1,2,0
2464.3,34.63,82.2,0.0248,0.0357,7.32,2843.2,1054.6,2.7,2.6,0.26,34.9,2.93,0.023,4,2,0
1076.7,32.49,21.9,0.0553,-0.0316,5.65,2781.2,1933.2,9.8,16.8,0.73,37.1,0.31,0.053,1,1,0
1247.1,33.7,124.6,-0.0254,-0.0864,3.45,345.8,826.2,72.6,151.5,10.67,77.0,9.73,0.109,3,1,0
676.0,36.31,178.2,-0.0155,-0.0019,5.19,1514.6,85.7,119.2,335.2,38.49,84.7,32.04,2.588,1,1,1
1097.3,19.03,108.3,-0.0069,-0.0133,4.54,1148.9,1049.2,6.3,9.8,0.45,51.7,3.93,0.065,1,1,0
192.7,27.21,163.1,-0.033,-0.0172,6.88,1492.6,62.3,8.0,10.4,0.8,34.7,1.11,0.058,1,3,0
1797.6,41.09,278.5,-0.068,0.1063,4.98,2036.6,11.9,90.7,279.3,19.34,78.8,12.05,0.112,3,3,1
1349.7,23.87,22.5,-0.0448,-0.0369,7.8,1345.1,414.6,114.7,314.6,23.5,79.4,16.43,0.055,2,1,1
1465.6,41.62,61.3,-0.0121,-0.0275,5.65,640.4,563.1,19.1,23.4,1.57,26.0,0.0,0.082,2,3,0
1061.6,14.73,67.0,0.0009,-0.0402,7.84,262.2,105.6,3.7,5.5,0.34,48.7,2.62,0.011,3,1,0
497.7,19.69,287.0,-0.012,-0.0193,5.0,1212.8,71.4,59.4,94.2,11.54,58.9,1.36,0.088,2,3,0
1895.8,40.2,38.0,0.0315,0.0601,5.85,630.0,26.0,19.6,14.2,1.62,42.7,4.55,0.04,5,4,0
981.3,38.02,101.8,0.0398,0.0363,6.88,2342.6,145.4,170.7,325.6,25.21,78.9,14.02,0.0,3,2,1
709.6,35.96,115.2,0.037,-0.0954,3.43,1811.0,43.4,3.3,4.9,0.46,39.0,1.83,0.105,1,1,0
1624.6,47.9,120.3,-0.0595,-0.0925,4.0,710.0,285.9,95.8,176.9,18.6,80.6,17.43,0.023,1,4,1
869.8,21.01,344.9,-0.0769,-0.0317,6.79,218.3,457.8,5.1,6.9,0.46,33.7,1.64,0.063,3,1,0
1791.2,26.0,175.1,0.013,0.0033,5.03,560.7,194.8,19.7,14.4,2.4,37.9,1.6,0.048,3,3,0
964.5,24.78,269.8,-0.011,-0.0088,8.43,892.2,16.1,16.7,13.8,1.41,35.1,3.48,0.091,3,1,0
1346.0,45.7,338.5,0.0504,0.0423,2.88,1394.6,223.2,1.5,2.1,0.17,41.1,4.02,0.0,4,1,0
1982.6,41.0,322.1,-0.0692,0.0128,4.62,323.1,550.4,128.7,401.9,34.79,74.6,1.84,0.025,5,1,1
617.7,52.12,63.1,0.0299,0.022,7.41,2655.5,180.0,3.7,4.5,0.28,33.5,3.74,0.073,2,4,0
705.5,23.95,327.7,-0.0039,0.0094,8.31,698.1,314.4,12.0,19.7,1.1,36.4,5.74,0.052,1,3,0
1836.5,46.16,353.0,0.0799,0.0331,3.33,2779.7,170.3,107.0,261.3,16.17,83.9,23.26,2.544,5,1,1
920.6,22.1,214.9,0.0561,-0.0578,8.47,649.0,513.1,180.2,564.2,26.87,97.8,42.03,0.07,1,3,1
1462.5,50.98,146.3,0.0575,-0.0022,2.0,2176.7,147.8,51.7,155.1,11.58,75.7,8.25,0.066,5,1,0
121.2,14.68,82.7,0.0598,0.0161,9.07,797.2,287.7,2.8,3.4,0.26,25.8,3.05,0.012,1,1,0
1272.8,40.55,263.6,-0.0166,0.007,5.16,1791.6,61.3,4.3,3.4,0.56,34.6,1.38,0.064,2,2,0
1672.6,32.94,308.4,-0.0534,-0.0704,4.47,2890.8,1285.7,125.2,314.0,30.18,79.5,15.0,0.093,2,4,1
1196.1,17.17,201.5,-0.0296,0.0752,8.91,597.7,311.4,42.6,22.4,4.0,36.5,2.85,0.023,1,2,0
715.8,48.73,341.0,-0.0913,0.0094,3.03,771.1,6.4,108.3,277.6,25.49,75.4,11.49,0.086,1,1,1
387.0,27.4,241.8,0.0386,0.0833,6.09,2168.9,46.7,135.9,372.0,23.51,80.4,13.94,0.02,1,4,1
1017.5,35.22,151.9,-0.0501,-0.0165,4.35,4857.7,102.5,2.5,3.5,0.2,31.8,2.3,0.101,4,2,0
2242.9,48.4,16.2,-0.0496,0.0012,4.94,1031.4,499.8,53.1,83.6,8.57,52.4,0.86,0.06,4,4,0
1318.1,44.68,1.4,-0.0217,0.0691,5.4,693.4,268.8,8.6,7.9,1.16,25.4,0.0,0.039,4,1,0
706.1,47.4,72.9,-0.1039,-0.0443,5.43,3001.6,176.0,213.0,444.3,54.2,82.9,25.99,0.064,1,1,1
2388.9,45.0,102.6,0.0306,0.065,6.55,2152.8,319.6,5.9,9.5,0.86,32.9,3.54,0.039,5,1,0
1176.1,42.6,259.8,0.0785,0.046,4.09,1122.1,635.6,49.4,142.3,7.08,63.1,0.0,0.03,1,1,0
1331.4,23.65,155.3,0.0218,0.0352,3.84,668.3,382.7,95.3,179.1,26.67,82.5,23.53,0.032,3,1,0
1504.2,36.05,42.5,-0.0127,0.0205,7.48,703.2,304.8,180.3,368.1,24.59,76.3,12.55,0.104,3,3,1
673.9,7.41,144.7,-0.0087,-0.0032,7.46,450.8,755.1,49.4,127.4,8.92,65.4,1.39,0.041,1,3,0
1144.6,39.99,79.4,-0.0816,0.0375,5.84,1172.2,450.6,83.3,205.1,12.45,82.1,18.57,2.969,3,2,1
530.1,32.69,278.2,-0.0057,-0.0021,5.91,6485.4,406.9,7.1,6.5,1.0,35.7,3.44,0.056,2,3,0
1191.5,34.03,267.8,-0.0383,0.0693,6.64,752.8,1310.4,22.9,44.0,3.16,43.7,2.48,0.0,2,1,0
2150.8,46.37,147.5,0.0456,-0.1045,4.25,1409.6,698.5,6.1,4.5,0.91,40.5,0.2,0.04,4,1,0
809.7,34.83,1.1,0.0359,0.0437,7.42,570.3,103.9,7.9,13.3,0.58,30.4,3.31,0.046,2,3,0
614.8,23.64,189.8,0.0128,-0.0164,5.64,1401.7,594.4,23.4,47.5,3.6,43.4,0.03,0.086,1,1,0
1339.0,16.75,309.7,-0.0379,0.0345,6.07,524.9,793.5,23.6,16.4,2.58,42.4,2.62,0.074,2,3,0
929.3,44.02,91.3,-0.0206,0.0413,4.14,125.0,759.9,28.7,84.1,5.03,54.9,3.67,0.052,2,1,0
1385.5,34.35,185.8,-0.0651,0.0438,6.63,879.6,219.6,11.6,12.9,0.91,36.4,3.55,0.12,1,1,0
551.0,37.79,142.4,0.0229,0.0472,5.23,487.1,120.0,108.8,304.2,19.25,81.4,23.75,0.034,1,3,1
346.0,32.65,355.9,-0.0608,0.0383,4.77,2269.3,143.3,209.7,460.1,30.69,71.3,2.85,0.037,2,3,1
1289.4,32.16,183.5,0.04,-0.0657,4.43,3277.8,36.2,17.5,17.4,2.9,29.7,2.75,0.017,3,2,0
1438.8,46.37,202.5,-0.0517,-0.0086,6.57,1134.0,1600.9,25.7,31.2,1.9,36.6,1.96,0.073,4,1,0
1659.5,29.53,174.0,-0.0413,-0.019,3.96,2541.1,104.8,83.2,265.1,13.32,80.7,20.42,0.093,3,2,1
2493.8,41.8,4.4,0.0305,-0.0338,4.96,182.5,418.7,51.7,35.9,3.47,38.9,3.63,0.025,5,1,0
1487.4,26.38,80.3,0.0102,-0.0277,5.78,447.3,151.0,143.7,267.9,24.22,79.9,15.94,0.098,2,3,1
887.4,32.52,49.8,0.0245,0.1403,2.95,485.2,36.8,75.3,134.9,24.38,69.6,2.9,0.016,1,4,0
1424.9,57.09,320.6,-0.0152,-0.0192,3.54,1391.5,625.4,53.7,93.6,8.77,60.3,3.33,0.031,3,3,1
1324.8,35.52,245.6,-0.0065,-0.0312,7.19,922.4,136.3,6.6,10.7,0.61,32.3,0.69,0.078,2,3,0
1760.0,22.59,273.0,0.058,0.006,6.25,385.9,298.7,116.3,208.0,38.27,80.3,17.25,0.0,3,1,0
1317.9,38.54,16.4,0.0268,-0.0305,7.22,2283.4,490.8,7.9,11.9,0.55,32.2,0.0,0.024,2,1,0
998.4,47.04,22.2,0.0142,0.0389,3.02,1381.3,77.9,1.6,1.3,0.12,34.0,2.46,0.013,2,1,0
671.3,32.57,100.8,-0.0639,-0.0433,4.51,2102.3,52.8,43.3,95.4,10.67,55.1,1.26,0.038,1,1,0
392.7,26.13,129.8,-0.05,-0.0495,5.55,786.9,240.7,18.5,11.3,1.96,40.8,0.48,0.108,1,4,0
1058.1,41.26,125.5,0.0087,-0.0099,5.01,623.2,174.8,32.7,103.1,6.2,59.6,1.44,0.127,2,2,0
1903.7,27.06,125.1,0.0142,0.0151,5.28,113.4,291.3,3.9,6.0,0.54,36.8,0.93,0.059,2,2,0
1648.1,47.0,260.9,-0.1013,0.0579,3.91,78.1,477.8,42.4,54.0,4.09,59.7,0.85,0.035,2,1,0
1326.9,30.13,80.3,0.0267,-0.045,6.97,2241.2,33.2,9.1,7.8,0.89,50.0,2.51,0.016,1,1,0
657.5,47.66,119.5,-0.0444,-0.0159,2.0,756.1,26.6,84.0,162.4,10.59,72.4,2.36,0.085,2,3,1
682.4,38.92,41.0,-0.0177,-0.0211,5.06,446.0,46.1,15.6,26.4,1.14,34.3,4.25,0.066,1,2,0
1399.2,29.65,234.2,0.0128,-0.0024,5.1,1117.9,378.3,65.9,127.2,10.38,63.8,2.31,0.031,2,3,0
771.4,47.62,159.2,0.0328,0.0517,5.59,364.3,107.9,201.2,546.1,47.48,83.7,34.42,0.346,3,2,1
702.0,23.66,230.1,0.0066,-0.0086,8.09,295.3,839.5,0.0,0.0,0.0,21.2,0.72,0.07,1,2,0
920.6,48.56,64.9,-0.009,-0.0009,5.83,460.1,165.6,120.9,320.8,19.15,81.6,16.89,0.045,2,3,1
1481.6,39.77,96.2,-0.061,-0.0199,3.47,262.5,38.6,3.2,4.9,0.45,36.3,2.42,0.063,4,3,0
1730.7,43.54,259.0,0.0207,-0.0184,4.55,287.9,510.8,18.1,18.3,1.41,35.0,1.93,0.084,5,3,0
1455.3,40.74,90.9,-0.052,0.0091,4.35,1171.3,209.1,67.0,211.1,9.8,87.4,31.02,4.18,4,1,1
1478.3,30.69,97.2,0.0718,0.1323,5.09,696.7,461.2,80.6,137.1,16.97,76.0,9.97,0.0,3,2,0
768.6,38.1,148.2,0.0203,0.0687,3.77,337.9,600.4,21.9,21.9,2.28,39.2,1.56,0.046,3,1,0
548.7,44.11,53.3,0.0208,0.0832,3.75,292.4,598.2,67.4,193.7,14.19,75.0,1.79,0.023,3,4,1
903.5,34.93,191.9,-0.0469,-0.0154,4.68,545.5,226.8,5.0,2.5,0.34,27.0,2.97,0.014,3,2,0
805.5,39.87,243.8,-0.0709,0.0084,3.11,694.6,79.8,4.5,2.7,0.32,33.1,0.0,0.143,2,2,0
1791.7,32.67,224.4,-0.0342,0.0904,7.54,1721.3,519.4,1.0,0.6,0.14,33.2,1.04,0.09,3,2,0
1015.5,24.84,358.2,-0.0456,-0.0036,7.49,109.1,8.1,309.9,733.4,69.7,73.5,0.0,0.119,1,3,1
1926.1,61.13,241.7,-0.0816,0.0527,2.0,339.9,184.5,1.2,1.1,0.1,30.3,0.13,0.018,4,4,0
1329.1,33.96,293.9,-0.0055,0.0258,4.96,1707.6,33.5,4.9,4.1,0.43,39.3,2.41,0.082,2,4,0
1012.4,36.68,276.1,0.033,0.0208,5.78,655.8,616.6,217.1,373.5,30.3,79.2,17.14,0.038,2,2,1
1978.6,19.27,223.9,0.0456,-0.0798,6.51,222.1,111.0,4.5,3.2,0.59,32.9,2.27,0.079,3,3,0
1178.9,30.3,262.2,0.0062,-0.0852,6.94,3064.1,204.7,103.9,167.9,20.13,76.0,7.92,0.05,2,4,0
1524.6,24.31,191.0,-0.0385,-0.0237,7.09,414.2,112.9,30.2,49.7,3.33,43.3,0.17,0.061,1,1,0
710.2,13.32,147.4,-0.1061,-0.0572,6.2,249.7,600.1,48.0,108.6,9.99,66.3,2.44,0.074,1,3,0
1799.5,40.07,208.5,-0.0902,0.0001,5.89,756.8,447.8,1.1,1.1,0.12,37.9,1.23,0.034,2,1,0
843.6,28.78,268.8,-0.0037,0.0016,6.81,895.7,585.3,3.0,4.8,0.2,38.6,0.0,0.094,3,2,0
549.9,29.61,33.6,-0.0581,0.0188,6.11,878.1,450.7,27.2,18.7,2.6,38.9,1.52,0.0,4,4,0
1494.3,29.51,251.0,0.0566,-0.0107,8.54,2535.2,441.4,3.8,6.8,0.58,41.4,2.77,0.0,1,4,0
854.0,43.33,35.5,-0.056,-0.0532,2.4,1517.2,588.5,5.9,8.1,0.44,44.8,1.97,0.06,4,4,0
1618.5,39.62,322.7,-0.0045,-0.0415,2.0,2053.8,272.3,1.9,3.4,0.21,46.1,4.78,0.088,5,4,0
1016.7,41.19,27.0,-0.0148,0.0115,7.0,2253.8,45.2,5.2,2.7,0.64,32.0,3.37,0.047,1,3,0
2041.3,52.58,344.1,0.0061,0.0509,3.62,522.1,77.0,12.6,16.7,1.42,38.0,2.19,0.065,4,1,0
862.3,22.33,331.4,0.0422,-0.1105,5.51,268.1,144.4,12.1,15.9,0.86,36.2,1.04,0.015,1,1,0
642.5,48.15,249.0,-0.0463,-0.0536,4.55,1432.0,788.9,7.8,8.6,0.63,29.4,2.37,0.047,1,1,0
1301.9,26.28,220.0,-0.0677,-0.0687,8.23,216.2,496.4,29.2,58.2,3.9,52.2,2.49,0.051,2,1,0
2419.4,40.22,197.3,0.0487,0.0461,6.69,820.1,764.6,167.8,463.9,29.4,77.8,12.73,0.109,5,3,1
1385.2,14.77,82.5,0.0592,-0.0526,6.05,132.5,402.6,19.4,18.5,2.25,55.8,3.86,0.083,2,2,0
1465.8,40.41,237.4,0.051,0.0523,2.24,363.0,495.2,17.6,24.4,1.63,34.1,0.0,0.0,1,2,0
1560.1,18.24,214.2,0.0296,-0.0176,6.64,2292.4,1393.8,96.6,249.9,14.96,79.1,15.08,0.045,2,4,0
1090.6,17.83,310.9,0.0468,-0.0773,6.12,204.7,838.3,31.2,44.4,2.96,43.1,3.33,0.089,1,4,0
929.7,29.71,324.8,-0.027,-0.0124,5.55,182.7,293.3,220.1,355.6,49.31,87.9,36.7,0.078,1,1,1
1604.0,32.87,265.3,-0.0367,-0.0697,6.56,3659.1,88.7,10.0,11.4,0.9,36.2,0.09,0.062,3,1,0
1014.9,19.85,212.0,0.0516,0.0375,9.36,678.1,0.3,1.1,0.7,0.13,37.7,1.99,0.021,3,4,0
591.1,32.97,113.4,0.035,0.0747,5.24,497.6,594.9,2.7,1.6,0.21,43.5,2.44,0.11,1,2,0
940.6,31.35,83.3,-0.0706,-0.0412,8.27,2402.6,1345.3,35.2,77.1,5.94,48.1,1.92,0.043,3,1,0
2220.3,47.24,15.6,-0.0557,0.0109,5.03,204.0,501.6,0.7,1.0,0.05,29.4,4.17,0.0,5,4,0
1933.4,46.98,180.8,-0.1209,0.0482,4.58,1864.6,542.1,11.7,7.2,1.32,38.1,3.7,0.012,4,2,0
837.4,38.6,100.5,-0.034,-0.0468,5.59,2381.2,68.7,1.9,1.6,0.22,31.1,0.0,0.101,2,1,0
719.7,25.93,301.4,-0.0288,-0.0265,6.25,129.1,428.1,153.5,454.9,22.83,84.8,22.94,0.036,2,1,1
1474.7,36.59,198.1,0.0038,-0.0129,2.64,759.9,5.5,3.8,1.9,0.29,39.6,2.23,0.076,4,4,0
1493.0,42.69,46.9,-0.0496,-0.0081,6.52,906.8,324.6,2.8,2.6,0.24,39.4,1.85,0.034,2,3,0
1288.7,44.55,50.7,-0.0408,-0.0596,2.0,423.0,680.8,2.1,1.5,0.15,38.1,1.33,0.039,3,4,0
1568.5,38.69,189.6,0.0707,-0.01,5.8,1337.8,473.6,2.9,2.0,0.26,34.1,2.09,0.061,5,1,0
220.9,20.51,28.0,-0.017,-0.009,7.74,105.1,91.3,1.3,1.6,0.09,25.9,1.87,0.031,1,1,0
1047.0,32.32,352.2,-0.0669,0.0634,5.61,1262.0,692.0,67.6,126.0,9.71,74.0,0.54,0.076,1,3,0
2030.2,38.5,353.6,-0.043,0.0109,5.83,1168.1,179.5,92.7,218.6,13.42,76.1,12.67,0.0,4,2,1
1314.8,32.32,277.3,-0.0644,-0.0737,4.84,2188.6,1460.0,171.2,519.3,32.84,84.9,24.66,0.4,2,1,1
1770.0,36.41,192.2,0.0502,-0.0333,5.37,1005.4,261.4,71.1,190.4,21.51,75.3,9.78,0.068,2,1,0
2536.9,43.73,100.2,0.0033,0.0372,4.82,872.7,88.1,1.9,2.0,0.19,39.2,2.96,0.05,5,2,0
1285.1,18.46,184.0,0.0169,-0.0112,8.63,227.2,710.4,22.9,34.9,3.6,43.6,4.64,0.083,3,4,0
1200.0,47.1,10.7,0.0083,0.069,6.05,383.5,671.1,48.7,43.3,3.3,55.8,0.88,0.039,2,2,0
1600.7,27.64,170.9,-0.0734,-0.077,7.36,1139.2,681.6,4.8,3.6,0.66,34.5,1.84,0.0,2,2,0
1005.7,40.95,121.3,-0.0169,0.0671,5.22,2537.0,277.1,2.6,4.0,0.29,30.0,1.08,0.067,3,1,0
1627.9,34.76,226.1,0.0234,-0.0121,6.47,394.7,252.3,65.4,196.8,9.28,76.9,9.81,0.0,3,1,0
1363.4,32.5,95.2,-0.0956,-0.0023,7.67,763.8,30.9,172.2,434.6,22.26,85.5,27.15,2.082,2,1,1
1080.4,41.42,120.0,0.0081,-0.0103,2.27,828.2,63.8,10.4,12.7,0.7,32.7,1.49,0.052,2,1,0
1387.0,47.69,140.7,-0.0257,-0.0954,2.03,5035.4,784.6,4.2,4.6,0.45,29.5,2.37,0.0,1,4,0
1235.0,23.71,281.3,-0.0152,0.0266,5.8,918.0,325.4,91.0,211.6,26.58,79.7,18.32,0.069,1,2,1
1014.5,14.8,274.0,0.0026,0.0082,5.51,198.1,350.4,32.6,58.7,5.25,48.7,1.74,0.163,2,1,0
1415.8,34.34,187.6,0.0702,-0.0682,3.16,822.6,321.4,2.6,4.4,0.27,33.9,2.51,0.03,4,1,0
1439.7,31.94,15.6,0.0518,0.0236,5.67,304.0,152.1,7.5,10.3,0.84,29.6,0.0,0.051,3,1,0
913.9,47.33,300.9,-0.0242,0.0342,3.85,2832.7,155.9,6.0,8.9,0.57,36.7,2.72,0.0,4,4,0
1960.8,37.14,212.0,0.0396,-0.0785,4.32,2682.7,503.9,9.0,15.3,0.79,38.9,2.11,0.033,3,3,0
1208.5,40.42,196.2,-0.072,-0.0263,4.86,694.1,592.8,4.6,3.5,0.7,26.4,1.09,0.0,3,4,0
759.2,25.97,251.0,0.0077,-0.0482,6.26,1757.2,92.8,10.0,13.5,1.16,21.6,3.31,0.042,1,4,0
630.2,34.77,81.2,-0.0464,0.0395,2.7,276.9,214.9,53.9,155.8,12.35,82.5,25.03,0.108,1,1,0
1100.5,32.39,202.8,0.0552,0.0713,6.08,5565.2,116.8,59.3,140.5,9.65,69.8,2.67,0.004,3,3,0
993.7,27.9,39.9,0.0653,-0.0361,5.36,416.2,18.1,2.3,3.5,0.36,33.3,5.0,0.09,2,2,0
1889.9,32.51,174.7,-0.0956,-0.0325,3.62,3266.5,251.5,6.1,5.8,0.42,34.0,3.31,0.114,3,4,0
1665.9,29.15,72.5,0.0042,-0.0997,5.01,1336.7,282.1,1.2,2.0,0.1,43.2,0.0,0.09,4,2,0
1815.8,38.98,355.5,-0.0313,0.0164,4.24,598.6,375.4,103.0,317.8,20.78,83.8,21.75,2.501,4,1,1
801.0,33.06,297.9,-0.0749,-0.0683,3.62,105.4,80.1,22.3,14.8,3.04,39.0,2.35,0.067,2,1,0
954.4,32.59,166.3,-0.006,-0.0192,6.57,882.2,451.9,4.0,6.5,0.37,32.7,2.78,0.081,1,1,0
1518.7,33.91,107.6,-0.095,-0.0192,7.43,1195.6,460.3,7.8,8.8,0.76,35.5,1.07,0.003,1,1,0
1570.9,47.38,222.0,-0.0513,-0.0671,2.64,1071.2,275.6,8.0,12.7,1.24,36.6,2.44,0.062,4,3,0
1479.4,35.52,342.9,-0.0418,0.0158,4.77,372.7,235.8,68.8,211.0,9.14,74.5,0.0,0.0,3,3,1
137.8,28.67,139.7,0.0344,0.0273,6.07,2011.5,158.7,12.5,13.0,2.07,34.5,1.21,0.005,1,4,0
1882.2,28.92,355.9,-0.0602,0.0255,4.39,1348.2,177.2,140.8,213.3,22.72,84.4,25.69,0.057,3,4,1
555.1,30.28,97.8,-0.0388,-0.044,8.12,2580.6,43.5,133.2,303.4,17.72,74.9,0.0,0.024,3,4,1
1235.5,38.19,156.7,0.0583,-0.0193,6.48,497.1,625.6,23.5,12.0,2.47,41.2,0.0,0.073,1,2,0
339.9,38.88,293.1,0.0591,0.0486,2.0,131.4,314.3,175.3,471.7,33.47,70.7,0.79,0.026,2,1,1
752.4,35.94,137.4,-0.0164,0.0316,4.68,475.6,313.0,9.4,4.7,1.17,46.1,5.36,0.069,4,1,0
1494.6,22.13,81.4,0.0146,-0.015,5.35,938.6,45.1,36.5,27.6,4.56,41.9,1.75,0.051,1,3,0
1141.8,39.12,217.2,0.0587,0.022,3.81,512.8,34.2,0.0,0.0,0.0,32.5,3.19,0.006,4,2,0
668.4,32.18,207.5,-0.0619,-0.0341,5.19,1852.2,565.9,128.1,404.2,21.67,73.6,2.99,0.058,1,1,1
1336.8,35.07,287.1,0.0144,0.0439,4.86,2931.7,52.1,3.1,3.0,0.39,34.2,2.62,0.081,1,2,0
1321.7,38.1,319.8,-0.0642,-0.068,5.41,3162.0,545.7,67.4,144.2,11.18,66.9,0.0,0.07,3,3,0
2315.7,35.24,218.5,-0.0459,-0.0447,2.58,614.8,263.2,19.8,28.8,1.53,49.3,3.58,0.023,4,2,0
1733.1,29.38,285.7,0.0441,0.0285,6.33,1687.3,97.2,15.6,25.7,2.42,48.2,2.06,0.086,3,1,0
530.1,18.2,297.1,-0.0168,0.0085,6.71,1412.3,505.1,6.2,3.4,0.67,40.8,3.06,0.058,1,4,0
1799.8,24.53,241.3,-0.0117,0.0639,8.45,4397.9,193.6,90.8,250.6,22.56,81.0,16.78,0.075,4,3,1
1469.1,36.01,187.5,0.0335,-0.0435,4.42,2407.5,75.4,7.5,5.5,0.73,32.6,2.74,0.087,1,2,0
2200.3,35.21,88.7,0.0598,0.0487,9.55,166.4,553.1,8.4,7.1,0.57,30.9,3.7,0.083,5,3,0
2005.2,32.63,100.2,-0.0736,0.0182,5.85,212.5,310.1,18.3,32.1,2.8,42.7,4.84,0.074,4,2,0
1074.9,44.82,56.0,-0.0433,0.0368,3.52,421.5,242.8,12.9,17.0,1.86,36.5,4.33,0.077,2,1,0
753.9,36.93,352.2,0.0325,0.0708,2.0,2030.3,616.4,54.2,93.1,7.09,54.9,0.84,0.041,1,3,0
1664.4,26.12,114.9,-0.0331,-0.0317,5.88,72.9,0.6,7.5,10.2,1.09,39.0,1.36,0.01,5,2,0
516.8,38.27,23.7,-0.0978,0.1449,2.85,303.7,101.5,72.9,217.0,11.56,85.5,22.41,1.605,1,4,1
1460.3,37.35,116.7,0.0284,-0.0585,4.51,319.4,176.6,23.3,32.9,3.63,47.7,1.27,0.003,2,2,0
1181.9,21.12,310.5,-0.0701,0.023,5.78,532.8,98.1,48.9,153.7,10.98,75.9,6.66,0.054,4,2,0
646.0,44.33,107.3,0.0709,-0.0601,6.07,958.7,85.6,12.5,15.6,1.04,39.7,4.33,0.124,2,2,0
1464.0,26.07,47.5,0.0241,0.0264,6.13,1224.8,50.2,53.3,114.3,12.49,67.6,2.34,0.002,3,1,0
1378.2,27.6,148.9,0.0193,0.0102,5.96,109.0,217.4,0.4,0.6,0.04,34.5,3.86,0.086,2,3,0
1089.3,15.26,42.3,-0.0376,-0.0183,6.06,705.7,56.8,5.0,5.2,0.44,33.3,1.8,0.112,3,2,0
1077.3,29.42,78.3,-0.0543,-0.0331,5.93,914.1,166.0,75.7,111.3,5.85,63.2,2.22,0.078,2,3,0
1176.0,40.43,120.0,-0.0526,-0.0918,5.04,4806.0,154.1,15.3,14.0,2.54,34.2,0.0,0.127,1,3,0
2059.1,27.95,311.2,-0.1024,-0.0122,6.92,61.7,659.6,7.0,4.7,1.11,40.0,3.5,0.01,5,3,0
1285.6,32.96,316.1,-0.0385,0.0248,9.43,2903.3,108.7,1.4,1.1,0.13,33.2,3.75,0.072,2,3,0
1293.8,33.69,185.1,-0.0622,-0.0372,3.96,466.9,1374.9,18.3,26.7,2.28,42.9,1.22,0.019,2,3,0
1260.1,25.46,345.6,0.0706,-0.0296,4.11,2154.1,380.2,106.0,177.1,13.5,87.0,28.26,0.042,2,2,1
1520.9,33.16,121.9,-0.0038,-0.0846,7.22,2429.5,211.3,1.3,1.4,0.13,27.5,2.14,0.103,2,3,0
1796.8,21.37,109.3,0.0488,-0.031,6.96,320.9,513.7,0.8,0.5,0.07,33.6,1.59,0.053,2,2,0
1246.2,29.5,165.4,-0.1076,-0.1326,8.24,3045.3,264.1,219.0,538.4,36.09,83.0,22.89,0.097,1,1,1
1117.9,37.2,37.6,0.0282,0.0488,4.19,246.6,418.0,1.3,2.1,0.12,36.7,2.48,0.027,2,4,0
2259.8,56.1,165.7,-0.0074,-0.0312,3.54,3380.3,203.5,7.3,7.8,1.02,31.9,0.71,0.023,5,3,0
1405.0,51.16,350.7,-0.0178,0.0306,3.84,1260.7,64.0,2.2,4.0,0.17,46.3,2.07,0.011,3,2,0
1287.0,48.33,104.0,-0.0031,0.0252,5.16,274.8,118.9,20.0,30.1,2.32,46.5,3.04,0.0,2,4,0
1388.4,12.43,162.1,-0.0531,-0.0341,4.78,55.5,106.3,108.7,222.7,16.59,72.6,4.03,0.001,5,2,1
1519.8,27.16,323.7,0.0707,0.069,6.11,308.7,65.0,86.3,244.4,13.87,83.7,27.93,0.058,3,2,1
1374.1,23.67,190.8,-0.068,0.0222,7.33,248.6,346.7,10.0,5.9,1.38,29.2,3.46,0.0,2,2,0
2328.7,40.01,205.8,0.0048,0.0666,5.03,370.3,687.2,23.0,25.6,2.23,45.7,2.89,0.021,5,3,0
867.1,41.1,88.8,-0.0918,-0.0267,3.16,3052.7,699.1,36.7,48.7,3.07,57.7,2.67,0.059,4,2,0
1265.5,37.58,134.0,0.0428,0.0644,6.9,16.6,42.7,14.5,33.4,4.83,37.8,2.19,0.076,3,4,0
1999.6,32.01,177.3,-0.0045,-0.0267,2.45,1304.9,964.2,182.8,558.8,24.05,71.6,2.6,0.064,2,3,1
745.4,37.32,241.8,-0.0364,0.0146,7.16,515.0,298.4,15.6,25.3,1.43,33.9,4.03,0.0,3,1,0
358.9,24.12,45.6,0.0827,-0.0962,9.85,242.3,735.6,101.6,321.2,19.4,79.1,14.32,0.0,1,3,1
1260.7,57.36,334.6,-0.0452,-0.0513,3.09,2979.7,7.7,14.5,17.9,1.57,33.0,1.77,0.021,1,2,0
1468.3,37.04,174.2,0.0201,-0.0401,6.71,265.8,460.7,62.7,97.9,8.56,66.3,3.12,0.026,5,3,0
1670.2,28.08,161.9,-0.0238,-0.0799,5.38,3806.3,272.5,7.6,13.2,0.98,37.9,5.3,0.078,3,3,0
2359.0,40.84,176.3,-0.0816,0.0129,5.67,120.3,1314.4,52.8,138.7,10.14,70.2,0.46,0.035,4,1,0
1202.1,22.1,192.3,0.0054,0.0102,6.72,1352.7,47.5,105.3,292.9,26.52,85.8,27.04,0.02,4,3,1
1137.9,27.98,275.8,-0.0013,0.0108,6.51,506.2,49.4,13.8,23.9,1.56,30.6,3.68,0.11,2,1,0
1206.6,44.72,224.8,-0.0295,0.0696,3.8,2003.3,668.8,2.3,3.0,0.19,36.2,1.06,0.039,1,3,0
1600.2,45.19,137.9,-0.0304,0.0155,3.85,2262.8,290.5,4.5,5.2,0.35,29.0,2.29,0.004,4,1,0
1740.8,40.66,94.9,-0.0652,0.0702,2.61,32.0,359.3,80.8,209.3,13.83,84.9,22.13,1.78,4,2,1
592.7,31.68,226.4,-0.0508,-0.0077,5.55,206.5,553.6,55.8,102.4,7.44,63.2,3.42,0.037,1,4,0
1729.9,40.25,22.2,-0.0442,-0.0261,5.43,1074.1,390.9,12.6,15.3,1.61,32.1,0.69,0.061,5,4,0
1824.8,43.45,93.3,0.0071,-0.0016,6.61,638.8,188.5,21.8,31.6,1.79,38.9,1.01,0.128,4,3,0
1242.7,47.43,174.0,0.0505,0.0404,2.0,585.8,450.6,54.0,83.2,6.07,58.4,1.77,0.099,3,2,0
391.7,13.76,276.9,-0.0168,0.0075,8.16,2248.4,222.8,10.1,17.7,0.89,32.0,0.0,0.013,1,4,0
1063.9,39.81,302.9,-0.0727,0.0675,3.17,4572.6,457.1,13.2,21.3,0.98,53.1,0.0,0.0,1,3,0
1125.6,15.13,131.4,0.0554,-0.0516,8.41,124.9,23.4,5.2,4.9,0.38,37.8,1.26,0.03,2,2,0
1190.0,24.62,247.1,0.0053,0.0249,6.37,1110.9,253.7,144.8,335.3,35.79,81.9,20.25,0.137,3,4,1
378.5,37.01,288.6,-0.0199,-0.0693,6.09,2011.6,98.3,0.5,0.8,0.08,39.0,8.13,0.097,3,1,0
690.6,42.08,169.0,-0.0003,-0.0507,3.86,3718.5,39.0,90.6,226.5,21.17,73.3,3.03,0.048,3,1,1
155.9,32.2,226.5,0.0868,-0.0011,3.06,149.4,515.9,34.3,78.7,6.8,58.8,5.21,0.053,1,3,0
1088.2,27.23,21.8,-0.0122,-0.0211,6.91,907.4,141.1,29.3,31.9,2.19,42.6,2.35,0.039,2,3,0
1236.0,43.05,133.5,-0.0145,-0.0671,3.84,1404.1,85.2,10.8,17.0,0.74,50.3,3.62,0.059,2,3,0
1936.3,41.39,266.6,-0.0418,0.045,2.49,99.1,894.4,144.7,433.2,46.66,83.4,21.19,0.311,4,1,1
621.0,41.17,249.3,0.0004,0.0454,3.62,1142.0,748.3,311.8,838.5,39.15,77.9,17.37,0.017,1,3,1
1734.9,23.8,29.8,0.081,-0.0111,5.58,73.2,141.2,13.0,22.5,0.99,46.5,1.91,0.0,1,1,0
1931.4,34.84,219.7,-0.0464,-0.0079,8.82,686.5,118.9,186.7,362.8,29.34,83.9,23.99,0.388,3,2,1
973.8,44.13,298.3,-0.0225,-0.0528,5.17,360.6,57.3,158.0,396.9,20.79,82.7,17.41,0.495,2,1,1
976.1,30.07,237.0,0.0769,-0.0438,6.18,1636.2,356.6,9.0,6.3,0.94,33.9,1.23,0.072,2,1,0
2410.5,37.23,339.9,-0.0371,-0.0569,6.44,863.0,186.9,17.1,27.1,3.49,43.1,0.93,0.007,5,1,0
1756.2,44.16,349.6,-0.0073,-0.0148,4.4,1595.6,705.1,5.5,4.0,0.84,37.1,3.73,0.119,3,2,0
930.8,47.76,243.0,-0.0024,0.0957,3.76,1284.2,797.3,59.4,106.2,19.16,60.2,3.07,0.102,4,1,0
1330.5,40.59,201.8,-0.0181,0.0183,3.87,345.5,357.5,6.5,6.5,0.67,43.3,1.87,0.036,2,1,0
2110.0,30.73,326.8,0.0083,-0.0823,6.07,854.4,456.3,65.8,142.9,13.34,68.2,1.47,0.15,4,2,0
1583.7,36.23,274.3,0.031,0.2014,2.87,3093.6,12.1,22.9,19.6,1.83,36.2,3.92,0.0,1,1,0
1635.5,31.2,322.9,0.0518,0.0366,5.31,2748.6,65.0,31.6,22.4,3.04,34.2,0.16,0.082,3,4,0
1646.2,37.89,289.9,-0.0146,-0.004,6.09,768.1,60.9,2.7,4.2,0.32,33.9,2.0,0.021,5,1,0
1541.6,30.71,45.4,-0.0002,-0.0457,6.2,702.7,234.5,49.2,85.4,3.29,60.8,3.56,0.098,3,2,0
1997.8,40.3,180.0,0.0742,-0.0174,4.86,48.8,63.0,1.6,1.9,0.23,35.9,0.0,0.051,3,1,0
387.8,26.74,183.2,0.0422,-0.0131,5.31,1659.0,152.8,54.4,82.1,17.55,62.6,3.53,0.107,1,1,0
780.6,20.65,8.4,-0.0261,-0.0594,3.87,2461.4,370.0,79.4,226.2,10.7,77.4,10.63,0.029,1,4,0
2320.0,53.03,79.7,-0.0691,-0.0798,2.94,729.1,102.2,46.0,29.2,3.5,53.7,4.11,0.05,4,1,0
1070.8,50.73,135.7,0.0038,0.0242,3.79,1052.3,4.1,63.3,151.9,10.74,69.8,2.28,0.046,3,1,1
997.2,43.76,183.2,0.0406,-0.0815,3.57,464.8,301.9,7.9,4.1,0.59,34.7,1.98,0.027,1,4,0
826.5,35.21,101.3,0.0173,-0.008,3.46,3863.6,632.1,7.7,8.0,0.68,29.4,3.81,0.043,2,4,0
2096.6,43.56,78.4,-0.0833,-0.0304,5.53,434.1,366.3,0.9,1.5,0.06,34.4,3.48,0.035,5,1,0
1236.6,39.8,70.6,-0.0968,0.0205,4.45,595.3,31.2,10.0,5.1,0.83,32.9,0.0,0.023,3,2,0
1809.0,26.48,140.6,0.0824,-0.0091,6.55,297.0,533.3,169.3,508.1,21.83,78.2,12.87,0.051,3,1,1
783.7,37.09,318.3,0.0481,0.0308,3.5,911.6,54.9,4.9,7.4,0.44,37.1,2.28,0.103,1,3,0
2165.0,41.31,226.0,0.0802,-0.0115,6.56,14.1,455.2,56.9,157.4,9.85,68.1,3.26,0.057,4,1,1
666.2,27.97,142.2,-0.0521,0.0442,6.32,2037.9,674.3,16.0,16.5,1.46,33.4,2.33,0.083,1,2,0
1174.8,34.01,46.5,-0.057,-0.0144,6.15,663.3,479.5,4.1,5.3,0.31,34.7,4.32,0.039,2,4,0
1700.3,23.77,155.6,-0.0929,-0.0247,6.7,1282.2,221.4,15.0,22.1,1.24,50.6,2.74,0.048,4,3,0
1244.7,32.18,323.8,-0.0014,-0.0554,5.61,670.2,207.9,79.3,142.3,12.59,60.1,0.89,0.0,1,2,0
374.5,13.29,163.5,0.0358,-0.0614,7.91,865.5,280.3,22.5,38.7,1.56,41.4,2.69,0.043,1,1,0
1340.7,24.04,134.1,0.058,0.0273,4.7,1033.4,596.5,32.9,66.8,6.06,55.1,1.38,0.038,2,1,0
2464.2,39.54,350.4,-0.0113,-0.0078,5.58,497.6,643.2,300.3,519.8,50.97,76.3,10.72,0.01,4,4,1
1402.2,39.09,106.6,-0.0004,-0.0331,6.23,1882.5,931.1,94.7,162.7,12.02,71.7,1.81,0.05,1,3,1
832.0,34.39,248.8,-0.0258,0.0749,4.05,1033.2,317.0,2.9,3.1,0.28,34.7,1.39,0.15,1,1,0
638.6,51.82,173.6,-0.0449,-0.0549,4.16,633.7,25.0,85.5,167.2,26.71,83.3,25.68,1.91,4,3,1
1539.8,44.65,264.2,0.0457,0.0446,4.59,255.8,586.7,119.6,290.0,32.63,80.5,17.75,0.017,4,2,1
1537.7,47.82,251.2,-0.0104,-0.0122,5.7,346.3,295.1,18.9,20.9,3.06,39.6,0.0,0.098,1,4,0
1158.0,39.66,111.0,0.0321,0.0332,5.45,245.8,281.6,8.3,11.4,0.97,36.2,3.39,0.0,3,2,0
63.6,33.61,177.2,-0.0384,0.0523,5.3,674.6,697.2,4.6,5.2,0.49,45.5,2.7,0.033,1,2,0
1630.1,30.91,160.8,-0.0391,-0.0459,7.75,1596.3,258.8,6.6,6.6,0.69,34.8,2.83,0.077,3,3,0
1650.4,30.71,340.0,-0.0692,-0.0606,4.45,1158.5,416.2,64.3,185.6,15.9,78.0,14.78,0.03,4,1,0
1455.1,22.84,335.5,-0.0655,0.059,4.94,501.5,27.2,3.0,1.5,0.22,38.5,0.7,0.041,3,2,0
1406.6,35.83,187.7,0.0229,0.0236,8.69,163.6,386.9,136.7,299.3,21.16,77.0,10.13,0.0,1,1,1
2436.2,43.34,135.3,0.0218,-0.053,5.08,71.3,580.7,224.6,690.6,60.62,80.1,10.28,0.047,5,1,1
1873.7,49.73,315.9,0.001,0.0454,4.68,269.5,287.0,9.3,6.5,0.95,26.0,0.0,0.0,2,4,0
1245.0,28.91,126.6,0.0332,0.0232,7.3,8.8,435.0,12.9,20.8,1.56,39.0,0.0,0.102,1,2,0
1075.3,39.32,272.1,-0.0275,-0.0383,7.81,34.2,7.5,7.2,9.1,0.84,30.7,2.12,0.018,3,2,0
1122.3,26.62,71.1,-0.0419,0.0916,6.08,2030.6,428.3,65.7,196.9,12.44,78.3,13.64,0.1,2,3,0
1081.3,41.9,189.4,-0.1255,-0.0305,3.5,1125.8,738.9,1.4,0.8,0.1,39.2,3.99,0.012,1,1,0
527.6,26.48,229.9,0.076,0.009,6.68,1783.9,336.2,82.2,203.6,15.85,86.4,30.68,0.022,1,3,1
1694.9,50.02,299.8,0.0079,-0.0156,4.29,420.7,384.6,68.7,198.5,9.66,72.4,1.88,0.0,4,4,1
604.5,25.81,171.7,0.0491,-0.0584,4.51,88.9,677.8,14.3,14.1,2.18,32.5,1.33,0.01,1,4,0
1218.3,38.32,291.7,-0.0045,0.0442,3.95,1808.5,69.8,59.8,133.1,7.59,66.3,0.44,0.045,4,3,1
183.8,21.43,83.2,-0.024,-0.0069,4.28,3332.7,269.0,14.4,18.6,1.77,34.2,2.98,0.093,1,3,0
1576.1,43.82,340.6,-0.0393,-0.0166,4.82,1534.6,169.3,30.5,33.1,3.8,43.7,0.1,0.063,1,2,0
1053.6,43.2,75.8,0.1043,0.0284,4.48,1124.7,417.2,64.8,127.9,13.58,62.1,1.34,0.051,3,1,0
818.3,15.4,65.4,-0.0997,0.0825,6.66,539.0,930.9,2.8,4.9,0.19,31.9,1.15,0.092,4,3,0
1570.1,23.63,203.2,0.0666,0.0068,7.08,199.5,12.0,2.8,5.0,0.21,29.6,0.92,0.032,3,1,0
1337.8,42.92,222.0,0.0055,-0.0129,5.24,1544.3,430.5,11.6,12.9,1.2,35.7,2.21,0.133,3,3,0
1289.2,24.25,331.9,0.087,-0.0288,6.71,281.9,7.9,13.1,7.0,0.99,51.9,1.2,0.069,2,2,0
1580.6,41.98,141.2,-0.025,0.0271,6.28,1569.3,248.7,3.9,4.6,0.28,27.6,1.04,0.089,2,3,0
1495.5,35.25,153.3,0.0663,0.0059,5.41,284.4,991.3,22.7,38.6,2.2,33.0,1.38,0.035,2,3,0
1263.6,29.14,291.5,0.0355,-0.0128,6.12,714.6,432.9,1.7,1.9,0.13,35.9,2.6,0.096,1,3,0
979.4,26.3,330.3,0.0467,-0.0236,6.8,204.2,55.7,9.2,12.5,0.75,39.7,0.68,0.083,1,4,0
1469.6,33.37,199.9,-0.0018,0.0506,5.02,1003.4,36.0,101.5,224.6,21.54,77.9,14.05,0.061,2,3,1
559.6,24.45,71.4,-0.007,0.0326,5.18,272.1,28.0,186.0,284.1,43.2,74.2,0.42,0.071,1,2,1
1183.6,31.5,67.4,-0.0512,0.0506,6.11,1136.9,899.2,5.8,8.0,0.43,41.7,2.6,0.081,4,2,0
1713.0,47.41,112.6,0.0881,-0.0217,6.25,165.8,89.3,6.5,5.7,0.99,40.0,2.06,0.062,4,1,0
1597.6,31.0,192.5,0.0659,0.064,6.16,1145.1,544.7,11.7,18.0,0.94,42.8,1.59,0.09,2,2,0
1628.4,33.57,286.3,-0.0911,-0.0248,7.99,639.5,1357.2,3.4,6.0,0.25,35.9,0.74,0.022,1,2,0
784.7,15.23,138.3,-0.0235,-0.022,9.74,1050.3,102.9,116.7,212.6,17.59,90.6,25.59,0.064,2,3,1
1008.3,32.17,4.5,-0.0102,0.0046,5.05,2027.3,40.1,60.1,111.0,15.94,56.6,0.87,0.117,4,1,0
2047.6,45.39,251.0,0.0549,-0.0313,7.86,434.7,293.7,54.9,126.8,12.46,64.7,0.87,0.061,4,4,0
1394.6,20.21,312.3,0.092,-0.0857,6.13,430.1,190.5,3.9,4.0,0.47,37.9,1.58,0.0,1,3,0
708.1,45.53,345.8,-0.0322,0.026,3.93,832.9,398.0,10.8,10.3,1.13,40.2,1.99,0.0,1,2,0
1279.1,34.32,172.2,0.0751,-0.0652,3.57,41.0,20.0,45.0,70.8,9.23,56.5,1.91,0.0,4,2,1
960.1,39.22,337.3,0.0098,-0.0175,6.19,387.0,5.4,15.8,13.9,1.9,34.2,3.65,0.0,2,1,0
902.7,35.59,285.0,-0.0303,-0.0007,8.82,631.1,425.8,20.7,12.9,1.62,25.7,0.19,0.057,2,4,0
257.7,23.13,154.6,-0.0061,0.0482,7.9,1060.2,48.5,49.0,147.1,12.19,76.0,8.2,0.067,1,2,0
1097.4,25.62,259.9,0.0077,0.0062,6.74,730.3,990.9,124.8,267.3,29.63,86.5,29.26,0.019,3,2,1
1590.7,30.76,105.2,-0.0409,-0.0156,6.56,1360.6,52.3,26.1,45.1,4.02,47.4,3.27,0.052,3,2,0
1061.1,40.07,314.6,-0.0444,0.0862,5.34,720.8,175.8,3.8,6.5,0.31,30.9,2.16,0.165,2,2,0
1022.5,24.9,114.8,0.0403,-0.015,5.19,576.8,431.4,8.3,13.8,0.59,39.1,2.75,0.0,1,1,0
1356.1,25.08,39.9,-0.0076,0.0187,7.29,1080.9,604.9,168.2,294.2,29.45,68.8,2.22,0.079,2,4,1
1588.8,41.2,120.4,-0.0131,0.0382,3.96,2261.4,781.9,21.0,13.2,1.72,35.5,1.12,0.026,4,3,0
1713.1,36.96,321.5,0.0269,0.0223,4.44,271.6,212.2,12.3,13.8,1.01,40.9,3.73,0.007,3,1,0
822.8,20.38,97.0,-0.0085,-0.0296,8.42,1371.3,83.5,41.1,56.0,2.83,46.7,2.43,0.046,1,1,0
2031.4,55.44,197.2,0.051,-0.0291,3.82,258.7,693.7,2.2,2.2,0.25,45.8,0.62,0.001,5,1,0
894.2,23.25,348.4,0.0371,-0.0027,3.93,2088.9,869.2,46.2,39.1,3.8,40.7,2.74,0.107,3,3,0
1754.8,39.74,47.1,0.0084,-0.0562,5.0,2466.6,7.1,10.7,17.5,1.09,41.0,5.26,0.0,4,4,0
745.7,28.13,29.4,0.0435,0.0095,4.32,2916.3,183.2,69.2,122.7,14.76,64.1,1.07,0.07,1,3,0
1266.1,47.6,197.6,0.0949,-0.0651,4.78,1002.0,25.1,154.0,447.4,19.53,80.3,17.11,0.0,1,3,1
1165.1,27.2,179.5,0.027,-0.0609,5.03,83.7,833.9,11.2,11.7,1.62,25.7,2.38,0.027,3,2,0
1309.0,30.01,15.1,-0.0122,0.0031,4.42,534.2,603.6,30.2,36.2,4.6,51.5,0.78,0.022,3,1,0
658.0,27.07,208.5,-0.0969,0.0365,5.0,1459.8,307.5,11.1,7.6,1.02,28.1,0.65,0.054,1,4,0
1853.7,33.06,3.0,-0.008,-0.0305,5.92,874.8,77.3,119.0,364.0,18.65,81.2,24.17,0.008,1,1,1
2039.5,52.01,290.5,0.0183,0.0556,3.31,736.6,155.4,6.1,8.4,0.45,27.8,2.89,0.054,5,1,0
1241.6,32.89,34.4,0.0343,0.0861,5.63,392.4,142.1,9.9,8.4,0.88,27.9,0.67,0.011,3,3,0
693.5,52.66,217.8,0.0084,0.0131,5.87,148.8,472.8,17.9,9.2,1.54,45.5,3.79,0.032,1,3,0
461.6,18.09,25.5,0.0793,-0.0486,6.84,429.6,3.7,5.4,6.2,0.57,40.4,1.05,0.023,1,1,0
833.6,23.17,78.0,0.0526,0.0755,6.06,1402.7,449.7,13.2,17.1,0.97,43.3,2.2,0.088,1,3,0
1408.9,30.28,16.7,0.043,-0.0536,3.14,973.1,332.8,2.1,3.4,0.15,28.1,3.83,0.04,1,1,0
823.3,26.01,262.9,0.0536,-0.053,2.89,2747.5,463.4,6.8,6.1,0.73,43.2,2.47,0.008,2,1,0
737.2,23.65,226.3,0.0422,-0.1225,5.96,1209.0,335.9,10.0,7.0,0.82,24.2,4.68,0.109,1,3,0
1529.1,46.5,252.0,0.1046,0.047,3.62,103.4,1148.6,143.5,317.3,32.43,74.1,3.89,0.054,3,1,1
390.3,27.34,12.8,0.0419,-0.0214,6.76,687.0,543.1,15.8,9.8,1.36,42.3,1.7,0.011,1,1,0
1971.2,33.78,219.2,0.0364,-0.0691,6.62,5419.0,612.8,87.3,223.4,15.62,91.3,42.86,0.066,4,3,1
51.9,21.24,184.6,-0.0199,-0.0549,7.7,291.3,75.6,22.7,38.9,2.73,48.4,3.0,0.108,1,1,0
1473.8,33.08,91.9,-0.0115,0.0522,3.93,2024.4,172.1,0.8,0.4,0.12,22.3,1.08,0.082,2,3,0
1494.2,41.57,89.1,0.0602,-0.0066,7.1,1962.9,228.7,164.7,406.3,23.92,69.0,2.33,0.0,1,1,1
1680.4,44.19,216.8,0.0366,-0.0082,5.75,681.0,29.7,152.0,303.7,20.01,89.9,32.53,0.741,5,3,1
1823.4,21.79,317.8,-0.0086,-0.0473,5.54,91.6,11.2,3.0,3.6,0.45,36.6,0.0,0.029,2,1,0
1691.2,38.11,341.5,-0.0267,-0.0016,6.26,216.0,184.4,22.3,36.4,1.82,42.8,4.87,0.029,3,3,0
564.4,39.58,31.1,0.0986,-0.0548,6.68,409.1,525.6,81.9,185.9,15.02,86.8,29.86,0.016,1,1,1
1260.8,42.16,137.9,-0.0382,0.0004,4.27,1419.6,1591.9,1.5,1.8,0.11,35.3,1.97,0.065,2,1,0
1792.9,41.81,9.7,0.0499,0.026,7.3,384.2,160.6,8.3,8.1,0.71,43.4,0.97,0.075,3,2,0
1487.8,24.98,103.8,-0.0383,0.0664,4.94,546.6,11.5,103.6,204.2,32.08,83.6,21.66,0.039,1,1,0
1067.7,55.78,311.8,-0.0173,0.0632,2.0,1942.3,119.6,254.9,583.9,34.71,85.9,34.28,2.247,3,2,1
1094.4,29.86,233.8,-0.1607,0.0382,4.68,22.6,1217.1,10.5,15.5,0.89,39.3,1.13,0.0,2,2,0
1317.9,32.14,194.3,0.0322,-0.1184,3.98,433.2,1441.2,151.7,291.3,34.35,72.6,2.88,0.093,1,2,1
1573.0,24.95,359.1,0.0031,-0.0096,8.13,665.3,17.9,1.0,1.5,0.1,32.1,2.35,0.101,1,2,0
720.5,30.15,251.9,0.0075,-0.0763,9.33,596.3,109.1,7.0,7.3,0.86,41.0,0.47,0.088,1,3,0
1291.3,46.31,266.4,0.0575,0.0161,4.47,754.6,75.8,133.7,271.0,21.28,82.0,18.55,1.461,1,1,1
1310.1,35.53,340.8,-0.019,-0.0076,5.3,3645.1,571.6,11.4,5.9,1.12,51.1,3.16,0.03,1,3,0
1079.0,32.14,117.7,0.0771,-0.001,2.94,4.2,555.0,27.8,36.9,2.66,51.5,0.59,0.0,2,1,0
1207.2,31.67,280.1,-0.0513,-0.0274,4.45,346.9,1028.6,5.0,6.7,0.5,49.6,1.42,0.042,2,3,0
1719.4,12.63,262.0,0.0329,0.0024,6.97,595.0,324.4,31.9,37.2,2.29,39.9,4.22,0.04,3,1,0
1926.1,39.67,191.8,-0.0738,-0.0411,4.6,32.0,103.0,46.2,69.5,13.42,54.0,2.6,0.027,2,4,0
884.7,31.18,53.2,0.0309,-0.0163,5.38,36.9,307.1,114.1,211.3,28.42,83.6,19.33,0.049,1,1,1
284.4,35.18,118.2,-0.0175,0.0693,6.14,2370.5,439.3,9.3,15.9,0.75,37.1,4.71,0.036,2,4,0
975.0,34.28,202.1,0.0188,0.0095,4.44,2188.5,199.8,21.3,33.0,1.54,50.6,2.38,0.034,3,2,0
1386.5,46.19,285.7,-0.1096,0.0167,2.6,1586.3,498.3,1.7,1.3,0.19,41.8,1.16,0.083,4,2,0
823.4,30.05,95.6,0.0521,0.0455,5.0,505.2,140.5,8.8,9.4,0.82,34.8,5.3,0.0,4,1,0
2371.6,46.05,222.0,0.033,-0.0816,3.74,1227.5,29.1,2.6,2.8,0.23,34.4,3.61,0.117,5,4,0
932.4,31.18,97.0,-0.0075,0.0559,6.32,361.6,142.1,129.1,217.2,17.47,76.1,7.63,0.033,4,3,1
2303.0,43.48,41.7,0.0219,0.0576,2.91,1816.1,1319.6,95.4,239.4,17.82,84.6,24.41,0.215,5,2,1
932.9,42.15,324.4,-0.0852,-0.0035,2.85,3348.3,423.5,9.7,14.2,0.69,41.0,0.0,0.06,4,3,0
710.7,36.19,285.1,0.0491,-0.0255,5.12,2885.8,176.4,187.6,474.0,24.67,82.9,22.05,1.458,1,3,1
1654.5,24.88,124.6,0.0799,0.0077,4.1,830.7,788.0,1.2,1.1,0.13,39.4,1.57,0.043,2,1,0
625.8,29.11,12.8,0.0237,0.0009,5.33,351.2,7.1,4.0,6.2,0.59,37.8,5.47,0.022,1,3,0
1328.3,41.79,330.9,-0.065,-0.0472,3.36,1472.6,420.7,36.4,81.5,6.12,63.3,2.54,0.041,2,2,0
583.1,33.75,340.8,-0.0286,0.011,6.69,202.5,517.2,14.7,22.3,2.18,40.9,0.28,0.067,1,1,0
511.1,37.19,356.5,-0.0665,-0.1452,4.96,261.6,216.2,5.2,7.4,0.56,21.2,0.07,0.053,1,3,0
496.8,18.36,197.4,-0.0712,0.0218,6.51,91.3,733.6,11.9,21.3,0.83,43.3,2.88,0.038,1,1,0
1476.8,40.57,101.2,-0.0173,0.0241,2.74,962.5,800.6,64.4,159.3,16.4,68.3,0.0,0.051,4,1,0
1882.9,28.06,307.5,0.0343,0.03,5.53,4210.1,211.9,33.7,78.4,9.6,54.7,5.84,0.027,2,1,0
1135.9,36.38,178.5,-0.1037,-0.0479,5.9,2961.3,276.3,79.9,240.3,20.88,85.7,28.8,0.576,2,3,1
1526.8,34.47,41.3,0.0191,-0.0145,7.37,1302.9,962.1,74.2,161.5,10.43,70.4,3.45,0.043,1,3,0
1416.4,38.81,205.9,0.041,0.0672,4.81,1071.0,106.1,75.6,226.4,23.89,74.0,3.42,0.092,4,1,0
1295.5,24.73,126.7,-0.0235,0.0819,7.59,109.3,158.2,0.0,0.0,0.0,24.7,3.28,0.105,2,1,0
1147.1,45.92,130.6,0.0047,0.051,4.92,712.9,217.6,8.7,7.1,1.37,49.6,4.3,0.029,2,2,0
1821.8,44.8,226.1,0.007,0.0845,5.79,282.0,159.6,8.0,20.4,1.24,43.6,2.67,0.01,5,1,0
864.6,38.89,258.5,0.0923,0.0493,2.9,235.4,157.0,1.2,2.2,0.1,39.1,6.09,0.056,2,3,0
1236.6,23.35,69.8,-0.0047,0.0808,8.12,5120.6,534.3,108.1,191.2,16.1,85.8,29.63,0.03,1,2,1
942.6,13.47,196.3,0.0785,-0.0004,7.76,9.3,231.3,24.6,29.7,1.82,39.9,1.52,0.053,3,1,0
1641.3,45.89,216.6,0.0329,-0.0179,3.13,2369.8,171.0,207.3,521.4,58.99,81.4,19.4,0.025,3,2,1
864.5,40.15,232.3,0.0189,0.013,5.6,1601.1,107.9,76.9,133.0,20.12,71.9,0.0,0.063,1,1,0
2002.9,49.13,86.0,-0.0166,0.0601,2.02,669.1,183.1,11.5,9.7,1.06,34.6,1.2,0.0,5,3,0
727.2,35.23,5.1,-0.0358,-0.0238,7.35,2101.2,36.7,12.7,12.9,0.92,37.4,0.03,0.117,2,2,0
1473.6,31.71,240.4,-0.029,0.0355,4.86,124.9,484.0,10.8,8.1,0.74,52.5,1.82,0.045,3,3,0
1589.3,50.07,62.1,0.0324,0.061,2.35,961.7,114.7,1.8,3.0,0.27,26.0,1.95,0.071,2,1,0
1766.8,40.92,194.8,-0.0138,-0.077,3.74,47.3,262.1,107.4,341.9,19.84,90.0,41.98,1.641,3,2,1
1407.2,30.61,56.4,0.0252,-0.0016,6.17,440.6,1077.7,27.5,21.7,3.62,37.1,0.89,0.023,1,2,0
1606.1,39.57,311.0,0.048,0.0407,3.67,1255.0,299.0,6.3,6.4,0.94,27.7,2.32,0.111,3,4,0
2130.8,44.95,242.5,0.0863,-0.0354,4.94,1932.3,924.5,25.9,22.7,3.06,41.7,1.77,0.081,5,1,0
1196.1,43.33,103.4,-0.0759,-0.0133,4.31,146.8,725.3,95.3,242.5,12.6,75.4,9.23,0.0,1,3,1
1158.8,32.35,275.7,0.0344,0.0248,3.8,1526.6,7.7,78.2,134.3,20.46,68.8,3.61,0.077,2,2,0
935.8,13.78,164.5,0.0529,-0.0291,6.2,805.6,444.6,61.7,125.4,7.76,65.4,2.86,0.074,4,3,0
730.5,41.3,3.9,-0.1373,-0.0453,4.62,1108.9,281.0,113.2,196.0,16.45,93.5,46.91,0.233,3,2,1
2291.6,54.28,253.9,0.0199,0.0277,4.19,2622.5,1194.9,38.0,29.0,2.62,35.5,2.25,0.0,3,4,0
755.9,51.37,186.6,-0.0728,-0.0349,3.81,1970.4,327.7,16.4,27.8,1.89,34.8,3.6,0.078,3,1,0
1046.6,52.82,142.8,-0.0116,-0.0541,4.86,1957.3,978.7,7.5,10.5,0.81,55.7,2.45,0.035,4,3,0
1776.3,30.38,332.6,0.0816,0.0863,3.96,523.7,50.5,128.4,359.4,18.12,80.7,20.53,0.002,4,4,1
296.3,24.39,46.6,-0.0648,0.0554,4.09,2567.8,526.4,2.0,1.7,0.29,27.3,2.93,0.137,2,1,0
452.5,39.94,29.3,-0.0097,-0.0473,3.94,124.0,147.4,175.9,391.1,44.47,78.7,14.43,0.142,1,4,1
842.3,49.34,69.2,-0.0944,-0.1032,4.71,2622.4,422.2,5.4,6.2,0.63,38.4,4.49,0.033,3,2,0
788.4,27.82,196.0,-0.0333,-0.0166,7.83,137.9,1065.3,14.3,24.9,1.4,47.4,3.38,0.008,4,4,0
1852.6,34.0,359.9,0.0366,0.0856,5.36,148.0,509.5,15.6,10.6,1.27,37.6,0.0,0.025,5,1,0
954.8,33.25,216.4,0.0499,-0.0206,6.0,2295.2,30.6,3.6,5.4,0.43,31.8,3.67,0.0,2,4,0
886.3,42.9,304.6,0.0349,-0.0257,5.61,916.2,284.0,0.5,0.5,0.04,39.8,3.19,0.069,2,1,0
1460.7,25.4,24.1,0.0655,0.0624,7.05,1133.1,174.4,14.8,11.9,1.2,38.6,2.81,0.09,2,1,0
941.7,42.35,153.6,0.0073,-0.047,4.03,1258.7,34.2,16.4,12.6,1.95,44.7,2.51,0.002,2,2,0
1053.2,35.14,293.3,-0.0303,0.0312,4.51,644.4,223.5,9.3,12.0,0.64,37.4,4.68,0.043,1,2,0
1032.0,24.91,137.9,-0.0557,0.0582,7.05,1449.3,121.8,49.8,122.3,12.06,69.8,0.17,0.081,2,2,0
752.1,22.05,26.7,0.0626,-0.1083,7.99,576.5,2132.5,5.8,5.3,0.96,37.4,2.66,0.05,2,4,0
855.9,45.87,188.7,0.039,-0.0416,3.71,357.2,314.1,0.9,0.7,0.06,28.1,1.86,0.102,1,1,0
1472.4,34.32,16.3,0.0297,0.0859,4.78,2176.2,112.1,408.8,695.2,80.0,74.2,1.41,0.034,4,1,1
1403.2,27.15,320.7,0.0096,-0.1157,6.53,45.7,910.2,19.7,14.2,1.6,32.1,1.98,0.032,1,3,0
1169.5,27.71,349.6,-0.0212,-0.0148,6.22,3827.5,134.7,46.0,79.0,6.34,50.9,2.89,0.085,1,2,0
888.3,29.77,29.5,0.0172,0.0261,6.1,28.6,704.0,6.3,9.6,0.48,29.6,3.03,0.039,2,1,0
1293.2,33.67,182.5,-0.0473,0.0669,5.11,276.8,67.4,23.5,21.0,2.15,38.4,2.88,0.058,1,2,0
1424.6,26.37,10.8,0.0441,-0.0072,5.33,425.1,152.5,7.7,8.0,0.68,42.3,4.61,0.028,3,3,0
1501.6,36.75,335.6,0.0541,0.037,3.1,2355.1,882.5,3.8,1.9,0.32,43.1,2.78,0.045,3,2,0
1580.5,39.77,342.4,0.0545,-0.0809,4.45,286.7,713.9,5.2,9.2,0.79,30.2,2.08,0.114,1,1,0
220.7,32.46,205.1,-0.1077,0.0067,4.69,2312.4,10.5,131.7,245.4,19.14,70.7,2.78,0.042,1,2,1
2829.5,35.35,26.5,-0.0123,0.005,3.85,3829.0,106.4,21.8,16.5,2.2,38.5,2.47,0.091,5,3,0
657.9,41.34,325.8,-0.0228,-0.0577,5.89,2362.3,202.9,8.6,9.3,1.05,31.8,2.6,0.056,1,2,0
932.3,32.82,84.3,-0.0084,-0.0174,6.82,63.2,177.1,116.6,268.2,16.9,78.5,12.27,0.025,2,2,1
768.1,54.08,67.2,-0.0255,-0.0515,4.43,483.2,34.8,117.2,313.0,19.58,78.5,13.7,0.018,4,4,1
594.4,19.43,116.2,-0.0639,0.0487,3.84,403.8,513.2,18.8,23.7,2.29,36.9,0.0,0.045,1,3,0
1558.2,32.45,253.6,0.0254,0.022,6.76,428.1,838.7,88.6,261.9,18.28,79.3,13.08,0.093,2,1,1
2304.8,53.2,269.6,-0.0447,-0.0008,8.26,89.3,207.1,139.1,367.6,20.33,91.5,31.56,3.475,4,2,1
527.6,41.89,289.4,-0.0758,-0.0059,2.0,389.5,30.7,55.5,137.1,7.54,71.8,0.0,0.05,1,1,0
1767.8,35.15,7.9,0.0328,-0.0033,4.52,364.5,104.1,16.2,13.8,2.39,43.2,4.47,0.005,2,2,0
1578.5,38.31,238.9,0.0387,-0.0899,5.5,231.4,19.4,30.8,47.5,3.54,44.5,4.21,0.026,3,2,0
1090.2,38.16,254.7,0.0404,0.1125,4.04,1421.0,90.2,50.4,35.8,8.04,51.3,0.0,0.043,3,3,0
1553.0,31.99,263.1,0.0523,-0.0152,4.5,921.1,310.3,152.3,256.1,32.77,72.3,1.44,0.07,5,4,1
1609.1,31.66,120.0,-0.0524,0.0132,4.37,812.4,1397.9,4.6,3.5,0.32,30.5,2.35,0.036,3,4,0
1314.7,40.29,97.2,0.0427,-0.023,6.36,1094.3,436.2,117.6,300.6,20.1,81.3,16.46,0.053,3,1,1
1403.8,37.85,139.2,0.068,0.0133,5.71,466.4,1136.3,65.8,207.3,12.9,82.7,18.07,1.428,1,4,0
389.1,33.25,27.3,-0.059,-0.0055,6.93,825.6,4.1,9.3,5.4,0.92,31.3,0.96,0.028,1,1,0
1262.6,36.95,14.0,0.0039,0.0043,6.93,421.6,386.7,40.6,97.0,5.35,59.0,1.04,0.0,3,3,0
1507.7,29.82,188.2,-0.0705,-0.0012,4.42,167.3,207.2,42.2,74.9,6.03,54.6,2.12,0.084,1,1,0
1940.1,51.75,79.4,-0.0182,-0.0659,6.16,112.0,349.1,11.9,14.7,1.07,31.1,3.69,0.013,3,1,0
753.3,33.35,80.2,0.0139,0.0574,6.05,238.5,125.5,192.1,554.8,29.72,79.4,11.8,0.044,1,3,1
1086.5,40.28,276.5,0.093,-0.0001,4.5,503.5,9.7,10.7,12.4,1.37,34.7,5.8,0.0,1,3,0
486.4,24.87,176.5,-0.0092,-0.0842,7.53,1051.6,184.4,148.0,254.5,40.04,69.8,2.78,0.067,1,4,1
1307.1,39.38,356.6,0.0093,-0.0455,2.12,2010.1,655.2,1.3,1.3,0.11,22.7,0.72,0.0,2,4,0
686.3,19.0,253.8,0.0002,-0.064,7.7,549.5,808.1,0.0,0.0,0.0,39.2,3.2,0.039,2,1,0
1644.9,27.21,41.7,0.0375,0.0071,5.21,627.6,417.4,2.7,1.9,0.28,34.4,0.58,0.013,1,3,0
1602.6,41.48,264.0,-0.0094,0.0581,7.88,446.9,1032.7,12.9,13.5,1.44,53.5,0.02,0.0,2,1,0
1128.8,41.84,138.8,0.0696,0.0265,6.02,414.1,608.8,40.5,98.5,12.68,58.7,2.48,0.028,2,4,0
1611.1,30.55,122.3,0.0514,-0.0829,4.32,1148.9,207.7,147.0,347.8,19.95,72.6,1.52,0.033,3,4,1
865.0,30.7,218.1,-0.0825,0.0231,6.66,2759.6,206.8,8.0,12.4,0.79,40.7,0.67,0.07,1,1,0
1825.0,39.57,116.4,0.0152,0.0182,2.94,3199.6,337.9,109.5,167.4,15.39,77.4,14.01,0.094,5,2,1
688.3,46.79,128.3,-0.0314,0.0018,3.3,1211.3,559.6,50.7,52.5,4.85,44.1,2.73,0.098,1,1,0
1371.3,39.52,34.5,0.01,0.0121,3.3,3727.3,464.1,168.2,346.9,40.87,79.8,11.18,0.028,2,4,1
659.0,35.41,355.1,-0.078,0.0499,7.73,1622.5,398.1,10.6,10.2,0.91,32.6,0.49,0.066,1,2,0
1164.7,22.14,11.0,-0.0319,-0.0198,5.54,406.1,204.3,24.8,29.1,1.67,42.4,2.29,0.029,2,2,0
1342.6,52.18,235.6,-0.0613,-0.0884,2.62,606.7,509.7,2.3,3.7,0.35,38.2,1.49,0.077,3,3,0
833.2,42.31,26.5,-0.0521,-0.0362,4.71,1341.9,509.2,22.6,30.6,2.79,43.1,2.0,0.135,1,2,0
638.6,20.36,267.4,0.007,-0.048,6.95,2381.1,1811.2,11.1,18.5,0.9,37.3,4.01,0.063,1,3,0
1468.4,32.17,91.8,0.0299,-0.0328,5.9,59.9,784.4,5.2,3.7,0.37,21.6,0.23,0.101,1,3,0
745.8,38.21,283.6,0.0213,-0.025,2.27,1017.7,1036.3,6.1,6.8,0.65,36.4,0.9,0.051,3,3,0
1080.8,33.55,71.8,-0.0344,-0.0246,7.83,3463.7,64.8,148.3,358.5,43.49,77.2,10.93,0.079,2,4,1
1625.7,35.05,178.7,0.031,0.0553,4.35,862.7,146.9,3.0,4.2,0.26,42.6,3.45,0.077,2,1,0
1349.6,36.07,141.6,-0.0871,-0.0108,4.55,5071.2,644.5,212.7,460.9,36.26,75.5,7.02,0.073,2,1,1
545.3,19.53,333.0,0.0357,-0.0206,5.69,2820.4,382.3,44.1,102.5,10.56,68.8,0.37,0.044,1,4,0
1441.0,32.45,243.2,-0.0158,0.0603,4.16,1010.6,9.1,78.7,181.2,22.39,79.7,18.47,0.0,1,3,1
1642.4,21.58,60.8,-0.0329,0.044,4.58,188.4,233.0,59.8,170.0,7.55,76.5,9.95,0.0,3,1,0
995.8,30.89,149.2,-0.0167,0.0586,5.32,198.9,40.1,2.2,3.0,0.18,39.5,0.78,0.012,1,1,0
1372.9,37.12,96.7,0.0593,-0.0222,3.55,2747.5,559.1,11.1,8.4,1.0,42.0,0.0,0.034,2,1,0
1558.8,30.89,232.0,0.0848,0.0504,4.83,505.0,148.6,10.7,16.1,0.96,47.0,2.45,0.098,3,3,0
1028.1,46.76,10.5,-0.0206,0.0394,5.7,759.4,111.5,126.5,304.6,34.26,72.3,2.71,0.084,3,4,1
1424.4,26.4,84.3,-0.0046,-0.0255,8.3,2424.6,183.4,6.4,8.1,0.58,35.0,1.02,0.099,1,2,0
1746.1,62.14,343.9,-0.0155,0.0142,2.25,76.9,183.1,164.8,350.2,23.07,79.6,12.53,0.046,5,1,1
863.9,42.71,98.2,-0.0725,-0.028,4.73,1574.1,106.7,58.2,40.9,9.07,48.7,0.6,0.029,2,3,0
2273.0,45.63,230.2,-0.0498,0.0112,4.63,1459.0,184.4,80.1,145.8,13.32,64.8,0.0,0.097,4,1,0
1726.3,32.35,117.4,0.0382,-0.0141,5.41,320.2,613.1,3.9,4.8,0.56,29.2,2.76,0.0,1,2,0
1073.7,23.58,328.8,0.0269,0.0483,6.49,3075.6,319.1,35.0,51.4,2.64,52.0,1.11,0.115,3,3,0
678.7,43.17,234.0,0.0034,0.0158,2.93,463.5,186.9,65.8,108.0,20.32,52.5,0.97,0.12,1,2,0
1739.7,20.27,25.6,-0.0371,-0.0334,8.41,842.6,32.9,23.1,28.9,1.57,34.9,4.49,0.084,2,2,0
1033.6,42.86,93.6,0.1032,0.0095,6.12,2730.9,97.9,14.5,19.0,1.88,46.9,4.83,0.05,1,1,0
549.2,37.13,289.3,0.0224,0.1054,4.37,1589.2,111.2,3.2,3.2,0.23,35.6,0.73,0.077,2,4,0
1447.2,38.85,148.6,-0.0213,-0.0375,3.09,665.1,157.6,85.2,138.5,20.22,77.3,12.82,0.04,1,4,0
739.2,24.25,359.3,0.058,0.0101,3.69,3314.5,147.4,12.0,17.6,0.82,33.4,3.53,0.0,3,4,0
1388.4,49.18,117.1,-0.0231,0.0164,2.0,125.9,793.4,76.5,244.2,14.86,87.7,24.66,7.411,4,1,1
1398.0,28.7,293.5,-0.0657,0.0164,4.69,3205.6,203.4,1.0,0.9,0.13,39.3,5.04,0.0,2,1,0
965.0,33.24,101.0,-0.0313,0.0036,2.42,570.2,521.9,130.3,234.8,19.37,75.7,9.0,0.0,2,1,0
677.4,37.91,185.4,-0.0159,0.0608,4.67,965.2,440.3,5.9,4.8,0.42,36.1,2.5,0.025,2,2,0
1055.8,34.75,269.6,-0.0369,-0.0554,5.14,1919.3,36.6,29.4,52.7,3.17,41.4,2.45,0.061,2,2,0
1463.8,32.14,165.8,0.0076,-0.071,5.3,1069.5,9.7,14.8,23.4,1.75,53.7,0.0,0.023,2,2,0
677.0,53.04,62.4,-0.0825,0.0069,5.0,20.7,103.1,185.9,523.6,35.17,81.5,15.68,0.0,3,1,1
2553.9,44.69,37.8,0.0511,-0.0074,3.52,904.5,39.4,1.2,0.9,0.11,33.7,0.0,0.029,5,3,0
763.6,41.91,225.8,0.0036,0.0148,3.4,965.4,147.4,7.7,7.1,0.52,47.3,0.78,0.03,2,4,0
1339.5,30.67,149.5,-0.0336,0.007,6.47,2768.1,299.5,1.0,1.6,0.08,38.6,1.25,0.036,4,1,0
903.4,31.18,75.4,0.0396,-0.0252,4.84,1312.7,458.8,2.1,3.1,0.18,40.7,2.17,0.092,1,4,0
463.0,20.85,229.2,0.0555,0.018,7.35,2174.1,392.5,1.0,0.7,0.12,26.1,2.56,0.124,1,1,0
380.3,36.42,69.3,0.0806,-0.0286,3.48,56.6,1118.3,22.1,36.1,2.75,37.2,3.91,0.033,1,3,0
1311.2,35.11,116.1,0.0711,-0.0766,5.64,592.4,1070.7,197.8,373.6,33.42,80.1,17.13,0.026,1,3,1
1930.1,28.7,258.6,-0.0415,-0.0811,6.35,441.9,823.1,1.0,1.3,0.16,28.3,2.24,0.058,4,1,0
927.1,35.77,310.2,0.0538,0.034,4.85,2257.7,1145.9,23.6,14.7,1.88,46.2,2.21,0.0,2,3,0
1422.0,56.84,61.5,-0.0333,-0.108,3.89,969.5,8.4,6.3,6.4,0.59,32.0,0.2,0.058,4,2,0
1256.9,30.14,87.9,-0.0223,0.0766,8.27,2562.2,33.0,2.6,3.3,0.25,50.8,1.32,0.004,3,2,0
347.6,32.95,0.4,0.0172,0.0127,2.2,552.0,558.4,4.2,3.7,0.54,38.6,0.62,0.081,1,4,0
2155.6,39.92,248.8,-0.0214,0.0099,4.15,271.1,163.6,0.5,0.4,0.08,34.8,1.82,0.006,5,1,0
299.2,14.03,33.9,-0.0754,-0.089,5.23,243.1,164.1,94.3,147.8,15.32,69.8,1.51,0.097,1,2,1
1108.7,30.17,324.5,0.0181,-0.0046,4.68,2850.5,290.6,22.6,21.8,1.52,35.6,6.8,0.0,1,1,0
1392.0,40.41,44.7,0.0003,-0.0194,4.94,355.5,596.7,1.8,2.3,0.16,29.0,3.19,0.031,4,3,0
1036.0,23.51,258.9,-0.0384,-0.0672,5.02,963.3,75.4,140.5,306.9,21.95,77.3,12.14,0.01,4,2,1
294.0,27.41,140.4,0.0407,-0.0365,5.34,36.2,18.4,111.0,348.0,31.02,88.5,27.0,0.066,1,1,1
245.8,44.91,219.5,0.0078,0.0088,5.34,1022.6,73.8,144.7,276.7,35.63,80.9,21.81,0.039,1,1,1
1331.1,32.08,349.0,-0.0593,0.0479,7.51,990.7,54.7,7.2,18.6,1.66,36.8,1.95,0.04,1,3,0
1205.1,37.16,211.6,-0.0537,-0.0573,5.15,536.3,201.4,14.3,15.2,1.04,37.1,4.32,0.073,3,3,0
1561.7,34.1,278.2,0.0948,-0.0435,3.88,1062.6,59.5,25.8,27.3,1.85,44.7,1.01,0.082,1,2,0
1987.5,45.67,128.3,-0.0202,-0.0188,6.51,1456.6,249.8,1.8,1.3,0.28,42.7,0.04,0.06,4,1,0
498.4,43.07,357.8,0.092,0.0855,3.38,265.9,380.7,8.0,12.1,0.59,41.5,0.85,0.08,1,2,0
159.8,48.96,125.5,-0.049,0.0298,3.06,1353.6,335.2,6.3,6.0,0.8,29.6,2.51,0.052,1,1,0
1294.5,21.63,83.0,0.0209,0.1088,7.08,838.1,275.7,7.2,8.6,0.89,35.4,1.13,0.111,4,1,0
1244.6,42.72,278.3,-0.0349,0.0046,2.0,45.9,332.1,18.6,10.7,1.6,25.0,1.57,0.029,3,2,0
1214.2,46.57,33.2,-0.0188,0.066,5.67,2741.4,985.1,5.2,4.2,0.74,36.1,0.0,0.047,2,4,0
1568.1,28.73,95.7,-0.0526,0.0036,7.3,724.5,1154.0,23.4,72.3,4.63,51.8,2.57,0.0,4,3,0
866.0,43.65,272.9,0.0278,-0.0254,5.44,682.3,191.1,3.3,3.6,0.27,32.3,1.77,0.096,2,1,0
1629.8,46.62,317.7,0.0416,0.0867,6.59,41.5,441.4,8.5,12.3,1.22,27.7,0.0,0.031,5,1,0
1340.2,35.49,167.3,-0.0426,0.023,4.67,1001.0,155.4,49.6,43.3,3.68,39.8,2.22,0.056,2,4,0
1390.2,23.51,122.8,-0.0198,0.0327,5.21,647.2,51.2,22.7,38.7,3.11,42.0,0.0,0.054,1,4,0
1025.3,29.85,169.7,0.0488,0.0749,7.17,3592.4,388.2,36.1,53.4,3.4,51.3,2.2,0.058,2,4,0
1855.1,34.12,234.8,0.1074,0.0507,5.19,4220.8,374.8,4.3,5.7,0.29,39.4,3.14,0.0,2,3,0
844.4,17.5,233.1,-0.0162,0.0355,7.96,1820.8,565.3,0.4,0.7,0.07,30.0,2.35,0.018,4,1,0
278.4,21.46,154.2,-0.0492,-0.0876,5.59,219.6,202.4,247.6,585.9,33.55,89.3,33.09,0.074,1,3,1
1185.6,23.32,226.3,-0.0475,-0.0196,6.97,418.7,417.6,200.9,304.2,44.62,75.7,9.4,0.077,1,3,1
819.5,24.59,336.8,0.0117,0.1273,8.12,1040.2,121.4,3.9,4.6,0.47,35.2,0.0,0.039,1,1,0
1118.3,31.12,309.3,-0.0433,0.0053,8.06,188.2,326.7,8.1,6.3,1.14,39.6,2.9,0.021,3,2,0
568.8,32.42,312.4,0.0334,-0.001,4.85,2541.1,75.6,6.3,9.9,0.54,49.5,0.79,0.0,1,1,0
1104.8,35.56,129.6,-0.1049,0.0163,3.39,212.9,478.2,20.4,36.1,2.12,47.7,0.0,0.074,2,1,0
1248.7,38.86,99.4,-0.0576,0.0142,7.77,393.6,247.7,26.1,79.2,3.62,57.1,3.63,0.041,2,2,0
1220.1,6.9,145.0,-0.0732,0.047,5.58,94.0,122.6,3.4,2.8,0.34,35.7,1.65,0.0,3,3,0
1541.4,36.7,199.5,0.0491,-0.0009,4.46,991.8,376.6,1.1,1.6,0.1,30.8,2.02,0.044,4,2,0
1085.6,44.46,344.0,-0.053,0.0434,2.57,1426.5,484.2,82.4,225.4,15.18,84.7,33.85,0.426,3,4,1
1234.3,28.85,169.1,0.0488,0.0392,5.08,690.2,608.9,23.9,16.8,1.72,33.9,3.16,0.005,1,4,0
692.3,28.46,183.1,-0.0454,-0.0096,9.12,3772.4,244.2,39.3,94.6,5.16,52.5,0.0,0.0,1,3,0
496.6,41.07,274.4,-0.0097,-0.034,3.45,1451.8,87.4,13.5,8.3,1.9,33.3,2.91,0.073,3,4,0
2118.6,28.48,170.3,-0.0788,0.0206,8.62,3228.9,115.3,6.0,4.8,0.77,33.9,0.0,0.036,5,2,0
1500.7,37.42,109.1,-0.0023,0.0048,5.28,702.4,76.4,241.6,686.6,46.64,88.7,33.81,0.164,1,1,1
140.4,31.01,306.5,0.0092,0.0652,4.59,639.1,111.4,1.0,1.5,0.15,34.7,1.82,0.029,1,1,0
880.1,23.48,181.4,-0.0308,0.0409,7.22,1255.5,697.0,36.8,109.0,6.73,60.2,3.42,0.039,1,2,0
1291.5,35.15,235.4,-0.0037,0.032,4.03,1715.9,1235.4,1.9,2.4,0.3,35.8,3.23,0.09,2,3,0
586.8,21.93,294.9,0.023,-0.0327,6.69,764.9,279.5,21.7,36.8,2.21,41.5,0.07,0.004,1,1,0
678.4,25.95,255.5,0.0437,0.0744,5.87,519.0,181.5,65.3,159.1,15.44,74.8,0.2,0.094,1,1,0
997.6,24.53,137.8,0.0086,-0.0578,4.85,965.2,578.9,2.1,1.1,0.15,39.4,3.55,0.0,2,1,0
1221.3,40.59,244.9,0.1125,0.0208,3.24,808.7,553.6,0.8,0.7,0.06,39.3,3.85,0.105,2,1,0
1753.4,37.93,30.3,0.005,0.0403,2.0,1427.2,221.9,2.4,1.7,0.33,39.9,4.17,0.078,2,3,0
1510.1,25.39,75.1,-0.0021,-0.0325,8.56,732.4,274.0,130.6,356.8,19.86,82.6,23.79,0.188,3,1,1
1894.0,54.17,44.3,-0.0145,-0.0153,5.4,2322.4,277.6,1.2,1.5,0.11,39.3,3.02,0.092,5,2,0
817.5,34.29,293.3,-0.0605,-0.0737,3.11,560.5,450.4,127.0,320.9,21.9,83.1,21.07,4.2,3,3,1
725.6,42.06,309.8,0.0117,-0.0319,4.3,1951.8,257.5,56.7,100.9,12.58,60.7,2.91,0.128,2,1,0
1158.4,37.11,111.1,-0.0641,-0.0178,7.31,510.0,61.6,0.8,0.4,0.09,34.0,2.67,0.012,1,2,0
1443.4,20.88,140.6,-0.04,0.0345,6.29,1496.2,559.2,31.1,20.8,2.86,28.7,0.0,0.029,4,2,0
2694.9,49.67,162.3,-0.0995,-0.0494,5.29,1500.4,138.5,142.0,267.9,46.34,72.4,0.07,0.008,5,2,1
1402.6,33.34,359.4,-0.0322,0.033,5.04,244.8,486.8,206.4,416.8,45.01,89.6,31.67,0.562,2,2,1
761.8,27.03,175.4,0.02,0.0447,4.92,227.7,48.1,66.5,119.4,8.37,69.4,1.91,0.027,1,2,0
2166.3,48.76,190.2,0.006,0.0351,4.56,1768.4,3.7,7.0,7.2,0.56,38.7,0.6,0.103,3,2,0
1270.3,41.21,21.7,0.0355,0.0171,6.82,1370.7,171.4,0.9,0.9,0.12,51.3,3.82,0.037,1,1,0
786.4,30.44,53.6,0.0055,-0.0725,4.98,1015.0,162.8,34.3,78.2,5.1,62.0,3.62,0.052,2,1,0
737.7,11.64,136.2,0.0962,0.04,7.3,2272.8,37.7,15.8,10.4,1.87,30.9,2.24,0.053,1,2,0
1070.5,39.3,105.6,0.0248,-0.0129,4.54,166.5,833.9,79.9,252.4,11.18,64.0,0.99,0.065,1,3,1
77.7,9.55,213.0,-0.037,0.1067,10.19,1191.2,624.3,138.4,221.8,31.06,83.1,23.46,0.036,1,4,0
1768.9,28.21,328.5,-0.0037,-0.078,7.8,609.1,90.4,10.8,13.3,0.74,46.3,2.89,0.013,3,3,0
1337.0,23.36,309.7,0.0065,0.029,4.94,4782.9,2.8,79.9,253.9,14.52,81.2,17.04,0.039,1,1,1
905.9,29.19,44.5,-0.0411,0.0084,4.52,1668.7,161.0,4.1,5.8,0.42,47.3,0.32,0.026,3,2,0
1836.5,40.9,181.1,0.0033,-0.0336,4.76,863.6,295.8,57.5,41.9,6.52,48.2,0.58,0.004,3,4,0
554.2,30.42,283.2,-0.107,0.0989,6.31,3736.5,10.4,12.4,6.6,1.68,41.7,0.81,0.022,1,2,0
722.6,27.21,276.0,0.0147,0.0261,7.56,987.6,18.2,31.9,41.3,2.45,47.1,1.82,0.018,1,4,0
1424.3,25.25,303.4,0.0744,0.0912,7.49,91.1,79.8,4.9,7.4,0.41,39.7,1.03,0.0,3,2,0
1291.5,37.23,187.2,-0.0124,0.0764,3.14,1342.6,331.7,139.8,243.5,28.54,74.0,2.52,0.081,2,3,1
1839.3,45.23,326.0,-0.0776,-0.0432,3.1,150.7,438.2,272.2,617.4,52.64,73.4,3.35,0.057,4,3,1
517.6,41.41,44.8,0.0387,-0.0214,5.65,53.1,202.1,4.6,6.5,0.38,26.9,0.56,0.091,3,2,0
756.9,35.43,4.6,-0.0392,0.054,6.03,931.1,19.4,201.0,570.5,33.75,83.4,20.13,3.844,3,4,1
2175.7,45.48,60.3,-0.0213,-0.0729,2.04,3191.3,950.2,54.1,85.9,16.27,61.5,0.54,0.037,5,3,0
1267.6,29.04,155.1,-0.047,0.0246,6.1,341.2,134.0,12.7,7.5,1.95,35.9,0.0,0.082,3,2,0
790.9,46.18,263.3,-0.0241,0.008,2.37,996.9,202.5,182.1,339.6,56.71,75.7,11.1,0.022,1,4,1
811.2,12.51,328.3,0.0638,-0.0078,6.37,1851.4,20.9,138.7,249.4,22.61,79.9,17.48,0.0,2,2,1
2254.3,33.09,48.5,-0.0305,0.0426,4.4,1303.6,502.1,7.7,7.1,0.54,39.8,3.47,0.058,5,2,0
1373.3,44.01,301.5,-0.0483,0.0113,5.1,1193.6,274.7,28.0,25.5,1.91,42.2,1.15,0.0,1,1,0
1317.1,32.66,302.2,0.0812,0.0304,2.0,308.6,211.4,50.9,117.1,12.68,65.8,0.0,0.0,2,2,0
2016.7,37.57,232.5,-0.0026,-0.0499,2.78,586.2,327.3,0.4,0.5,0.03,28.3,0.78,0.062,4,1,0
917.6,39.74,267.4,0.0206,0.0126,4.25,569.1,107.1,3.3,4.5,0.27,35.6,2.41,0.047,2,4,0
2170.8,41.4,40.5,-0.0471,-0.073,6.01,921.6,65.8,12.0,21.4,0.91,51.6,1.38,0.066,3,4,0
806.7,31.7,83.8,0.0339,-0.0231,4.57,257.7,332.8,4.0,4.6,0.44,40.7,4.87,0.058,1,2,0
1574.8,34.85,50.3,0.0304,0.0322,5.1,1515.7,1.0,26.1,13.9,2.42,37.7,3.0,0.071,1,3,0
367.4,29.76,64.8,-0.018,0.0214,5.32,280.5,147.7,68.5,175.2,9.07,73.9,0.61,0.089,1,1,0
1576.0,45.42,237.8,0.0046,0.0543,5.63,3870.5,57.4,0.2,0.3,0.02,37.2,1.68,0.116,5,2,0
1202.7,29.65,278.4,0.0147,-0.0275,6.8,3600.2,571.9,169.0,443.9,52.72,70.9,2.8,0.085,4,1,1
1708.9,29.63,55.1,-0.0648,-0.1029,5.17,1434.9,201.7,142.4,333.9,19.18,72.4,3.52,0.061,1,2,1
1099.2,46.11,326.7,0.0117,-0.0129,4.85,4401.6,506.7,2.3,1.8,0.23,48.5,0.0,0.005,1,4,0
1312.7,38.01,284.9,0.0395,-0.1234,5.68,223.8,18.9,1.3,1.0,0.1,27.9,5.23,0.061,2,2,0
909.8,22.93,223.6,0.0184,-0.0188,6.76,5679.8,316.5,71.6,131.1,17.2,82.0,16.6,0.009,4,3,0
1308.0,53.79,311.5,0.0088,0.0353,4.36,55.5,45.1,1.0,0.6,0.08,30.4,1.39,0.04,3,4,0
972.5,44.69,181.1,0.0016,-0.0277,3.73,1419.2,400.0,16.9,18.9,1.62,39.5,2.86,0.088,1,2,0
465.7,40.02,317.3,-0.0609,-0.0106,4.83,126.0,94.6,7.0,11.0,0.57,38.5,2.89,0.03,1,3,0
1287.4,35.35,201.6,-0.0583,-0.0797,6.19,4020.2,5.4,28.1,48.0,4.68,47.8,0.6,0.063,2,3,0
697.0,30.5,88.5,0.0383,0.0128,3.84,231.4,162.6,128.4,398.4,42.29,84.2,17.36,0.053,1,3,1
604.8,34.49,341.5,0.0531,0.0326,5.27,1055.2,459.6,15.7,21.4,1.76,48.9,1.87,0.062,1,2,0
1207.9,28.65,294.2,0.0553,-0.0136,5.54,770.0,36.8,14.5,17.7,1.86,37.8,3.67,0.017,2,1,0
50.0,17.56,44.7,0.0732,-0.0801,9.55,1644.7,346.7,102.6,210.9,13.1,86.8,35.14,0.056,1,4,0
1180.1,19.36,313.3,-0.0068,-0.0672,7.4,1320.6,162.1,11.8,16.5,0.86,42.4,3.71,0.132,2,2,0
1111.6,44.03,123.1,-0.0016,-0.0613,3.6,2219.0,297.5,7.4,11.3,1.01,42.8,0.1,0.02,1,3,0
1206.1,24.78,139.4,0.0315,0.0186,5.46,834.8,252.9,146.4,305.1,30.76,84.8,28.66,0.063,2,1,1
942.0,35.75,20.4,-0.0859,0.0586,3.16,315.8,471.6,160.9,335.6,53.53,72.4,3.23,0.071,2,2,1
1161.1,27.78,320.8,-0.0211,0.0851,7.48,459.2,701.8,7.4,10.5,0.8,32.6,0.16,0.025,4,2,0
1773.0,27.46,185.2,0.041,-0.0742,4.68,1642.3,291.9,51.8,80.0,7.46,54.4,2.83,0.027,2,1,0
2194.5,33.3,118.2,-0.0645,0.0418,5.23,616.4,756.9,1.5,1.8,0.15,50.6,3.5,0.077,4,4,0
2202.9,38.19,22.8,0.1436,-0.0276,5.96,3966.8,176.2,2.4,2.4,0.22,46.9,1.11,0.01,4,3,0
1357.7,44.81,125.4,0.0113,0.0168,3.93,157.0,152.9,18.8,32.0,2.14,54.8,4.33,0.082,3,4,0
1083.2,22.14,225.7,-0.03,0.0116,8.3,464.9,12.4,83.1,197.7,12.55,69.0,3.48,0.029,1,2,1
829.6,13.76,341.7,0.0207,-0.0293,4.62,569.7,533.1,19.6,25.4,2.27,36.4,1.51,0.041,1,1,0
2101.3,33.89,249.1,-0.1395,0.0097,4.14,970.0,25.8,193.7,616.4,29.98,78.2,13.9,0.0,4,1,1
239.3,30.75,49.4,-0.0252,0.0236,7.98,1149.9,135.9,1.1,0.8,0.08,41.7,1.66,0.039,1,4,0
1669.0,36.27,56.9,0.0366,-0.059,5.4,925.2,110.4,10.1,13.4,1.63,36.3,0.26,0.069,3,1,0
1562.5,35.87,151.7,0.0006,-0.0281,5.7,1719.7,55.1,6.1,3.1,0.51,38.2,0.94,0.029,4,1,0
2341.4,45.1,128.1,-0.0256,0.1023,3.56,1717.0,308.4,1.6,0.8,0.15,30.6,0.89,0.054,4,1,0
1242.3,39.11,283.5,-0.0597,-0.067,2.0,2529.4,170.4,4.3,4.8,0.33,40.8,2.97,0.08,4,2,0
1713.2,50.28,298.9,-0.0234,0.0479,3.79,363.5,2083.8,15.7,27.7,1.76,39.3,0.88,0.023,3,2,0
1388.7,32.46,37.6,-0.0065,0.0072,8.46,708.9,157.6,5.7,6.3,0.54,37.7,3.74,0.006,1,1,0
1717.0,34.4,133.8,-0.017,-0.0135,4.93,586.1,73.5,128.7,339.2,31.63,81.2,21.3,0.028,2,1,1
1707.9,18.41,208.8,-0.0155,-0.0065,6.12,225.8,944.9,20.3,17.9,1.71,39.4,4.51,0.035,2,2,0
424.4,26.91,269.2,0.0995,0.0335,4.17,114.8,117.7,21.3,13.2,1.52,39.6,1.45,0.055,2,2,0
1620.9,43.33,116.0,-0.1057,-0.0555,4.03,3438.6,492.5,135.7,333.5,27.25,84.3,16.66,6.214,4,4,1
1672.5,26.51,12.6,-0.0439,-0.0522,5.17,412.7,260.4,89.5,279.2,13.76,85.9,29.58,0.099,3,1,1
2003.4,42.58,95.3,-0.0676,-0.0896,4.75,2250.6,221.8,74.5,120.9,12.73,77.6,12.35,0.052,3,3,1
1105.2,23.42,223.3,-0.0134,0.0627,5.4,1062.1,67.9,65.5,40.6,6.32,47.8,1.32,0.0,3,1,0
324.1,44.88,139.4,0.1417,0.0767,3.41,70.2,176.7,80.3,216.5,20.12,79.8,20.56,0.098,1,1,1
1114.5,15.13,351.6,0.0459,0.0304,6.3,3611.6,76.7,26.9,30.2,3.2,42.7,1.45,0.096,1,1,0
638.2,49.83,98.8,-0.0633,0.0576,4.15,1331.2,475.3,12.2,12.7,1.25,26.0,3.75,0.036,2,2,0
2072.4,39.44,319.1,0.0212,-0.0385,3.83,1429.8,286.0,0.4,0.3,0.03,42.6,3.86,0.061,5,1,0
2240.1,27.19,353.7,0.0113,-0.0095,6.97,523.7,261.3,52.3,143.1,16.41,71.7,3.13,0.1,5,1,0
437.4,26.83,73.8,0.0101,0.0148,7.6,181.3,178.7,146.4,361.2,23.53,84.3,17.39,0.091,1,3,1
1283.8,33.29,340.3,-0.0338,0.0412,3.06,867.4,227.5,10.0,10.8,1.12,27.5,2.24,0.048,3,3,0
1215.3,45.77,247.4,0.0653,0.0137,5.54,698.4,154.7,0.2,0.2,0.03,30.9,2.3,0.093,3,3,0
1809.8,30.97,50.5,0.0171,-0.0687,5.23,3016.2,68.6,40.7,106.8,9.19,51.6,4.57,0.079,3,3,0
1849.8,37.13,47.5,0.0055,-0.0056,5.46,19.8,275.0,97.8,154.9,13.01,72.1,1.53,0.0,4,2,1
2211.3,55.56,354.5,-0.0139,-0.1045,3.29,226.3,116.9,79.4,208.2,9.94,88.0,25.13,7.361,5,3,1
841.1,34.94,75.4,0.0699,0.009,7.21,2048.0,274.5,118.1,246.8,21.62,84.5,20.64,9.151,2,3,1
512.0,41.45,326.4,0.0358,-0.002,3.05,1187.2,628.3,5.1,6.4,0.51,32.4,1.97,0.098,2,3,0
2037.7,49.08,149.0,0.1335,0.0737,2.46,591.4,448.8,4.9,6.4,0.39,34.6,4.23,0.119,3,2,0
302.8,35.08,119.3,-0.0408,0.0018,5.25,2492.5,507.9,8.8,14.0,0.8,41.8,3.46,0.046,1,1,0
1423.9,41.38,178.6,-0.0949,0.0248,7.06,1752.0,289.4,6.9,6.9,0.47,29.5,2.18,0.05,1,1,0
751.0,18.53,345.6,-0.0316,-0.0188,6.8,795.6,21.3,17.2,17.7,2.46,40.0,4.52,0.079,2,1,0
581.7,29.28,99.8,0.0249,-0.0065,5.64,2570.4,495.2,135.3,404.8,17.47,80.8,19.06,0.078,3,1,1
2147.6,37.07,245.8,-0.004,0.0331,6.29,1765.4,57.5,2.8,3.4,0.43,29.4,0.3,0.04,4,2,0
1642.0,37.45,70.4,-0.048,0.0408,4.72,1213.8,105.3,29.2,79.0,6.01,63.4,2.82,0.005,3,1,0
1447.3,29.85,1.6,-0.0032,0.0312,6.03,53.2,792.7,25.1,23.2,1.91,49.1,4.17,0.078,1,2,0
2306.7,53.87,236.3,0.0055,0.015,4.43,338.7,840.9,4.1,4.9,0.34,55.4,2.31,0.006,5,4,0
922.2,26.33,242.1,-0.019,0.0128,5.37,2568.7,866.0,220.6,478.2,28.75,89.6,25.51,0.059,3,3,1
540.1,21.98,156.7,-0.0954,0.0643,5.68,4291.3,318.3,171.3,498.5,30.3,80.3,19.8,0.087,1,1,1
1774.7,22.71,181.4,-0.148,0.0152,7.45,1944.6,165.4,61.0,102.3,13.93,64.9,1.54,0.054,3,3,0
1281.9,31.83,309.9,-0.0266,-0.0211,7.6,2521.8,798.4,6.6,7.6,1.02,36.0,3.27,0.004,1,1,0
1115.0,55.12,45.2,-0.0425,0.1074,2.0,190.4,556.9,3.5,4.5,0.37,31.7,0.42,0.005,1,4,0
970.0,36.84,102.3,0.0033,0.012,6.19,292.9,104.3,0.4,0.7,0.05,29.4,2.11,0.035,2,1,0
1435.2,22.06,109.5,0.0983,0.0138,5.36,862.2,527.5,48.6,148.0,6.57,68.2,1.54,0.138,3,3,0
1466.3,24.79,90.8,-0.0299,-0.0235,7.01,43.0,301.7,48.7,56.9,4.79,45.7,1.94,0.025,4,2,0
806.6,19.66,28.3,-0.0198,0.0245,4.15,3436.4,658.7,117.2,266.7,33.26,86.6,16.17,0.09,1,4,0
1466.0,30.89,183.7,-0.0927,-0.0234,7.02,764.9,497.6,116.8,200.3,25.61,75.3,11.77,0.012,1,2,0
435.1,17.62,260.7,0.0148,0.0801,8.42,1624.5,5.8,6.8,10.0,0.84,39.9,3.64,0.085,1,2,0
1253.4,38.53,247.1,-0.0503,-0.018,5.23,64.1,56.5,41.4,64.3,6.78,43.0,0.98,0.11,1,1,0
2401.8,40.82,148.0,0.0195,0.018,6.07,1505.8,29.6,160.5,286.1,33.91,77.4,9.23,0.041,4,1,1
1120.7,31.54,278.3,0.0529,-0.0409,4.82,374.2,7.9,4.9,6.6,0.4,41.1,5.44,0.067,2,1,0
586.2,30.76,6.7,0.0695,-0.0315,5.88,499.5,1382.2,2.9,4.2,0.22,27.1,2.65,0.151,1,2,0
416.6,37.53,125.7,0.0386,0.019,4.82,858.9,570.3,10.2,9.2,0.73,29.5,5.47,0.079,1,4,0
856.0,17.85,293.3,-0.0317,-0.0435,10.39,618.5,504.4,73.4,148.3,13.17,76.4,12.64,0.087,3,1,0
1214.7,40.67,93.4,-0.0235,0.0058,3.44,2959.2,122.9,22.2,13.3,2.03,38.0,2.92,0.118,2,1,0
1152.1,35.37,84.2,0.0275,-0.0046,4.17,889.7,363.3,0.2,0.1,0.02,34.0,0.57,0.044,2,3,0
365.7,32.56,342.1,-0.0069,0.027,7.51,170.3,129.0,141.3,268.2,25.42,87.9,21.86,2.166,1,2,1
783.8,27.93,248.0,-0.1256,-0.012,5.65,1356.4,281.8,256.5,609.8,48.02,88.3,39.0,0.024,1,1,1
1290.5,45.19,86.6,0.1165,-0.0403,4.2,139.5,260.0,2.5,1.3,0.28,31.8,3.94,0.12,3,1,0
1415.8,31.91,91.1,-0.0022,0.0191,8.06,3222.6,82.8,119.0,225.7,25.37,74.3,2.13,0.008,1,3,1
1167.8,21.84,27.8,0.0305,-0.0025,6.83,582.1,20.4,0.5,0.3,0.04,42.6,2.27,0.017,3,3,0
136.4,15.53,238.1,0.0354,-0.028,8.87,3087.1,1493.0,0.5,0.8,0.04,40.0,2.08,0.047,1,2,0
653.9,40.02,230.0,-0.0398,0.0003,5.36,423.8,52.4,91.5,159.9,21.87,83.4,22.25,0.759,1,2,1
698.7,32.67,152.0,0.0311,-0.036,5.1,259.3,311.6,11.5,7.2,0.84,51.2,3.63,0.058,1,2,0
1237.9,26.36,215.5,-0.0531,-0.0132,5.73,74.8,1162.0,7.2,11.0,0.68,34.5,1.51,0.099,3,1,0
1170.9,38.24,10.7,0.0318,-0.0042,2.52,405.2,181.6,12.4,14.9,1.98,35.3,1.38,0.13,2,2,0
831.0,18.48,360.0,0.0072,-0.0365,6.1,1955.0,145.5,92.4,168.2,17.71,75.4,6.59,0.109,1,3,1
1258.8,46.65,31.9,-0.0266,-0.0131,2.0,680.8,1118.6,2.0,2.5,0.16,36.2,0.6,0.058,4,2,0
1215.7,37.77,308.3,-0.0093,0.0969,3.72,135.4,69.4,11.5,14.0,0.79,28.0,1.65,0.103,3,3,0
1160.9,31.83,310.8,0.0399,0.0294,5.83,2539.1,1418.9,0.3,0.3,0.05,28.2,2.2,0.004,1,1,0
794.0,19.58,267.8,0.0074,-0.0362,7.89,519.8,42.5,6.3,3.4,0.6,32.3,2.68,0.05,2,4,0
1043.4,38.45,188.7,-0.0638,-0.0403,6.98,1313.7,82.5,70.9,182.6,10.06,77.4,16.13,0.007,3,4,0
1341.1,31.22,338.6,-0.0271,0.0171,4.28,144.6,589.6,33.3,78.7,5.06,51.3,0.23,0.09,2,2,0
951.1,31.83,119.3,-0.0449,-0.0707,4.57,368.0,499.8,4.5,6.8,0.72,29.9,2.87,0.073,2,4,0
1772.5,43.39,332.7,-0.0137,-0.0557,5.97,184.7,160.7,2.6,2.6,0.2,37.7,3.56,0.0,3,3,0
901.2,48.32,11.4,0.0021,0.0251,4.99,1384.2,88.4,29.5,63.0,5.7,42.5,3.66,0.113,1,3,0
2151.4,47.61,71.5,0.0162,0.0592,4.72,189.1,145.7,21.0,19.2,1.79,34.7,4.67,0.004,4,3,0
1510.7,30.29,261.8,-0.0384,0.0104,6.0,149.3,7.9,91.0,162.9,24.29,68.8,1.83,0.009,1,3,1
1375.2,31.83,253.1,-0.1026,0.012,4.76,2297.4,146.4,7.2,8.7,0.55,41.3,0.66,0.146,3,3,0
874.9,29.25,121.4,0.0051,0.013,5.06,328.4,138.2,23.5,37.0,2.66,41.7,0.83,0.079,2,1,0
1377.9,18.62,210.6,-0.0251,-0.0804,5.59,2022.7,259.8,228.9,445.7,36.17,85.3,24.7,0.032,3,3,1
1458.7,37.7,105.2,0.0149,-0.0036,2.87,4072.1,15.5,10.5,6.8,0.95,39.2,1.39,0.018,4,1,0
806.7,41.44,200.8,-0.0231,0.0594,3.14,374.3,354.2,19.4,21.7,1.3,44.1,1.76,0.059,2,2,0
890.2,44.09,83.2,0.0155,0.0027,7.26,2271.6,318.2,3.2,2.3,0.23,38.3,2.42,0.026,2,1,0
1343.2,35.95,48.0,-0.0643,0.1013,7.32,325.0,413.8,21.9,29.9,1.53,43.4,0.0,0.006,2,1,0
1780.8,41.2,129.7,-0.0548,0.0305,5.59,803.2,244.1,28.8,15.9,2.17,32.7,5.33,0.001,5,3,0
1320.3,24.0,128.2,0.0411,-0.1051,6.27,439.5,305.1,219.3,635.8,40.37,69.5,4.68,0.013,4,1,1
2092.2,48.85,137.7,0.0148,0.1581,2.73,3442.6,496.6,297.2,774.4,38.15,80.9,19.85,0.101,5,2,1
686.8,43.89,246.4,-0.0351,0.0174,4.09,806.8,627.6,22.9,36.2,1.82,48.4,3.79,0.024,1,4,0
1567.4,29.56,193.1,0.0075,-0.0181,5.68,693.9,567.9,9.7,10.6,1.25,38.8,2.27,0.0,4,1,0
1702.9,36.44,13.0,-0.0049,0.0468,2.0,322.1,40.3,1.6,1.8,0.21,35.4,0.83,0.029,4,3,0
1457.8,42.42,62.3,0.1104,-0.009,2.03,135.2,320.9,111.1,246.7,22.64,77.3,8.38,0.102,2,2,1
1184.4,50.28,35.5,-0.0247,-0.0395,6.41,159.1,296.0,176.6,542.6,26.32,64.7,2.54,0.019,4,3,1
1288.9,26.59,39.4,0.0017,0.0531,6.16,800.6,997.2,17.8,27.2,2.08,46.2,3.14,0.0,3,1,0
1638.3,28.86,150.8,-0.057,0.048,3.03,1111.1,683.5,9.8,15.0,0.88,36.4,1.11,0.086,3,4,0
2125.0,41.42,42.8,-0.0074,0.0896,3.38,1197.5,1057.0,30.0,71.3,6.47,55.4,2.17,0.061,5,1,0
2019.4,46.14,315.2,-0.0493,0.019,3.38,315.4,248.2,23.6,34.3,1.84,46.5,1.55,0.039,3,3,0
1713.3,52.03,60.7,0.0027,0.0029,3.21,1463.9,395.4,19.5,14.7,1.53,41.2,2.43,0.049,5,2,0
1299.3,39.34,200.5,0.0183,-0.0163,3.03,136.4,328.8,9.6,9.3,0.81,45.3,1.3,0.066,3,4,0
1265.3,32.56,70.4,0.0574,-0.0664,3.03,472.8,138.2,2.7,3.6,0.28,28.7,3.86,0.005,4,1,0
956.1,27.43,114.1,0.1019,-0.0881,5.45,637.7,413.1,2.3,2.1,0.31,38.6,0.69,0.053,2,4,0
1010.5,24.83,177.7,0.0068,0.0305,7.1,4870.6,472.1,37.9,51.3,4.79,45.5,3.75,0.043,2,2,0
162.3,20.69,105.2,-0.0176,-0.0875,5.78,228.6,410.9,114.1,293.7,31.81,90.5,42.74,0.102,1,3,1
689.3,32.63,196.9,0.0586,0.0754,4.44,2009.5,124.0,74.3,213.7,24.54,86.2,29.79,1.846,2,1,1
1450.7,36.52,309.9,0.0074,0.039,6.66,125.2,209.5,1.4,1.7,0.12,45.6,0.27,0.052,2,1,0
906.7,38.67,319.6,-0.01,0.0326,5.12,893.5,365.2,0.8,1.3,0.11,23.4,4.01,0.042,3,1,0
1768.4,46.59,30.3,-0.0211,0.0627,3.41,2384.8,420.2,86.8,189.4,23.18,79.0,18.73,0.045,3,4,1
141.4,31.71,52.9,-0.0157,-0.0033,4.26,9.6,749.2,15.2,9.4,2.18,40.2,4.57,0.094,1,2,0
659.1,44.84,136.4,-0.0268,-0.0193,3.14,2951.3,343.5,92.8,260.2,13.97,72.8,1.44,0.021,2,2,0
476.9,34.42,142.5,-0.0763,-0.0098,5.53,2435.3,13.6,8.6,12.4,0.62,41.6,2.19,0.0,1,1,0
1350.7,26.64,43.6,-0.0328,-0.07,5.66,312.8,1005.4,62.6,153.2,13.06,76.5,10.61,0.101,3,1,0
1315.8,21.66,48.1,0.0381,0.0599,2.64,4484.2,371.5,39.0,60.2,3.75,36.2,1.17,0.015,2,2,0
1383.2,44.53,291.5,0.0121,-0.0125,3.64,1313.8,703.4,11.0,19.4,1.64,41.4,1.22,0.0,3,3,0
2147.6,37.76,137.4,0.0479,-0.0388,4.96,2131.6,96.9,40.6,76.3,8.33,56.3,3.92,0.003,5,3,0
312.3,37.55,353.1,0.0921,-0.0275,4.11,3743.9,27.3,1.0,0.6,0.11,30.6,0.19,0.0,4,1,0
1088.2,29.67,278.9,0.0598,0.0422,5.19,4868.4,533.8,33.5,58.3,3.26,46.2,1.75,0.095,1,1,0
1168.1,38.65,339.9,-0.0384,-0.0435,8.18,2712.6,134.1,2.2,1.4,0.22,38.6,0.49,0.018,1,2,0
1672.5,39.83,258.8,-0.0904,0.0014,4.69,1614.5,254.2,1.9,1.7,0.22,39.1,5.33,0.097,2,1,0
777.9,34.68,230.5,0.0721,-0.008,5.1,337.4,78.6,94.3,272.2,25.21,73.5,0.0,0.042,1,2,1
1351.8,28.59,182.3,0.0217,-0.0081,8.15,48.4,209.5,0.6,0.5,0.09,24.8,0.67,0.0,2,1,0
2528.8,32.58,239.9,0.048,-0.0187,5.51,479.4,492.0,23.5,38.1,1.79,50.8,2.51,0.063,5,4,0
1359.0,15.69,296.1,0.0316,-0.016,6.58,2108.4,627.2,201.0,367.2,61.91,80.1,14.13,0.015,2,2,1
1462.7,38.66,347.0,0.0508,-0.0156,4.46,1625.7,78.6,79.5,201.4,18.52,79.0,16.75,0.0,2,3,1
1677.6,36.15,132.2,0.0325,0.0051,4.86,382.3,284.0,3.7,2.4,0.44,48.3,4.52,0.013,2,4,0
2309.7,35.77,212.7,0.0433,-0.0302,4.49,809.1,178.5,11.2,16.1,0.89,34.8,1.25,0.066,5,2,0
1462.9,35.1,175.8,-0.0045,0.0111,4.57,357.8,58.4,237.7,409.0,74.63,77.1,15.82,0.068,3,2,1
1242.0,44.75,340.6,-0.0145,0.0028,5.69,585.8,129.9,1.3,2.2,0.21,32.5,0.58,0.033,3,4,0
1535.1,33.16,213.1,0.016,-0.0274,2.98,4260.0,866.0,5.0,3.9,0.49,43.9,3.49,0.065,2,2,0
402.4,31.49,173.3,-0.0027,-0.0828,6.27,986.8,53.9,148.3,312.1,33.91,67.1,1.94,0.009,2,1,1
50.0,34.25,110.0,0.0104,0.0445,4.15,1220.7,792.2,0.9,1.0,0.08,41.9,2.66,0.013,1,2,0
978.6,42.62,157.2,0.013,0.0051,4.7,1832.1,0.1,110.1,289.2,17.81,84.3,28.97,0.12,2,4,1
854.4,45.07,38.6,-0.001,-0.0139,4.45,3019.0,51.6,157.7,252.7,37.03,73.1,1.36,0.031,4,1,1
1326.1,33.86,284.9,-0.0786,0.0757,4.12,1239.1,115.1,73.5,203.5,10.37,82.2,24.43,0.432,2,3,1
1033.1,50.99,351.5,-0.0366,0.0476,4.25,749.3,222.7,69.5,189.8,20.09,90.2,37.07,0.959,2,4,1
851.9,44.75,291.4,-0.041,0.058,3.35,362.0,12.4,80.8,175.7,10.22,71.8,4.31,0.074,3,1,1
2404.0,28.87,13.2,-0.0206,-0.0316,3.28,388.6,557.0,147.5,436.0,34.7,84.0,27.39,0.069,4,2,1
744.6,34.09,330.7,0.0033,-0.0044,3.81,563.6,242.1,9.4,7.4,1.16,28.1,0.0,0.05,1,1,0
1763.7,35.57,28.1,-0.1074,0.0639,5.3,105.9,387.1,13.1,18.4,1.83,42.5,3.08,0.077,3,2,0
1074.5,47.91,344.2,0.0065,-0.0423,5.82,71.0,358.8,2.7,2.2,0.34,32.6,1.04,0.051,2,3,0
939.7,15.65,136.6,0.0258,0.0659,7.37,509.1,93.4,16.2,27.8,1.22,44.9,1.68,0.101,1,3,0
887.4,26.42,292.9,0.0318,-0.0089,6.0,582.1,204.5,12.4,14.5,1.67,37.1,3.39,0.023,2,1,0
1804.9,49.2,28.9,0.0296,-0.0238,2.95,2434.3,37.9,136.5,309.8,22.59,80.4,15.93,0.052,5,3,1
1259.0,28.01,17.2,0.0684,-0.0588,7.44,125.2,6.7,100.6,273.3,13.53,82.8,24.87,0.023,3,3,1
1487.7,20.44,359.8,0.0617,-0.0302,9.41,237.9,160.2,10.1,5.9,0.9,37.6,4.73,0.079,1,3,0
703.4,20.03,58.7,0.0237,0.0897,4.79,931.9,306.8,30.9,44.7,2.56,49.1,3.76,0.04,3,3,0
1416.6,45.84,94.4,-0.0345,0.1373,3.68,14.1,232.7,15.8,28.0,1.19,43.3,2.56,0.094,2,1,0
1672.9,20.79,309.6,0.0211,-0.0412,7.54,2502.7,501.0,4.1,2.0,0.49,46.3,0.0,0.039,4,2,0
1778.9,40.81,19.9,-0.0718,-0.0319,6.4,432.5,1129.6,1.6,2.4,0.19,27.4,2.31,0.07,2,2,0
1805.4,29.32,239.3,-0.0314,0.0321,8.28,152.1,779.8,45.3,71.8,5.72,55.6,1.44,0.012,3,1,0
1454.6,37.89,122.6,0.0004,-0.0461,4.73,2572.4,48.3,19.4,16.5,1.83,53.4,1.71,0.027,4,3,0
573.6,33.94,117.8,0.026,0.0474,5.24,1385.8,76.0,12.2,21.7,1.28,34.4,1.17,0.047,1,2,0
175.6,28.94,222.5,0.0739,0.0426,7.27,1931.2,428.1,9.0,5.1,0.75,26.7,1.89,0.025,1,3,0
968.8,36.64,115.9,0.0021,0.0494,2.5,483.5,108.3,4.3,5.4,0.35,36.4,3.34,0.105,1,2,0
2091.9,49.94,131.3,-0.025,0.0107,4.7,676.7,25.1,29.5,36.9,3.1,42.9,3.19,0.065,4,3,0
111.9,32.04,13.2,0.0461,-0.0266,4.24,3145.8,190.8,21.6,16.2,1.83,31.3,0.56,0.076,1,2,0
1644.4,25.33,260.7,0.0004,-0.0739,4.89,1590.1,424.8,156.6,473.2,30.99,74.2,4.68,0.116,2,1,1
863.7,37.85,88.6,0.0688,0.0648,8.33,2973.8,93.7,89.7,142.7,22.4,72.1,3.08,0.022,3,1,0
455.2,20.76,110.5,-0.0118,0.0301,5.57,114.0,755.1,2.6,3.8,0.33,47.8,6.11,0.046,1,2,0
1633.3,47.62,54.4,-0.0282,-0.0546,4.28,397.8,18.0,0.4,0.7,0.07,29.0,3.6,0.134,3,4,0
1494.3,39.79,186.4,-0.0313,-0.0223,3.65,1510.0,50.6,18.2,19.8,2.15,28.9,2.2,0.02,2,2,0
1396.4,27.24,136.3,0.0715,0.0616,5.49,904.2,745.5,132.8,339.4,22.99,76.1,8.95,0.085,2,4,1
1535.6,40.36,149.6,0.0682,-0.0673,3.56,967.9,276.6,124.1,238.7,28.38,80.8,19.86,0.063,4,1,1
328.4,28.04,205.6,0.024,0.072,6.3,784.0,63.2,8.6,15.6,0.59,45.8,2.04,0.036,1,4,0
1620.0,23.68,107.2,-0.1152,-0.0932,4.16,1122.3,537.0,27.4,13.9,3.74,51.7,1.48,0.079,2,3,0
1196.1,20.63,336.6,-0.044,-0.0333,2.91,234.6,229.0,128.3,300.2,23.43,69.0,3.46,0.097,1,4,1
1757.1,46.84,70.4,0.065,-0.0622,3.25,3003.0,628.4,41.9,26.5,3.78,52.1,2.21,0.023,5,1,0
891.9,44.06,162.8,0.041,0.0525,4.02,629.5,671.1,0.5,0.4,0.04,35.3,4.33,0.071,1,1,0
1990.8,36.72,11.6,0.0057,-0.0124,5.07,331.9,11.1,318.4,542.0,57.49,72.8,1.6,0.041,2,3,1
756.0,31.68,337.2,0.0168,-0.0144,4.11,1298.4,44.5,39.0,37.3,5.03,40.8,0.62,0.103,1,1,0
1113.0,38.45,62.1,-0.0345,0.0197,2.53,2871.0,1540.3,39.1,63.8,3.68,57.5,2.08,0.091,2,1,0
839.8,30.42,132.0,-0.0033,0.0585,6.95,2725.3,70.0,0.4,0.5,0.04,29.5,0.64,0.068,1,1,0
1536.1,46.52,238.6,-0.0657,-0.0151,4.83,3.3,1624.4,15.5,25.6,1.04,40.4,2.02,0.08,4,4,0
993.5,36.22,109.5,0.0389,0.0241,4.58,447.1,226.4,58.2,170.5,8.7,74.1,1.29,0.029,2,1,0
756.5,37.05,116.4,0.0125,0.0383,4.95,434.7,654.8,9.0,15.4,1.12,42.4,2.86,0.0,1,2,0
1086.5,45.22,135.4,-0.0517,0.094,4.19,417.7,462.7,179.3,439.7,29.72,78.2,12.28,0.092,3,2,1
1197.1,38.48,293.6,-0.1248,0.1076,6.62,401.3,489.0,0.5,0.6,0.05,39.4,2.95,0.022,4,2,0
1600.5,33.7,274.4,0.0565,-0.0236,6.59,121.6,834.6,42.0,116.1,5.79,68.7,0.85,0.052,1,4,0
1233.5,41.53,255.6,0.0136,0.0534,4.29,748.0,200.2,32.2,91.8,10.47,64.5,1.76,0.028,4,2,0
728.0,22.26,300.2,-0.0448,0.0316,8.78,128.7,84.9,96.8,287.0,21.39,82.3,18.62,0.072,1,3,1
1226.2,37.24,167.2,-0.0305,0.0226,2.0,2744.8,763.3,15.6,24.3,1.43,50.0,2.44,0.001,2,1,0
1472.3,49.23,188.8,-0.0997,-0.0172,2.85,675.4,366.7,4.6,6.1,0.31,23.9,1.93,0.091,3,1,0
1048.6,30.43,136.7,0.0068,0.0367,4.47,4267.8,200.4,97.9,199.7,24.58,70.8,3.77,0.064,1,4,0
959.4,48.72,24.3,-0.0059,-0.0303,3.26,3454.2,193.3,197.7,483.9,53.47,82.5,16.92,0.991,2,4,1
1857.3,41.94,93.6,-0.0212,0.0308,7.56,1253.8,1429.3,4.2,3.8,0.39,31.4,0.72,0.066,3,2,0
1758.9,30.66,250.4,-0.0081,-0.0256,3.43,490.0,215.6,13.8,17.1,0.93,41.0,2.32,0.0,2,1,0
755.7,34.88,143.7,0.0285,-0.0058,3.61,1702.7,1092.4,48.1,152.5,6.07,75.8,8.11,0.037,4,4,0
1292.3,42.29,11.1,0.0373,0.0383,4.63,2134.7,375.1,24.7,78.4,3.44,48.2,1.36,0.022,2,1,0
475.8,30.48,264.9,0.1054,0.0452,5.85,309.5,330.8,153.4,234.2,31.02,80.6,17.18,0.046,2,4,1
879.1,34.55,228.3,-0.0397,-0.0111,2.95,1739.8,0.0,30.9,36.0,2.62,43.0,1.47,0.125,4,1,0
1213.3,46.59,288.6,-0.0186,0.0754,2.34,1253.7,525.5,16.1,10.6,1.74,32.3,1.2,0.033,1,1,0
1471.2,34.83,208.8,0.0284,-0.0094,3.91,46.9,484.5,25.0,61.3,5.21,45.3,0.88,0.093,3,1,0
1633.3,29.23,13.3,0.0049,-0.0452,4.99,604.1,113.0,130.3,394.0,28.77,81.0,16.66,0.035,3,3,1
960.6,23.49,242.7,-0.0137,0.0207,5.06,18.7,38.0,2.0,3.3,0.18,38.1,3.1,0.084,2,1,0
447.7,49.32,212.8,-0.1003,-0.0515,3.32,262.8,36.3,30.9,34.5,2.27,36.7,0.71,0.0,1,4,0
1087.3,33.85,273.8,0.0467,0.0331,5.17,3347.8,130.3,161.6,312.3,25.47,85.4,19.42,1.145,2,2,1
976.8,46.82,243.9,0.0924,0.0852,4.7,5175.7,785.1,11.8,19.7,0.79,36.8,3.4,0.037,3,2,0
1057.4,32.93,244.6,0.056,-0.0418,7.32,67.9,555.0,188.1,595.5,35.05,85.9,19.29,2.207,2,4,1
1653.9,56.39,88.9,0.0046,-0.0412,3.04,1623.2,158.9,6.8,7.0,0.47,39.5,1.29,0.055,5,3,0
132.8,25.97,81.5,-0.1218,-0.0144,4.94,287.9,166.9,115.9,224.4,16.13,67.5,3.71,0.04,2,1,0
1444.7,41.89,61.3,-0.0029,0.0038,2.87,1138.8,738.7,26.9,26.3,2.01,42.9,3.22,0.051,1,1,0
1551.6,42.5,227.9,0.0275,-0.0414,3.9,648.4,734.9,17.6,30.2,1.69,38.0,1.12,0.066,3,4,0
1833.6,38.86,198.5,0.03,0.0934,3.56,1463.9,71.4,71.6,181.3,10.01,78.7,14.05,0.064,1,3,1
1324.7,41.11,163.0,0.0692,-0.0416,5.09,1815.5,236.8,137.3,336.3,26.31,84.1,15.88,0.471,1,2,1
1432.1,43.79,254.7,-0.0196,-0.0327,6.03,499.2,150.6,180.4,491.4,23.15,80.1,20.5,0.091,4,1,1
900.1,35.36,82.5,0.0251,0.0354,7.89,368.6,466.2,36.8,108.1,5.13,66.1,0.82,0.071,2,4,0
1838.4,24.91,74.0,-0.0247,-0.0307,8.22,3555.9,381.9,31.2,66.3,8.35,48.2,1.32,0.016,4,1,0
1394.6,42.39,204.1,0.0003,0.0096,2.89,570.9,112.3,55.4,153.9,7.76,75.2,7.52,0.07,3,1,1
108.7,15.47,69.3,0.0163,-0.1599,5.81,32.9,272.7,51.4,122.7,8.67,81.7,20.92,0.053,2,3,1
959.2,21.74,192.1,0.0239,-0.0044,7.47,3512.0,614.5,9.5,6.5,0.75,42.5,2.5,0.045,1,3,0
2041.2,52.6,295.6,0.0681,-0.0118,2.0,2.8,43.6,10.7,9.7,0.72,33.1,0.41,0.105,5,1,0
1197.6,34.85,235.5,-0.0343,-0.0218,2.36,83.2,264.1,3.1,2.8,0.23,38.1,1.8,0.083,1,2,0
349.2,40.58,25.8,-0.015,-0.0141,6.37,45.7,352.4,5.3,4.3,0.54,45.7,3.38,0.042,1,2,0
2186.1,36.74,221.7,-0.0718,-0.0593,2.23,375.3,330.4,35.7,106.5,7.2,59.4,2.47,0.007,4,3,0
1332.7,25.28,177.5,-0.0683,-0.0504,3.76,466.3,815.5,4.9,4.4,0.72,33.9,4.88,0.06,3,3,0
1484.5,32.1,338.6,-0.045,0.0359,2.74,662.4,10.1,13.6,13.9,1.15,41.0,1.97,0.0,2,2,0
1101.8,30.65,184.5,-0.053,0.0111,5.95,122.7,524.4,16.0,19.2,1.07,33.7,2.22,0.001,2,1,0
1854.2,44.11,2.9,-0.0072,-0.0664,3.94,126.0,303.8,3.9,5.7,0.28,39.4,3.19,0.056,2,2,0
1974.3,35.2,203.6,-0.0171,0.0217,5.32,2627.6,76.0,7.9,10.7,0.55,28.3,1.66,0.049,2,4,0
918.4,29.52,44.6,-0.0313,0.0281,4.42,1147.0,49.2,91.1,165.8,22.36,84.3,27.5,0.03,1,1,1
462.6,23.5,254.9,0.0482,0.0143,6.1,361.0,335.6,126.5,268.8,33.36,85.9,29.95,0.097,2,3,1
366.8,23.28,11.3,0.0757,0.0226,3.45,343.3,505.1,8.5,9.4,0.62,32.3,1.61,0.028,1,1,0
1737.3,29.17,238.0,0.0214,0.0027,6.39,3034.5,14.0,1.0,1.0,0.07,38.4,0.87,0.081,2,2,0
159.5,17.03,74.1,0.002,-0.0818,5.52,120.8,96.4,91.0,290.1,15.83,71.1,4.05,0.014,1,2,1
1425.1,34.7,62.0,0.0826,-0.0287,3.35,2905.8,555.7,17.0,25.3,1.56,43.5,2.87,0.0,1,2,0
1633.4,26.75,12.8,0.0005,0.0337,6.5,1212.2,620.9,114.5,202.5,16.01,72.8,0.84,0.025,4,2,1
526.7,14.57,14.0,0.0382,0.0487,7.28,381.8,167.7,3.3,2.2,0.27,31.2,1.51,0.099,1,3,0
975.0,26.74,319.1,0.0395,-0.0021,4.06,246.9,17.0,89.5,174.6,11.54,79.2,12.33,0.008,3,1,0
1269.3,34.01,124.8,-0.0261,0.0575,2.91,12.6,393.7,37.4,113.9,4.98,54.5,0.7,0.066,1,1,0
1745.6,38.69,125.8,-0.0256,-0.0272,5.11,2773.3,272.3,64.3,194.2,14.55,86.7,26.42,7.702,2,2,1
1342.8,29.85,329.3,0.0291,0.0503,6.84,248.6,434.6,9.9,8.4,0.77,37.5,2.03,0.08,1,1,0
857.5,44.13,2.5,-0.0217,0.0549,3.27,1304.2,687.0,179.1,407.8,57.11,86.5,36.84,3.342,2,2,1
1073.0,39.78,164.3,-0.043,-0.0348,6.91,2423.0,263.0,121.5,352.5,21.29,73.5,2.58,0.108,2,1,1
1038.2,24.62,82.4,0.0569,0.0468,4.11,1489.0,260.5,16.1,22.0,2.18,24.2,1.66,0.0,2,2,0
1246.9,38.58,23.2,0.0469,-0.0101,3.68,1193.1,306.8,19.8,12.3,2.14,42.5,1.69,0.094,1,3,0
1797.8,29.48,303.1,-0.0471,0.0781,6.84,123.9,580.2,30.9,37.1,2.17,40.5,1.78,0.003,2,3,0
1229.9,26.54,353.1,0.0594,0.0016,5.73,148.5,45.3,10.7,15.8,1.04,29.6,3.08,0.047,2,4,0
1695.6,37.33,153.4,0.0284,-0.0514,3.89,2387.7,181.7,79.6,199.5,14.87,79.8,14.94,0.004,2,3,1
1784.6,44.69,239.0,-0.077,0.0998,2.6,888.3,20.0,37.9,62.2,2.68,45.2,2.93,0.041,4,4,0
1220.0,43.95,90.8,0.0396,-0.0549,4.56,110.6,50.4,202.7,504.4,28.79,72.1,3.26,0.052,3,3,1
2411.7,40.87,96.5,0.0264,-0.0278,3.73,548.5,265.7,0.6,0.7,0.07,42.3,1.97,0.065,5,4,0
1654.3,40.26,354.4,-0.014,-0.0573,8.78,534.0,175.6,45.5,134.0,10.31,75.6,10.26,0.058,3,4,0
1995.4,31.54,98.2,-0.035,-0.0048,6.19,4436.4,65.4,112.3,171.8,16.42,77.8,12.95,0.061,5,3,1
1423.1,22.84,148.2,0.014,0.0208,6.13,224.5,79.6,35.8,39.0,4.29,42.8,1.5,0.0,3,1,0
1385.3,32.65,45.0,-0.0201,0.072,6.14,1213.6,198.2,18.7,13.7,2.32,49.6,0.94,0.054,4,1,0
372.3,18.29,256.4,0.0433,-0.0221,10.42,1867.5,83.6,15.6,15.2,2.15,50.2,3.4,0.069,1,2,0
1543.8,39.56,138.1,-0.004,0.0274,8.12,86.1,22.7,10.5,18.1,0.87,40.2,2.53,0.041,1,4,0
976.7,34.51,158.3,-0.0349,0.058,5.37,351.1,243.5,1.1,1.7,0.1,37.8,0.0,0.063,1,1,0
1520.1,45.73,260.1,-0.0121,-0.1091,4.22,2324.1,534.8,94.8,187.0,30.5,77.2,10.77,0.119,4,1,1
598.2,21.44,200.3,0.0304,-0.0454,5.64,182.2,434.3,52.8,96.0,16.24,64.3,0.0,0.039,1,2,0
1168.3,29.37,156.7,0.0276,0.0344,4.57,87.4,441.2,30.1,20.6,2.37,37.8,0.0,0.132,3,2,0
1089.0,40.33,193.9,-0.0548,-0.0573,2.77,957.8,393.1,52.5,107.9,13.91,64.0,0.6,0.052,3,2,0
1844.8,30.53,193.7,0.0238,-0.0118,7.26,1634.6,175.2,45.5,57.8,3.13,48.5,1.67,0.0,3,3,0
1404.0,31.95,161.1,-0.0392,-0.0063,4.53,370.2,684.7,10.7,12.3,0.93,39.3,4.38,0.059,4,3,0
584.7,35.92,223.2,0.0469,0.0567,6.35,1276.1,215.0,22.4,37.9,3.45,43.8,1.45,0.103,1,1,0
780.9,31.22,199.4,0.0522,-0.0012,5.58,98.9,363.8,25.1,30.0,2.99,40.9,3.28,0.085,1,2,0
1836.1,57.38,72.1,0.0281,0.0428,4.14,2989.2,494.7,11.9,8.7,0.91,35.2,3.15,0.045,5,2,0
1191.6,39.85,291.9,-0.0816,0.0453,2.94,1344.6,1485.5,37.4,26.9,5.74,44.1,2.09,0.051,2,1,0
1490.9,32.2,106.2,-0.0363,0.0239,5.1,1924.4,494.9,44.6,117.6,8.58,63.2,1.21,0.023,4,1,0
1684.0,31.3,51.5,-0.061,0.0021,5.3,343.3,451.9,2.3,4.1,0.26,37.3,0.0,0.086,3,2,0
1265.5,28.15,241.3,-0.0505,0.0023,6.76,2961.8,227.6,61.6,128.9,9.41,67.9,2.97,0.049,2,1,0
694.0,50.71,332.1,0.0242,0.0352,2.43,1475.2,1264.7,170.3,263.7,25.41,86.8,20.11,1.05,1,1,1
248.0,23.17,325.0,-0.0729,-0.0326,6.55,261.9,5.4,121.7,240.7,19.71,79.9,18.4,0.093,1,2,1
1257.5,27.59,163.3,-0.0661,-0.0085,6.23,1838.0,426.4,5.6,7.7,0.47,39.6,1.65,0.0,4,4,0
685.7,43.15,356.8,0.0236,-0.0514,5.07,5.1,52.6,7.1,12.0,0.91,41.1,1.02,0.076,3,1,0
1667.5,30.72,172.1,0.1266,0.0513,6.48,1712.8,1085.6,25.1,39.0,2.15,47.3,2.2,0.039,2,4,0
