sample_id,state,district,location_name,elevation_m,slope_deg,aspect_deg,profile_curvature,plan_curvature,topographic_wetness_index,dist_to_fault_m,dist_to_drainage_m,lithology_code,lulc_code,rainfall_24h_mm,rainfall_72h_antecedent_mm,rainfall_intensity_mm_h,soil_moisture_pct,pore_water_pressure_kpa,tilt_rate_mm_h,failure_probability,landslide_occurred
NER-SIM-00001,Sikkim,Mangan,North Sikkim Highway (Chungthang),2064.1,37.96,88.1,-0.0883,0.0711,4.36,2777.5,75.6,5,3,86.0,231.0,19.57,84.4,28.42,0.237,0.8047,1
NER-SIM-00002,Manipur,Chandel,NH-102 Imphal-Moreh Corridor,321.0,12.97,205.5,0.0266,0.0057,7.24,3493.1,501.0,2,3,95.0,301.5,14.54,92.2,30.79,0.048,0.6999,1
NER-SIM-00003,Arunachal Pradesh,Lower Subansiri,Ziro Foothill Section,1404.0,31.95,161.1,-0.0392,-0.0063,4.53,370.2,684.7,4,3,10.7,12.3,0.93,39.3,4.38,0.059,0.2327,0
NER-SIM-00004,Assam,Dima Hasao,NH-27 Lumding-Haflong Hill Cut,910.2,46.02,317.8,0.1195,-0.0243,3.17,573.3,904.0,1,1,10.4,15.1,0.76,37.2,1.31,0.0,0.1185,0
NER-SIM-00005,Assam,Dima Hasao,NH-27 Lumding-Haflong Hill Cut,682.4,38.92,41.0,-0.0177,-0.0211,5.06,446.0,46.1,1,2,15.6,26.4,1.14,34.3,4.25,0.066,0.123,0
NER-SIM-00006,Mizoram,Aizawl,Aizawl-Lunglei Road Slopes,1107.4,37.11,343.2,-0.0679,-0.042,5.44,1660.3,435.1,1,3,124.0,239.8,18.92,79.6,15.92,0.014,0.6835,1
NER-SIM-00007,Sikkim,Mangan,North Sikkim Highway (Chungthang),1850.2,41.01,58.4,0.0261,0.0444,6.85,743.8,319.9,4,1,28.6,30.2,2.03,38.5,1.53,0.097,0.145,0
NER-SIM-00008,Manipur,Noney,Tupul Railway Corridor Section,1438.0,40.36,279.7,0.0002,0.0128,5.42,608.6,98.6,3,3,11.3,8.4,1.89,26.7,0.11,0.092,0.1649,0
NER-SIM-00009,Nagaland,Phek,Phek-Meluri Road Corridor,1372.8,37.84,20.5,-0.0235,0.037,3.23,835.3,88.5,3,3,2.1,1.5,0.31,28.6,3.99,0.024,0.2721,0
NER-SIM-00010,Sikkim,Mangan,North Sikkim Highway (Chungthang),1947.8,35.87,14.5,0.0391,0.0526,5.02,597.7,1000.6,5,2,107.4,293.9,14.68,81.7,17.26,0.044,0.7429,1
NER-SIM-00011,Assam,Karbi Anglong,Diphu-Bokajan Escarpment,137.8,28.67,139.7,0.0344,0.0273,6.07,2011.5,158.7,1,4,12.5,13.0,2.07,34.5,1.21,0.005,0.0738,0
NER-SIM-00012,Tripura,North Tripura,Jampui Hills Ridge Corridor,916.4,32.3,212.5,-0.0095,0.1516,5.07,592.5,70.3,1,3,29.8,20.3,2.24,34.6,2.63,0.045,0.1424,0
NER-SIM-00013,Manipur,Chandel,NH-102 Imphal-Moreh Corridor,755.9,51.37,186.6,-0.0728,-0.0349,3.81,1970.4,327.7,3,1,16.4,27.8,1.89,34.8,3.6,0.078,0.1757,0
NER-SIM-00014,Manipur,Chandel,NH-102 Imphal-Moreh Corridor,959.8,36.21,349.7,0.0432,0.0089,6.04,131.9,727.4,2,1,0.6,0.4,0.05,30.8,1.46,0.0,0.0433,0
NER-SIM-00015,Manipur,Noney,Tupul Railway Corridor Section,614.5,39.69,342.6,-0.0058,0.0529,2.87,1829.8,463.7,2,3,4.4,4.1,0.63,34.0,2.72,0.063,0.1468,0
NER-SIM-00016,Manipur,Chandel,NH-102 Imphal-Moreh Corridor,812.9,30.33,226.3,0.0352,-0.0513,7.1,1364.4,594.7,3,4,14.5,16.3,2.32,35.5,0.63,0.047,0.0699,0
NER-SIM-00017,Assam,Karbi Anglong,Diphu-Bokajan Escarpment,86.8,22.41,215.9,-0.0538,0.0435,5.48,727.6,625.0,1,1,0.4,0.2,0.05,36.6,2.73,0.063,0.0266,0
NER-SIM-00018,Sikkim,Mangan,North Sikkim Highway (Chungthang),1462.5,50.98,146.3,0.0575,-0.0022,2.0,2176.7,147.8,5,1,51.7,155.1,11.58,75.7,8.25,0.066,0.2842,0
NER-SIM-00019,Mizoram,Aizawl,Aizawl-Lunglei Road Slopes,1140.3,34.5,286.4,0.0541,-0.0163,4.97,57.3,35.1,1,1,2.8,3.4,0.27,40.5,1.16,0.102,0.0794,0
NER-SIM-00020,Assam,Dima Hasao,NH-27 Lumding-Haflong Hill Cut,1002.3,22.13,113.3,-0.0203,-0.0514,5.9,578.4,100.9,1,1,5.9,6.9,0.6,37.6,2.83,0.132,0.0746,0
NER-SIM-00021,Assam,Karbi Anglong,Diphu-Bokajan Escarpment,694.0,50.71,332.1,0.0242,0.0352,2.43,1475.2,1264.7,1,1,170.3,263.7,25.41,86.8,20.11,1.05,0.8563,1
NER-SIM-00022,Meghalaya,South West Khasi Hills,Mawsynram Valley Slopes,1494.7,42.28,188.4,0.0293,0.0032,3.61,3295.4,30.0,1,1,2.7,3.2,0.42,38.7,0.38,0.0,0.0657,0
NER-SIM-00023,Nagaland,Kohima,NH-29 Dimapur-Kohima By-pass,1591.0,47.5,309.9,-0.0734,-0.0116,4.58,25.4,229.5,2,4,29.8,36.7,2.71,28.0,1.07,0.029,0.1422,0
NER-SIM-00024,Mizoram,Champhai,Champhai-Zokhawthar Border Cut,1391.4,32.55,214.6,0.0108,-0.0464,6.12,630.7,861.5,1,3,8.3,13.0,0.68,34.8,1.99,0.026,0.1178,0
NER-SIM-00025,Manipur,Chandel,NH-102 Imphal-Moreh Corridor,880.2,22.28,324.8,0.0113,0.0162,9.04,5194.9,1.7,3,3,5.9,5.2,0.67,25.9,0.81,0.008,0.1191,0
NER-SIM-00026,Arunachal Pradesh,Lower Subansiri,Ziro Foothill Section,1700.3,23.77,155.6,-0.0929,-0.0247,6.7,1282.2,221.4,4,3,15.0,22.1,1.24,50.6,2.74,0.048,0.0699,0
NER-SIM-00027,Assam,Dima Hasao,NH-27 Lumding-Haflong Hill Cut,244.4,34.04,293.9,-0.0553,0.0033,5.45,1061.3,242.0,1,1,9.5,11.7,0.91,40.2,2.57,0.071,0.1105,0
NER-SIM-00028,Mizoram,Aizawl,Aizawl-Lunglei Road Slopes,1348.1,24.16,349.7,-0.017,0.0054,4.15,225.0,469.3,2,2,0.7,0.7,0.07,32.9,3.66,0.037,0.0625,0
NER-SIM-00029,Arunachal Pradesh,West Kameng,Bhalukpong-Bomdila-Tawang Route,2444.6,37.69,5.9,-0.0791,0.0352,7.9,461.4,154.6,4,1,80.9,243.2,19.61,72.1,0.0,0.07,0.739,1
NER-SIM-00030,Assam,Dima Hasao,NH-27 Lumding-Haflong Hill Cut,1090.6,17.83,310.9,0.0468,-0.0773,6.12,204.7,838.3,1,4,31.2,44.4,2.96,43.1,3.33,0.089,0.1089,0
NER-SIM-00031,Assam,Dima Hasao,NH-27 Lumding-Haflong Hill Cut,968.6,41.65,301.4,0.0133,0.0045,4.31,601.7,234.1,1,2,4.1,6.0,0.61,35.1,2.89,0.04,0.158,0
NER-SIM-00032,Nagaland,Phek,Phek-Meluri Road Corridor,1809.0,26.48,140.6,0.0824,-0.0091,6.55,297.0,533.3,3,1,169.3,508.1,21.83,78.2,12.87,0.051,0.9308,1
NER-SIM-00033,Sikkim,Mangan,North Sikkim Highway (Chungthang),1618.2,44.32,51.6,-0.0793,-0.046,6.81,1479.8,100.3,4,4,30.1,29.3,4.04,45.2,0.0,0.088,0.1482,0
NER-SIM-00034,Arunachal Pradesh,West Kameng,Bhalukpong-Bomdila-Tawang Route,2415.8,35.49,240.6,0.0176,-0.0077,5.77,1903.4,47.2,5,4,2.1,2.7,0.33,41.9,0.0,0.087,0.0875,0
NER-SIM-00035,Mizoram,Champhai,Champhai-Zokhawthar Border Cut,1297.1,36.28,293.7,-0.0413,0.0359,5.27,620.5,104.4,2,4,40.5,74.7,8.82,58.4,2.54,0.047,0.1592,0
NER-SIM-00036,Sikkim,Pakyong,NH-10 Sevoke-Gangtok Corridor,625.5,40.72,320.4,0.0279,-0.0669,5.71,904.6,93.7,3,2,46.2,96.5,6.64,58.8,4.02,0.122,0.3676,0
NER-SIM-00037,Mizoram,Aizawl,Aizawl-Lunglei Road Slopes,1055.9,56.94,61.6,-0.0286,-0.0887,5.54,205.6,156.5,1,3,147.4,244.2,25.8,79.8,14.81,0.027,0.9195,1
NER-SIM-00038,Mizoram,Aizawl,Aizawl-Lunglei Road Slopes,686.8,43.89,246.4,-0.0351,0.0174,4.09,806.8,627.6,1,4,22.9,36.2,1.82,48.4,3.79,0.024,0.1017,0
NER-SIM-00039,Meghalaya,East Khasi Hills,NH-6 Shillong-Tamabil Highway,1457.1,21.67,155.3,0.0668,0.0119,4.25,709.8,509.5,1,4,17.9,22.5,2.39,48.8,2.08,0.107,0.0576,0
NER-SIM-00040,Arunachal Pradesh,Lower Subansiri,Ziro Foothill Section,1763.3,36.75,68.0,0.0174,-0.0116,7.93,611.4,312.5,4,1,112.5,255.0,16.65,73.4,0.0,0.055,0.6652,1
NER-SIM-00041,Nagaland,Kohima,NH-29 Dimapur-Kohima By-pass,1531.7,38.54,355.7,-0.0681,0.0987,3.35,21.6,241.9,3,1,9.7,16.7,0.66,40.8,0.18,0.067,0.2699,0
NER-SIM-00042,Manipur,Chandel,NH-102 Imphal-Moreh Corridor,1287.5,35.75,272.9,-0.0969,-0.0661,7.06,1693.3,106.1,2,4,1.4,1.3,0.11,30.6,2.78,0.041,0.0577,0
NER-SIM-00043,Manipur,Noney,Tupul Railway Corridor Section,969.2,37.86,233.6,0.0235,0.0334,4.75,51.1,50.6,2,1,121.8,313.2,15.87,85.6,28.36,2.935,0.9249,1
NER-SIM-00044,Meghalaya,South West Khasi Hills,Mawsynram Valley Slopes,1458.1,37.26,154.0,-0.0368,0.0351,9.29,846.4,282.2,1,1,16.1,13.8,1.8,33.9,0.0,0.075,0.1634,0
NER-SIM-00045,Sikkim,Mangan,North Sikkim Highway (Chungthang),1708.3,30.67,104.5,-0.0363,0.065,5.12,4517.6,212.2,5,3,12.2,21.3,1.15,32.7,2.6,0.0,0.1212,0
NER-SIM-00046,Tripura,North Tripura,Jampui Hills Ridge Corridor,839.8,30.42,132.0,-0.0033,0.0585,6.95,2725.3,70.0,1,1,0.4,0.5,0.04,29.5,0.64,0.068,0.0437,0
NER-SIM-00047,Assam,Dima Hasao,NH-27 Lumding-Haflong Hill Cut,278.6,36.0,133.4,-0.0473,0.0676,7.86,2.9,694.2,1,2,7.7,11.0,0.75,36.7,0.0,0.008,0.1363,0
NER-SIM-00048,Mizoram,Champhai,Champhai-Zokhawthar Border Cut,1337.5,30.45,238.8,-0.011,0.0151,7.04,690.9,264.6,2,1,109.5,295.4,19.37,86.9,34.71,0.057,0.8252,1
NER-SIM-00049,Manipur,Noney,Tupul Railway Corridor Section,744.9,46.67,311.6,-0.0032,-0.0105,3.77,504.2,101.9,3,2,48.2,148.0,11.95,80.6,19.78,0.044,0.5909,1
NER-SIM-00050,Manipur,Chandel,NH-102 Imphal-Moreh Corridor,907.6,18.94,183.7,0.0148,0.0925,6.61,386.2,296.9,4,1,131.4,332.9,33.78,80.5,13.87,0.05,0.7186,1
NER-SIM-00051,Manipur,Chandel,NH-102 Imphal-Moreh Corridor,1048.7,20.28,340.0,-0.0592,0.0821,3.8,1657.6,561.9,3,2,94.3,185.4,19.97,72.3,2.6,0.005,0.3872,0
NER-SIM-00052,Nagaland,Kohima,NH-29 Dimapur-Kohima By-pass,1074.5,36.37,187.9,0.0703,0.0162,6.94,99.4,132.2,2,3,57.7,109.5,11.87,56.0,2.94,0.0,0.3352,0
NER-SIM-00053,Meghalaya,South West Khasi Hills,Mawsynram Valley Slopes,1747.7,29.91,152.3,0.0321,0.0331,3.32,26.7,52.8,3,1,45.6,134.4,10.84,65.8,0.02,0.0,0.3107,0
NER-SIM-00054,Assam,Karbi Anglong,Diphu-Bokajan Escarpment,370.9,20.79,95.0,0.0198,0.0162,5.86,1074.4,607.2,1,2,33.4,61.0,7.3,54.8,2.53,0.094,0.1081,0
NER-SIM-00055,Assam,Karbi Anglong,Diphu-Bokajan Escarpment,502.2,35.6,325.9,0.0034,0.074,5.32,1425.1,27.9,1,1,21.1,33.1,2.12,42.9,1.94,0.021,0.1949,0
NER-SIM-00056,Sikkim,Pakyong,NH-10 Sevoke-Gangtok Corridor,1083.5,34.74,95.4,0.0494,-0.1001,4.08,2834.3,287.4,3,3,6.6,11.4,0.69,33.0,0.51,0.008,0.0884,0
NER-SIM-00057,Arunachal Pradesh,West Kameng,Bhalukpong-Bomdila-Tawang Route,1941.3,29.49,284.1,0.0117,0.085,4.64,22.8,278.0,4,2,113.3,295.1,19.31,75.2,6.05,0.068,0.8492,1
NER-SIM-00058,Nagaland,Kohima,NH-29 Dimapur-Kohima By-pass,1173.0,36.27,332.4,-0.0152,-0.0345,6.0,168.5,63.6,2,3,108.6,271.9,17.77,88.6,39.64,5.211,0.947,1
NER-SIM-00059,Manipur,Chandel,NH-102 Imphal-Moreh Corridor,1241.6,32.89,34.4,0.0343,0.0861,5.63,392.4,142.1,3,3,9.9,8.4,0.88,27.9,0.67,0.011,0.1288,0
NER-SIM-00060,Manipur,Noney,Tupul Railway Corridor Section,978.7,37.65,138.7,-0.0612,-0.0231,5.87,558.6,232.4,3,3,7.7,9.0,0.73,36.3,1.95,0.0,0.1209,0
NER-SIM-00061,Mizoram,Champhai,Champhai-Zokhawthar Border Cut,1312.7,31.68,190.4,-0.0089,0.0031,6.8,274.5,20.7,1,2,13.0,15.6,1.31,43.2,2.88,0.046,0.1469,0
NER-SIM-00062,Manipur,Chandel,NH-102 Imphal-Moreh Corridor,1215.9,24.78,74.7,0.0091,0.0208,4.78,1004.5,486.1,1,1,23.5,25.8,1.6,36.5,0.0,0.031,0.0434,0
NER-SIM-00063,Meghalaya,South West Khasi Hills,Mawsynram Valley Slopes,1172.5,43.86,354.9,0.0039,-0.0185,6.03,210.0,182.1,1,4,0.7,0.5,0.11,28.0,2.83,0.0,0.1114,0
NER-SIM-00064,Tripura,North Tripura,Jampui Hills Ridge Corridor,854.4,31.49,186.9,0.0282,0.0085,4.31,64.1,152.7,1,1,9.9,14.7,1.29,42.0,1.04,0.072,0.0695,0
NER-SIM-00065,Assam,Dima Hasao,NH-27 Lumding-Haflong Hill Cut,597.8,42.02,40.9,-0.0353,-0.0367,3.67,251.6,480.9,1,1,163.8,306.5,22.24,86.1,24.57,2.865,0.8783,1
NER-SIM-00066,Meghalaya,East Khasi Hills,NH-6 Shillong-Tamabil Highway,1347.7,43.06,278.3,-0.0505,0.0153,4.34,607.7,247.7,2,3,14.7,17.0,1.18,38.6,0.0,0.034,0.2728,0
NER-SIM-00067,Mizoram,Champhai,Champhai-Zokhawthar Border Cut,1444.0,26.29,53.9,-0.028,0.0181,7.9,38.7,20.8,1,4,35.6,70.6,5.03,46.5,1.86,0.07,0.2224,0
NER-SIM-00068,Meghalaya,South West Khasi Hills,Mawsynram Valley Slopes,1451.8,35.59,359.4,-0.0441,-0.0373,3.55,948.3,26.5,2,4,180.5,379.8,29.7,79.8,20.22,0.035,0.8787,1
NER-SIM-00069,Sikkim,Mangan,North Sikkim Highway (Chungthang),2330.4,52.03,30.4,0.0288,-0.0502,5.75,1480.9,43.4,4,2,37.6,41.9,3.03,58.2,4.08,0.04,0.3646,0
NER-SIM-00070,Assam,Karbi Anglong,Diphu-Bokajan Escarpment,671.9,34.98,338.4,0.0017,0.015,6.03,771.7,170.8,1,3,17.8,28.6,1.86,51.9,2.81,0.181,0.1175,0
NER-SIM-00071,Manipur,Chandel,NH-102 Imphal-Moreh Corridor,777.7,33.35,21.2,0.0975,-0.0334,6.69,43.5,600.4,2,2,1.5,0.8,0.24,34.7,2.96,0.051,0.0756,0
NER-SIM-00072,Nagaland,Kohima,NH-29 Dimapur-Kohima By-pass,1137.9,27.98,275.8,-0.0013,0.0108,6.51,506.2,49.4,2,1,13.8,23.9,1.56,30.6,3.68,0.11,0.078,0
NER-SIM-00073,Assam,Dima Hasao,NH-27 Lumding-Haflong Hill Cut,823.0,41.95,268.1,-0.0451,0.0434,3.64,163.4,228.7,1,1,1.2,1.5,0.16,46.4,2.59,0.035,0.1252,0
NER-SIM-00074,Sikkim,Mangan,North Sikkim Highway (Chungthang),1740.1,40.97,81.0,0.0704,-0.127,5.92,808.9,81.7,5,2,86.1,224.7,17.95,74.8,3.92,0.053,0.7436,1
NER-SIM-00075,Manipur,Noney,Tupul Railway Corridor Section,754.6,33.72,268.8,-0.0094,-0.0222,6.95,467.2,482.8,3,4,271.2,749.1,72.25,80.2,20.28,0.06,0.9934,1
NER-SIM-00076,Assam,Karbi Anglong,Diphu-Bokajan Escarpment,436.8,30.9,64.9,-0.0474,0.1512,4.45,579.6,174.4,1,1,166.7,485.7,34.3,91.0,42.1,0.091,0.9543,1
NER-SIM-00077,Meghalaya,East Khasi Hills,NH-6 Shillong-Tamabil Highway,1286.3,33.21,113.3,0.0015,-0.0125,2.29,628.1,105.2,1,2,51.0,133.2,8.09,67.1,0.28,0.054,0.2072,0
NER-SIM-00078,Nagaland,Phek,Phek-Meluri Road Corridor,1393.2,29.99,151.5,-0.0181,-0.0224,8.53,34.7,59.9,2,3,5.0,8.4,0.59,36.3,3.1,0.0,0.1496,0
NER-SIM-00079,Arunachal Pradesh,West Kameng,Bhalukpong-Bomdila-Tawang Route,1915.9,56.17,298.3,-0.1101,-0.0757,3.31,4111.2,196.4,5,1,2.9,2.5,0.27,33.9,2.92,0.0,0.2422,0
NER-SIM-00080,Manipur,Noney,Tupul Railway Corridor Section,865.6,49.25,172.4,-0.0462,-0.0581,4.44,60.8,587.9,2,2,69.2,125.8,10.2,74.1,1.2,0.06,0.5353,1
NER-SIM-00081,Tripura,North Tripura,Jampui Hills Ridge Corridor,225.6,39.43,108.1,0.0373,-0.0376,4.6,644.7,13.6,1,3,2.9,3.5,0.23,31.7,0.49,0.079,0.1637,0
NER-SIM-00082,Assam,Dima Hasao,NH-27 Lumding-Haflong Hill Cut,402.4,31.49,173.3,-0.0027,-0.0828,6.27,986.8,53.9,2,1,148.3,312.1,33.91,67.1,1.94,0.009,0.7142,1
NER-SIM-00083,Nagaland,Kohima,NH-29 Dimapur-Kohima By-pass,1130.6,37.39,0.6,0.07,0.0003,3.86,1364.6,380.3,3,3,1.8,1.5,0.14,36.7,2.57,0.048,0.1617,0
NER-SIM-00084,Mizoram,Aizawl,Aizawl-Lunglei Road Slopes,995.8,44.89,109.2,-0.0006,-0.0157,8.05,2263.7,112.3,1,1,2.0,2.8,0.15,32.6,3.14,0.066,0.079,0
NER-SIM-00085,Arunachal Pradesh,Lower Subansiri,Ziro Foothill Section,1539.5,34.45,231.8,0.003,-0.0321,7.78,1233.1,193.9,3,4,3.2,3.0,0.34,27.5,1.28,0.0,0.0676,0
NER-SIM-00086,Manipur,Noney,Tupul Railway Corridor Section,694.9,27.1,308.6,-0.0654,0.0398,4.78,445.4,204.2,2,2,79.1,192.6,15.12,80.5,17.83,0.044,0.5146,1
NER-SIM-00087,Sikkim,Mangan,North Sikkim Highway (Chungthang),1365.3,35.55,70.3,-0.0069,0.0037,6.71,610.2,405.2,5,1,155.5,291.6,38.84,80.0,15.17,0.062,0.7584,1
NER-SIM-00088,Meghalaya,East Khasi Hills,NH-6 Shillong-Tamabil Highway,1672.6,40.46,111.6,-0.0926,-0.0483,5.61,184.6,71.7,1,4,2.8,3.5,0.38,31.7,2.54,0.121,0.1679,0
NER-SIM-00089,Manipur,Chandel,NH-102 Imphal-Moreh Corridor,1039.9,33.7,291.9,-0.0628,0.0322,4.2,74.3,376.6,3,1,103.9,310.4,13.46,82.7,28.08,2.05,0.8612,1
NER-SIM-00090,Mizoram,Aizawl,Aizawl-Lunglei Road Slopes,1411.1,39.9,169.8,-0.1219,-0.0239,5.95,731.6,125.1,2,2,4.9,8.6,0.49,26.9,1.31,0.084,0.1801,0
NER-SIM-00091,Assam,Dima Hasao,NH-27 Lumding-Haflong Hill Cut,810.0,30.66,124.7,0.0182,0.0379,6.85,5120.8,190.6,1,1,10.5,7.3,1.04,36.1,2.28,0.008,0.071,0
NER-SIM-00092,Mizoram,Aizawl,Aizawl-Lunglei Road Slopes,865.0,33.54,93.3,0.0995,-0.0211,4.32,1649.8,147.7,1,4,2.5,1.4,0.35,35.8,3.27,0.124,0.0594,0
NER-SIM-00093,Mizoram,Aizawl,Aizawl-Lunglei Road Slopes,1015.1,43.3,13.1,-0.0517,-0.088,2.19,181.2,173.8,2,2,71.8,86.8,7.38,65.8,1.08,0.085,0.4351,0
NER-SIM-00094,Meghalaya,South West Khasi Hills,Mawsynram Valley Slopes,1289.4,28.32,182.6,-0.0383,0.0085,5.38,1025.8,25.6,2,3,88.6,133.8,26.26,62.8,0.0,0.036,0.5081,1
NER-SIM-00095,Mizoram,Champhai,Champhai-Zokhawthar Border Cut,1176.3,53.17,329.9,0.0652,0.0398,6.53,895.9,428.5,1,3,0.6,0.5,0.04,37.4,3.2,0.012,0.1232,0
NER-SIM-00096,Meghalaya,East Khasi Hills,NH-6 Shillong-Tamabil Highway,1903.5,32.81,157.3,-0.0311,-0.0325,4.31,1584.7,1234.3,1,2,60.4,70.9,4.98,52.0,2.54,0.079,0.1443,0
NER-SIM-00097,Nagaland,Phek,Phek-Meluri Road Corridor,1919.8,36.06,194.6,-0.0245,-0.0906,5.52,981.0,427.2,3,2,128.6,391.5,21.54,74.7,1.12,0.115,0.8582,1
NER-SIM-00098,Manipur,Noney,Tupul Railway Corridor Section,730.5,41.3,3.9,-0.1373,-0.0453,4.62,1108.9,281.0,3,2,113.2,196.0,16.45,93.5,46.91,0.233,0.7806,1
NER-SIM-00099,Arunachal Pradesh,Lower Subansiri,Ziro Foothill Section,1775.0,37.51,226.9,-0.0135,-0.0056,4.84,683.0,212.7,4,3,45.2,101.9,7.32,63.5,0.0,0.121,0.3502,0
NER-SIM-00100,Nagaland,Kohima,NH-29 Dimapur-Kohima By-pass,1442.1,40.84,79.9,-0.0273,0.009,9.02,66.8,103.7,3,1,3.5,2.2,0.28,36.8,0.0,0.036,0.1574,0
NER-SIM-00101,Mizoram,Aizawl,Aizawl-Lunglei Road Slopes,1090.7,42.72,173.1,-0.0653,-0.0036,4.63,1295.7,184.5,1,1,7.6,9.5,0.55,49.3,2.87,0.0,0.0297,0
NER-SIM-00102,Nagaland,Kohima,NH-29 Dimapur-Kohima By-pass,1583.3,33.23,338.8,-0.044,0.0175,6.61,2510.0,212.6,3,1,1.7,1.6,0.21,47.3,1.09,0.027,0.0585,0
NER-SIM-00103,Mizoram,Aizawl,Aizawl-Lunglei Road Slopes,1166.8,33.91,90.3,-0.002,0.0087,2.0,2973.4,1534.6,2,4,59.9,144.1,8.56,67.1,1.32,0.04,0.2666,0
NER-SIM-00104,Sikkim,Pakyong,NH-10 Sevoke-Gangtok Corridor,627.5,27.47,85.6,-0.0544,-0.0406,3.38,661.8,216.4,3,3,104.5,200.0,25.0,79.7,17.78,0.075,0.6386,1
NER-SIM-00105,Manipur,Chandel,NH-102 Imphal-Moreh Corridor,956.1,27.43,114.1,0.1019,-0.0881,5.45,637.7,413.1,2,4,2.3,2.1,0.31,38.6,0.69,0.053,0.0363,0
NER-SIM-00106,Manipur,Chandel,NH-102 Imphal-Moreh Corridor,866.9,47.23,2.5,-0.0594,0.009,2.19,3201.6,112.0,2,2,126.5,332.4,18.51,76.2,10.43,0.036,0.85,1
NER-SIM-00107,Manipur,Chandel,NH-102 Imphal-Moreh Corridor,1348.2,28.63,84.6,0.028,-0.0734,4.06,343.7,93.6,2,2,5.0,8.5,0.37,37.6,2.04,0.057,0.1968,0
NER-SIM-00108,Arunachal Pradesh,Lower Subansiri,Ziro Foothill Section,1860.1,37.28,213.1,-0.0256,-0.0047,3.85,101.7,355.5,3,1,2.1,3.5,0.17,41.7,1.49,0.083,0.1051,0
NER-SIM-00109,Assam,Karbi Anglong,Diphu-Bokajan Escarpment,121.2,14.68,82.7,0.0598,0.0161,9.07,797.2,287.7,1,1,2.8,3.4,0.26,25.8,3.05,0.012,0.0374,0
NER-SIM-00110,Manipur,Noney,Tupul Railway Corridor Section,689.6,36.88,331.9,-0.0081,0.0945,7.13,137.7,388.6,3,1,4.8,8.6,0.61,49.5,2.12,0.0,0.1269,0
NER-SIM-00111,Meghalaya,East Khasi Hills,NH-6 Shillong-Tamabil Highway,1274.0,26.69,150.0,0.0127,-0.0244,4.89,893.6,103.5,1,1,8.3,7.8,0.89,20.5,1.33,0.025,0.0528,0
NER-SIM-00112,Manipur,Chandel,NH-102 Imphal-Moreh Corridor,1090.4,39.01,202.8,0.0293,0.0098,2.31,577.8,141.3,3,1,21.5,15.6,1.87,38.5,1.15,0.023,0.1357,0
NER-SIM-00113,Arunachal Pradesh,West Kameng,Bhalukpong-Bomdila-Tawang Route,2469.4,39.25,19.4,0.0025,-0.0446,4.47,1110.0,152.9,5,1,2.3,3.9,0.16,37.8,3.17,0.0,0.0653,0
NER-SIM-00114,Assam,Dima Hasao,NH-27 Lumding-Haflong Hill Cut,1168.6,35.81,14.4,-0.0467,-0.0255,3.35,779.2,161.0,1,1,9.9,11.1,0.7,36.8,3.24,0.0,0.1032,0
NER-SIM-00115,Assam,Karbi Anglong,Diphu-Bokajan Escarpment,655.1,36.02,1.3,0.0507,-0.0736,6.19,1788.4,10.3,1,3,25.9,38.0,3.63,38.4,0.43,0.05,0.2331,0
NER-SIM-00116,Arunachal Pradesh,West Kameng,Bhalukpong-Bomdila-Tawang Route,2304.8,43.19,17.5,-0.0365,0.0016,4.52,1430.1,543.1,5,1,0.8,1.2,0.12,33.5,2.54,0.0,0.1144,0
NER-SIM-00117,Sikkim,Pakyong,NH-10 Sevoke-Gangtok Corridor,930.8,47.76,243.0,-0.0024,0.0957,3.76,1284.2,797.3,4,1,59.4,106.2,19.16,60.2,3.07,0.102,0.232,0
NER-SIM-00118,Nagaland,Kohima,NH-29 Dimapur-Kohima By-pass,1216.5,22.51,346.6,0.0152,0.024,4.19,639.0,15.1,2,1,49.0,82.1,9.07,61.8,1.8,0.051,0.1391,0
NER-SIM-00119,Nagaland,Phek,Phek-Meluri Road Corridor,1872.5,32.96,329.6,0.0304,-0.0094,5.01,1275.5,26.8,3,2,8.2,7.2,0.94,37.8,0.0,0.037,0.1082,0
NER-SIM-00120,Sikkim,Mangan,North Sikkim Highway (Chungthang),1672.4,55.85,295.9,0.0687,0.0132,3.65,5290.1,730.8,5,3,3.2,2.4,0.27,32.1,2.7,0.043,0.0948,0
NER-SIM-00121,Assam,Dima Hasao,NH-27 Lumding-Haflong Hill Cut,628.8,41.63,313.1,0.0056,0.0793,3.53,266.4,1583.6,1,2,8.5,12.2,1.12,34.2,2.74,0.025,0.0547,0
NER-SIM-00122,Manipur,Noney,Tupul Railway Corridor Section,806.7,27.16,40.4,0.0088,-0.0453,4.78,4003.3,174.4,3,4,35.0,44.0,2.35,58.4,1.72,0.135,0.1543,0
NER-SIM-00123,Arunachal Pradesh,Lower Subansiri,Ziro Foothill Section,1114.8,25.67,120.8,-0.004,-0.003,10.44,570.5,98.9,4,1,99.8,216.8,31.18,92.0,40.16,0.087,0.7325,1
NER-SIM-00124,Assam,Karbi Anglong,Diphu-Bokajan Escarpment,157.1,21.2,52.3,0.0126,-0.0239,4.9,3090.0,308.6,1,3,72.6,204.6,11.21,76.7,12.96,0.021,0.3531,0
NER-SIM-00125,Mizoram,Aizawl,Aizawl-Lunglei Road Slopes,1449.1,44.07,107.3,0.0463,-0.0989,6.5,2314.9,28.6,2,3,9.1,15.2,0.63,29.3,1.19,0.132,0.1469,0
NER-SIM-00126,Arunachal Pradesh,West Kameng,Bhalukpong-Bomdila-Tawang Route,2140.3,34.94,51.2,-0.0368,-0.0093,6.48,2384.6,571.1,5,1,428.2,1115.6,66.81,79.4,20.86,0.109,0.9999,1
NER-SIM-00127,Sikkim,Mangan,North Sikkim Highway (Chungthang),1486.1,47.9,68.0,-0.0744,0.012,4.95,264.0,439.2,5,2,31.0,69.3,6.12,57.6,3.66,0.025,0.4172,0
NER-SIM-00128,Manipur,Chandel,NH-102 Imphal-Moreh Corridor,784.7,15.23,138.3,-0.0235,-0.022,9.74,1050.3,102.9,2,3,116.7,212.6,17.59,90.6,25.59,0.064,0.861,1
NER-SIM-00129,Arunachal Pradesh,West Kameng,Bhalukpong-Bomdila-Tawang Route,2225.6,53.69,282.8,-0.0021,0.031,4.3,823.4,1260.3,5,3,239.1,532.1,35.9,84.3,27.08,0.39,0.9946,1
NER-SIM-00130,Arunachal Pradesh,Lower Subansiri,Ziro Foothill Section,1818.1,37.07,266.0,-0.0966,0.0127,6.08,649.0,1065.8,3,1,10.8,7.9,0.75,40.3,2.58,0.066,0.0847,0
NER-SIM-00131,Arunachal Pradesh,West Kameng,Bhalukpong-Bomdila-Tawang Route,2621.9,50.82,39.9,0.0398,0.0446,4.41,3324.0,17.8,5,1,1.1,1.9,0.14,38.5,1.96,0.027,0.169,0
NER-SIM-00132,Arunachal Pradesh,West Kameng,Bhalukpong-Bomdila-Tawang Route,2447.9,35.38,0.1,0.0434,-0.0968,5.08,2563.7,822.1,4,2,2.3,3.2,0.29,32.5,4.72,0.05,0.1361,0
NER-SIM-00133,Sikkim,Mangan,North Sikkim Highway (Chungthang),1987.6,46.46,91.8,-0.0312,0.0038,5.63,583.9,1117.4,5,1,12.1,15.4,1.75,34.8,2.57,0.111,0.1887,0
NER-SIM-00134,Arunachal Pradesh,West Kameng,Bhalukpong-Bomdila-Tawang Route,1887.0,39.89,69.4,-0.0134,0.0802,2.68,717.0,113.5,4,1,3.7,2.8,0.26,42.8,0.0,0.098,0.0992,0
NER-SIM-00135,Manipur,Chandel,NH-102 Imphal-Moreh Corridor,1132.9,19.41,270.8,0.0118,0.0578,4.07,1.6,800.0,3,2,4.8,4.2,0.33,26.2,2.92,0.088,0.0749,0
NER-SIM-00136,Meghalaya,East Khasi Hills,NH-6 Shillong-Tamabil Highway,1197.3,39.54,63.4,-0.0089,-0.002,5.91,539.8,363.2,2,4,31.0,95.6,7.31,53.3,0.99,0.026,0.1647,0
NER-SIM-00137,Arunachal Pradesh,Lower Subansiri,Ziro Foothill Section,1630.8,34.87,180.4,-0.0665,0.0364,5.13,3502.2,191.8,3,3,9.3,8.5,0.74,47.7,0.46,0.021,0.1516,0
NER-SIM-00138,Sikkim,Pakyong,NH-10 Sevoke-Gangtok Corridor,636.0,48.2,153.6,0.045,0.0279,3.9,576.1,191.6,3,2,2.6,3.1,0.39,34.0,1.28,0.069,0.1431,0
NER-SIM-00139,Meghalaya,South West Khasi Hills,Mawsynram Valley Slopes,1367.3,26.51,154.5,0.0318,0.0443,4.4,696.0,369.7,2,1,2.7,3.5,0.41,30.0,0.92,0.04,0.0207,0
NER-SIM-00140,Assam,Dima Hasao,NH-27 Lumding-Haflong Hill Cut,698.1,28.64,264.5,0.0176,-0.03,6.59,605.0,51.0,1,1,57.0,154.4,17.59,66.3,2.26,0.067,0.2949,0
NER-SIM-00141,Tripura,North Tripura,Jampui Hills Ridge Corridor,653.1,15.67,29.3,-0.0204,-0.0202,6.86,298.5,366.5,1,1,54.4,94.0,8.08,61.2,2.33,0.041,0.1312,0
NER-SIM-00142,Nagaland,Phek,Phek-Meluri Road Corridor,1470.2,40.88,92.6,0.0083,0.0179,3.0,491.1,786.0,3,2,33.7,24.1,3.01,40.6,4.51,0.119,0.2268,0
NER-SIM-00143,Meghalaya,East Khasi Hills,NH-6 Shillong-Tamabil Highway,1584.4,23.96,151.4,-0.0079,0.028,5.13,2067.3,326.6,2,1,8.1,11.9,0.94,52.9,2.67,0.0,0.037,0
NER-SIM-00144,Assam,Dima Hasao,NH-27 Lumding-Haflong Hill Cut,877.3,43.73,22.8,-0.0062,0.0098,5.8,831.0,260.2,1,3,18.7,33.2,1.53,49.4,2.58,0.07,0.2947,0
NER-SIM-00145,Tripura,North Tripura,Jampui Hills Ridge Corridor,386.3,23.58,274.8,-0.0282,0.0392,5.83,1556.8,555.1,1,1,1.0,0.8,0.07,30.9,2.43,0.037,0.0537,0
NER-SIM-00146,Mizoram,Aizawl,Aizawl-Lunglei Road Slopes,1485.5,42.06,329.1,-0.0044,-0.0631,4.31,898.0,568.9,2,1,59.5,187.1,18.68,79.4,17.59,0.069,0.6457,1
NER-SIM-00147,Sikkim,Pakyong,NH-10 Sevoke-Gangtok Corridor,1147.4,43.3,86.3,-0.0242,0.0614,5.14,2402.8,654.5,2,2,19.4,53.8,2.77,48.4,0.0,0.068,0.1835,0
NER-SIM-00148,Nagaland,Phek,Phek-Meluri Road Corridor,1741.0,40.68,197.6,-0.0931,0.0346,7.37,1248.2,451.3,2,3,5.8,9.0,0.47,36.2,0.0,0.037,0.1197,0
NER-SIM-00149,Mizoram,Aizawl,Aizawl-Lunglei Road Slopes,1192.2,40.03,237.5,-0.0132,0.0143,6.3,2058.1,535.4,1,3,13.4,7.8,1.04,35.1,1.51,0.03,0.0609,0
NER-SIM-00150,Sikkim,Pakyong,NH-10 Sevoke-Gangtok Corridor,1195.7,39.85,108.1,-0.0266,0.0948,4.24,1984.6,1225.9,2,1,132.1,253.8,23.47,78.4,16.33,0.138,0.6518,1
NER-SIM-00151,Mizoram,Aizawl,Aizawl-Lunglei Road Slopes,1050.7,32.11,314.6,-0.0139,0.0572,6.33,819.8,170.7,2,2,32.3,55.6,4.05,30.1,2.57,0.153,0.0889,0
NER-SIM-00152,Meghalaya,East Khasi Hills,NH-6 Shillong-Tamabil Highway,1439.7,31.94,15.6,0.0518,0.0236,5.67,304.0,152.1,3,1,7.5,10.3,0.84,29.6,0.0,0.051,0.1321,0
NER-SIM-00153,Mizoram,Champhai,Champhai-Zokhawthar Border Cut,1360.6,30.31,43.0,0.0226,0.0331,2.9,236.5,28.2,2,1,126.4,395.8,23.13,75.6,9.67,0.063,0.8837,1
NER-SIM-00154,Meghalaya,East Khasi Hills,NH-6 Shillong-Tamabil Highway,1787.1,25.02,186.4,-0.0424,-0.0094,6.48,131.4,616.9,2,1,0.8,0.5,0.06,45.0,1.84,0.056,0.086,0
NER-SIM-00155,Assam,Dima Hasao,NH-27 Lumding-Haflong Hill Cut,896.3,32.57,346.0,0.1269,0.0159,5.57,351.9,89.4,1,3,5.8,6.4,0.96,47.2,2.8,0.014,0.1206,0
NER-SIM-00156,Arunachal Pradesh,Lower Subansiri,Ziro Foothill Section,1893.7,40.01,315.9,-0.0221,0.0562,3.31,639.0,108.3,3,2,118.8,347.1,18.38,86.7,23.54,0.088,0.891,1
NER-SIM-00157,Sikkim,Mangan,North Sikkim Highway (Chungthang),1659.4,35.91,132.6,0.0233,0.0286,6.45,149.8,35.7,5,3,0.9,1.2,0.1,36.2,1.69,0.0,0.276,0
NER-SIM-00158,Arunachal Pradesh,West Kameng,Bhalukpong-Bomdila-Tawang Route,2441.3,62.23,278.2,-0.0269,-0.0555,3.33,579.0,14.3,4,4,10.3,15.2,1.13,35.3,1.58,0.05,0.3405,0
NER-SIM-00159,Assam,Karbi Anglong,Diphu-Bokajan Escarpment,809.8,31.86,240.2,0.0723,0.0285,5.4,3574.0,178.7,1,3,24.2,30.1,2.58,49.4,3.97,0.098,0.1884,0
NER-SIM-00160,Manipur,Chandel,NH-102 Imphal-Moreh Corridor,690.8,33.86,21.9,-0.0825,-0.0144,7.28,1804.8,160.3,3,3,94.6,151.4,25.02,69.0,3.92,0.096,0.6273,1
NER-SIM-00161,Tripura,North Tripura,Jampui Hills Ridge Corridor,559.5,27.59,316.2,0.0391,0.0777,6.34,71.4,172.8,1,2,4.9,2.6,0.33,35.8,1.67,0.073,0.1573,0
NER-SIM-00162,Arunachal Pradesh,Lower Subansiri,Ziro Foothill Section,1658.4,34.64,2.0,-0.0164,-0.0081,5.43,60.2,460.1,4,2,32.2,25.6,5.16,44.8,1.77,0.071,0.2181,0
NER-SIM-00163,Assam,Dima Hasao,NH-27 Lumding-Haflong Hill Cut,764.6,34.1,145.1,-0.0147,-0.0121,7.83,1329.5,392.9,1,1,154.5,235.1,39.45,75.8,9.55,0.0,0.4914,0
NER-SIM-00164,Assam,Dima Hasao,NH-27 Lumding-Haflong Hill Cut,469.6,39.11,11.9,0.0306,-0.092,2.65,1097.5,1324.4,1,1,0.6,0.4,0.06,21.5,3.04,0.0,0.0529,0
NER-SIM-00165,Assam,Dima Hasao,NH-27 Lumding-Haflong Hill Cut,698.3,34.04,199.0,0.039,-0.0724,7.14,696.7,1710.2,1,1,182.0,391.4,42.27,89.2,32.92,2.46,0.9268,1
NER-SIM-00166,Mizoram,Aizawl,Aizawl-Lunglei Road Slopes,1476.1,37.03,20.1,-0.0282,-0.0277,2.93,184.9,231.5,1,2,129.7,354.5,30.05,77.0,12.92,0.06,0.8348,1
NER-SIM-00167,Meghalaya,East Khasi Hills,NH-6 Shillong-Tamabil Highway,1258.5,20.24,56.4,0.0807,0.0102,4.31,807.8,976.6,2,4,28.2,40.5,3.06,44.0,2.62,0.0,0.0768,0
NER-SIM-00168,Nagaland,Kohima,NH-29 Dimapur-Kohima By-pass,1590.8,34.38,335.3,-0.049,0.0513,2.98,811.9,1274.4,2,3,3.4,4.7,0.23,39.2,2.13,0.024,0.1306,0
NER-SIM-00169,Meghalaya,South West Khasi Hills,Mawsynram Valley Slopes,749.4,37.77,129.3,0.072,0.0195,4.53,1676.2,1036.3,2,1,4.9,4.1,0.42,28.0,3.16,0.048,0.0672,0
NER-SIM-00170,Sikkim,Pakyong,NH-10 Sevoke-Gangtok Corridor,966.6,44.64,149.6,-0.0366,-0.02,2.63,356.0,357.0,4,1,6.9,6.0,1.09,31.3,2.23,0.07,0.1981,0
NER-SIM-00171,Sikkim,Mangan,North Sikkim Highway (Chungthang),1888.4,49.15,250.4,-0.0577,-0.0482,2.44,1280.0,73.5,5,2,267.0,605.8,51.66,75.1,8.95,0.006,0.9918,1
NER-SIM-00172,Sikkim,Mangan,North Sikkim Highway (Chungthang),1456.9,50.22,240.7,0.0906,-0.0343,4.31,199.8,29.2,4,1,162.2,413.3,33.15,78.1,11.36,0.12,0.9632,1
NER-SIM-00173,Manipur,Chandel,NH-102 Imphal-Moreh Corridor,993.7,27.9,39.9,0.0653,-0.0361,5.36,416.2,18.1,2,2,2.3,3.5,0.36,33.3,5.0,0.09,0.1441,0
NER-SIM-00174,Manipur,Noney,Tupul Railway Corridor Section,753.9,36.71,261.8,0.0391,0.0246,6.99,1321.8,359.4,3,1,20.5,23.7,1.39,28.4,1.8,0.108,0.1359,0
NER-SIM-00175,Manipur,Noney,Tupul Railway Corridor Section,908.8,54.7,47.4,0.0477,-0.0226,2.85,885.6,894.0,3,2,10.6,15.3,1.57,37.6,4.65,0.134,0.1155,0
NER-SIM-00176,Assam,Dima Hasao,NH-27 Lumding-Haflong Hill Cut,661.4,24.73,342.7,0.0143,-0.0318,6.13,537.4,309.4,1,3,89.6,151.1,14.96,70.9,0.2,0.118,0.4454,0
NER-SIM-00177,Manipur,Noney,Tupul Railway Corridor Section,628.1,39.27,169.0,-0.0542,0.0018,6.13,665.3,81.1,3,4,3.6,3.9,0.42,34.9,3.28,0.0,0.0933,0
NER-SIM-00178,Nagaland,Kohima,NH-29 Dimapur-Kohima By-pass,1286.1,32.89,155.9,0.0277,-0.0374,5.57,671.8,167.4,3,2,27.7,62.0,6.88,46.8,1.06,0.099,0.2337,0
NER-SIM-00179,Mizoram,Champhai,Champhai-Zokhawthar Border Cut,1402.2,39.09,106.6,-0.0004,-0.0331,6.23,1882.5,931.1,1,3,94.7,162.7,12.02,71.7,1.81,0.05,0.5422,1
NER-SIM-00180,Assam,Karbi Anglong,Diphu-Bokajan Escarpment,425.0,40.47,273.2,-0.0119,-0.0086,2.79,5197.5,139.1,1,1,1.2,1.8,0.08,30.3,1.26,0.123,0.0615,0
NER-SIM-00181,Tripura,North Tripura,Jampui Hills Ridge Corridor,583.1,33.75,340.8,-0.0286,0.011,6.69,202.5,517.2,1,1,14.7,22.3,2.18,40.9,0.28,0.067,0.1112,0
NER-SIM-00182,Nagaland,Kohima,NH-29 Dimapur-Kohima By-pass,1380.2,32.38,159.0,-0.1014,0.0268,10.06,645.9,972.8,3,4,5.3,8.9,0.39,50.9,0.27,0.061,0.0442,0
NER-SIM-00183,Assam,Karbi Anglong,Diphu-Bokajan Escarpment,758.2,18.35,273.8,-0.0429,-0.0273,8.76,315.3,350.5,1,2,18.2,26.0,2.27,50.9,0.92,0.04,0.0596,0
NER-SIM-00184,Manipur,Noney,Tupul Railway Corridor Section,1067.7,55.78,311.8,-0.0173,0.0632,2.0,1942.3,119.6,3,2,254.9,583.9,34.71,85.9,34.28,2.247,0.9964,1
NER-SIM-00185,Assam,Karbi Anglong,Diphu-Bokajan Escarpment,520.0,46.52,94.0,-0.0218,0.0508,4.64,3280.4,8.2,1,2,22.8,46.9,3.87,46.9,1.63,0.016,0.2245,0
NER-SIM-00186,Assam,Dima Hasao,NH-27 Lumding-Haflong Hill Cut,548.9,25.12,207.1,0.0177,-0.0117,6.95,1518.9,172.0,1,3,3.1,2.8,0.21,40.1,3.72,0.016,0.1126,0
NER-SIM-00187,Nagaland,Kohima,NH-29 Dimapur-Kohima By-pass,1861.6,31.93,184.7,-0.0262,-0.0173,8.01,2009.4,15.9,3,1,69.9,193.1,9.37,69.4,3.03,0.063,0.3803,0
NER-SIM-00188,Meghalaya,South West Khasi Hills,Mawsynram Valley Slopes,1202.4,27.84,201.4,-0.0586,0.0256,8.88,326.4,742.3,1,1,34.0,101.7,8.2,58.9,3.75,0.0,0.0938,0
NER-SIM-00189,Nagaland,Phek,Phek-Meluri Road Corridor,1830.4,44.67,207.1,0.0012,-0.0691,4.15,913.8,279.7,2,3,23.9,25.8,1.87,35.4,1.53,0.0,0.1469,0
NER-SIM-00190,Meghalaya,East Khasi Hills,NH-6 Shillong-Tamabil Highway,1840.1,30.86,172.4,-0.0048,-0.0018,6.49,2743.4,82.1,1,3,15.7,28.3,1.72,49.5,1.61,0.014,0.1346,0
NER-SIM-00191,Manipur,Noney,Tupul Railway Corridor Section,769.3,51.31,97.8,0.0103,0.045,5.53,2886.4,90.9,3,1,7.5,8.7,1.07,46.9,1.99,0.032,0.2083,0
NER-SIM-00192,Arunachal Pradesh,Lower Subansiri,Ziro Foothill Section,1750.1,33.52,291.1,0.0166,-0.0011,4.32,4.6,60.5,4,1,17.4,10.1,1.25,30.1,3.01,0.056,0.3056,0
NER-SIM-00193,Arunachal Pradesh,Lower Subansiri,Ziro Foothill Section,1914.3,36.69,139.0,0.0082,-0.0502,2.46,924.6,182.9,2,1,81.6,213.9,10.26,84.0,24.76,1.448,0.5624,1
NER-SIM-00194,Meghalaya,South West Khasi Hills,Mawsynram Valley Slopes,1107.7,43.08,152.7,-0.0547,-0.0022,4.73,1652.4,59.4,2,3,7.9,12.6,0.85,42.7,2.24,0.089,0.153,0
NER-SIM-00195,Tripura,North Tripura,Jampui Hills Ridge Corridor,676.9,22.82,321.0,-0.0326,-0.0343,6.79,2457.0,545.7,1,1,119.1,291.6,22.14,86.4,23.01,0.094,0.6389,1
NER-SIM-00196,Sikkim,Mangan,North Sikkim Highway (Chungthang),1894.0,54.17,44.3,-0.0145,-0.0153,5.4,2322.4,277.6,5,2,1.2,1.5,0.11,39.3,3.02,0.092,0.1666,0
NER-SIM-00197,Meghalaya,South West Khasi Hills,Mawsynram Valley Slopes,1290.1,34.76,302.1,-0.1417,-0.0478,5.23,828.5,652.3,1,2,134.0,208.9,30.63,80.0,18.59,0.032,0.7416,1
NER-SIM-00198,Sikkim,Mangan,North Sikkim Highway (Chungthang),1947.8,53.36,351.7,-0.0186,-0.0621,2.67,472.3,411.4,4,1,131.0,332.5,23.26,68.3,1.33,0.056,0.867,1
NER-SIM-00199,Meghalaya,South West Khasi Hills,Mawsynram Valley Slopes,1264.6,32.07,157.8,0.0143,-0.0324,5.49,893.0,272.0,2,2,33.2,30.3,2.82,36.5,3.9,0.085,0.11,0
NER-SIM-00200,Tripura,North Tripura,Jampui Hills Ridge Corridor,810.4,29.78,167.3,-0.0672,-0.0073,5.53,791.6,459.2,1,3,97.0,155.6,15.46,73.7,3.66,0.026,0.4515,0
NER-SIM-00201,Meghalaya,South West Khasi Hills,Mawsynram Valley Slopes,1027.7,46.35,257.2,-0.0354,-0.0057,5.06,689.9,146.8,1,1,34.5,39.4,3.67,43.8,1.52,0.058,0.1936,0
NER-SIM-00202,Mizoram,Champhai,Champhai-Zokhawthar Border Cut,1525.4,37.42,60.5,-0.0283,-0.0522,4.12,649.2,157.5,2,1,148.4,459.0,27.24,82.5,21.87,0.092,0.9391,1
NER-SIM-00203,Assam,Karbi Anglong,Diphu-Bokajan Escarpment,50.0,41.73,177.8,-0.1353,-0.0049,3.58,1991.9,242.4,1,3,42.2,59.6,2.83,40.0,4.99,0.024,0.2071,0
NER-SIM-00204,Manipur,Noney,Tupul Railway Corridor Section,720.6,43.38,343.3,0.029,-0.0759,2.45,717.2,78.5,1,1,207.3,387.7,27.54,72.6,2.94,0.03,0.8756,1
NER-SIM-00205,Assam,Dima Hasao,NH-27 Lumding-Haflong Hill Cut,677.7,29.27,233.5,0.0475,-0.0393,8.26,482.3,402.8,1,2,75.0,126.4,22.64,64.2,2.28,0.019,0.2207,0
NER-SIM-00206,Nagaland,Phek,Phek-Meluri Road Corridor,1363.4,32.5,95.2,-0.0956,-0.0023,7.67,763.8,30.9,2,1,172.2,434.6,22.26,85.5,27.15,2.082,0.9594,1
NER-SIM-00207,Manipur,Chandel,NH-102 Imphal-Moreh Corridor,1119.0,44.28,291.0,-0.0297,-0.0502,2.4,2310.2,1372.4,3,3,4.1,5.5,0.48,40.3,1.98,0.035,0.1599,0
NER-SIM-00208,Tripura,North Tripura,Jampui Hills Ridge Corridor,614.0,21.61,60.9,-0.0032,0.0244,5.59,2758.9,164.8,1,2,6.6,9.4,0.47,33.5,4.81,0.048,0.0947,0
NER-SIM-00209,Nagaland,Phek,Phek-Meluri Road Corridor,1300.4,40.15,214.8,0.0015,-0.0132,3.04,1599.5,556.5,2,2,4.2,5.5,0.34,45.6,1.45,0.006,0.0477,0
NER-SIM-00210,Manipur,Chandel,NH-102 Imphal-Moreh Corridor,788.5,18.36,63.3,0.0372,-0.0188,7.06,2892.4,314.4,2,2,18.5,17.9,2.25,36.6,3.58,0.045,0.0719,0
NER-SIM-00211,Nagaland,Phek,Phek-Meluri Road Corridor,1817.8,32.38,253.9,-0.0379,0.0389,4.82,3212.5,71.2,3,2,95.9,164.7,22.36,72.5,1.81,0.01,0.6713,1
NER-SIM-00212,Manipur,Noney,Tupul Railway Corridor Section,1084.8,41.18,311.0,-0.099,-0.1279,4.11,581.9,254.2,3,2,1.1,0.6,0.1,32.0,4.07,0.046,0.2033,0
NER-SIM-00213,Manipur,Chandel,NH-102 Imphal-Moreh Corridor,752.4,35.94,137.4,-0.0164,0.0316,4.68,475.6,313.0,4,1,9.4,4.7,1.17,46.1,5.36,0.069,0.1044,0
NER-SIM-00214,Assam,Dima Hasao,NH-27 Lumding-Haflong Hill Cut,426.3,45.37,319.3,-0.0145,0.0241,3.49,890.2,138.7,1,4,176.5,352.2,22.34,84.6,23.08,0.378,0.9137,1
NER-SIM-00215,Manipur,Chandel,NH-102 Imphal-Moreh Corridor,523.5,28.15,210.2,-0.0189,-0.0112,5.99,432.3,115.2,2,3,7.0,7.4,0.57,36.3,0.72,0.054,0.089,0
NER-SIM-00216,Meghalaya,East Khasi Hills,NH-6 Shillong-Tamabil Highway,1241.6,20.32,357.6,0.0679,-0.0367,7.07,4055.1,339.0,1,3,11.2,9.6,1.47,41.5,5.21,0.0,0.0518,0
NER-SIM-00217,Sikkim,Mangan,North Sikkim Highway (Chungthang),1740.8,40.66,94.9,-0.0652,0.0702,2.61,32.0,359.3,4,2,80.8,209.3,13.83,84.9,22.13,1.78,0.7967,1
NER-SIM-00218,Sikkim,Mangan,North Sikkim Highway (Chungthang),1618.5,39.62,322.7,-0.0045,-0.0415,2.0,2053.8,272.3,5,4,1.9,3.4,0.21,46.1,4.78,0.088,0.1169,0
NER-SIM-00219,Assam,Dima Hasao,NH-27 Lumding-Haflong Hill Cut,698.7,32.67,152.0,0.0311,-0.036,5.1,259.3,311.6,1,2,11.5,7.2,0.84,51.2,3.63,0.058,0.1678,0
NER-SIM-00220,Mizoram,Champhai,Champhai-Zokhawthar Border Cut,1057.8,30.69,264.5,-0.0934,0.028,6.34,1779.5,739.2,2,1,39.5,97.5,5.65,63.8,1.01,0.001,0.1008,0
NER-SIM-00221,Sikkim,Mangan,North Sikkim Highway (Chungthang),1884.2,41.78,181.4,0.0348,0.0541,4.19,1732.4,0.8,5,4,15.7,13.1,1.58,42.5,0.0,0.0,0.134,0
NER-SIM-00222,Assam,Dima Hasao,NH-27 Lumding-Haflong Hill Cut,706.1,21.36,58.7,-0.0201,-0.0197,6.52,2977.7,530.9,1,4,100.6,269.3,20.65,71.0,2.06,0.11,0.4454,0
NER-SIM-00223,Manipur,Noney,Tupul Railway Corridor Section,869.2,36.9,14.6,-0.009,0.084,5.17,1351.5,1091.8,2,3,171.2,336.9,43.04,67.1,5.03,0.033,0.8495,1
NER-SIM-00224,Nagaland,Phek,Phek-Meluri Road Corridor,1792.9,41.81,9.7,0.0499,0.026,7.3,384.2,160.6,3,2,8.3,8.1,0.71,43.4,0.97,0.075,0.1509,0
NER-SIM-00225,Manipur,Noney,Tupul Railway Corridor Section,1214.8,42.51,167.6,-0.1082,-0.0043,5.22,2600.9,375.6,2,2,47.5,56.9,7.37,43.8,2.5,0.099,0.2356,0
NER-SIM-00226,Meghalaya,East Khasi Hills,NH-6 Shillong-Tamabil Highway,1466.2,39.01,196.8,-0.0044,-0.0347,3.93,1172.9,161.3,1,2,8.6,4.5,1.05,28.3,1.93,0.043,0.1002,0
NER-SIM-00227,Mizoram,Aizawl,Aizawl-Lunglei Road Slopes,1459.8,26.36,258.7,0.0516,-0.0093,5.68,1940.0,331.1,2,1,1.1,1.1,0.13,26.3,1.83,0.058,0.0252,0
NER-SIM-00228,Arunachal Pradesh,West Kameng,Bhalukpong-Bomdila-Tawang Route,2110.0,30.73,326.8,0.0083,-0.0823,6.07,854.4,456.3,4,2,65.8,142.9,13.34,68.2,1.47,0.15,0.2931,0
NER-SIM-00229,Arunachal Pradesh,West Kameng,Bhalukpong-Bomdila-Tawang Route,2060.5,68.35,349.5,-0.069,0.0421,2.0,56.8,596.0,4,3,160.7,316.7,31.32,87.3,40.42,0.96,0.9909,1
NER-SIM-00230,Nagaland,Kohima,NH-29 Dimapur-Kohima By-pass,1462.9,35.1,175.8,-0.0045,0.0111,4.57,357.8,58.4,3,2,237.7,409.0,74.63,77.1,15.82,0.068,0.9693,1
NER-SIM-00231,Assam,Dima Hasao,NH-27 Lumding-Haflong Hill Cut,904.8,33.59,99.4,0.0169,-0.0221,5.69,1126.1,292.2,1,1,64.3,197.6,14.31,74.2,0.95,0.1,0.2589,0
NER-SIM-00232,Mizoram,Aizawl,Aizawl-Lunglei Road Slopes,1103.0,28.9,344.6,0.0423,0.0369,6.49,926.0,1265.3,1,1,5.3,3.6,0.85,29.1,2.27,0.033,0.0278,0
NER-SIM-00233,Sikkim,Pakyong,NH-10 Sevoke-Gangtok Corridor,730.2,25.49,323.4,-0.0043,-0.0438,6.94,462.4,196.4,3,2,38.2,95.5,9.41,56.8,3.59,0.005,0.1808,0
NER-SIM-00234,Manipur,Chandel,NH-102 Imphal-Moreh Corridor,1045.2,39.36,74.2,0.0021,0.0919,4.42,135.3,165.8,3,2,6.3,11.2,0.84,43.2,1.25,0.011,0.1456,0
NER-SIM-00235,Assam,Karbi Anglong,Diphu-Bokajan Escarpment,208.5,25.19,3.5,-0.0153,0.0837,4.91,119.0,855.5,1,3,8.9,5.0,0.75,33.0,2.92,0.124,0.1162,0
NER-SIM-00236,Manipur,Noney,Tupul Railway Corridor Section,961.6,44.38,344.1,0.023,-0.0508,3.56,277.4,511.9,2,2,70.0,105.5,17.23,64.6,1.41,0.112,0.3555,0
NER-SIM-00237,Arunachal Pradesh,Lower Subansiri,Ziro Foothill Section,1812.8,45.21,165.9,-0.0097,0.0194,3.1,987.6,194.2,3,2,5.1,7.7,0.59,33.6,1.82,0.048,0.119,0
NER-SIM-00238,Assam,Dima Hasao,NH-27 Lumding-Haflong Hill Cut,831.0,18.48,360.0,0.0072,-0.0365,6.1,1955.0,145.5,1,3,92.4,168.2,17.71,75.4,6.59,0.109,0.5002,1
NER-SIM-00239,Meghalaya,East Khasi Hills,NH-6 Shillong-Tamabil Highway,1829.8,43.1,196.3,-0.0226,-0.0519,6.27,597.3,1064.0,1,2,192.4,439.8,50.18,73.8,0.16,0.077,0.9149,1
NER-SIM-00240,Arunachal Pradesh,Lower Subansiri,Ziro Foothill Section,1563.1,35.45,39.9,0.0643,-0.0175,5.96,1121.2,665.7,3,3,105.3,226.6,16.87,71.9,3.01,0.027,0.6047,1
NER-SIM-00241,Nagaland,Kohima,NH-29 Dimapur-Kohima By-pass,1284.4,43.88,2.6,0.004,-0.022,5.18,114.0,81.5,3,1,51.7,157.8,11.57,63.2,0.0,0.04,0.4469,0
NER-SIM-00242,Arunachal Pradesh,West Kameng,Bhalukpong-Bomdila-Tawang Route,2001.7,42.63,326.2,0.0545,-0.0081,5.63,151.7,99.1,4,4,0.6,0.3,0.06,35.2,2.86,0.086,0.1146,0
NER-SIM-00243,Sikkim,Mangan,North Sikkim Highway (Chungthang),1804.4,45.47,359.2,-0.0741,-0.0456,8.57,747.8,766.7,4,3,7.2,10.1,0.74,43.1,0.0,0.0,0.1765,0
NER-SIM-00244,Arunachal Pradesh,Lower Subansiri,Ziro Foothill Section,1361.9,28.65,354.8,0.0107,-0.0075,6.53,293.2,91.6,3,3,3.1,4.7,0.35,44.3,4.17,0.08,0.1237,0
NER-SIM-00245,Arunachal Pradesh,Lower Subansiri,Ziro Foothill Section,1003.4,39.63,49.7,-0.0373,0.0587,3.54,2712.1,18.5,3,2,5.6,6.9,0.79,36.8,0.0,0.006,0.1509,0
NER-SIM-00246,Sikkim,Mangan,North Sikkim Highway (Chungthang),1412.4,41.39,329.4,0.0735,-0.0288,3.72,735.0,2.3,4,1,26.5,20.9,2.46,37.8,3.26,0.056,0.2223,0
NER-SIM-00247,Manipur,Chandel,NH-102 Imphal-Moreh Corridor,998.5,33.01,198.4,-0.0315,0.0612,6.31,1777.8,12.9,1,3,86.4,275.2,22.32,82.0,22.03,1.786,0.7972,1
NER-SIM-00248,Assam,Dima Hasao,NH-27 Lumding-Haflong Hill Cut,417.0,31.36,350.2,-0.0924,-0.0543,7.75,1322.6,14.9,1,2,25.4,24.9,4.05,37.6,2.35,0.021,0.0638,0
NER-SIM-00249,Manipur,Chandel,NH-102 Imphal-Moreh Corridor,749.7,24.01,298.9,0.0485,-0.0607,6.53,1074.8,661.5,2,2,6.1,6.8,0.66,39.0,2.65,0.069,0.0484,0
NER-SIM-00250,Sikkim,Pakyong,NH-10 Sevoke-Gangtok Corridor,1472.4,34.32,16.3,0.0297,0.0859,4.78,2176.2,112.1,4,1,408.8,695.2,80.0,74.2,1.41,0.034,0.9966,1
NER-SIM-00251,Nagaland,Kohima,NH-29 Dimapur-Kohima By-pass,1051.7,46.74,296.4,-0.0113,0.0379,4.97,296.4,279.4,3,2,29.6,45.1,2.63,43.4,2.59,0.067,0.2194,0
NER-SIM-00252,Assam,Karbi Anglong,Diphu-Bokajan Escarpment,248.0,23.17,325.0,-0.0729,-0.0326,6.55,261.9,5.4,1,2,121.7,240.7,19.71,79.9,18.4,0.093,0.7948,1
NER-SIM-00253,Nagaland,Kohima,NH-29 Dimapur-Kohima By-pass,1566.8,19.71,31.7,-0.0229,0.0358,4.96,205.3,365.9,2,3,4.9,5.7,0.62,36.3,0.38,0.034,0.1299,0
NER-SIM-00254,Meghalaya,East Khasi Hills,NH-6 Shillong-Tamabil Highway,1563.5,20.14,256.6,-0.0004,-0.0271,7.51,1206.8,593.6,3,4,72.0,206.5,15.1,75.9,11.05,0.04,0.4217,0
NER-SIM-00255,Arunachal Pradesh,Lower Subansiri,Ziro Foothill Section,1737.0,28.87,47.9,0.0165,-0.0416,5.7,69.7,297.3,3,3,14.5,19.4,1.29,45.6,1.93,0.122,0.2236,0
NER-SIM-00256,Nagaland,Kohima,NH-29 Dimapur-Kohima By-pass,1297.4,35.92,289.6,0.043,-0.0666,3.89,183.4,298.3,1,1,21.8,44.7,2.95,45.8,2.95,0.028,0.0813,0
NER-SIM-00257,Manipur,Noney,Tupul Railway Corridor Section,716.7,39.27,103.1,-0.0395,0.0451,3.93,1418.9,272.6,3,1,4.5,3.6,0.33,43.3,3.55,0.026,0.0778,0
NER-SIM-00258,Sikkim,Mangan,North Sikkim Highway (Chungthang),1479.4,42.36,66.3,-0.0201,-0.0375,4.18,20.1,384.4,3,2,108.0,340.2,13.95,81.5,13.75,0.08,0.9044,1
NER-SIM-00259,Nagaland,Kohima,NH-29 Dimapur-Kohima By-pass,1637.2,29.13,79.0,-0.0247,0.0327,4.9,2359.2,250.6,2,2,24.5,14.6,1.67,33.2,1.15,0.091,0.125,0
NER-SIM-00260,Arunachal Pradesh,West Kameng,Bhalukpong-Bomdila-Tawang Route,2024.8,36.22,67.5,0.0653,0.0561,4.94,1947.1,264.1,5,2,25.7,45.6,1.84,55.3,2.97,0.007,0.1669,0
NER-SIM-00261,Manipur,Chandel,NH-102 Imphal-Moreh Corridor,917.8,22.38,207.3,0.0753,-0.0489,7.83,1149.1,1.0,3,1,6.5,4.7,0.56,34.8,3.28,0.075,0.044,0
NER-SIM-00262,Nagaland,Kohima,NH-29 Dimapur-Kohima By-pass,1107.6,28.49,130.6,0.0651,0.0093,2.67,743.1,317.1,2,1,7.0,9.0,0.5,31.5,1.13,0.069,0.0848,0
NER-SIM-00263,Meghalaya,East Khasi Hills,NH-6 Shillong-Tamabil Highway,1490.5,36.43,338.8,0.0123,-0.003,6.93,3182.5,212.7,2,2,0.6,0.3,0.05,37.2,2.4,0.042,0.0696,0
NER-SIM-00264,Mizoram,Champhai,Champhai-Zokhawthar Border Cut,1291.3,24.07,345.0,-0.011,0.0298,5.57,1690.7,223.2,1,3,177.6,467.5,24.37,83.7,32.1,0.015,0.9513,1
NER-SIM-00265,Tripura,North Tripura,Jampui Hills Ridge Corridor,892.5,26.83,172.5,-0.0682,0.043,3.96,1312.7,6.2,1,3,3.2,5.1,0.28,40.2,0.45,0.069,0.1586,0
NER-SIM-00266,Arunachal Pradesh,West Kameng,Bhalukpong-Bomdila-Tawang Route,2204.2,49.97,275.0,0.0794,-0.0531,3.99,678.6,436.9,5,2,274.8,752.9,35.18,72.9,0.03,0.1,0.9972,1
NER-SIM-00267,Assam,Dima Hasao,NH-27 Lumding-Haflong Hill Cut,693.4,33.09,311.8,-0.0095,-0.0377,6.73,358.0,112.9,1,3,12.2,9.4,0.98,27.2,1.42,0.02,0.1462,0
NER-SIM-00268,Meghalaya,South West Khasi Hills,Mawsynram Valley Slopes,1303.4,33.13,253.1,-0.0551,-0.0521,3.81,489.9,378.6,1,3,152.7,472.9,40.37,79.9,16.42,0.078,0.9261,1
NER-SIM-00269,Arunachal Pradesh,Lower Subansiri,Ziro Foothill Section,1679.6,24.5,161.7,-0.029,0.0426,6.13,551.1,254.8,3,1,5.2,6.5,0.73,33.8,1.42,0.026,0.1,0
NER-SIM-00270,Arunachal Pradesh,West Kameng,Bhalukpong-Bomdila-Tawang Route,2016.1,31.42,23.4,-0.0108,0.1019,4.7,1045.2,31.3,4,2,4.2,3.1,0.33,20.5,2.89,0.04,0.1049,0
NER-SIM-00271,Meghalaya,East Khasi Hills,NH-6 Shillong-Tamabil Highway,1077.1,23.22,216.8,-0.0336,0.0059,7.02,498.9,102.4,2,2,74.6,159.6,12.66,63.2,4.6,0.028,0.2493,0
NER-SIM-00272,Sikkim,Pakyong,NH-10 Sevoke-Gangtok Corridor,1324.5,32.17,219.2,-0.0367,-0.027,5.94,1056.0,849.8,3,2,0.5,0.8,0.06,38.8,2.06,0.033,0.1059,0
NER-SIM-00273,Nagaland,Kohima,NH-29 Dimapur-Kohima By-pass,1043.0,47.15,92.1,0.0159,-0.0198,2.0,2586.7,363.0,3,4,60.5,98.8,7.63,68.3,0.6,0.043,0.3209,0
NER-SIM-00274,Tripura,North Tripura,Jampui Hills Ridge Corridor,445.0,40.74,137.3,0.023,-0.0134,5.73,848.4,89.9,2,3,7.3,4.3,0.52,36.1,0.72,0.064,0.1702,0
NER-SIM-00275,Assam,Dima Hasao,NH-27 Lumding-Haflong Hill Cut,731.9,32.45,183.4,-0.0184,0.007,4.44,927.0,33.8,1,3,35.6,23.1,2.49,42.3,2.5,0.099,0.2583,0
NER-SIM-00276,Assam,Karbi Anglong,Diphu-Bokajan Escarpment,337.3,27.55,353.1,0.005,-0.0397,5.52,360.2,72.7,1,3,8.0,14.2,0.67,45.4,4.34,0.019,0.2214,0
NER-SIM-00277,Assam,Karbi Anglong,Diphu-Bokajan Escarpment,83.6,31.97,292.3,-0.0465,0.0307,6.86,604.3,175.0,1,3,127.8,241.9,31.61,79.2,16.94,0.116,0.7447,1
NER-SIM-00278,Manipur,Chandel,NH-102 Imphal-Moreh Corridor,981.8,36.05,134.2,-0.0261,0.0182,2.0,601.0,395.4,3,1,106.2,230.5,28.76,76.2,13.8,0.105,0.5622,1
NER-SIM-00279,Sikkim,Pakyong,NH-10 Sevoke-Gangtok Corridor,861.6,48.22,30.1,0.0164,-0.0317,4.78,2730.0,106.1,4,3,34.5,109.0,5.21,61.9,4.12,0.075,0.6654,1
NER-SIM-00280,Sikkim,Mangan,North Sikkim Highway (Chungthang),1616.8,36.08,170.1,-0.0598,-0.0098,5.01,370.5,26.0,5,4,564.3,854.7,80.0,76.2,9.37,0.049,0.9999,1
NER-SIM-00281,Meghalaya,East Khasi Hills,NH-6 Shillong-Tamabil Highway,1811.8,30.73,78.9,0.0669,-0.0025,2.95,1515.4,833.6,1,4,11.4,6.1,1.3,40.9,1.3,0.072,0.0293,0
NER-SIM-00282,Assam,Karbi Anglong,Diphu-Bokajan Escarpment,111.9,32.04,13.2,0.0461,-0.0266,4.24,3145.8,190.8,1,2,21.6,16.2,1.83,31.3,0.56,0.076,0.0923,0
NER-SIM-00283,Manipur,Noney,Tupul Railway Corridor Section,557.6,44.41,144.1,0.0755,0.0285,6.04,860.6,221.7,2,2,8.5,4.5,1.32,38.5,1.73,0.021,0.1737,0
NER-SIM-00284,Assam,Karbi Anglong,Diphu-Bokajan Escarpment,537.4,17.85,242.9,-0.0872,0.0018,6.27,2861.4,541.7,1,2,4.1,6.1,0.46,28.4,1.38,0.023,0.0283,0
NER-SIM-00285,Assam,Dima Hasao,NH-27 Lumding-Haflong Hill Cut,668.4,32.18,207.5,-0.0619,-0.0341,5.19,1852.2,565.9,1,1,128.1,404.2,21.67,73.6,2.99,0.058,0.7139,1
NER-SIM-00286,Tripura,North Tripura,Jampui Hills Ridge Corridor,1076.7,32.49,21.9,0.0553,-0.0316,5.65,2781.2,1933.2,1,1,9.8,16.8,0.73,37.1,0.31,0.053,0.03,0
NER-SIM-00287,Nagaland,Kohima,NH-29 Dimapur-Kohima By-pass,1717.2,34.0,229.3,0.0296,-0.0502,3.35,1827.1,33.9,3,3,16.3,15.4,1.49,36.3,2.86,0.0,0.1336,0
NER-SIM-00288,Arunachal Pradesh,West Kameng,Bhalukpong-Bomdila-Tawang Route,2226.2,45.62,317.6,0.0124,0.0039,4.11,670.5,192.3,5,1,9.7,8.9,1.0,46.1,2.23,0.034,0.1664,0
NER-SIM-00289,Arunachal Pradesh,West Kameng,Bhalukpong-Bomdila-Tawang Route,1915.8,52.47,55.1,-0.0335,-0.0083,3.01,3830.3,235.9,5,2,21.7,29.4,1.59,43.9,1.93,0.055,0.2422,0
NER-SIM-00290,Assam,Karbi Anglong,Diphu-Bokajan Escarpment,514.8,36.7,161.3,-0.0171,0.0333,5.79,652.5,170.0,1,2,47.3,85.0,6.63,58.7,1.68,0.035,0.2221,0
NER-SIM-00291,Mizoram,Aizawl,Aizawl-Lunglei Road Slopes,1331.1,43.73,255.2,0.0381,-0.0325,5.21,5383.5,96.8,1,1,10.3,5.3,1.68,33.2,1.34,0.094,0.062,0
NER-SIM-00292,Meghalaya,East Khasi Hills,NH-6 Shillong-Tamabil Highway,1641.6,34.52,86.5,0.026,-0.0707,6.18,1627.5,72.8,1,2,9.3,6.6,0.85,39.5,0.0,0.131,0.1027,0
NER-SIM-00293,Tripura,North Tripura,Jampui Hills Ridge Corridor,824.2,26.85,300.2,0.0337,-0.0283,6.67,3513.1,36.7,1,4,3.5,2.3,0.24,43.2,1.87,0.097,0.0477,0
NER-SIM-00294,Meghalaya,East Khasi Hills,NH-6 Shillong-Tamabil Highway,1111.6,44.03,123.1,-0.0016,-0.0613,3.6,2219.0,297.5,1,3,7.4,11.3,1.01,42.8,0.1,0.02,0.0588,0
NER-SIM-00295,Arunachal Pradesh,West Kameng,Bhalukpong-Bomdila-Tawang Route,1653.9,56.39,88.9,0.0046,-0.0412,3.04,1623.2,158.9,5,3,6.8,7.0,0.47,39.5,1.29,0.055,0.4189,0
NER-SIM-00296,Assam,Karbi Anglong,Diphu-Bokajan Escarpment,408.0,33.36,130.2,-0.0235,0.0014,8.22,384.6,183.2,1,2,7.2,4.0,0.52,38.7,3.99,0.036,0.0775,0
NER-SIM-00297,Mizoram,Aizawl,Aizawl-Lunglei Road Slopes,1093.6,27.73,147.8,-0.0193,-0.0336,6.53,4910.6,209.8,2,3,134.3,368.0,21.61,70.0,3.51,0.046,0.8282,1
NER-SIM-00298,Assam,Dima Hasao,NH-27 Lumding-Haflong Hill Cut,922.6,26.81,261.6,0.0328,-0.0152,7.26,485.4,359.9,1,1,0.7,1.1,0.06,38.5,2.07,0.055,0.082,0
NER-SIM-00299,Meghalaya,East Khasi Hills,NH-6 Shillong-Tamabil Highway,1800.4,32.64,141.3,-0.0351,-0.0086,5.85,3325.6,38.0,1,1,47.5,108.5,7.64,66.4,3.15,0.106,0.2259,0
NER-SIM-00300,Sikkim,Pakyong,NH-10 Sevoke-Gangtok Corridor,768.1,54.08,67.2,-0.0255,-0.0515,4.43,483.2,34.8,4,4,117.2,313.0,19.58,78.5,13.7,0.018,0.8543,1
NER-SIM-00301,Meghalaya,South West Khasi Hills,Mawsynram Valley Slopes,1303.9,39.49,279.9,-0.0256,0.0149,7.09,331.8,1075.9,2,4,95.0,184.0,30.08,86.8,32.55,0.118,0.5954,1
NER-SIM-00302,Mizoram,Aizawl,Aizawl-Lunglei Road Slopes,982.7,22.46,53.9,0.1027,0.0229,7.23,830.9,116.8,2,1,2.6,1.8,0.41,30.9,0.0,0.005,0.0485,0
NER-SIM-00303,Sikkim,Pakyong,NH-10 Sevoke-Gangtok Corridor,1027.0,26.24,1.4,-0.0159,-0.0586,5.35,905.1,70.1,4,2,8.7,10.0,0.6,34.3,0.62,0.05,0.0915,0
NER-SIM-00304,Mizoram,Champhai,Champhai-Zokhawthar Border Cut,1737.8,30.41,136.2,0.1238,-0.0097,6.4,2162.0,206.4,2,3,64.1,175.2,10.99,80.6,18.07,0.04,0.5862,1
NER-SIM-00305,Arunachal Pradesh,West Kameng,Bhalukpong-Bomdila-Tawang Route,2571.8,35.83,284.0,0.1091,0.0048,7.87,99.7,8.0,4,1,5.1,4.3,0.42,35.3,1.26,0.09,0.1982,0
NER-SIM-00306,Nagaland,Kohima,NH-29 Dimapur-Kohima By-pass,1287.6,35.7,37.0,-0.0448,0.0062,5.19,2096.0,286.7,2,3,2.0,2.5,0.26,24.8,2.05,0.116,0.1562,0
NER-SIM-00307,Meghalaya,East Khasi Hills,NH-6 Shillong-Tamabil Highway,1048.5,34.39,118.2,-0.0597,-0.0057,7.09,398.3,972.9,2,2,15.9,10.8,1.64,36.8,1.74,0.051,0.116,0
NER-SIM-00308,Arunachal Pradesh,West Kameng,Bhalukpong-Bomdila-Tawang Route,2237.3,39.73,8.5,0.0413,-0.0278,4.73,3246.0,485.0,4,4,282.5,796.5,37.77,80.6,17.32,0.0,0.9952,1
NER-SIM-00309,Meghalaya,East Khasi Hills,NH-6 Shillong-Tamabil Highway,1504.5,40.31,344.5,-0.0094,0.0408,3.12,2109.6,117.9,1,2,104.1,186.9,16.08,76.1,9.93,0.076,0.5912,1
NER-SIM-00310,Sikkim,Mangan,North Sikkim Highway (Chungthang),1615.2,51.04,212.9,-0.0292,-0.0918,4.67,270.0,212.3,5,2,87.7,169.4,21.74,70.2,2.21,0.005,0.611,1
NER-SIM-00311,Arunachal Pradesh,Lower Subansiri,Ziro Foothill Section,1708.9,36.48,32.5,0.0147,0.0094,5.99,245.1,281.0,3,3,71.8,191.9,18.6,72.2,4.26,0.095,0.6199,1
NER-SIM-00312,Manipur,Noney,Tupul Railway Corridor Section,770.5,16.2,17.2,-0.0677,0.0111,6.93,3284.3,125.9,2,1,36.7,73.9,7.98,47.8,1.55,0.044,0.0694,0
NER-SIM-00313,Sikkim,Mangan,North Sikkim Highway (Chungthang),2002.9,49.13,86.0,-0.0166,0.0601,2.02,669.1,183.1,5,3,11.5,9.7,1.06,34.6,1.2,0.0,0.2405,0
NER-SIM-00314,Meghalaya,East Khasi Hills,NH-6 Shillong-Tamabil Highway,1794.4,32.73,124.0,0.0618,-0.0293,7.51,558.5,244.6,1,3,76.0,218.6,9.76,76.0,6.88,0.077,0.5808,1
NER-SIM-00315,Nagaland,Phek,Phek-Meluri Road Corridor,1720.3,34.83,282.9,-0.0434,0.0395,7.45,2059.5,28.1,3,2,37.0,78.8,5.81,56.9,1.96,0.0,0.1351,0
NER-SIM-00316,Arunachal Pradesh,Lower Subansiri,Ziro Foothill Section,1549.4,46.76,200.7,0.0432,-0.024,4.34,471.2,715.5,3,4,170.6,342.4,50.32,82.6,25.21,3.886,0.9452,1
NER-SIM-00317,Manipur,Noney,Tupul Railway Corridor Section,1059.9,37.38,297.6,-0.084,-0.0863,5.94,2723.6,32.3,3,4,102.7,228.8,13.39,89.8,32.04,4.216,0.7604,1
NER-SIM-00318,Manipur,Noney,Tupul Railway Corridor Section,1200.0,47.1,10.7,0.0083,0.069,6.05,383.5,671.1,2,2,48.7,43.3,3.3,55.8,0.88,0.039,0.2837,0
NER-SIM-00319,Tripura,North Tripura,Jampui Hills Ridge Corridor,771.6,23.82,357.4,0.0211,0.0266,8.73,1011.5,587.7,1,1,142.9,311.2,19.22,84.6,23.48,0.078,0.529,1
NER-SIM-00320,Manipur,Chandel,NH-102 Imphal-Moreh Corridor,1121.2,16.61,50.2,-0.0582,0.0716,4.94,209.8,23.5,2,4,19.5,59.8,2.81,57.7,3.65,0.044,0.0586,0
NER-SIM-00321,Meghalaya,East Khasi Hills,NH-6 Shillong-Tamabil Highway,1597.7,43.76,308.5,0.0231,-0.0595,3.71,490.8,319.3,1,2,18.3,14.3,2.06,36.3,0.28,0.132,0.1307,0
NER-SIM-00322,Sikkim,Mangan,North Sikkim Highway (Chungthang),2149.3,51.15,11.0,-0.0256,0.0723,6.1,120.2,12.0,4,1,35.5,78.9,5.62,54.3,0.48,0.113,0.4577,0
NER-SIM-00323,Arunachal Pradesh,Lower Subansiri,Ziro Foothill Section,1998.6,29.72,200.4,0.0879,-0.0289,5.36,572.2,605.1,4,3,154.0,330.9,19.44,92.7,37.76,0.073,0.9608,1
NER-SIM-00324,Mizoram,Champhai,Champhai-Zokhawthar Border Cut,1397.4,40.99,222.7,-0.025,-0.0937,5.89,1546.1,556.6,2,4,129.9,338.2,37.44,83.4,24.43,0.197,0.7116,1
NER-SIM-00325,Tripura,North Tripura,Jampui Hills Ridge Corridor,822.6,27.99,113.6,-0.0147,-0.0345,7.09,413.4,383.4,1,3,27.5,46.4,5.81,31.5,1.89,0.095,0.2227,0
NER-SIM-00326,Nagaland,Phek,Phek-Meluri Road Corridor,1432.3,50.02,38.7,-0.0184,-0.0209,5.73,3114.3,804.3,2,2,26.7,47.4,5.91,45.8,0.07,0.042,0.18,0
NER-SIM-00327,Nagaland,Phek,Phek-Meluri Road Corridor,1629.3,23.58,175.5,0.0502,-0.0168,5.67,1423.3,149.1,3,4,27.3,40.1,2.38,45.4,2.31,0.0,0.0684,0
NER-SIM-00328,Sikkim,Pakyong,NH-10 Sevoke-Gangtok Corridor,1215.3,39.55,175.2,0.0104,0.0183,6.76,293.0,278.8,3,4,11.3,6.1,0.83,36.6,3.34,0.0,0.0642,0
NER-SIM-00329,Nagaland,Kohima,NH-29 Dimapur-Kohima By-pass,1759.3,34.81,48.6,-0.0559,0.005,3.5,3529.9,442.5,2,4,213.4,337.9,29.93,88.9,37.86,0.062,0.8819,1
NER-SIM-00330,Arunachal Pradesh,West Kameng,Bhalukpong-Bomdila-Tawang Route,2303.0,43.48,41.7,0.0219,0.0576,2.91,1816.1,1319.6,5,2,95.4,239.4,17.82,84.6,24.41,0.215,0.6897,1
NER-SIM-00331,Arunachal Pradesh,West Kameng,Bhalukpong-Bomdila-Tawang Route,2058.9,46.49,297.1,-0.0577,-0.0256,4.43,1092.9,295.4,5,1,24.4,17.0,1.97,42.1,2.68,0.031,0.2733,0
NER-SIM-00332,Meghalaya,South West Khasi Hills,Mawsynram Valley Slopes,1116.1,34.04,331.7,0.0446,0.0639,5.92,298.4,78.5,2,4,18.1,20.3,2.39,24.2,2.74,0.092,0.0885,0
NER-SIM-00333,Meghalaya,East Khasi Hills,NH-6 Shillong-Tamabil Highway,1392.5,23.41,145.9,-0.0246,-0.0341,5.02,261.5,215.9,3,4,4.2,6.5,0.46,27.2,0.19,0.057,0.09,0
NER-SIM-00334,Mizoram,Aizawl,Aizawl-Lunglei Road Slopes,703.3,32.61,123.3,-0.0132,0.0538,4.72,443.2,111.8,2,4,9.1,13.8,1.33,30.2,2.26,0.045,0.098,0
NER-SIM-00335,Assam,Dima Hasao,NH-27 Lumding-Haflong Hill Cut,957.8,36.82,187.4,0.0467,-0.0437,3.07,1997.0,47.4,1,3,26.5,27.8,2.42,35.8,2.61,0.028,0.1606,0
NER-SIM-00336,Mizoram,Aizawl,Aizawl-Lunglei Road Slopes,1298.8,44.62,226.9,-0.0407,-0.0229,5.39,2037.1,30.8,1,2,22.5,45.5,2.84,48.6,3.62,0.074,0.1628,0
NER-SIM-00337,Tripura,North Tripura,Jampui Hills Ridge Corridor,414.1,28.65,184.6,0.0048,-0.009,4.08,1673.9,720.0,1,4,62.0,153.5,15.17,80.8,19.55,0.069,0.1985,0
NER-SIM-00338,Meghalaya,East Khasi Hills,NH-6 Shillong-Tamabil Highway,1406.5,41.06,334.1,-0.0529,-0.007,5.02,1326.1,293.1,2,3,25.1,19.4,1.98,37.1,3.57,0.113,0.1346,0
NER-SIM-00339,Nagaland,Phek,Phek-Meluri Road Corridor,1427.5,40.54,238.4,-0.0134,0.0438,3.94,1169.5,731.8,3,3,20.8,20.0,2.53,33.6,2.39,0.012,0.1414,0
NER-SIM-00340,Tripura,North Tripura,Jampui Hills Ridge Corridor,1100.9,24.27,12.3,-0.0471,0.0573,2.0,4531.9,62.6,1,3,25.8,19.8,2.29,47.7,2.22,0.03,0.1015,0
NER-SIM-00341,Arunachal Pradesh,Lower Subansiri,Ziro Foothill Section,1541.6,32.67,63.9,-0.0117,-0.0385,3.56,905.5,373.4,3,2,5.9,5.6,0.41,36.4,3.22,0.079,0.0831,0
NER-SIM-00342,Meghalaya,East Khasi Hills,NH-6 Shillong-Tamabil Highway,1543.2,26.05,64.4,-0.0939,0.0388,5.88,27.5,134.9,1,4,181.9,444.7,44.04,74.4,0.11,0.047,0.9141,1
NER-SIM-00343,Arunachal Pradesh,Lower Subansiri,Ziro Foothill Section,1147.0,25.23,197.0,0.0021,0.0708,3.86,2430.7,306.7,2,3,17.1,22.9,1.62,35.7,2.65,0.037,0.1312,0
NER-SIM-00344,Assam,Karbi Anglong,Diphu-Bokajan Escarpment,404.9,18.28,29.6,-0.0086,-0.0635,4.51,1046.6,95.7,1,1,16.1,20.0,2.1,29.9,0.0,0.005,0.0539,0
NER-SIM-00345,Mizoram,Champhai,Champhai-Zokhawthar Border Cut,1349.2,41.39,63.3,0.0287,-0.0057,3.27,630.2,177.6,1,3,84.8,210.0,15.3,75.2,7.93,0.079,0.6837,1
NER-SIM-00346,Nagaland,Phek,Phek-Meluri Road Corridor,1517.2,31.43,330.2,-0.1198,0.0399,2.67,2160.5,114.5,4,4,12.3,15.7,1.45,35.6,0.77,0.056,0.0665,0
NER-SIM-00347,Tripura,North Tripura,Jampui Hills Ridge Corridor,867.3,12.51,226.5,-0.044,-0.0205,7.46,990.9,243.8,1,3,3.9,2.2,0.33,33.9,1.08,0.114,0.0708,0
NER-SIM-00348,Tripura,North Tripura,Jampui Hills Ridge Corridor,554.3,29.17,43.3,-0.0218,-0.016,3.8,11.9,269.1,1,3,60.4,97.0,14.64,67.3,0.98,0.101,0.438,0
NER-SIM-00349,Nagaland,Kohima,NH-29 Dimapur-Kohima By-pass,1352.6,31.92,49.3,0.0439,0.0199,4.43,1165.7,85.7,3,1,18.0,21.4,2.32,44.7,2.4,0.022,0.1068,0
NER-SIM-00350,Nagaland,Kohima,NH-29 Dimapur-Kohima By-pass,1383.2,31.53,353.3,-0.077,0.0479,4.18,1513.7,170.8,2,2,220.2,601.5,57.35,83.9,26.11,0.041,0.9666,1
NER-SIM-00351,Assam,Karbi Anglong,Diphu-Bokajan Escarpment,829.6,13.76,341.7,0.0207,-0.0293,4.62,569.7,533.1,1,1,19.6,25.4,2.27,36.4,1.51,0.041,0.0566,0
NER-SIM-00352,Sikkim,Pakyong,NH-10 Sevoke-Gangtok Corridor,807.9,54.14,154.3,-0.0004,-0.058,2.0,2283.3,1649.0,3,3,14.9,15.7,2.31,33.6,1.41,0.09,0.2162,0
NER-SIM-00353,Meghalaya,East Khasi Hills,NH-6 Shillong-Tamabil Highway,1475.1,20.54,27.4,-0.0639,0.0653,7.15,2272.1,88.5,1,4,20.3,13.0,1.79,46.1,3.01,0.033,0.0638,0
NER-SIM-00354,Assam,Dima Hasao,NH-27 Lumding-Haflong Hill Cut,662.8,46.04,104.4,0.0131,0.0064,6.93,4640.8,41.7,1,2,27.2,66.2,5.54,58.4,0.99,0.039,0.1497,0
NER-SIM-00355,Tripura,North Tripura,Jampui Hills Ridge Corridor,552.9,48.59,352.0,-0.0132,-0.0306,4.05,3234.1,444.4,1,3,5.4,8.8,0.41,37.1,0.0,0.054,0.075,0
NER-SIM-00356,Tripura,North Tripura,Jampui Hills Ridge Corridor,823.3,26.01,262.9,0.0536,-0.053,2.89,2747.5,463.4,2,1,6.8,6.1,0.73,43.2,2.47,0.008,0.0697,0
NER-SIM-00357,Nagaland,Kohima,NH-29 Dimapur-Kohima By-pass,1326.8,30.36,224.0,0.0317,0.0051,5.72,428.0,291.7,2,3,15.7,25.0,2.18,38.2,2.3,0.0,0.1533,0
NER-SIM-00358,Mizoram,Champhai,Champhai-Zokhawthar Border Cut,964.5,24.78,269.8,-0.011,-0.0088,8.43,892.2,16.1,3,1,16.7,13.8,1.41,35.1,3.48,0.091,0.0496,0
NER-SIM-00359,Sikkim,Mangan,North Sikkim Highway (Chungthang),1595.5,40.29,280.0,0.0572,0.1351,4.08,1105.7,72.3,4,2,2.5,3.0,0.21,43.4,2.01,0.0,0.1331,0
NER-SIM-00360,Manipur,Chandel,NH-102 Imphal-Moreh Corridor,427.2,20.31,12.7,-0.0124,0.0461,3.42,17.2,240.3,3,2,212.1,581.7,51.45,73.5,3.13,0.0,0.9759,1
NER-SIM-00361,Mizoram,Aizawl,Aizawl-Lunglei Road Slopes,1175.3,45.57,137.4,0.0028,0.0255,3.36,512.8,18.9,1,2,34.7,58.5,3.21,39.4,1.94,0.076,0.3189,0
NER-SIM-00362,Mizoram,Champhai,Champhai-Zokhawthar Border Cut,1377.1,40.65,80.8,0.0556,0.0492,7.1,27.1,459.0,2,4,22.4,17.4,2.92,40.7,0.0,0.062,0.106,0
NER-SIM-00363,Nagaland,Phek,Phek-Meluri Road Corridor,1702.9,36.44,13.0,-0.0049,0.0468,2.0,322.1,40.3,4,3,1.6,1.8,0.21,35.4,0.83,0.029,0.1491,0
NER-SIM-00364,Mizoram,Champhai,Champhai-Zokhawthar Border Cut,1482.1,33.09,283.0,-0.0283,0.0253,6.52,206.2,114.8,1,3,6.2,6.0,0.77,40.9,3.06,0.14,0.0751,0
NER-SIM-00365,Sikkim,Mangan,North Sikkim Highway (Chungthang),1683.9,50.79,329.4,0.062,-0.002,4.13,825.3,279.0,4,3,3.6,6.1,0.44,29.7,0.0,0.05,0.4383,0
NER-SIM-00366,Assam,Karbi Anglong,Diphu-Bokajan Escarpment,766.6,21.56,283.6,0.0364,-0.0684,8.33,1966.5,1163.5,1,1,25.8,43.5,3.46,53.0,2.87,0.092,0.0636,0
NER-SIM-00367,Assam,Karbi Anglong,Diphu-Bokajan Escarpment,1052.6,21.29,239.2,-0.0219,0.0478,6.2,318.6,537.5,1,1,4.0,3.4,0.47,34.6,0.95,0.037,0.0237,0
NER-SIM-00368,Meghalaya,East Khasi Hills,NH-6 Shillong-Tamabil Highway,1710.5,22.12,111.1,0.0324,0.042,3.57,3589.7,201.0,2,4,9.4,13.0,0.91,27.7,1.76,0.099,0.0268,0
NER-SIM-00369,Sikkim,Pakyong,NH-10 Sevoke-Gangtok Corridor,1684.0,31.3,51.5,-0.061,0.0021,5.3,343.3,451.9,3,2,2.3,4.1,0.26,37.3,0.0,0.086,0.0539,0
NER-SIM-00370,Manipur,Chandel,NH-102 Imphal-Moreh Corridor,749.2,29.97,101.2,-0.013,0.076,6.69,716.0,279.1,4,3,263.2,549.9,54.29,78.8,16.22,0.001,0.9873,1
NER-SIM-00371,Meghalaya,South West Khasi Hills,Mawsynram Valley Slopes,665.9,38.3,259.5,0.0565,0.0591,4.22,105.9,119.6,2,4,27.4,64.9,8.52,52.9,1.03,0.125,0.2066,0
NER-SIM-00372,Arunachal Pradesh,Lower Subansiri,Ziro Foothill Section,1608.2,32.58,261.0,0.0288,0.0221,6.5,1836.8,40.1,3,1,27.6,34.4,2.16,35.6,2.58,0.0,0.1163,0
NER-SIM-00373,Assam,Dima Hasao,NH-27 Lumding-Haflong Hill Cut,382.8,29.93,193.1,0.0114,-0.0823,4.6,357.3,263.3,1,2,14.7,7.4,2.36,30.4,1.34,0.0,0.065,0
NER-SIM-00374,Meghalaya,South West Khasi Hills,Mawsynram Valley Slopes,1322.2,34.06,265.0,-0.0673,-0.0063,3.14,615.1,32.2,2,4,70.8,119.0,12.6,65.2,2.84,0.041,0.2997,0
NER-SIM-00375,Mizoram,Champhai,Champhai-Zokhawthar Border Cut,919.8,37.32,63.0,0.0374,0.0658,4.73,619.4,167.1,2,3,8.5,13.4,1.14,28.4,2.68,0.019,0.1591,0
NER-SIM-00376,Sikkim,Mangan,North Sikkim Highway (Chungthang),1837.8,28.89,237.7,0.0257,0.0319,5.86,721.3,1060.0,5,4,22.3,19.4,2.49,44.8,0.0,0.008,0.0441,0
NER-SIM-00377,Manipur,Chandel,NH-102 Imphal-Moreh Corridor,725.6,42.06,309.8,0.0117,-0.0319,4.3,1951.8,257.5,2,1,56.7,100.9,12.58,60.7,2.91,0.128,0.211,0
NER-SIM-00378,Manipur,Chandel,NH-102 Imphal-Moreh Corridor,939.7,42.22,174.1,-0.0662,0.0125,6.24,1474.3,503.6,4,1,183.0,317.4,32.73,75.8,9.87,0.067,0.7965,1
NER-SIM-00379,Meghalaya,South West Khasi Hills,Mawsynram Valley Slopes,888.5,37.1,15.9,0.0919,0.0942,8.02,396.0,875.5,2,3,187.2,452.4,52.9,83.9,30.02,6.997,0.9871,1
NER-SIM-00380,Nagaland,Phek,Phek-Meluri Road Corridor,1638.6,42.29,319.5,-0.0728,0.0284,3.4,526.9,1032.5,3,3,26.4,20.5,4.1,39.1,3.56,0.082,0.2722,0
NER-SIM-00381,Sikkim,Pakyong,NH-10 Sevoke-Gangtok Corridor,406.9,51.87,341.5,0.1231,-0.0391,2.0,0.3,1203.8,4,3,20.7,27.8,1.6,39.9,3.56,0.1,0.458,0
NER-SIM-00382,Tripura,North Tripura,Jampui Hills Ridge Corridor,607.9,10.88,92.9,-0.0379,-0.0065,6.12,2.2,168.7,1,2,0.0,0.0,0.0,39.8,2.45,0.079,0.1107,0
NER-SIM-00383,Tripura,North Tripura,Jampui Hills Ridge Corridor,756.3,13.3,265.7,0.0348,-0.0314,9.37,2284.6,265.0,1,1,10.6,16.6,1.39,30.3,1.57,0.083,0.0326,0
NER-SIM-00384,Nagaland,Phek,Phek-Meluri Road Corridor,2016.8,23.39,112.9,0.0385,0.0433,5.84,48.5,1021.1,2,4,7.3,10.2,0.83,36.1,2.63,0.05,0.0508,0
NER-SIM-00385,Sikkim,Pakyong,NH-10 Sevoke-Gangtok Corridor,1412.1,33.69,23.9,-0.0796,-0.0357,6.08,539.3,45.2,4,1,53.0,68.0,5.76,46.2,2.14,0.1,0.3393,0
NER-SIM-00386,Sikkim,Mangan,North Sikkim Highway (Chungthang),1926.1,61.13,241.7,-0.0816,0.0527,2.0,339.9,184.5,4,4,1.2,1.1,0.1,30.3,0.13,0.018,0.249,0
NER-SIM-00387,Sikkim,Mangan,North Sikkim Highway (Chungthang),1885.9,37.6,355.5,0.021,-0.0449,6.03,3894.9,853.0,5,1,2.0,1.1,0.19,28.5,0.0,0.119,0.1,0
NER-SIM-00388,Mizoram,Aizawl,Aizawl-Lunglei Road Slopes,1248.2,38.08,350.7,-0.011,0.0896,5.15,354.2,1410.0,2,1,49.8,150.1,10.09,69.5,3.17,0.053,0.36,0
NER-SIM-00389,Mizoram,Champhai,Champhai-Zokhawthar Border Cut,1260.7,57.36,334.6,-0.0452,-0.0513,3.09,2979.7,7.7,1,2,14.5,17.9,1.57,33.0,1.77,0.021,0.1646,0
NER-SIM-00390,Nagaland,Kohima,NH-29 Dimapur-Kohima By-pass,1221.3,40.59,244.9,0.1125,0.0208,3.24,808.7,553.6,2,1,0.8,0.7,0.06,39.3,3.85,0.105,0.0812,0
NER-SIM-00391,Manipur,Chandel,NH-102 Imphal-Moreh Corridor,929.3,36.36,88.0,-0.0922,0.0218,3.58,455.7,499.0,3,3,0.8,1.2,0.06,31.7,1.71,0.155,0.1378,0
NER-SIM-00392,Nagaland,Kohima,NH-29 Dimapur-Kohima By-pass,1512.6,28.36,336.1,0.038,0.0384,6.05,1045.7,10.8,3,4,61.0,42.6,5.78,35.2,3.24,0.011,0.134,0
NER-SIM-00393,Meghalaya,South West Khasi Hills,Mawsynram Valley Slopes,1246.7,35.31,8.3,-0.0034,-0.003,4.5,2575.8,303.5,1,1,0.5,0.4,0.05,34.5,3.61,0.063,0.0298,0
NER-SIM-00394,Arunachal Pradesh,West Kameng,Bhalukpong-Bomdila-Tawang Route,2078.1,49.09,219.9,-0.0039,-0.0005,3.49,338.9,70.5,5,4,2.7,2.4,0.29,30.2,0.28,0.091,0.1551,0
NER-SIM-00395,Manipur,Noney,Tupul Railway Corridor Section,216.6,53.12,16.9,-0.0123,0.082,3.54,3459.8,379.3,2,3,2.1,2.1,0.18,24.5,2.69,0.056,0.2695,0
NER-SIM-00396,Mizoram,Champhai,Champhai-Zokhawthar Border Cut,1351.9,25.46,138.2,-0.0164,0.0217,6.0,210.6,330.1,2,3,148.0,331.1,37.13,81.2,24.28,0.08,0.871,1
NER-SIM-00397,Sikkim,Pakyong,NH-10 Sevoke-Gangtok Corridor,1049.4,37.05,46.3,0.0584,-0.1174,5.08,285.4,253.4,4,2,4.9,4.6,0.4,38.4,1.75,0.13,0.1808,0
NER-SIM-00398,Nagaland,Kohima,NH-29 Dimapur-Kohima By-pass,1212.6,22.8,279.0,-0.0028,-0.0714,6.82,17.5,135.9,3,3,67.7,121.2,20.46,63.6,4.06,0.121,0.4083,0
NER-SIM-00399,Meghalaya,East Khasi Hills,NH-6 Shillong-Tamabil Highway,769.8,40.36,322.6,-0.0433,-0.0294,4.15,48.8,357.7,2,1,72.8,152.2,11.28,71.5,2.26,0.073,0.3968,0
NER-SIM-00400,Meghalaya,East Khasi Hills,NH-6 Shillong-Tamabil Highway,1216.3,25.55,278.3,0.0331,0.0629,3.92,1706.5,727.2,2,4,33.7,94.5,4.43,57.1,3.69,0.01,0.0724,0
NER-SIM-00401,Tripura,North Tripura,Jampui Hills Ridge Corridor,963.1,28.61,291.4,0.0201,-0.0018,5.19,255.0,129.0,1,4,47.5,49.9,4.95,52.5,2.81,0.04,0.1838,0
NER-SIM-00402,Manipur,Chandel,NH-102 Imphal-Moreh Corridor,985.0,25.42,279.6,0.0205,-0.0041,3.9,613.6,528.2,3,4,58.8,168.9,9.66,78.1,11.25,0.0,0.2673,0
NER-SIM-00403,Meghalaya,East Khasi Hills,NH-6 Shillong-Tamabil Highway,1341.6,30.21,263.1,-0.0046,0.0514,8.02,1114.2,1518.4,1,3,226.3,394.0,38.22,79.9,14.31,0.0,0.9166,1
NER-SIM-00404,Tripura,North Tripura,Jampui Hills Ridge Corridor,1196.7,33.06,326.8,-0.0488,0.0456,3.32,691.7,15.3,2,3,59.9,154.3,9.69,78.3,15.78,0.072,0.5258,1
NER-SIM-00405,Assam,Karbi Anglong,Diphu-Bokajan Escarpment,584.3,21.94,283.0,0.0189,0.0034,7.44,2724.5,243.8,1,1,7.0,11.0,0.96,43.9,2.45,0.029,0.04,0
NER-SIM-00406,Assam,Karbi Anglong,Diphu-Bokajan Escarpment,632.4,35.55,47.5,-0.0824,-0.0859,4.67,714.2,256.3,1,1,165.3,471.5,37.03,80.7,24.22,0.092,0.9104,1
NER-SIM-00407,Assam,Dima Hasao,NH-27 Lumding-Haflong Hill Cut,1005.1,27.63,179.6,-0.0336,-0.0403,4.84,1256.8,156.4,1,4,51.3,59.7,7.74,54.5,1.69,0.021,0.139,0
NER-SIM-00408,Nagaland,Kohima,NH-29 Dimapur-Kohima By-pass,1639.1,33.85,305.0,0.0135,-0.0117,4.93,1168.4,210.6,3,4,27.3,37.8,2.03,47.2,5.91,0.062,0.1383,0
NER-SIM-00409,Tripura,North Tripura,Jampui Hills Ridge Corridor,722.6,27.21,276.0,0.0147,0.0261,7.56,987.6,18.2,1,4,31.9,41.3,2.45,47.1,1.82,0.018,0.0724,0
NER-SIM-00410,Sikkim,Pakyong,NH-10 Sevoke-Gangtok Corridor,1532.1,38.91,166.8,0.0692,-0.0205,5.52,1423.5,1866.4,3,1,14.1,16.6,1.35,28.1,2.75,0.04,0.056,0
NER-SIM-00411,Nagaland,Kohima,NH-29 Dimapur-Kohima By-pass,1330.5,39.34,64.4,0.0093,0.0546,6.76,583.9,231.3,3,1,14.6,22.9,1.25,42.5,0.23,0.092,0.116,0
NER-SIM-00412,Nagaland,Phek,Phek-Meluri Road Corridor,1987.4,38.96,108.8,0.0229,0.0335,4.06,637.4,324.2,2,3,7.0,9.1,0.84,45.9,0.66,0.044,0.1308,0
NER-SIM-00413,Meghalaya,East Khasi Hills,NH-6 Shillong-Tamabil Highway,1329.1,33.96,293.9,-0.0055,0.0258,4.96,1707.6,33.5,2,4,4.9,4.1,0.43,39.3,2.41,0.082,0.0641,0
NER-SIM-00414,Sikkim,Mangan,North Sikkim Highway (Chungthang),1568.8,51.35,336.8,0.0093,-0.0775,3.04,954.4,77.2,5,3,2.4,2.3,0.16,39.6,3.59,0.021,0.2683,0
NER-SIM-00415,Sikkim,Pakyong,NH-10 Sevoke-Gangtok Corridor,1135.4,26.15,189.5,0.0638,0.0261,5.67,135.8,195.6,4,1,190.6,325.4,28.78,78.0,10.62,0.07,0.9182,1
NER-SIM-00416,Manipur,Noney,Tupul Railway Corridor Section,964.1,33.59,19.7,0.015,-0.0077,5.98,962.5,226.6,2,4,87.8,232.4,16.07,82.6,24.04,3.37,0.7885,1
NER-SIM-00417,Tripura,North Tripura,Jampui Hills Ridge Corridor,569.5,32.05,18.6,-0.0623,-0.0462,7.76,336.6,636.5,1,4,6.8,7.8,0.75,36.0,0.21,0.092,0.0659,0
NER-SIM-00418,Sikkim,Mangan,North Sikkim Highway (Chungthang),1435.6,42.14,306.0,0.0008,-0.0371,3.12,945.0,845.8,5,3,19.7,29.3,3.17,50.6,2.48,0.025,0.238,0
NER-SIM-00419,Meghalaya,East Khasi Hills,NH-6 Shillong-Tamabil Highway,1080.9,13.43,23.8,-0.0187,-0.0131,8.17,650.4,34.1,3,3,10.4,13.6,0.79,38.5,0.82,0.032,0.2079,0
NER-SIM-00420,Assam,Karbi Anglong,Diphu-Bokajan Escarpment,726.0,20.51,65.6,-0.0639,0.0352,5.98,382.6,170.9,1,3,7.7,5.1,0.59,48.2,2.01,0.079,0.0895,0
NER-SIM-00421,Mizoram,Champhai,Champhai-Zokhawthar Border Cut,1522.5,21.35,163.7,-0.0604,-0.0302,8.17,2200.5,457.0,2,2,36.4,64.1,2.51,45.3,0.47,0.09,0.1316,0
NER-SIM-00422,Manipur,Noney,Tupul Railway Corridor Section,685.7,21.91,248.1,0.0274,-0.0033,6.52,4334.6,379.6,3,2,12.6,12.9,1.1,40.5,3.19,0.096,0.0731,0
NER-SIM-00423,Manipur,Chandel,NH-102 Imphal-Moreh Corridor,708.7,23.51,98.0,0.0095,-0.0061,4.43,386.7,36.6,1,4,10.7,13.2,1.41,29.5,0.03,0.002,0.0606,0
NER-SIM-00424,Arunachal Pradesh,West Kameng,Bhalukpong-Bomdila-Tawang Route,2154.4,44.02,289.0,-0.0168,0.0018,2.84,1294.9,62.0,5,3,89.8,264.8,14.14,84.1,28.52,2.174,0.9325,1
NER-SIM-00425,Assam,Dima Hasao,NH-27 Lumding-Haflong Hill Cut,778.9,35.89,155.1,0.0277,-0.0243,5.65,295.1,434.5,1,3,6.6,6.5,0.78,42.2,1.26,0.0,0.1483,0
NER-SIM-00426,Nagaland,Kohima,NH-29 Dimapur-Kohima By-pass,1348.5,24.34,199.0,0.0716,-0.0815,7.59,2345.7,232.1,4,3,5.7,5.6,0.69,36.8,4.79,0.001,0.0892,0
NER-SIM-00427,Mizoram,Aizawl,Aizawl-Lunglei Road Slopes,917.9,28.72,77.6,0.0013,-0.0278,4.93,2404.7,127.3,1,1,56.4,125.9,11.08,65.6,5.24,0.135,0.1342,0
NER-SIM-00428,Mizoram,Aizawl,Aizawl-Lunglei Road Slopes,921.4,28.52,113.5,-0.0199,0.012,8.71,3260.5,478.8,2,1,17.7,31.8,1.41,40.1,0.37,0.013,0.0449,0
NER-SIM-00429,Sikkim,Pakyong,NH-10 Sevoke-Gangtok Corridor,492.2,36.13,134.9,0.0328,0.0395,5.74,1991.0,45.0,3,4,57.9,172.4,15.0,79.3,17.78,0.146,0.4339,0
NER-SIM-00430,Manipur,Noney,Tupul Railway Corridor Section,754.9,28.6,153.0,0.0059,0.0326,4.0,55.7,634.6,3,2,1.9,3.4,0.22,18.6,3.0,0.0,0.0765,0
NER-SIM-00431,Sikkim,Mangan,North Sikkim Highway (Chungthang),1471.7,42.28,65.4,-0.0929,-0.018,3.85,3302.6,365.9,4,1,140.4,216.7,37.84,76.8,9.06,0.106,0.6351,1
NER-SIM-00432,Manipur,Chandel,NH-102 Imphal-Moreh Corridor,924.2,31.12,82.9,0.0004,0.0547,4.61,735.6,888.2,2,1,54.7,168.5,7.66,83.7,18.22,0.0,0.2996,0
NER-SIM-00433,Mizoram,Aizawl,Aizawl-Lunglei Road Slopes,1242.9,50.96,289.7,0.0563,-0.0605,3.73,1821.8,185.3,2,2,75.8,225.0,22.76,82.0,25.14,0.524,0.8253,1
NER-SIM-00434,Sikkim,Mangan,North Sikkim Highway (Chungthang),1900.0,49.87,237.9,-0.0733,0.0042,2.0,52.1,86.7,5,1,1.8,2.4,0.24,27.1,3.5,0.052,0.2106,0
NER-SIM-00435,Assam,Dima Hasao,NH-27 Lumding-Haflong Hill Cut,265.7,33.59,221.8,-0.0118,0.0587,7.01,491.3,64.3,1,2,15.4,15.1,1.3,30.6,4.44,0.113,0.1548,0
NER-SIM-00436,Sikkim,Mangan,North Sikkim Highway (Chungthang),1740.4,35.94,242.7,0.0971,-0.0346,2.0,133.0,592.8,5,2,15.8,23.0,2.18,44.5,1.8,0.043,0.1364,0
NER-SIM-00437,Arunachal Pradesh,West Kameng,Bhalukpong-Bomdila-Tawang Route,1949.6,56.71,176.6,-0.0001,0.0141,2.0,1182.4,99.7,4,2,126.9,295.4,29.18,84.0,27.9,1.243,0.957,1
NER-SIM-00438,Mizoram,Champhai,Champhai-Zokhawthar Border Cut,1404.2,25.95,246.1,-0.0228,-0.0421,6.39,1057.1,119.6,1,2,95.1,192.1,27.49,86.7,27.89,0.127,0.6566,1
NER-SIM-00439,Sikkim,Mangan,North Sikkim Highway (Chungthang),1685.8,55.39,156.3,0.0705,0.0739,2.19,638.8,628.4,5,4,20.6,30.0,1.75,42.5,0.41,0.062,0.2814,0
NER-SIM-00440,Meghalaya,South West Khasi Hills,Mawsynram Valley Slopes,1359.6,30.67,93.5,-0.0002,0.0109,7.21,1402.9,177.3,1,1,188.9,287.9,29.23,71.3,2.64,0.007,0.7023,1
NER-SIM-00441,Tripura,North Tripura,Jampui Hills Ridge Corridor,1407.5,30.43,122.7,0.0204,-0.0259,4.12,673.3,621.1,1,2,0.6,0.3,0.07,49.6,2.27,0.064,0.0945,0
NER-SIM-00442,Meghalaya,East Khasi Hills,NH-6 Shillong-Tamabil Highway,1616.4,37.98,70.5,-0.0615,0.014,7.11,51.1,364.6,2,1,2.0,1.3,0.19,32.1,2.35,0.059,0.1261,0
NER-SIM-00443,Sikkim,Mangan,North Sikkim Highway (Chungthang),2259.8,56.1,165.7,-0.0074,-0.0312,3.54,3380.3,203.5,5,3,7.3,7.8,1.02,31.9,0.71,0.023,0.2877,0
NER-SIM-00444,Assam,Karbi Anglong,Diphu-Bokajan Escarpment,580.0,14.68,103.5,0.0122,-0.045,7.48,2544.5,79.0,1,1,1.2,1.1,0.14,25.3,0.0,0.033,0.0197,0
NER-SIM-00445,Assam,Karbi Anglong,Diphu-Bokajan Escarpment,363.1,39.32,257.9,-0.0141,0.1066,5.47,425.4,211.0,1,3,20.0,19.7,1.89,31.5,1.3,0.014,0.2276,0
NER-SIM-00446,Arunachal Pradesh,Lower Subansiri,Ziro Foothill Section,1422.9,34.18,269.8,0.0033,0.0066,3.46,712.9,144.3,4,3,50.2,146.5,13.23,63.5,2.39,0.052,0.4377,0
NER-SIM-00447,Meghalaya,East Khasi Hills,NH-6 Shillong-Tamabil Highway,1773.0,27.46,185.2,0.041,-0.0742,4.68,1642.3,291.9,2,1,51.8,80.0,7.46,54.4,2.83,0.027,0.0942,0
NER-SIM-00448,Tripura,North Tripura,Jampui Hills Ridge Corridor,757.9,3.79,31.8,-0.0576,0.0602,7.04,1012.3,7.4,1,2,8.0,13.1,0.64,35.7,0.48,0.004,0.0606,0
NER-SIM-00449,Assam,Karbi Anglong,Diphu-Bokajan Escarpment,526.7,14.57,14.0,0.0382,0.0487,7.28,381.8,167.7,1,3,3.3,2.2,0.27,31.2,1.51,0.099,0.0531,0
NER-SIM-00450,Meghalaya,East Khasi Hills,NH-6 Shillong-Tamabil Highway,1008.3,49.34,37.5,0.0227,-0.0103,4.75,1372.2,486.4,2,4,12.3,14.5,1.15,32.6,0.0,0.056,0.0843,0
NER-SIM-00451,Tripura,North Tripura,Jampui Hills Ridge Corridor,306.2,28.5,309.5,0.0263,-0.0231,2.48,1980.2,30.6,1,2,10.7,8.5,0.96,39.1,2.59,0.0,0.0715,0
NER-SIM-00452,Mizoram,Champhai,Champhai-Zokhawthar Border Cut,1293.8,42.79,27.3,0.0132,0.0113,6.31,412.7,18.0,2,3,14.2,25.3,2.04,46.7,0.98,0.027,0.2572,0
NER-SIM-00453,Assam,Karbi Anglong,Diphu-Bokajan Escarpment,810.9,39.55,250.5,0.0166,0.0668,4.45,1918.4,38.9,1,2,165.0,304.8,21.14,91.4,37.95,3.33,0.9674,1
NER-SIM-00454,Sikkim,Pakyong,NH-10 Sevoke-Gangtok Corridor,1156.4,36.05,155.5,-0.0688,0.0566,6.31,2273.3,279.9,2,1,13.0,7.6,1.44,42.6,2.68,0.07,0.0519,0
NER-SIM-00455,Arunachal Pradesh,West Kameng,Bhalukpong-Bomdila-Tawang Route,2244.1,31.3,137.8,-0.1264,-0.0784,5.01,929.6,204.3,4,2,105.4,232.7,24.12,80.5,19.44,0.0,0.7626,1
NER-SIM-00456,Arunachal Pradesh,West Kameng,Bhalukpong-Bomdila-Tawang Route,2209.8,40.28,357.7,-0.049,0.0599,4.46,926.4,22.5,4,1,24.1,36.4,1.76,42.0,2.81,0.042,0.157,0
NER-SIM-00457,Nagaland,Kohima,NH-29 Dimapur-Kohima By-pass,1875.9,26.39,124.4,-0.0577,0.0327,6.95,821.4,60.1,1,1,52.7,61.6,6.54,49.0,0.28,0.047,0.1083,0
NER-SIM-00458,Arunachal Pradesh,Lower Subansiri,Ziro Foothill Section,1252.4,25.73,349.5,-0.0657,0.0541,5.4,670.5,276.8,4,2,52.4,116.3,9.3,55.8,0.59,0.097,0.2057,0
NER-SIM-00459,Mizoram,Aizawl,Aizawl-Lunglei Road Slopes,1393.9,33.56,52.5,-0.0693,-0.0304,4.0,608.6,380.1,2,3,12.1,13.2,1.0,37.6,1.51,0.068,0.1248,0
NER-SIM-00460,Sikkim,Mangan,North Sikkim Highway (Chungthang),1385.5,35.51,340.3,0.0042,-0.0841,5.69,2074.2,198.6,4,3,3.4,2.9,0.3,39.1,0.73,0.111,0.0856,0
NER-SIM-00461,Manipur,Noney,Tupul Railway Corridor Section,886.3,42.9,304.6,0.0349,-0.0257,5.61,916.2,284.0,2,1,0.5,0.5,0.04,39.8,3.19,0.069,0.0367,0
NER-SIM-00462,Nagaland,Kohima,NH-29 Dimapur-Kohima By-pass,1154.4,45.07,126.5,0.0441,0.0353,3.31,5588.7,773.1,4,1,16.4,14.8,2.55,34.9,4.12,0.073,0.0704,0
NER-SIM-00463,Manipur,Chandel,NH-102 Imphal-Moreh Corridor,644.1,39.27,135.8,-0.0775,-0.0892,3.18,2548.5,113.4,2,2,23.1,23.9,1.63,39.6,2.6,0.061,0.1323,0
NER-SIM-00464,Assam,Dima Hasao,NH-27 Lumding-Haflong Hill Cut,1441.6,40.29,223.8,0.0185,-0.0396,5.45,2907.5,176.4,1,2,10.0,5.9,1.36,33.5,3.22,0.091,0.0855,0
NER-SIM-00465,Sikkim,Pakyong,NH-10 Sevoke-Gangtok Corridor,1070.8,50.73,135.7,0.0038,0.0242,3.79,1052.3,4.1,3,1,63.3,151.9,10.74,69.8,2.28,0.046,0.5209,1
NER-SIM-00466,Tripura,North Tripura,Jampui Hills Ridge Corridor,428.7,32.61,67.8,0.0643,-0.0005,4.77,99.3,373.9,1,2,116.6,326.2,23.09,76.6,12.7,0.014,0.8709,1
NER-SIM-00467,Nagaland,Kohima,NH-29 Dimapur-Kohima By-pass,1424.3,25.25,303.4,0.0744,0.0912,7.49,91.1,79.8,3,2,4.9,7.4,0.41,39.7,1.03,0.0,0.174,0
NER-SIM-00468,Arunachal Pradesh,West Kameng,Bhalukpong-Bomdila-Tawang Route,2087.3,42.15,75.8,0.0638,0.0427,4.27,1478.6,446.8,5,3,106.0,273.4,18.68,74.1,5.83,0.039,0.8074,1
NER-SIM-00469,Nagaland,Kohima,NH-29 Dimapur-Kohima By-pass,1541.6,30.71,45.4,-0.0002,-0.0457,6.2,702.7,234.5,3,2,49.2,85.4,3.29,60.8,3.56,0.098,0.3171,0
NER-SIM-00470,Mizoram,Champhai,Champhai-Zokhawthar Border Cut,1481.2,26.22,61.9,-0.0551,-0.0605,3.99,979.9,1.9,2,2,2.6,1.4,0.22,32.3,0.38,0.073,0.1028,0
NER-SIM-00471,Manipur,Chandel,NH-102 Imphal-Moreh Corridor,626.6,27.63,352.0,-0.049,0.0213,5.95,1050.2,16.5,2,1,98.1,305.8,27.97,86.4,27.85,0.041,0.6333,1
NER-SIM-00472,Mizoram,Aizawl,Aizawl-Lunglei Road Slopes,683.3,31.64,145.8,-0.0721,0.0088,7.21,1369.5,60.5,1,3,8.5,15.1,0.85,21.5,0.42,0.069,0.108,0
NER-SIM-00473,Assam,Dima Hasao,NH-27 Lumding-Haflong Hill Cut,446.1,21.64,141.2,-0.0623,0.026,5.65,5036.8,808.0,1,3,8.2,13.6,0.54,30.5,0.45,0.021,0.0482,0
NER-SIM-00474,Assam,Karbi Anglong,Diphu-Bokajan Escarpment,966.3,15.21,66.6,0.0049,-0.0152,8.39,942.4,553.5,1,2,85.7,147.3,12.55,66.7,3.4,0.058,0.2395,0
NER-SIM-00475,Arunachal Pradesh,Lower Subansiri,Ziro Foothill Section,1232.2,31.5,39.3,-0.0291,-0.0282,5.91,829.8,957.2,4,4,244.8,398.0,45.81,80.0,19.21,0.026,0.9633,1
NER-SIM-00476,Manipur,Chandel,NH-102 Imphal-Moreh Corridor,675.0,35.49,108.2,-0.079,-0.0415,4.17,2508.5,711.4,2,4,97.5,156.1,19.4,85.5,29.57,2.07,0.5063,1
NER-SIM-00477,Mizoram,Aizawl,Aizawl-Lunglei Road Slopes,990.5,29.11,91.9,-0.1284,-0.0158,5.54,2921.3,414.8,1,4,88.7,283.8,11.72,86.5,25.6,0.113,0.596,1
NER-SIM-00478,Sikkim,Pakyong,NH-10 Sevoke-Gangtok Corridor,1136.0,40.8,220.8,0.0146,-0.0772,2.3,2037.3,353.1,3,3,50.6,119.4,8.94,57.7,1.73,0.094,0.4303,0
NER-SIM-00479,Arunachal Pradesh,Lower Subansiri,Ziro Foothill Section,1350.7,26.64,43.6,-0.0328,-0.07,5.66,312.8,1005.4,3,1,62.6,153.2,13.06,76.5,10.61,0.101,0.4248,0
NER-SIM-00480,Sikkim,Mangan,North Sikkim Highway (Chungthang),1388.4,49.18,117.1,-0.0231,0.0164,2.0,125.9,793.4,4,1,76.5,244.2,14.86,87.7,24.66,7.411,0.896,1
NER-SIM-00481,Meghalaya,East Khasi Hills,NH-6 Shillong-Tamabil Highway,1229.5,26.78,319.0,0.0124,0.0005,6.17,567.5,208.9,2,1,113.1,244.6,22.9,74.1,4.29,0.004,0.5595,1
NER-SIM-00482,Mizoram,Aizawl,Aizawl-Lunglei Road Slopes,1031.6,35.49,216.2,0.0672,-0.0139,3.34,137.7,239.0,2,2,8.0,5.7,0.68,34.5,1.84,0.0,0.1277,0
NER-SIM-00483,Nagaland,Phek,Phek-Meluri Road Corridor,1308.9,33.71,257.7,0.0398,0.0537,4.07,1240.6,56.1,2,1,20.8,15.1,2.32,34.7,0.65,0.059,0.0674,0
NER-SIM-00484,Manipur,Chandel,NH-102 Imphal-Moreh Corridor,952.1,37.89,275.3,0.006,0.0103,2.43,214.0,253.5,3,2,7.6,9.1,1.19,35.4,2.69,0.035,0.2252,0
NER-SIM-00485,Assam,Dima Hasao,NH-27 Lumding-Haflong Hill Cut,1254.3,39.99,257.5,-0.077,-0.0711,4.32,1397.1,36.5,1,1,106.9,254.5,14.82,77.9,15.76,0.097,0.5819,1
NER-SIM-00486,Nagaland,Phek,Phek-Meluri Road Corridor,1584.6,31.98,137.0,0.0552,-0.0402,7.08,1508.9,444.5,3,1,75.4,196.8,20.47,70.4,1.89,0.0,0.2963,0
NER-SIM-00487,Meghalaya,South West Khasi Hills,Mawsynram Valley Slopes,1360.9,35.78,193.3,-0.0043,-0.0392,5.15,393.4,526.7,2,3,34.2,31.8,4.66,41.3,1.37,0.011,0.2281,0
NER-SIM-00488,Assam,Karbi Anglong,Diphu-Bokajan Escarpment,278.4,21.46,154.2,-0.0492,-0.0876,5.59,219.6,202.4,1,3,247.6,585.9,33.55,89.3,33.09,0.074,0.9874,1
NER-SIM-00489,Manipur,Chandel,NH-102 Imphal-Moreh Corridor,1083.4,33.31,245.9,0.0283,-0.0744,5.58,1129.4,45.5,3,3,3.8,4.4,0.31,38.1,2.97,0.075,0.1487,0
NER-SIM-00490,Arunachal Pradesh,Lower Subansiri,Ziro Foothill Section,1589.8,32.86,18.8,0.0212,0.0547,5.46,1739.1,1123.0,4,2,0.9,1.3,0.13,35.9,1.4,0.04,0.0784,0
NER-SIM-00491,Mizoram,Champhai,Champhai-Zokhawthar Border Cut,1026.8,24.14,100.2,-0.0073,-0.0563,7.25,1504.9,170.4,2,3,49.5,97.5,8.06,51.9,0.0,0.057,0.1751,0
NER-SIM-00492,Mizoram,Champhai,Champhai-Zokhawthar Border Cut,986.9,40.72,257.9,0.0575,0.0014,5.18,762.6,349.7,1,1,8.9,9.6,0.74,37.3,3.12,0.093,0.0851,0
NER-SIM-00493,Manipur,Chandel,NH-102 Imphal-Moreh Corridor,1165.1,27.2,179.5,0.027,-0.0609,5.03,83.7,833.9,3,2,11.2,11.7,1.62,25.7,2.38,0.027,0.1171,0
NER-SIM-00494,Arunachal Pradesh,Lower Subansiri,Ziro Foothill Section,1629.3,33.93,202.0,-0.0028,-0.009,6.03,1249.6,29.1,2,1,5.1,6.6,0.51,38.3,0.0,0.053,0.099,0
NER-SIM-00495,Meghalaya,East Khasi Hills,NH-6 Shillong-Tamabil Highway,1454.4,28.32,56.1,0.0276,-0.0574,7.52,3311.4,118.5,2,1,25.2,20.4,1.76,27.2,1.13,0.068,0.0802,0
NER-SIM-00496,Assam,Dima Hasao,NH-27 Lumding-Haflong Hill Cut,1319.1,44.26,322.9,-0.0446,0.0812,3.91,177.7,1726.0,1,1,141.6,231.1,19.3,81.3,16.47,0.031,0.7656,1
NER-SIM-00497,Sikkim,Mangan,North Sikkim Highway (Chungthang),2147.6,37.76,137.4,0.0479,-0.0388,4.96,2131.6,96.9,5,3,40.6,76.3,8.33,56.3,3.92,0.003,0.3875,0
NER-SIM-00498,Meghalaya,South West Khasi Hills,Mawsynram Valley Slopes,1179.2,37.27,336.6,-0.0857,-0.0172,6.1,864.7,198.9,2,3,24.1,31.7,1.64,43.8,2.06,0.054,0.1735,0
NER-SIM-00499,Mizoram,Champhai,Champhai-Zokhawthar Border Cut,1241.2,34.67,173.9,-0.0073,-0.0395,5.39,2756.0,1537.2,1,2,47.3,149.3,7.19,72.0,0.0,0.057,0.1965,0
NER-SIM-00500,Assam,Dima Hasao,NH-27 Lumding-Haflong Hill Cut,610.8,27.1,231.2,-0.0243,-0.0928,7.74,259.9,1280.0,1,3,9.1,14.4,0.74,32.0,1.07,0.05,0.1035,0
NER-SIM-00501,Sikkim,Mangan,North Sikkim Highway (Chungthang),1603.6,43.27,290.9,-0.0831,-0.0003,3.11,1459.2,282.2,4,1,156.4,291.9,38.33,78.3,15.73,0.062,0.7669,1
NER-SIM-00502,Arunachal Pradesh,Lower Subansiri,Ziro Foothill Section,1672.9,20.79,309.6,0.0211,-0.0412,7.54,2502.7,501.0,4,2,4.1,2.0,0.49,46.3,0.0,0.039,0.0898,0
NER-SIM-00503,Tripura,North Tripura,Jampui Hills Ridge Corridor,589.6,26.63,83.3,-0.0466,-0.0913,4.93,197.1,921.3,1,1,23.3,37.5,1.92,44.9,3.6,0.055,0.0637,0
NER-SIM-00504,Mizoram,Champhai,Champhai-Zokhawthar Border Cut,1319.2,16.59,184.6,-0.02,-0.0467,5.54,2492.0,105.5,2,1,4.7,6.7,0.77,37.2,2.8,0.026,0.064,0
NER-SIM-00505,Meghalaya,East Khasi Hills,NH-6 Shillong-Tamabil Highway,1499.6,25.15,111.2,0.0616,-0.0213,7.41,2213.1,1428.3,2,2,114.9,320.4,15.87,82.1,16.52,0.071,0.6578,1
NER-SIM-00506,Assam,Dima Hasao,NH-27 Lumding-Haflong Hill Cut,756.0,31.68,337.2,0.0168,-0.0144,4.11,1298.4,44.5,1,1,39.0,37.3,5.03,40.8,0.62,0.103,0.1759,0
NER-SIM-00507,Assam,Karbi Anglong,Diphu-Bokajan Escarpment,394.7,28.68,226.5,0.0865,-0.1057,6.27,784.6,318.3,1,2,146.2,406.0,23.65,69.7,0.93,0.086,0.793,1
NER-SIM-00508,Nagaland,Phek,Phek-Meluri Road Corridor,1741.8,37.07,313.7,-0.0215,0.0803,5.24,2837.3,278.5,3,3,182.1,557.7,48.1,75.1,8.06,0.043,0.952,1
NER-SIM-00509,Meghalaya,East Khasi Hills,NH-6 Shillong-Tamabil Highway,1799.7,29.1,70.4,0.0006,0.0324,6.51,2463.8,191.5,3,1,24.1,36.4,1.86,47.4,3.14,0.0,0.0895,0
NER-SIM-00510,Nagaland,Phek,Phek-Meluri Road Corridor,1604.0,32.87,265.3,-0.0367,-0.0697,6.56,3659.1,88.7,3,1,10.0,11.4,0.9,36.2,0.09,0.062,0.0592,0
NER-SIM-00511,Tripura,North Tripura,Jampui Hills Ridge Corridor,696.3,29.24,116.9,0.025,-0.0172,5.94,521.5,33.6,1,1,13.2,19.1,0.91,44.2,0.0,0.013,0.0976,0
NER-SIM-00512,Manipur,Chandel,NH-102 Imphal-Moreh Corridor,792.7,22.57,160.1,0.0474,0.0361,7.47,5066.6,131.8,2,1,2.4,1.8,0.35,37.8,4.69,0.022,0.0227,0
NER-SIM-00513,Mizoram,Aizawl,Aizawl-Lunglei Road Slopes,1328.7,30.83,51.4,-0.0885,-0.045,3.28,802.5,300.3,2,1,86.2,100.6,6.5,65.0,1.97,0.058,0.198,0
NER-SIM-00514,Mizoram,Aizawl,Aizawl-Lunglei Road Slopes,1104.4,46.47,251.2,-0.0515,-0.0031,2.59,238.8,40.6,2,1,17.0,23.1,1.6,36.8,2.27,0.057,0.1297,0
NER-SIM-00515,Tripura,North Tripura,Jampui Hills Ridge Corridor,733.0,37.58,106.2,-0.0434,-0.0089,6.28,527.5,63.1,2,3,8.2,14.1,1.19,47.7,0.0,0.069,0.2999,0
NER-SIM-00516,Sikkim,Mangan,North Sikkim Highway (Chungthang),1971.4,33.35,123.7,-0.0376,0.0079,5.67,618.4,469.0,4,1,5.8,6.0,0.64,40.3,1.94,0.014,0.068,0
NER-SIM-00517,Mizoram,Champhai,Champhai-Zokhawthar Border Cut,1152.1,35.37,84.2,0.0275,-0.0046,4.17,889.7,363.3,2,3,0.2,0.1,0.02,34.0,0.57,0.044,0.1316,0
NER-SIM-00518,Sikkim,Pakyong,NH-10 Sevoke-Gangtok Corridor,973.0,41.52,18.8,0.039,0.0156,2.88,2220.4,9.6,3,2,25.1,23.5,2.03,42.4,1.12,0.056,0.1566,0
NER-SIM-00519,Assam,Karbi Anglong,Diphu-Bokajan Escarpment,360.5,12.71,0.9,0.045,0.0029,8.62,1205.7,477.6,1,3,78.9,147.2,10.32,66.6,0.0,0.042,0.3274,0
NER-SIM-00520,Arunachal Pradesh,West Kameng,Bhalukpong-Bomdila-Tawang Route,2144.8,46.34,95.6,0.0359,-0.0799,6.7,766.3,54.9,4,1,80.2,209.9,11.15,88.4,30.36,0.352,0.8354,1
NER-SIM-00521,Meghalaya,South West Khasi Hills,Mawsynram Valley Slopes,1407.2,30.61,56.4,0.0252,-0.0016,6.17,440.6,1077.7,1,2,27.5,21.7,3.62,37.1,0.89,0.023,0.1069,0
NER-SIM-00522,Nagaland,Kohima,NH-29 Dimapur-Kohima By-pass,1907.6,40.56,349.9,-0.0189,0.0052,5.39,364.1,210.6,3,2,2.1,1.5,0.18,35.8,2.38,0.039,0.1441,0
NER-SIM-00523,Nagaland,Kohima,NH-29 Dimapur-Kohima By-pass,1504.2,36.05,42.5,-0.0127,0.0205,7.48,703.2,304.8,3,3,180.3,368.1,24.59,76.3,12.55,0.104,0.922,1
NER-SIM-00524,Mizoram,Aizawl,Aizawl-Lunglei Road Slopes,1361.1,48.42,297.8,-0.0082,-0.1071,3.86,979.9,364.5,3,1,18.5,32.2,2.53,44.1,2.41,0.0,0.1018,0
NER-SIM-00525,Meghalaya,East Khasi Hills,NH-6 Shillong-Tamabil Highway,1543.1,32.8,102.9,-0.0397,-0.0045,6.71,1574.9,597.5,1,3,20.7,15.2,2.64,28.6,4.57,0.054,0.1141,0
NER-SIM-00526,Meghalaya,East Khasi Hills,NH-6 Shillong-Tamabil Highway,1833.6,38.86,198.5,0.03,0.0934,3.56,1463.9,71.4,1,3,71.6,181.3,10.01,78.7,14.05,0.064,0.6071,1
NER-SIM-00527,Mizoram,Champhai,Champhai-Zokhawthar Border Cut,1174.8,34.01,46.5,-0.057,-0.0144,6.15,663.3,479.5,2,4,4.1,5.3,0.31,34.7,4.32,0.039,0.123,0
NER-SIM-00528,Nagaland,Kohima,NH-29 Dimapur-Kohima By-pass,1272.2,25.91,22.3,-0.0125,-0.0404,9.83,73.0,4.0,2,2,64.1,104.6,9.49,53.5,1.63,0.104,0.3214,0
NER-SIM-00529,Mizoram,Champhai,Champhai-Zokhawthar Border Cut,1454.0,33.22,78.5,-0.0792,0.0368,5.04,729.5,1419.9,2,4,37.6,81.1,5.77,53.3,0.0,0.035,0.161,0
NER-SIM-00530,Mizoram,Champhai,Champhai-Zokhawthar Border Cut,1526.3,32.3,143.9,-0.0414,0.0812,8.52,614.3,47.4,1,3,7.3,5.6,0.52,31.2,0.65,0.096,0.1732,0
NER-SIM-00531,Arunachal Pradesh,West Kameng,Bhalukpong-Bomdila-Tawang Route,2078.6,26.99,170.2,0.0861,0.0344,5.94,522.6,50.4,4,1,14.7,19.3,2.14,29.5,3.63,0.0,0.1826,0
NER-SIM-00532,Nagaland,Kohima,NH-29 Dimapur-Kohima By-pass,1217.4,47.9,280.3,-0.0783,0.0642,6.27,208.5,41.8,2,1,74.7,115.2,12.8,62.6,1.51,0.013,0.4177,0
NER-SIM-00533,Nagaland,Kohima,NH-29 Dimapur-Kohima By-pass,1752.2,24.88,126.0,0.0024,0.0122,4.91,93.6,184.4,2,1,1.6,0.8,0.11,42.2,1.69,0.13,0.1138,0
NER-SIM-00534,Meghalaya,East Khasi Hills,NH-6 Shillong-Tamabil Highway,1373.7,37.78,101.4,0.0001,0.0338,6.65,1218.1,142.3,3,3,33.6,93.8,6.78,55.2,1.32,0.019,0.3369,0
NER-SIM-00535,Arunachal Pradesh,West Kameng,Bhalukpong-Bomdila-Tawang Route,2175.7,45.48,60.3,-0.0213,-0.0729,2.04,3191.3,950.2,5,3,54.1,85.9,16.27,61.5,0.54,0.037,0.446,0
NER-SIM-00536,Nagaland,Kohima,NH-29 Dimapur-Kohima By-pass,1257.3,34.64,66.4,0.0195,0.0127,4.25,4514.4,107.6,2,3,6.4,8.6,0.48,26.1,1.59,0.116,0.1289,0
NER-SIM-00537,Assam,Dima Hasao,NH-27 Lumding-Haflong Hill Cut,282.4,38.27,107.5,0.0346,-0.0345,4.86,875.5,917.1,1,1,6.2,7.2,0.75,42.8,1.74,0.056,0.0742,0
NER-SIM-00538,Sikkim,Mangan,North Sikkim Highway (Chungthang),1882.1,53.32,149.4,0.0517,0.0061,4.5,92.7,33.9,5,1,90.5,182.4,16.97,70.7,4.98,0.024,0.8717,1
NER-SIM-00539,Arunachal Pradesh,West Kameng,Bhalukpong-Bomdila-Tawang Route,2300.8,41.6,42.7,0.0002,0.0946,7.01,3094.3,241.5,4,1,221.1,401.2,63.66,74.1,2.08,0.069,0.8941,1
NER-SIM-00540,Sikkim,Pakyong,NH-10 Sevoke-Gangtok Corridor,941.0,32.29,135.0,0.0001,0.0708,8.29,4.3,195.2,3,1,12.9,13.4,1.32,37.2,1.72,0.037,0.0987,0
NER-SIM-00541,Manipur,Noney,Tupul Railway Corridor Section,1010.5,24.83,177.7,0.0068,0.0305,7.1,4870.6,472.1,2,2,37.9,51.3,4.79,45.5,3.75,0.043,0.0726,0
NER-SIM-00542,Sikkim,Pakyong,NH-10 Sevoke-Gangtok Corridor,935.8,13.78,164.5,0.0529,-0.0291,6.2,805.6,444.6,4,3,61.7,125.4,7.76,65.4,2.86,0.074,0.3782,0
NER-SIM-00543,Nagaland,Kohima,NH-29 Dimapur-Kohima By-pass,1011.6,34.46,50.0,-0.0044,-0.0106,4.25,278.8,289.5,3,2,0.8,1.3,0.08,38.5,0.8,0.006,0.1524,0
NER-SIM-00544,Nagaland,Kohima,NH-29 Dimapur-Kohima By-pass,1355.3,32.82,156.0,-0.0334,-0.0234,5.83,1104.0,350.4,2,3,2.7,4.8,0.31,42.0,0.23,0.049,0.047,0
NER-SIM-00545,Mizoram,Aizawl,Aizawl-Lunglei Road Slopes,764.8,46.51,235.1,-0.0177,-0.0454,2.65,147.0,993.6,2,1,34.3,81.5,5.46,52.5,2.49,0.111,0.2318,0
NER-SIM-00546,Sikkim,Pakyong,NH-10 Sevoke-Gangtok Corridor,1386.0,42.97,339.6,-0.0305,-0.0103,4.26,690.6,458.2,4,3,153.6,317.3,22.59,84.3,21.9,3.552,0.9401,1
NER-SIM-00547,Assam,Dima Hasao,NH-27 Lumding-Haflong Hill Cut,868.6,23.01,326.9,0.002,-0.0365,6.28,533.7,364.1,1,1,29.6,19.1,2.14,32.8,0.52,0.096,0.0509,0
NER-SIM-00548,Arunachal Pradesh,West Kameng,Bhalukpong-Bomdila-Tawang Route,1859.1,48.83,56.6,0.0327,0.0468,4.51,1524.1,224.3,4,4,10.6,16.3,0.96,35.0,0.76,0.019,0.1946,0
NER-SIM-00549,Assam,Karbi Anglong,Diphu-Bokajan Escarpment,389.1,25.11,108.1,-0.0832,0.0026,4.35,349.5,153.4,1,3,81.3,215.6,10.59,78.8,11.93,0.04,0.7519,1
NER-SIM-00550,Manipur,Noney,Tupul Railway Corridor Section,804.2,29.84,79.7,-0.0236,0.0142,4.7,317.8,187.0,3,4,11.5,17.3,1.65,37.7,2.39,0.126,0.0563,0
NER-SIM-00551,Mizoram,Aizawl,Aizawl-Lunglei Road Slopes,740.6,30.64,27.0,-0.0805,0.0299,6.34,467.5,220.9,2,1,20.1,16.2,2.32,38.8,2.26,0.0,0.0763,0
NER-SIM-00552,Meghalaya,South West Khasi Hills,Mawsynram Valley Slopes,1307.1,39.38,356.6,0.0093,-0.0455,2.12,2010.1,655.2,2,4,1.3,1.3,0.11,22.7,0.72,0.0,0.0565,0
NER-SIM-00553,Mizoram,Aizawl,Aizawl-Lunglei Road Slopes,1253.3,15.42,280.3,0.04,0.0074,6.99,1370.1,812.9,1,4,139.1,296.1,24.51,71.3,2.72,0.055,0.5011,1
NER-SIM-00554,Meghalaya,East Khasi Hills,NH-6 Shillong-Tamabil Highway,1183.9,46.33,19.7,-0.0144,-0.0468,5.91,200.1,323.0,1,1,4.1,2.3,0.58,40.4,2.99,0.094,0.0912,0
NER-SIM-00555,Tripura,North Tripura,Jampui Hills Ridge Corridor,671.2,37.99,126.0,0.0286,-0.011,5.27,796.2,405.9,1,1,22.7,16.9,1.75,34.6,0.76,0.129,0.0532,0
NER-SIM-00556,Assam,Karbi Anglong,Diphu-Bokajan Escarpment,478.5,28.89,34.3,-0.0501,-0.0392,4.87,972.7,152.7,1,3,137.0,396.0,28.28,87.0,34.07,0.022,0.8725,1
NER-SIM-00557,Manipur,Chandel,NH-102 Imphal-Moreh Corridor,533.3,23.9,149.8,-0.0481,-0.0774,4.72,1465.6,101.4,2,1,0.7,0.9,0.06,39.4,1.32,0.084,0.0508,0
NER-SIM-00558,Mizoram,Champhai,Champhai-Zokhawthar Border Cut,1744.8,41.34,269.2,-0.0206,-0.0049,4.23,617.6,1092.9,2,1,61.7,123.8,13.34,64.8,2.31,0.065,0.3245,0
NER-SIM-00559,Manipur,Chandel,NH-102 Imphal-Moreh Corridor,1095.2,34.4,42.6,0.0147,-0.0753,7.59,723.0,39.7,2,3,66.3,146.9,17.83,70.9,3.83,0.086,0.4204,0
NER-SIM-00560,Mizoram,Aizawl,Aizawl-Lunglei Road Slopes,979.8,40.8,194.7,-0.0525,0.0375,3.4,1142.7,119.7,1,1,2.6,3.1,0.18,27.4,2.82,0.061,0.0712,0
NER-SIM-00561,Arunachal Pradesh,West Kameng,Bhalukpong-Bomdila-Tawang Route,2267.7,37.05,231.3,0.1269,0.0587,4.6,1520.9,576.0,5,1,2.2,1.7,0.19,34.9,3.04,0.053,0.0984,0
NER-SIM-00562,Sikkim,Pakyong,NH-10 Sevoke-Gangtok Corridor,1192.4,44.63,221.2,-0.0617,-0.0182,6.05,1427.1,162.1,2,2,6.9,9.0,0.56,31.1,2.35,0.081,0.1103,0
NER-SIM-00563,Assam,Karbi Anglong,Diphu-Bokajan Escarpment,659.5,32.53,35.8,-0.0008,-0.0587,5.28,155.2,265.0,1,1,20.5,14.2,2.54,39.9,3.55,0.045,0.0487,0
NER-SIM-00564,Nagaland,Kohima,NH-29 Dimapur-Kohima By-pass,1568.1,28.73,95.7,-0.0526,0.0036,7.3,724.5,1154.0,4,3,23.4,72.3,4.63,51.8,2.57,0.0,0.1358,0
NER-SIM-00565,Mizoram,Champhai,Champhai-Zokhawthar Border Cut,1350.3,42.59,315.4,-0.0396,-0.1074,6.02,1014.8,656.3,1,1,104.4,284.7,22.55,81.0,17.08,0.054,0.7023,1
NER-SIM-00566,Nagaland,Phek,Phek-Meluri Road Corridor,1674.1,47.08,39.8,-0.0421,0.0738,5.6,90.4,48.7,1,1,2.8,1.8,0.26,22.3,2.57,0.021,0.1854,0
NER-SIM-00567,Nagaland,Phek,Phek-Meluri Road Corridor,1787.0,31.22,72.5,0.047,-0.0414,5.27,2747.9,80.0,2,1,1.0,1.2,0.12,29.3,0.0,0.0,0.0573,0
NER-SIM-00568,Nagaland,Phek,Phek-Meluri Road Corridor,1594.4,33.93,221.7,-0.0328,0.0188,5.21,1799.2,938.5,2,2,17.6,21.2,1.54,40.7,5.65,0.03,0.0835,0
NER-SIM-00569,Arunachal Pradesh,Lower Subansiri,Ziro Foothill Section,1222.0,40.95,60.7,0.0403,0.068,4.08,2784.0,66.3,4,4,3.9,2.9,0.39,25.3,2.4,0.058,0.1014,0
NER-SIM-00570,Arunachal Pradesh,West Kameng,Bhalukpong-Bomdila-Tawang Route,2343.9,53.97,238.4,0.0011,0.0574,7.05,1267.4,250.7,5,2,9.0,9.5,0.66,36.6,0.0,0.042,0.1838,0
NER-SIM-00571,Tripura,North Tripura,Jampui Hills Ridge Corridor,794.4,28.73,302.2,0.0736,0.0545,8.08,523.3,911.1,1,4,83.6,216.0,25.8,78.5,15.59,0.016,0.3752,0
NER-SIM-00572,Assam,Dima Hasao,NH-27 Lumding-Haflong Hill Cut,558.7,26.36,213.7,-0.0098,0.0293,6.37,1029.1,153.9,1,3,22.5,26.3,1.53,41.4,2.82,0.057,0.1098,0
NER-SIM-00573,Meghalaya,East Khasi Hills,NH-6 Shillong-Tamabil Highway,993.5,36.22,109.5,0.0389,0.0241,4.58,447.1,226.4,2,1,58.2,170.5,8.7,74.1,1.29,0.029,0.3559,0
NER-SIM-00574,Sikkim,Pakyong,NH-10 Sevoke-Gangtok Corridor,787.3,20.05,259.3,-0.1057,0.0427,8.73,1392.7,144.1,3,1,15.4,13.0,1.66,41.5,1.23,0.063,0.0803,0
NER-SIM-00575,Sikkim,Pakyong,NH-10 Sevoke-Gangtok Corridor,1078.6,59.01,162.9,0.0501,0.0381,2.23,876.4,134.7,3,3,114.0,253.5,15.26,79.6,15.87,0.026,0.909,1
NER-SIM-00576,Meghalaya,South West Khasi Hills,Mawsynram Valley Slopes,1183.9,52.44,250.0,-0.0484,0.1018,3.16,1055.6,225.8,1,4,5.1,8.7,0.37,36.4,3.6,0.062,0.1098,0
NER-SIM-00577,Mizoram,Champhai,Champhai-Zokhawthar Border Cut,1387.0,47.69,140.7,-0.0257,-0.0954,2.03,5035.4,784.6,1,4,4.2,4.6,0.45,29.5,2.37,0.0,0.0363,0
NER-SIM-00578,Assam,Karbi Anglong,Diphu-Bokajan Escarpment,302.8,35.08,119.3,-0.0408,0.0018,5.25,2492.5,507.9,1,1,8.8,14.0,0.8,41.8,3.46,0.046,0.0468,0
NER-SIM-00579,Mizoram,Champhai,Champhai-Zokhawthar Border Cut,1583.9,40.64,249.3,0.0099,-0.0053,2.0,768.9,264.4,1,3,0.7,1.3,0.07,31.7,2.68,0.058,0.157,0
NER-SIM-00580,Sikkim,Mangan,North Sikkim Highway (Chungthang),2012.6,43.73,81.8,-0.0116,-0.001,4.93,891.6,229.5,5,2,6.6,6.9,0.54,30.5,0.97,0.023,0.163,0
NER-SIM-00581,Sikkim,Mangan,North Sikkim Highway (Chungthang),1756.5,40.08,61.2,-0.0397,-0.009,6.46,6042.5,937.0,5,1,3.1,5.5,0.33,30.1,0.0,0.044,0.0445,0
NER-SIM-00582,Mizoram,Aizawl,Aizawl-Lunglei Road Slopes,1147.1,45.92,130.6,0.0047,0.051,4.92,712.9,217.6,2,2,8.7,7.1,1.37,49.6,4.3,0.029,0.1258,0
NER-SIM-00583,Sikkim,Mangan,North Sikkim Highway (Chungthang),1825.1,42.68,161.3,0.037,-0.0846,5.27,651.9,414.5,5,2,11.9,9.8,0.96,37.1,1.33,0.0,0.1546,0
NER-SIM-00584,Sikkim,Pakyong,NH-10 Sevoke-Gangtok Corridor,1561.2,24.3,271.1,-0.0028,0.0144,4.61,2712.9,320.8,4,4,272.7,664.9,38.19,86.1,32.33,0.062,0.9942,1
NER-SIM-00585,Assam,Dima Hasao,NH-27 Lumding-Haflong Hill Cut,559.6,29.05,17.0,0.031,0.034,4.41,1326.3,40.3,1,2,46.1,81.2,11.45,55.5,2.13,0.0,0.097,0
NER-SIM-00586,Mizoram,Champhai,Champhai-Zokhawthar Border Cut,1663.0,33.62,232.5,-0.0625,-0.0452,6.9,264.1,138.8,2,2,244.2,606.9,44.41,74.5,2.57,0.049,0.9904,1
NER-SIM-00587,Manipur,Noney,Tupul Railway Corridor Section,892.5,38.23,30.4,0.0625,0.0601,2.0,1522.5,1.8,2,3,137.7,228.2,32.72,83.3,30.86,0.355,0.8711,1
NER-SIM-00588,Sikkim,Mangan,North Sikkim Highway (Chungthang),2047.6,45.39,251.0,0.0549,-0.0313,7.86,434.7,293.7,4,4,54.9,126.8,12.46,64.7,0.87,0.061,0.4113,0
NER-SIM-00589,Mizoram,Aizawl,Aizawl-Lunglei Road Slopes,900.9,23.73,324.6,0.0266,0.0365,6.93,1217.1,232.2,3,2,30.9,25.6,2.36,40.9,3.06,0.039,0.0824,0
NER-SIM-00590,Mizoram,Aizawl,Aizawl-Lunglei Road Slopes,1014.3,35.4,131.7,-0.0243,-0.0144,6.02,1285.1,308.9,1,1,29.4,43.1,2.15,57.3,1.06,0.109,0.0435,0
NER-SIM-00591,Mizoram,Aizawl,Aizawl-Lunglei Road Slopes,1419.0,30.14,132.1,-0.0481,-0.0034,4.37,1271.4,1024.0,1,3,8.8,10.0,0.8,34.3,4.31,0.057,0.0401,0
NER-SIM-00592,Mizoram,Champhai,Champhai-Zokhawthar Border Cut,1022.5,24.9,114.8,0.0403,-0.015,5.19,576.8,431.4,1,1,8.3,13.8,0.59,39.1,2.75,0.0,0.0592,0
NER-SIM-00593,Nagaland,Phek,Phek-Meluri Road Corridor,1906.7,38.57,329.7,-0.0055,0.0446,5.01,2753.7,8.5,2,3,1.4,1.2,0.15,38.4,2.09,0.025,0.2045,0
NER-SIM-00594,Tripura,North Tripura,Jampui Hills Ridge Corridor,701.2,33.05,114.4,0.07,0.029,4.9,2881.7,16.1,1,3,152.4,434.8,38.02,83.8,26.14,2.248,0.9561,1
NER-SIM-00595,Meghalaya,East Khasi Hills,NH-6 Shillong-Tamabil Highway,1460.7,25.4,24.1,0.0655,0.0624,7.05,1133.1,174.4,2,1,14.8,11.9,1.2,38.6,2.81,0.09,0.06,0
NER-SIM-00596,Mizoram,Aizawl,Aizawl-Lunglei Road Slopes,1797.8,29.48,303.1,-0.0471,0.0781,6.84,123.9,580.2,2,3,30.9,37.1,2.17,40.5,1.78,0.003,0.2072,0
NER-SIM-00597,Arunachal Pradesh,West Kameng,Bhalukpong-Bomdila-Tawang Route,2390.3,49.92,62.7,-0.0064,0.0776,5.34,277.7,795.2,4,1,0.9,0.9,0.1,34.6,1.5,0.0,0.1349,0
NER-SIM-00598,Manipur,Chandel,NH-102 Imphal-Moreh Corridor,926.1,39.46,34.1,0.0228,-0.0348,5.81,769.8,216.4,2,2,147.2,313.9,46.38,82.5,22.92,5.191,0.9268,1
NER-SIM-00599,Arunachal Pradesh,Lower Subansiri,Ziro Foothill Section,909.8,22.93,223.6,0.0184,-0.0188,6.76,5679.8,316.5,4,3,71.6,131.1,17.2,82.0,16.6,0.009,0.3586,0
NER-SIM-00600,Arunachal Pradesh,Lower Subansiri,Ziro Foothill Section,1437.0,36.09,123.1,-0.0193,-0.0505,5.83,131.7,170.7,4,2,83.3,247.2,27.51,80.0,16.33,0.081,0.791,1
NER-SIM-00601,Arunachal Pradesh,Lower Subansiri,Ziro Foothill Section,1444.9,38.22,45.4,-0.0485,0.0176,5.3,1370.1,696.9,4,4,31.7,42.2,3.49,41.5,5.72,0.081,0.0829,0
NER-SIM-00602,Manipur,Chandel,NH-102 Imphal-Moreh Corridor,996.3,36.18,325.9,-0.0748,-0.052,5.92,5500.7,170.3,3,3,24.7,23.1,3.82,35.9,1.2,0.064,0.1433,0
NER-SIM-00603,Manipur,Chandel,NH-102 Imphal-Moreh Corridor,773.8,14.08,236.6,0.0039,-0.0259,5.32,292.4,194.0,3,3,26.5,24.0,2.27,41.3,3.94,0.014,0.1514,0
NER-SIM-00604,Nagaland,Kohima,NH-29 Dimapur-Kohima By-pass,1697.4,36.47,30.2,-0.0853,-0.1135,8.2,1400.9,158.8,3,2,17.1,13.3,1.71,28.7,3.53,0.011,0.1338,0
NER-SIM-00605,Mizoram,Aizawl,Aizawl-Lunglei Road Slopes,1389.2,37.13,16.1,0.0067,-0.0208,6.84,875.8,838.8,1,3,122.4,253.6,18.77,76.6,9.1,0.066,0.6534,1
NER-SIM-00606,Arunachal Pradesh,West Kameng,Bhalukpong-Bomdila-Tawang Route,2260.4,34.17,269.6,0.0712,0.0199,4.77,449.0,240.9,5,3,3.9,5.8,0.32,35.9,1.12,0.066,0.1182,0
NER-SIM-00607,Meghalaya,East Khasi Hills,NH-6 Shillong-Tamabil Highway,1643.0,34.49,51.0,0.0225,-0.0182,4.24,542.3,291.5,1,2,18.8,30.3,2.22,42.7,0.6,0.08,0.0913,0
NER-SIM-00608,Assam,Karbi Anglong,Diphu-Bokajan Escarpment,286.8,32.18,275.7,-0.1252,-0.0079,5.61,489.9,655.6,1,1,11.1,7.0,0.77,25.2,1.64,0.128,0.0494,0
NER-SIM-00609,Tripura,North Tripura,Jampui Hills Ridge Corridor,623.1,34.71,226.0,-0.0107,0.0463,5.93,332.9,348.5,1,3,0.7,0.4,0.06,43.7,2.71,0.011,0.139,0
NER-SIM-00610,Mizoram,Aizawl,Aizawl-Lunglei Road Slopes,987.4,37.27,340.4,-0.0066,0.0471,5.8,1157.7,25.1,2,1,8.5,8.2,0.57,32.7,1.66,0.037,0.1263,0
NER-SIM-00611,Mizoram,Aizawl,Aizawl-Lunglei Road Slopes,1396.1,37.28,23.3,0.0411,0.0029,5.62,179.6,4.4,1,1,22.7,29.4,1.88,44.4,0.0,0.04,0.1376,0
NER-SIM-00612,Assam,Dima Hasao,NH-27 Lumding-Haflong Hill Cut,795.5,24.34,359.3,0.026,-0.0767,5.7,1762.5,67.2,1,4,11.8,9.6,1.47,25.1,5.65,0.034,0.0758,0
NER-SIM-00613,Manipur,Chandel,NH-102 Imphal-Moreh Corridor,1221.0,26.51,279.9,-0.0419,0.0394,5.24,2484.5,29.3,2,1,12.0,20.5,0.81,38.9,1.46,0.043,0.0745,0
NER-SIM-00614,Meghalaya,South West Khasi Hills,Mawsynram Valley Slopes,1041.5,38.42,188.2,-0.0894,0.0897,7.12,1619.0,858.0,2,3,69.0,218.1,22.57,87.6,29.28,2.468,0.7151,1
NER-SIM-00615,Manipur,Noney,Tupul Railway Corridor Section,504.6,27.33,146.4,0.0194,0.0531,5.4,5472.2,723.6,3,3,13.4,14.9,1.7,42.7,0.85,0.001,0.076,0
NER-SIM-00616,Arunachal Pradesh,Lower Subansiri,Ziro Foothill Section,1471.1,47.39,200.7,-0.0595,-0.0029,4.61,2084.9,268.2,4,1,16.9,26.9,1.21,43.6,0.66,0.128,0.1681,0
NER-SIM-00617,Nagaland,Phek,Phek-Meluri Road Corridor,1201.8,21.82,40.1,0.0787,0.0445,8.69,838.3,160.7,2,3,0.5,0.5,0.07,43.1,0.0,0.158,0.0804,0
NER-SIM-00618,Nagaland,Phek,Phek-Meluri Road Corridor,1826.8,42.93,165.9,0.041,0.0436,3.5,1168.2,149.7,2,4,14.3,20.5,1.5,43.8,0.0,0.025,0.112,0
NER-SIM-00619,Sikkim,Pakyong,NH-10 Sevoke-Gangtok Corridor,1378.8,39.6,30.6,0.0434,-0.0244,4.62,2297.7,42.2,4,2,4.5,2.3,0.57,32.6,0.4,0.096,0.1409,0
NER-SIM-00620,Nagaland,Kohima,NH-29 Dimapur-Kohima By-pass,1652.0,40.07,216.6,0.0557,-0.0362,5.5,41.9,285.6,2,1,89.6,244.5,14.78,82.0,23.97,0.138,0.7571,1
NER-SIM-00621,Assam,Dima Hasao,NH-27 Lumding-Haflong Hill Cut,53.2,54.22,78.4,-0.0103,-0.0567,2.55,361.7,413.8,1,1,5.7,6.6,0.44,33.1,0.22,0.071,0.1457,0
NER-SIM-00622,Assam,Karbi Anglong,Diphu-Bokajan Escarpment,183.6,18.58,322.3,-0.0482,0.0089,8.72,4730.3,2253.0,1,1,0.8,0.8,0.08,34.8,5.1,0.098,0.0339,0
NER-SIM-00623,Nagaland,Kohima,NH-29 Dimapur-Kohima By-pass,1432.8,25.95,115.0,0.0072,-0.0289,5.56,582.4,903.9,3,3,48.5,118.6,7.94,56.2,0.89,0.014,0.2888,0
NER-SIM-00624,Assam,Dima Hasao,NH-27 Lumding-Haflong Hill Cut,952.9,31.97,179.4,-0.0391,-0.0068,5.37,1113.5,242.3,1,2,171.0,273.4,26.79,75.5,12.46,0.106,0.7616,1
NER-SIM-00625,Arunachal Pradesh,Lower Subansiri,Ziro Foothill Section,1583.6,25.83,2.4,-0.0337,-0.0039,8.65,19.8,24.9,3,3,6.9,6.6,1.07,30.3,2.07,0.036,0.2918,0
NER-SIM-00626,Nagaland,Phek,Phek-Meluri Road Corridor,1692.9,51.56,35.4,0.0713,-0.0104,4.39,841.3,855.8,3,4,174.6,418.4,53.79,74.6,3.24,0.013,0.9338,1
NER-SIM-00627,Meghalaya,South West Khasi Hills,Mawsynram Valley Slopes,1436.4,30.64,75.5,-0.0731,0.083,6.03,4645.6,297.5,2,1,34.8,45.2,4.39,38.7,2.4,0.0,0.0545,0
NER-SIM-00628,Meghalaya,South West Khasi Hills,Mawsynram Valley Slopes,1548.7,38.71,54.6,0.0009,-0.0221,4.81,1039.0,459.9,1,4,7.3,7.6,0.6,36.0,5.23,0.009,0.0574,0
NER-SIM-00629,Assam,Karbi Anglong,Diphu-Bokajan Escarpment,472.2,25.13,30.6,0.0578,0.0227,7.26,705.3,322.0,1,2,1.5,1.1,0.11,39.5,4.88,0.011,0.0728,0
NER-SIM-00630,Meghalaya,South West Khasi Hills,Mawsynram Valley Slopes,1129.7,39.1,145.0,0.024,-0.0705,6.06,263.1,387.0,3,2,5.7,5.9,0.5,36.9,1.15,0.125,0.1176,0
NER-SIM-00631,Manipur,Chandel,NH-102 Imphal-Moreh Corridor,548.7,24.07,168.1,-0.09,-0.0182,5.97,88.1,62.8,3,2,18.4,19.1,2.12,32.2,3.58,0.121,0.1637,0
NER-SIM-00632,Meghalaya,East Khasi Hills,NH-6 Shillong-Tamabil Highway,1351.4,30.7,21.0,-0.018,0.0324,5.96,641.5,739.7,1,3,0.1,0.1,0.01,40.1,2.18,0.0,0.0891,0
NER-SIM-00633,Assam,Dima Hasao,NH-27 Lumding-Haflong Hill Cut,552.5,46.04,132.8,0.0192,-0.0437,4.3,425.6,22.4,1,1,17.9,25.9,1.38,38.3,1.58,0.091,0.1107,0
NER-SIM-00634,Meghalaya,South West Khasi Hills,Mawsynram Valley Slopes,1063.9,39.81,302.9,-0.0727,0.0675,3.17,4572.6,457.1,1,3,13.2,21.3,0.98,53.1,0.0,0.0,0.2008,0
NER-SIM-00635,Nagaland,Kohima,NH-29 Dimapur-Kohima By-pass,1518.5,36.73,65.4,0.0286,0.015,3.61,432.3,294.5,3,1,39.3,70.4,8.61,51.1,1.35,0.081,0.1884,0
NER-SIM-00636,Manipur,Noney,Tupul Railway Corridor Section,948.3,32.47,283.0,-0.0385,-0.01,5.22,2051.5,42.8,1,4,14.8,20.3,1.11,51.7,2.08,0.0,0.085,0
NER-SIM-00637,Nagaland,Phek,Phek-Meluri Road Corridor,1951.5,37.25,170.6,-0.0496,-0.0459,7.3,7.0,249.7,3,2,6.3,9.9,0.92,39.0,2.72,0.06,0.1747,0
NER-SIM-00638,Meghalaya,East Khasi Hills,NH-6 Shillong-Tamabil Highway,1382.9,30.35,352.8,0.0707,-0.0611,5.26,2103.5,1007.3,3,3,4.1,2.6,0.47,28.1,2.82,0.09,0.0808,0
NER-SIM-00639,Manipur,Chandel,NH-102 Imphal-Moreh Corridor,888.4,17.43,292.4,0.0104,-0.0461,6.12,379.8,142.5,3,2,3.3,2.1,0.36,41.7,2.84,0.058,0.112,0
NER-SIM-00640,Tripura,North Tripura,Jampui Hills Ridge Corridor,865.2,29.56,277.0,-0.0209,0.021,7.73,3000.4,37.9,1,2,17.4,22.4,1.29,53.8,1.88,0.041,0.0494,0
NER-SIM-00641,Manipur,Noney,Tupul Railway Corridor Section,901.6,30.33,234.6,-0.0581,0.0899,6.4,3599.8,56.3,3,4,0.4,0.4,0.06,29.6,0.11,0.032,0.0576,0
NER-SIM-00642,Mizoram,Champhai,Champhai-Zokhawthar Border Cut,1640.9,35.36,287.6,-0.0739,-0.0216,6.24,607.1,53.6,2,3,124.0,304.5,21.3,73.6,1.41,0.094,0.8421,1
NER-SIM-00643,Mizoram,Aizawl,Aizawl-Lunglei Road Slopes,1389.6,41.13,130.1,-0.0825,-0.0463,3.7,547.8,1048.4,2,4,3.2,4.0,0.24,38.9,3.86,0.048,0.0711,0
NER-SIM-00644,Assam,Karbi Anglong,Diphu-Bokajan Escarpment,293.2,7.12,182.6,-0.0355,-0.0538,8.06,195.2,289.9,1,3,40.5,122.2,9.32,68.6,1.04,0.0,0.3091,0
NER-SIM-00645,Manipur,Chandel,NH-102 Imphal-Moreh Corridor,1122.2,25.72,216.1,0.0629,0.0569,5.1,6370.3,188.3,2,1,63.2,158.6,9.36,67.0,3.63,0.044,0.3873,0
NER-SIM-00646,Meghalaya,East Khasi Hills,NH-6 Shillong-Tamabil Highway,1206.6,44.72,224.8,-0.0295,0.0696,3.8,2003.3,668.8,1,3,2.3,3.0,0.19,36.2,1.06,0.039,0.0935,0
NER-SIM-00647,Assam,Dima Hasao,NH-27 Lumding-Haflong Hill Cut,749.3,32.88,66.4,0.0114,0.0352,5.35,1102.8,142.9,1,3,84.6,254.1,19.67,79.7,15.36,0.083,0.7971,1
NER-SIM-00648,Arunachal Pradesh,West Kameng,Bhalukpong-Bomdila-Tawang Route,2049.1,47.33,217.4,0.0415,-0.0728,2.74,1339.3,216.5,4,1,2.0,2.9,0.27,40.6,3.27,0.0,0.1546,0
NER-SIM-00649,Tripura,North Tripura,Jampui Hills Ridge Corridor,497.3,29.89,110.1,0.0186,0.1276,5.8,468.1,29.6,1,1,45.3,125.8,13.58,59.5,3.67,0.046,0.1737,0
NER-SIM-00650,Mizoram,Aizawl,Aizawl-Lunglei Road Slopes,1033.1,50.99,351.5,-0.0366,0.0476,4.25,749.3,222.7,2,4,69.5,189.8,20.09,90.2,37.07,0.959,0.8478,1
NER-SIM-00651,Assam,Karbi Anglong,Diphu-Bokajan Escarpment,839.2,12.12,352.9,0.025,-0.0247,9.7,322.1,598.8,1,3,2.2,2.8,0.16,20.0,0.0,0.009,0.0486,0
NER-SIM-00652,Arunachal Pradesh,Lower Subansiri,Ziro Foothill Section,1596.8,22.36,34.3,-0.0465,-0.0558,5.38,124.7,134.6,3,1,147.6,432.9,23.02,79.7,14.65,0.047,0.9331,1
NER-SIM-00653,Nagaland,Phek,Phek-Meluri Road Corridor,1436.8,34.98,206.4,-0.073,-0.0394,4.53,811.0,433.4,2,2,13.9,12.0,1.86,33.3,2.51,0.0,0.119,0
NER-SIM-00654,Mizoram,Aizawl,Aizawl-Lunglei Road Slopes,1241.5,37.45,110.9,-0.0165,-0.0309,7.06,1158.1,365.4,1,3,3.0,3.7,0.34,38.4,1.99,0.001,0.0727,0
NER-SIM-00655,Arunachal Pradesh,West Kameng,Bhalukpong-Bomdila-Tawang Route,2036.9,49.43,118.8,0.0375,0.022,4.66,603.8,160.2,5,1,6.1,4.8,0.53,23.2,4.35,0.053,0.215,0
NER-SIM-00656,Assam,Karbi Anglong,Diphu-Bokajan Escarpment,576.6,37.52,333.5,-0.0682,-0.0053,5.77,246.2,333.4,1,1,4.3,7.1,0.53,32.1,0.0,0.025,0.1042,0
NER-SIM-00657,Manipur,Chandel,NH-102 Imphal-Moreh Corridor,653.5,35.63,269.3,0.0727,0.0067,6.44,2531.7,710.8,3,3,64.5,152.4,12.97,72.7,0.72,0.061,0.4159,0
NER-SIM-00658,Arunachal Pradesh,Lower Subansiri,Ziro Foothill Section,1440.0,36.33,334.5,0.0339,-0.0521,5.24,288.9,610.8,3,3,176.0,343.5,23.36,90.5,34.2,8.065,0.9818,1
NER-SIM-00659,Sikkim,Mangan,North Sikkim Highway (Chungthang),2176.5,45.94,319.2,-0.0454,0.0763,2.02,856.1,487.9,3,2,3.1,4.6,0.47,33.4,0.85,0.054,0.1575,0
NER-SIM-00660,Meghalaya,East Khasi Hills,NH-6 Shillong-Tamabil Highway,1487.4,26.38,80.3,0.0102,-0.0277,5.78,447.3,151.0,2,3,143.7,267.9,24.22,79.9,15.94,0.098,0.6689,1
NER-SIM-00661,Nagaland,Kohima,NH-29 Dimapur-Kohima By-pass,1713.2,36.68,254.7,0.0362,0.0085,5.64,739.4,676.1,2,1,135.6,423.9,26.67,74.7,1.32,0.066,0.7609,1
NER-SIM-00662,Manipur,Chandel,NH-102 Imphal-Moreh Corridor,1113.1,38.52,117.6,-0.0559,0.0693,7.12,1384.4,144.0,2,2,6.3,9.3,0.93,45.2,1.27,0.048,0.1025,0
NER-SIM-00663,Sikkim,Pakyong,NH-10 Sevoke-Gangtok Corridor,941.2,43.89,287.3,0.0071,0.0179,5.41,1172.9,46.4,4,3,107.4,268.5,14.01,87.9,31.09,6.166,0.9443,1
NER-SIM-00664,Nagaland,Phek,Phek-Meluri Road Corridor,1214.8,41.42,127.7,-0.0809,-0.0475,5.81,391.8,369.1,2,3,27.3,22.5,4.2,47.8,4.11,0.068,0.1176,0
NER-SIM-00665,Arunachal Pradesh,West Kameng,Bhalukpong-Bomdila-Tawang Route,2041.2,52.6,295.6,0.0681,-0.0118,2.0,2.8,43.6,5,1,10.7,9.7,0.72,33.1,0.41,0.105,0.1794,0
NER-SIM-00666,Manipur,Noney,Tupul Railway Corridor Section,1229.4,23.71,39.0,0.0486,0.0,4.13,122.7,5.0,2,2,63.9,165.6,20.12,73.2,4.67,0.0,0.5065,1
NER-SIM-00667,Assam,Karbi Anglong,Diphu-Bokajan Escarpment,390.2,14.61,245.9,0.0158,-0.0432,7.22,340.2,186.6,1,2,74.6,115.9,12.33,64.0,0.27,0.096,0.339,0
NER-SIM-00668,Mizoram,Aizawl,Aizawl-Lunglei Road Slopes,1208.1,35.03,146.5,-0.0106,-0.1028,6.04,352.0,323.2,1,3,1.7,2.8,0.13,37.0,3.11,0.099,0.0945,0
NER-SIM-00669,Mizoram,Champhai,Champhai-Zokhawthar Border Cut,1306.9,29.62,147.8,-0.0808,0.0012,6.35,235.3,122.6,2,3,41.1,121.4,8.95,69.2,3.74,0.0,0.4317,0
NER-SIM-00670,Sikkim,Mangan,North Sikkim Highway (Chungthang),1950.9,41.86,348.3,-0.0295,-0.0164,4.2,299.6,179.7,5,4,180.7,290.4,29.3,81.3,17.89,0.012,0.9042,1
NER-SIM-00671,Tripura,North Tripura,Jampui Hills Ridge Corridor,96.3,37.38,233.9,0.0335,0.0238,5.83,217.6,302.5,1,1,59.6,105.7,11.48,59.8,2.2,0.047,0.2598,0
NER-SIM-00672,Arunachal Pradesh,Lower Subansiri,Ziro Foothill Section,1567.2,19.87,41.9,-0.0187,0.028,5.87,1188.7,151.8,4,3,6.0,3.0,0.41,37.4,2.83,0.0,0.1872,0
NER-SIM-00673,Arunachal Pradesh,Lower Subansiri,Ziro Foothill Section,1352.2,15.04,297.9,-0.1224,-0.0543,10.63,19.5,1371.5,4,4,51.2,157.3,6.43,87.3,30.87,0.028,0.3525,0
NER-SIM-00674,Sikkim,Mangan,North Sikkim Highway (Chungthang),1602.9,57.43,346.8,-0.1065,-0.0583,4.8,413.5,1454.4,5,1,60.1,142.8,12.59,65.4,3.23,0.08,0.5329,1
NER-SIM-00675,Arunachal Pradesh,Lower Subansiri,Ziro Foothill Section,1432.1,43.79,254.7,-0.0196,-0.0327,6.03,499.2,150.6,4,1,180.4,491.4,23.15,80.1,20.5,0.091,0.975,1
NER-SIM-00676,Manipur,Noney,Tupul Railway Corridor Section,977.8,54.66,209.1,-0.0078,-0.0107,3.08,1499.7,89.4,2,1,1.6,1.8,0.12,28.6,2.29,0.022,0.1033,0
NER-SIM-00677,Arunachal Pradesh,West Kameng,Bhalukpong-Bomdila-Tawang Route,2242.9,48.4,16.2,-0.0496,0.0012,4.94,1031.4,499.8,4,4,53.1,83.6,8.57,52.4,0.86,0.06,0.3756,0
NER-SIM-00678,Sikkim,Mangan,North Sikkim Highway (Chungthang),1472.6,55.99,33.5,0.0173,0.0795,4.01,71.8,438.4,4,1,1.5,1.5,0.13,26.9,1.92,0.0,0.153,0
NER-SIM-00679,Assam,Karbi Anglong,Diphu-Bokajan Escarpment,173.1,37.84,336.8,-0.0643,0.0124,7.5,411.9,268.6,1,3,26.7,28.2,3.95,38.3,4.15,0.102,0.2112,0
NER-SIM-00680,Tripura,North Tripura,Jampui Hills Ridge Corridor,167.7,18.33,125.8,-0.0086,-0.0625,6.16,620.6,619.4,1,1,49.8,82.0,5.15,49.7,2.22,0.109,0.1689,0
NER-SIM-00681,Manipur,Noney,Tupul Railway Corridor Section,1012.6,37.6,329.5,0.0676,-0.1004,7.22,646.2,449.2,2,4,42.2,64.1,6.72,53.3,1.51,0.078,0.1979,0
NER-SIM-00682,Nagaland,Kohima,NH-29 Dimapur-Kohima By-pass,1649.1,37.42,32.0,0.0436,0.1338,6.83,4146.9,84.9,2,3,1.7,1.2,0.26,25.5,1.8,0.016,0.074,0
NER-SIM-00683,Tripura,North Tripura,Jampui Hills Ridge Corridor,490.7,21.91,0.2,-0.031,-0.027,6.24,280.8,1165.1,1,1,19.5,11.3,1.46,26.5,1.65,0.064,0.0483,0
NER-SIM-00684,Tripura,North Tripura,Jampui Hills Ridge Corridor,415.2,17.61,222.5,-0.0378,-0.0877,7.88,156.2,862.9,1,3,0.9,1.5,0.1,35.2,1.26,0.076,0.1066,0
NER-SIM-00685,Nagaland,Kohima,NH-29 Dimapur-Kohima By-pass,1469.7,38.48,232.2,0.0005,-0.0647,3.38,391.5,9.7,3,1,16.2,11.9,1.46,31.2,2.91,0.043,0.1752,0
NER-SIM-00686,Mizoram,Aizawl,Aizawl-Lunglei Road Slopes,1039.1,33.75,44.8,-0.0012,0.0937,2.87,1324.4,244.7,2,2,76.1,152.7,11.75,67.5,3.67,0.019,0.3559,0
NER-SIM-00687,Assam,Dima Hasao,NH-27 Lumding-Haflong Hill Cut,389.1,33.25,27.3,-0.059,-0.0055,6.93,825.6,4.1,1,1,9.3,5.4,0.92,31.3,0.96,0.028,0.0455,0
NER-SIM-00688,Arunachal Pradesh,West Kameng,Bhalukpong-Bomdila-Tawang Route,2082.6,52.41,344.3,0.0663,-0.0217,6.98,592.6,37.9,5,4,8.8,10.5,0.71,29.7,2.98,0.011,0.1474,0
NER-SIM-00689,Assam,Dima Hasao,NH-27 Lumding-Haflong Hill Cut,809.7,34.83,1.1,0.0359,0.0437,7.42,570.3,103.9,2,3,7.9,13.3,0.58,30.4,3.31,0.046,0.2735,0
NER-SIM-00690,Manipur,Chandel,NH-102 Imphal-Moreh Corridor,1107.1,36.64,186.8,-0.0546,-0.0437,3.01,98.2,85.0,3,3,3.3,5.5,0.25,41.8,0.93,0.075,0.3251,0
NER-SIM-00691,Tripura,North Tripura,Jampui Hills Ridge Corridor,718.1,34.28,322.5,0.0949,0.0186,6.31,1295.1,50.6,1,2,142.8,415.6,32.4,75.3,7.74,0.001,0.9246,1
NER-SIM-00692,Manipur,Chandel,NH-102 Imphal-Moreh Corridor,752.1,22.05,26.7,0.0626,-0.1083,7.99,576.5,2132.5,2,4,5.8,5.3,0.96,37.4,2.66,0.05,0.0272,0
NER-SIM-00693,Mizoram,Champhai,Champhai-Zokhawthar Border Cut,1264.9,37.85,341.8,0.0336,0.0016,4.65,451.1,222.2,2,2,5.6,3.9,0.46,43.6,2.47,0.087,0.1358,0
NER-SIM-00694,Tripura,North Tripura,Jampui Hills Ridge Corridor,780.6,20.65,8.4,-0.0261,-0.0594,3.87,2461.4,370.0,1,4,79.4,226.2,10.7,77.4,10.63,0.029,0.2571,0
NER-SIM-00695,Sikkim,Mangan,North Sikkim Highway (Chungthang),1728.2,49.25,147.3,0.0773,0.0606,6.99,73.8,335.0,4,2,32.0,59.8,9.26,44.7,3.69,0.101,0.3997,0
NER-SIM-00696,Nagaland,Phek,Phek-Meluri Road Corridor,1961.6,36.06,175.0,0.0373,-0.045,5.22,4769.2,1215.9,2,1,10.6,17.5,3.15,20.7,0.72,0.043,0.038,0
NER-SIM-00697,Manipur,Noney,Tupul Railway Corridor Section,916.8,50.14,146.6,0.0513,0.0555,2.46,2288.3,801.0,2,4,21.2,23.6,3.31,43.6,2.33,0.091,0.0805,0
NER-SIM-00698,Arunachal Pradesh,West Kameng,Bhalukpong-Bomdila-Tawang Route,1956.1,46.19,99.2,-0.0302,-0.0928,4.74,1859.8,304.7,5,1,51.0,124.8,11.22,77.3,11.45,0.014,0.3054,0
NER-SIM-00699,Sikkim,Pakyong,NH-10 Sevoke-Gangtok Corridor,1123.9,38.01,265.3,0.0009,-0.0603,4.98,398.9,436.0,4,2,19.4,15.7,1.81,40.2,0.03,0.021,0.185,0
NER-SIM-00700,Sikkim,Mangan,North Sikkim Highway (Chungthang),2010.5,44.75,87.2,0.0254,-0.0117,2.59,785.1,484.9,5,1,25.0,16.1,1.71,43.0,2.15,0.001,0.1437,0
NER-SIM-00701,Assam,Karbi Anglong,Diphu-Bokajan Escarpment,496.2,32.26,192.6,0.0332,-0.0062,7.19,645.6,206.8,1,1,110.3,181.8,15.5,77.1,11.04,0.0,0.4272,0
NER-SIM-00702,Arunachal Pradesh,Lower Subansiri,Ziro Foothill Section,1805.4,29.32,239.3,-0.0314,0.0321,8.28,152.1,779.8,3,1,45.3,71.8,5.72,55.6,1.44,0.012,0.2784,0
NER-SIM-00703,Nagaland,Kohima,NH-29 Dimapur-Kohima By-pass,1161.4,24.96,184.5,-0.0384,0.0003,6.24,987.1,140.6,2,2,67.8,148.5,17.15,79.5,17.29,0.05,0.3985,0
NER-SIM-00704,Nagaland,Kohima,NH-29 Dimapur-Kohima By-pass,1339.0,16.66,345.6,0.0122,0.0413,6.49,629.4,284.4,2,4,14.3,14.8,1.58,40.7,1.36,0.0,0.1158,0
NER-SIM-00705,Sikkim,Mangan,North Sikkim Highway (Chungthang),1790.7,35.33,210.0,-0.0087,-0.0088,7.13,695.2,108.2,4,3,4.7,3.0,0.33,35.7,0.0,0.042,0.2255,0
NER-SIM-00706,Arunachal Pradesh,West Kameng,Bhalukpong-Bomdila-Tawang Route,2424.2,41.31,223.8,-0.0192,-0.0358,3.99,77.1,18.1,4,4,9.2,13.7,1.01,37.8,1.61,0.121,0.1362,0
NER-SIM-00707,Sikkim,Pakyong,NH-10 Sevoke-Gangtok Corridor,1182.9,29.27,114.4,0.0138,-0.0106,5.65,525.7,155.0,4,3,9.2,12.3,0.69,40.0,2.7,0.037,0.1192,0
NER-SIM-00708,Arunachal Pradesh,West Kameng,Bhalukpong-Bomdila-Tawang Route,1843.1,28.63,309.5,-0.1106,0.0597,4.48,475.0,334.4,4,2,8.1,9.1,0.54,45.6,1.48,0.047,0.1196,0
NER-SIM-00709,Assam,Karbi Anglong,Diphu-Bokajan Escarpment,124.3,29.26,99.9,0.0147,-0.0289,3.3,798.7,39.6,1,3,7.0,10.4,0.58,43.3,2.44,0.028,0.0796,0
NER-SIM-00710,Assam,Dima Hasao,NH-27 Lumding-Haflong Hill Cut,1026.2,27.05,49.6,0.1176,0.0401,8.25,1238.0,468.0,1,1,92.8,258.4,22.43,85.3,34.59,0.0,0.5845,1
NER-SIM-00711,Manipur,Noney,Tupul Railway Corridor Section,659.1,44.84,136.4,-0.0268,-0.0193,3.14,2951.3,343.5,2,2,92.8,260.2,13.97,72.8,1.44,0.021,0.4696,0
NER-SIM-00712,Assam,Karbi Anglong,Diphu-Bokajan Escarpment,664.4,28.08,318.9,-0.0347,0.004,6.53,258.8,3.9,1,3,21.8,21.1,2.57,40.5,1.33,0.0,0.1224,0
NER-SIM-00713,Manipur,Noney,Tupul Railway Corridor Section,778.0,38.13,297.8,0.0657,-0.0343,6.18,3769.3,301.6,3,1,13.2,17.3,0.89,39.2,1.99,0.0,0.0647,0
NER-SIM-00714,Manipur,Chandel,NH-102 Imphal-Moreh Corridor,1288.9,26.59,39.4,0.0017,0.0531,6.16,800.6,997.2,3,1,17.8,27.2,2.08,46.2,3.14,0.0,0.077,0
NER-SIM-00715,Mizoram,Champhai,Champhai-Zokhawthar Border Cut,1309.8,29.0,275.6,-0.0778,-0.0902,7.55,240.0,278.9,1,4,184.1,427.1,33.13,77.3,8.13,0.018,0.8522,1
NER-SIM-00716,Manipur,Chandel,NH-102 Imphal-Moreh Corridor,1020.8,38.35,323.6,0.0375,-0.0133,5.84,1740.7,223.4,4,4,6.2,10.2,0.43,28.9,0.42,0.013,0.1023,0
NER-SIM-00717,Assam,Karbi Anglong,Diphu-Bokajan Escarpment,753.1,39.12,224.0,0.0155,-0.0795,2.82,162.5,33.8,1,1,90.1,145.3,16.26,64.1,2.86,0.033,0.48,0
NER-SIM-00718,Assam,Karbi Anglong,Diphu-Bokajan Escarpment,418.8,33.13,229.6,-0.0442,0.0161,5.88,526.3,218.3,1,1,0.3,0.4,0.02,34.2,2.91,0.0,0.051,0
NER-SIM-00719,Nagaland,Phek,Phek-Meluri Road Corridor,1438.4,55.8,287.0,0.0037,0.0063,2.0,1572.3,212.8,3,2,164.7,444.4,35.36,87.7,28.52,0.258,0.9483,1
NER-SIM-00720,Arunachal Pradesh,West Kameng,Bhalukpong-Bomdila-Tawang Route,2412.3,38.45,9.3,-0.0727,0.0811,4.14,162.7,338.8,4,3,48.1,63.0,3.7,53.3,0.05,0.028,0.338,0
NER-SIM-00721,Nagaland,Kohima,NH-29 Dimapur-Kohima By-pass,1416.6,45.84,94.4,-0.0345,0.1373,3.68,14.1,232.7,2,1,15.8,28.0,1.19,43.3,2.56,0.094,0.1243,0
NER-SIM-00722,Mizoram,Champhai,Champhai-Zokhawthar Border Cut,1974.6,28.9,230.7,-0.0606,-0.0591,7.15,584.8,212.9,2,3,12.1,7.4,0.92,40.0,2.94,0.049,0.0892,0
NER-SIM-00723,Mizoram,Aizawl,Aizawl-Lunglei Road Slopes,950.3,46.19,88.1,-0.0104,0.0131,6.1,2189.8,367.8,3,2,18.3,11.8,1.96,39.0,1.44,0.0,0.1353,0
NER-SIM-00724,Sikkim,Mangan,North Sikkim Highway (Chungthang),1765.9,43.81,97.6,-0.0511,-0.0727,3.46,1234.7,104.0,4,3,142.1,249.4,19.36,76.0,7.55,0.033,0.8991,1
NER-SIM-00725,Manipur,Chandel,NH-102 Imphal-Moreh Corridor,940.7,37.92,36.3,-0.0153,-0.097,4.33,309.9,520.4,3,2,46.3,112.5,13.04,65.6,1.44,0.042,0.3218,0
NER-SIM-00726,Sikkim,Mangan,North Sikkim Highway (Chungthang),2306.7,53.87,236.3,0.0055,0.015,4.43,338.7,840.9,5,4,4.1,4.9,0.34,55.4,2.31,0.006,0.1817,0
NER-SIM-00727,Manipur,Noney,Tupul Railway Corridor Section,1207.9,28.65,294.2,0.0553,-0.0136,5.54,770.0,36.8,2,1,14.5,17.7,1.86,37.8,3.67,0.017,0.0676,0
NER-SIM-00728,Sikkim,Mangan,North Sikkim Highway (Chungthang),1502.4,41.06,166.2,0.1058,0.0109,4.63,148.3,27.1,4,4,107.5,188.4,13.45,76.5,11.95,0.089,0.7207,1
NER-SIM-00729,Assam,Karbi Anglong,Diphu-Bokajan Escarpment,362.4,31.86,186.0,-0.041,0.0673,6.55,25.8,135.1,1,2,116.5,222.8,18.72,84.2,25.74,0.037,0.7044,1
NER-SIM-00730,Arunachal Pradesh,Lower Subansiri,Ziro Foothill Section,1100.1,39.74,154.8,0.0584,-0.0363,6.03,223.6,348.6,4,4,1.8,2.4,0.19,30.1,0.97,0.139,0.1302,0
NER-SIM-00731,Manipur,Noney,Tupul Railway Corridor Section,1098.1,37.09,315.0,0.035,-0.0253,4.6,282.8,254.1,3,2,0.6,0.9,0.05,35.8,1.24,0.052,0.164,0
NER-SIM-00732,Assam,Dima Hasao,NH-27 Lumding-Haflong Hill Cut,436.8,50.39,182.7,0.0206,-0.0376,5.68,1320.1,345.3,1,3,0.1,0.1,0.02,32.3,2.69,0.076,0.1814,0
NER-SIM-00733,Mizoram,Champhai,Champhai-Zokhawthar Border Cut,1349.6,36.07,141.6,-0.0871,-0.0108,4.55,5071.2,644.5,2,1,212.7,460.9,36.26,75.5,7.02,0.073,0.9332,1
NER-SIM-00734,Manipur,Chandel,NH-102 Imphal-Moreh Corridor,1160.4,38.2,20.5,-0.0122,0.0234,6.25,347.4,26.9,3,3,77.8,207.4,10.4,69.6,1.21,0.045,0.7701,1
NER-SIM-00735,Nagaland,Phek,Phek-Meluri Road Corridor,1927.8,28.29,27.1,0.0074,0.012,3.31,809.5,187.0,3,1,15.4,13.0,1.97,44.8,1.81,0.113,0.052,0
NER-SIM-00736,Manipur,Noney,Tupul Railway Corridor Section,577.1,53.91,158.7,-0.0144,-0.0028,2.48,635.2,20.9,3,1,66.2,182.3,10.01,91.7,48.3,0.216,0.8453,1
NER-SIM-00737,Manipur,Noney,Tupul Railway Corridor Section,714.9,49.55,122.5,-0.0148,0.0401,2.77,1264.7,352.1,3,1,16.2,12.8,1.1,32.4,3.85,0.038,0.12,0
NER-SIM-00738,Meghalaya,South West Khasi Hills,Mawsynram Valley Slopes,1061.1,40.07,314.6,-0.0444,0.0862,5.34,720.8,175.8,2,2,3.8,6.5,0.31,30.9,2.16,0.165,0.0495,0
NER-SIM-00739,Manipur,Chandel,NH-102 Imphal-Moreh Corridor,1008.3,32.17,4.5,-0.0102,0.0046,5.05,2027.3,40.1,4,1,60.1,111.0,15.94,56.6,0.87,0.117,0.2002,0
NER-SIM-00740,Mizoram,Champhai,Champhai-Zokhawthar Border Cut,1510.2,25.44,260.3,-0.0343,-0.0482,4.9,3307.4,118.4,2,4,3.7,4.6,0.33,36.0,2.41,0.12,0.0439,0
NER-SIM-00741,Mizoram,Aizawl,Aizawl-Lunglei Road Slopes,913.9,41.63,169.4,-0.0105,-0.0299,3.62,427.3,977.9,2,3,79.4,208.8,16.57,68.5,1.76,0.061,0.5647,1
NER-SIM-00742,Manipur,Chandel,NH-102 Imphal-Moreh Corridor,1333.9,33.7,95.6,0.0693,0.0783,6.07,3069.3,284.6,2,3,4.4,3.0,0.35,28.2,1.24,0.048,0.0745,0
NER-SIM-00743,Arunachal Pradesh,Lower Subansiri,Ziro Foothill Section,1482.4,25.35,34.1,-0.0267,-0.0107,5.51,1125.5,113.6,4,1,4.8,7.6,0.34,38.6,3.6,0.119,0.0765,0
NER-SIM-00744,Meghalaya,East Khasi Hills,NH-6 Shillong-Tamabil Highway,1764.9,22.32,317.1,-0.0168,0.0171,8.63,23.5,97.1,1,1,121.4,295.0,36.3,82.3,23.93,0.024,0.4832,0
NER-SIM-00745,Manipur,Chandel,NH-102 Imphal-Moreh Corridor,863.3,22.81,321.1,0.0001,0.0884,6.63,787.6,55.8,3,4,0.2,0.4,0.02,44.6,2.33,0.0,0.0955,0
NER-SIM-00746,Meghalaya,South West Khasi Hills,Mawsynram Valley Slopes,1126.5,39.27,309.7,0.1113,-0.0721,4.96,917.2,0.9,1,2,26.1,15.3,2.0,37.3,2.74,0.065,0.1885,0
NER-SIM-00747,Assam,Karbi Anglong,Diphu-Bokajan Escarpment,516.7,31.29,125.2,0.0194,0.0804,2.98,386.6,90.4,1,2,57.3,178.0,16.3,82.2,25.81,0.096,0.6236,1
NER-SIM-00748,Meghalaya,East Khasi Hills,NH-6 Shillong-Tamabil Highway,1268.1,6.93,190.7,-0.0443,0.0311,8.87,1916.0,251.8,2,1,1.2,1.6,0.13,50.3,2.09,0.099,0.0279,0
NER-SIM-00749,Meghalaya,East Khasi Hills,NH-6 Shillong-Tamabil Highway,1741.0,12.44,286.6,-0.0049,0.0231,8.61,2016.4,434.5,2,1,4.6,6.5,0.37,41.0,1.97,0.0,0.0227,0
NER-SIM-00750,Nagaland,Kohima,NH-29 Dimapur-Kohima By-pass,1557.8,36.83,261.6,0.0316,-0.0784,7.08,635.4,134.3,3,4,98.0,232.7,22.67,90.2,30.62,3.383,0.7078,1
NER-SIM-00751,Tripura,North Tripura,Jampui Hills Ridge Corridor,701.9,30.96,319.3,-0.0748,0.0152,5.92,359.2,443.3,1,1,21.6,32.5,1.64,44.0,3.33,0.003,0.082,0
NER-SIM-00752,Nagaland,Kohima,NH-29 Dimapur-Kohima By-pass,1734.9,23.8,29.8,0.081,-0.0111,5.58,73.2,141.2,1,1,13.0,22.5,0.99,46.5,1.91,0.0,0.1231,0
NER-SIM-00753,Sikkim,Mangan,North Sikkim Highway (Chungthang),1746.5,52.73,256.1,-0.006,0.0255,3.65,399.9,196.8,5,3,4.4,2.7,0.61,38.6,4.15,0.053,0.4835,0
NER-SIM-00754,Tripura,North Tripura,Jampui Hills Ridge Corridor,275.1,15.14,250.1,-0.0409,0.1022,8.79,824.9,120.5,1,1,31.2,76.4,10.33,56.7,2.7,0.042,0.1429,0
NER-SIM-00755,Arunachal Pradesh,West Kameng,Bhalukpong-Bomdila-Tawang Route,2547.9,43.25,45.0,-0.0369,-0.03,6.5,375.9,11.8,5,4,0.2,0.4,0.03,28.6,3.3,0.0,0.172,0
NER-SIM-00756,Assam,Dima Hasao,NH-27 Lumding-Haflong Hill Cut,761.0,28.68,357.9,-0.0497,-0.004,7.29,158.5,482.2,1,1,108.3,246.6,14.64,82.3,21.58,0.027,0.5174,1
NER-SIM-00757,Manipur,Chandel,NH-102 Imphal-Moreh Corridor,1361.5,35.58,70.3,0.0227,-0.0047,4.73,2441.6,231.1,2,4,34.2,57.3,7.84,47.9,3.02,0.049,0.1377,0
NER-SIM-00758,Meghalaya,South West Khasi Hills,Mawsynram Valley Slopes,1311.2,35.11,116.1,0.0711,-0.0766,5.64,592.4,1070.7,1,3,197.8,373.6,33.42,80.1,17.13,0.026,0.9307,1
NER-SIM-00759,Sikkim,Mangan,North Sikkim Highway (Chungthang),1802.0,46.6,197.7,0.0201,0.0047,6.63,297.7,275.1,5,4,198.5,558.3,61.49,82.7,15.88,0.505,0.991,1
NER-SIM-00760,Manipur,Noney,Tupul Railway Corridor Section,936.8,28.69,178.8,-0.0446,0.0372,6.53,3014.4,513.7,2,4,8.4,13.0,1.15,40.2,0.0,0.072,0.0267,0
NER-SIM-00761,Nagaland,Kohima,NH-29 Dimapur-Kohima By-pass,1723.3,38.11,125.2,0.0334,-0.0152,3.75,253.2,1.0,3,3,186.8,436.1,44.2,81.2,24.14,0.0,0.9665,1
NER-SIM-00762,Arunachal Pradesh,West Kameng,Bhalukpong-Bomdila-Tawang Route,2041.3,52.58,344.1,0.0061,0.0509,3.62,522.1,77.0,4,1,12.6,16.7,1.42,38.0,2.19,0.065,0.2299,0
NER-SIM-00763,Tripura,North Tripura,Jampui Hills Ridge Corridor,1053.3,30.96,65.7,0.0264,0.0504,6.68,192.4,256.1,1,2,92.1,175.7,15.08,84.7,28.21,0.0,0.6742,1
NER-SIM-00764,Tripura,North Tripura,Jampui Hills Ridge Corridor,927.2,37.52,118.1,-0.0077,-0.0282,3.76,1259.0,2089.3,2,2,7.2,11.1,0.87,35.6,0.6,0.05,0.0638,0
NER-SIM-00765,Meghalaya,South West Khasi Hills,Mawsynram Valley Slopes,1265.8,50.66,281.3,0.0266,-0.0232,2.77,3493.0,756.6,1,3,6.9,8.5,0.6,40.7,4.46,0.036,0.0677,0
NER-SIM-00766,Manipur,Chandel,NH-102 Imphal-Moreh Corridor,672.8,33.18,195.9,-0.0005,-0.0265,6.76,5124.9,24.4,3,1,14.0,8.9,1.71,43.4,0.82,0.0,0.116,0
NER-SIM-00767,Arunachal Pradesh,Lower Subansiri,Ziro Foothill Section,1776.2,32.1,233.5,-0.0732,0.0434,7.21,2231.1,166.1,4,1,4.3,5.3,0.7,34.0,3.69,0.085,0.0959,0
NER-SIM-00768,Assam,Karbi Anglong,Diphu-Bokajan Escarpment,496.1,22.35,315.7,-0.0213,0.0733,7.72,4969.5,328.8,1,1,4.4,3.3,0.4,34.4,0.03,0.063,0.0236,0
NER-SIM-00769,Nagaland,Kohima,NH-29 Dimapur-Kohima By-pass,1257.3,28.36,281.0,-0.0419,0.0124,5.5,273.6,160.3,2,1,89.8,135.1,14.47,65.2,1.26,0.051,0.2024,0
NER-SIM-00770,Meghalaya,South West Khasi Hills,Mawsynram Valley Slopes,1674.0,52.29,89.8,0.073,0.0085,4.82,1037.3,478.5,2,3,23.7,38.0,3.89,57.7,1.23,0.097,0.3298,0
NER-SIM-00771,Arunachal Pradesh,Lower Subansiri,Ziro Foothill Section,1651.1,32.83,60.8,-0.1293,0.0537,4.64,834.7,102.0,4,2,133.1,276.8,40.89,83.6,18.1,5.561,0.8671,1
NER-SIM-00772,Tripura,North Tripura,Jampui Hills Ridge Corridor,502.4,16.29,25.2,0.0058,0.0267,6.65,540.0,135.6,1,2,30.6,80.5,4.03,60.5,2.49,0.082,0.0747,0
NER-SIM-00773,Sikkim,Pakyong,NH-10 Sevoke-Gangtok Corridor,976.8,46.82,243.9,0.0924,0.0852,4.7,5175.7,785.1,3,2,11.8,19.7,0.79,36.8,3.4,0.037,0.1619,0
NER-SIM-00774,Manipur,Noney,Tupul Railway Corridor Section,906.7,38.67,319.6,-0.01,0.0326,5.12,893.5,365.2,3,1,0.8,1.3,0.11,23.4,4.01,0.042,0.0723,0
NER-SIM-00775,Mizoram,Aizawl,Aizawl-Lunglei Road Slopes,1434.6,50.22,72.2,0.0121,-0.0688,2.0,277.3,54.4,1,2,4.5,5.1,0.48,34.9,5.99,0.0,0.2296,0
NER-SIM-00776,Tripura,North Tripura,Jampui Hills Ridge Corridor,387.8,26.74,183.2,0.0422,-0.0131,5.31,1659.0,152.8,1,1,54.4,82.1,17.55,62.6,3.53,0.107,0.1513,0
NER-SIM-00777,Assam,Dima Hasao,NH-27 Lumding-Haflong Hill Cut,1088.2,29.67,278.9,0.0598,0.0422,5.19,4868.4,533.8,1,1,33.5,58.3,3.26,46.2,1.75,0.095,0.0492,0
NER-SIM-00778,Sikkim,Mangan,North Sikkim Highway (Chungthang),2372.4,36.45,80.4,0.0844,0.0661,4.81,2296.7,20.2,5,3,52.9,120.5,10.56,59.4,2.42,0.068,0.5147,1
NER-SIM-00779,Meghalaya,East Khasi Hills,NH-6 Shillong-Tamabil Highway,868.2,57.26,167.8,-0.0099,-0.0359,4.9,222.0,320.8,2,3,8.7,10.5,0.9,46.0,0.0,0.018,0.3143,0
NER-SIM-00780,Mizoram,Aizawl,Aizawl-Lunglei Road Slopes,967.5,33.83,131.2,-0.0074,-0.0915,4.66,2455.9,482.2,2,2,40.4,100.7,9.24,64.3,2.61,0.083,0.1641,0
NER-SIM-00781,Mizoram,Champhai,Champhai-Zokhawthar Border Cut,1727.1,38.38,97.1,0.0302,-0.0338,2.0,527.0,211.3,2,1,14.9,11.7,1.57,35.4,0.99,0.1,0.121,0
NER-SIM-00782,Arunachal Pradesh,Lower Subansiri,Ziro Foothill Section,1308.2,40.32,50.4,-0.0305,-0.0147,3.6,327.0,17.7,3,2,5.5,8.0,0.73,40.4,0.09,0.065,0.1177,0
NER-SIM-00783,Sikkim,Mangan,North Sikkim Highway (Chungthang),1804.1,56.88,154.4,-0.0925,0.0424,6.18,593.9,433.7,4,3,83.0,201.7,11.1,65.1,0.57,0.05,0.7526,1
NER-SIM-00784,Sikkim,Mangan,North Sikkim Highway (Chungthang),1474.8,40.0,187.0,-0.0043,0.003,5.9,61.1,79.4,4,3,74.4,179.0,11.03,75.0,10.23,0.0,0.7888,1
NER-SIM-00785,Assam,Karbi Anglong,Diphu-Bokajan Escarpment,50.0,24.58,82.5,-0.0709,-0.08,6.36,362.6,283.1,1,3,8.7,4.4,0.8,33.2,4.72,0.074,0.1456,0
NER-SIM-00786,Arunachal Pradesh,West Kameng,Bhalukpong-Bomdila-Tawang Route,2430.1,40.8,328.5,-0.0149,0.0341,3.76,244.5,73.0,5,4,280.7,576.0,49.34,80.2,14.65,0.033,0.9946,1
NER-SIM-00787,Sikkim,Pakyong,NH-10 Sevoke-Gangtok Corridor,1356.7,38.19,50.7,-0.018,-0.0251,3.57,124.8,1369.1,4,1,11.2,12.8,1.07,40.7,0.61,0.061,0.1094,0
NER-SIM-00788,Manipur,Noney,Tupul Railway Corridor Section,837.0,40.95,271.3,0.0397,-0.0015,7.34,920.9,529.7,3,2,17.1,32.7,2.24,49.0,0.0,0.008,0.1711,0
NER-SIM-00789,Arunachal Pradesh,West Kameng,Bhalukpong-Bomdila-Tawang Route,2174.4,46.3,227.9,0.0074,-0.0104,3.28,82.1,1101.4,5,2,74.8,209.9,13.26,79.7,18.54,0.029,0.8526,1
NER-SIM-00790,Sikkim,Pakyong,NH-10 Sevoke-Gangtok Corridor,1461.7,42.03,86.4,0.0016,-0.0257,4.67,81.7,466.8,4,1,28.4,42.8,2.48,46.1,2.68,0.041,0.1692,0
NER-SIM-00791,Sikkim,Mangan,North Sikkim Highway (Chungthang),1964.6,43.15,329.7,0.0254,0.0174,5.38,797.1,476.9,4,4,21.8,28.0,1.48,50.5,0.03,0.003,0.1227,0
NER-SIM-00792,Assam,Dima Hasao,NH-27 Lumding-Haflong Hill Cut,770.1,31.09,117.6,-0.0152,0.0242,3.52,2140.0,0.2,1,3,99.2,256.3,16.6,71.0,3.42,0.055,0.5718,1
NER-SIM-00793,Manipur,Noney,Tupul Railway Corridor Section,1308.0,53.79,311.5,0.0088,0.0353,4.36,55.5,45.1,3,4,1.0,0.6,0.08,30.4,1.39,0.04,0.2294,0
NER-SIM-00794,Mizoram,Aizawl,Aizawl-Lunglei Road Slopes,1101.6,26.46,71.8,-0.0202,0.101,6.34,313.8,115.7,2,3,170.8,520.8,33.32,80.0,17.56,0.0,0.9636,1
NER-SIM-00795,Assam,Dima Hasao,NH-27 Lumding-Haflong Hill Cut,999.9,26.88,203.5,0.0092,-0.0096,7.21,19.3,69.6,1,1,0.4,0.2,0.05,40.4,3.41,0.07,0.1075,0
NER-SIM-00796,Meghalaya,East Khasi Hills,NH-6 Shillong-Tamabil Highway,1105.8,31.14,311.7,-0.0179,0.0808,7.15,655.8,262.3,1,1,4.8,5.2,0.36,32.1,0.17,0.083,0.0623,0
NER-SIM-00797,Tripura,North Tripura,Jampui Hills Ridge Corridor,708.1,45.53,345.8,-0.0322,0.026,3.93,832.9,398.0,1,2,10.8,10.3,1.13,40.2,1.99,0.0,0.105,0
NER-SIM-00798,Assam,Dima Hasao,NH-27 Lumding-Haflong Hill Cut,633.0,34.55,138.0,-0.0206,-0.0225,5.34,462.7,70.2,1,2,19.9,28.7,1.38,46.1,3.83,0.106,0.1182,0
NER-SIM-00799,Meghalaya,East Khasi Hills,NH-6 Shillong-Tamabil Highway,1664.3,32.6,132.9,-0.0694,-0.0385,2.68,1224.8,97.5,1,2,86.8,209.6,14.95,79.4,16.23,0.102,0.5865,1
NER-SIM-00800,Assam,Dima Hasao,NH-27 Lumding-Haflong Hill Cut,838.9,39.0,173.2,-0.0318,-0.0062,2.97,1514.4,190.4,1,3,14.3,20.5,1.96,41.7,3.0,0.13,0.1111,0
NER-SIM-00801,Sikkim,Pakyong,NH-10 Sevoke-Gangtok Corridor,955.4,50.87,349.9,0.04,-0.0295,5.62,3295.5,472.9,3,1,6.6,10.2,0.5,35.1,1.98,0.088,0.1121,0
NER-SIM-00802,Meghalaya,East Khasi Hills,NH-6 Shillong-Tamabil Highway,1515.2,34.22,13.9,-0.0841,0.0536,4.02,751.2,293.2,1,3,10.3,10.0,0.94,39.3,3.04,0.022,0.2194,0
NER-SIM-00803,Assam,Karbi Anglong,Diphu-Bokajan Escarpment,178.1,26.91,106.7,-0.0162,-0.0227,4.69,1149.5,52.2,1,1,127.2,267.6,17.72,83.9,19.92,0.034,0.6483,1
NER-SIM-00804,Mizoram,Champhai,Champhai-Zokhawthar Border Cut,1268.6,19.02,320.0,0.0261,0.0034,9.13,5223.0,1894.7,2,4,10.9,6.2,1.18,35.8,0.79,0.032,0.0196,0
NER-SIM-00805,Manipur,Chandel,NH-102 Imphal-Moreh Corridor,1054.0,44.09,230.5,-0.108,0.0143,4.18,1790.5,3.8,3,1,5.2,3.8,0.4,32.9,0.98,0.073,0.1246,0
NER-SIM-00806,Manipur,Chandel,NH-102 Imphal-Moreh Corridor,999.9,36.53,196.0,-0.0547,-0.0261,4.19,521.7,479.0,3,3,3.4,4.4,0.33,30.3,3.69,0.051,0.1089,0
NER-SIM-00807,Arunachal Pradesh,West Kameng,Bhalukpong-Bomdila-Tawang Route,2338.0,38.49,27.7,-0.0433,0.0161,5.23,118.6,136.3,4,3,101.9,210.2,13.22,80.2,22.74,0.0,0.7885,1
NER-SIM-00808,Sikkim,Mangan,North Sikkim Highway (Chungthang),1861.2,48.17,174.7,-0.0868,-0.0132,6.18,1455.3,712.6,4,1,1.3,1.9,0.19,30.5,2.01,0.105,0.0797,0
NER-SIM-00809,Meghalaya,South West Khasi Hills,Mawsynram Valley Slopes,846.1,32.12,149.5,-0.0911,0.0116,6.19,2458.2,182.1,2,3,46.8,70.7,6.31,49.3,3.94,0.034,0.1239,0
NER-SIM-00810,Tripura,North Tripura,Jampui Hills Ridge Corridor,594.0,31.84,200.2,0.0167,0.0747,3.78,2262.0,146.1,1,1,2.1,2.9,0.16,29.5,4.06,0.002,0.0312,0
NER-SIM-00811,Sikkim,Pakyong,NH-10 Sevoke-Gangtok Corridor,1197.0,34.06,96.9,0.0215,0.0889,5.93,7167.2,209.9,3,1,118.1,200.7,32.84,90.5,40.21,5.612,0.8251,1
NER-SIM-00812,Mizoram,Champhai,Champhai-Zokhawthar Border Cut,1338.8,46.15,187.9,0.0193,0.0648,3.36,87.5,985.8,2,1,12.9,14.0,0.9,40.7,1.66,0.067,0.1459,0
NER-SIM-00813,Manipur,Noney,Tupul Railway Corridor Section,555.1,30.28,97.8,-0.0388,-0.044,8.12,2580.6,43.5,3,4,133.2,303.4,17.72,74.9,0.0,0.024,0.796,1
NER-SIM-00814,Meghalaya,East Khasi Hills,NH-6 Shillong-Tamabil Highway,1456.6,47.87,260.0,0.1498,0.0953,7.71,1646.9,846.9,1,1,93.3,248.9,13.4,71.7,2.55,0.022,0.4501,0
NER-SIM-00815,Manipur,Chandel,NH-102 Imphal-Moreh Corridor,914.3,27.02,35.1,-0.0083,0.058,6.15,854.0,107.4,2,2,18.3,23.6,2.35,37.7,4.08,0.059,0.0818,0
NER-SIM-00816,Mizoram,Aizawl,Aizawl-Lunglei Road Slopes,786.8,31.53,202.3,0.0468,0.0506,3.9,246.4,457.8,1,1,3.8,6.0,0.27,40.3,4.37,0.023,0.0523,0
NER-SIM-00817,Sikkim,Pakyong,NH-10 Sevoke-Gangtok Corridor,1047.8,40.33,138.9,0.0302,-0.0563,5.37,2198.9,127.7,5,4,4.8,7.1,0.35,37.8,1.82,0.103,0.1132,0
NER-SIM-00818,Sikkim,Mangan,North Sikkim Highway (Chungthang),2004.9,49.72,41.1,-0.0038,-0.0539,2.78,477.5,615.0,5,4,144.0,286.9,19.26,79.1,18.27,0.076,0.9249,1
NER-SIM-00819,Arunachal Pradesh,Lower Subansiri,Ziro Foothill Section,1499.4,27.85,199.9,0.0735,0.0345,2.92,222.0,611.8,4,3,83.7,207.0,15.09,86.9,25.62,0.056,0.778,1
NER-SIM-00820,Tripura,North Tripura,Jampui Hills Ridge Corridor,221.2,25.92,112.7,0.0239,0.0593,7.07,389.9,615.8,1,1,90.8,285.2,12.03,87.4,38.29,0.032,0.6764,1
NER-SIM-00821,Sikkim,Pakyong,NH-10 Sevoke-Gangtok Corridor,1217.2,42.91,85.9,-0.0842,0.0757,7.34,2052.8,293.7,3,1,4.0,5.6,0.33,41.8,3.18,0.009,0.1048,0
NER-SIM-00822,Arunachal Pradesh,Lower Subansiri,Ziro Foothill Section,2014.6,30.79,81.9,-0.0459,-0.0015,4.58,2730.5,227.1,3,3,18.0,15.3,1.36,33.8,2.17,0.136,0.1024,0
NER-SIM-00823,Nagaland,Kohima,NH-29 Dimapur-Kohima By-pass,1613.5,38.19,183.9,0.0111,0.0876,5.78,94.0,155.6,2,1,13.6,12.0,2.07,40.3,0.35,0.053,0.0969,0
NER-SIM-00824,Arunachal Pradesh,Lower Subansiri,Ziro Foothill Section,1330.6,28.58,83.9,-0.058,0.0391,6.24,324.2,184.9,3,4,76.0,177.3,23.47,80.7,18.19,0.0,0.4334,0
NER-SIM-00825,Arunachal Pradesh,Lower Subansiri,Ziro Foothill Section,1739.9,28.26,319.8,0.0455,-0.0403,5.61,3987.7,206.2,4,1,0.8,1.0,0.09,44.2,1.52,0.0,0.0441,0
NER-SIM-00826,Sikkim,Mangan,North Sikkim Highway (Chungthang),1397.3,33.63,265.3,-0.0723,0.0156,5.35,1421.5,755.2,4,2,1.4,0.8,0.11,38.5,0.0,0.06,0.0431,0
NER-SIM-00827,Manipur,Noney,Tupul Railway Corridor Section,734.7,38.13,68.0,0.025,0.036,3.79,607.6,191.1,2,3,31.0,76.9,8.87,51.0,1.28,0.009,0.2686,0
NER-SIM-00828,Mizoram,Champhai,Champhai-Zokhawthar Border Cut,1417.5,25.91,215.7,0.0136,0.0426,5.43,948.2,537.8,2,1,2.9,4.5,0.24,41.0,0.97,0.055,0.0462,0
NER-SIM-00829,Mizoram,Aizawl,Aizawl-Lunglei Road Slopes,1239.6,23.34,29.8,-0.0683,0.0016,4.78,528.1,177.0,1,2,2.3,2.0,0.19,23.3,1.31,0.02,0.0659,0
NER-SIM-00830,Sikkim,Pakyong,NH-10 Sevoke-Gangtok Corridor,1254.9,40.6,37.3,-0.0284,-0.0305,6.31,1152.1,368.5,5,2,59.4,179.0,10.78,83.8,21.74,7.424,0.817,1
NER-SIM-00831,Nagaland,Phek,Phek-Meluri Road Corridor,1788.7,30.15,34.4,-0.0617,0.0155,3.58,762.8,559.3,2,1,0.0,0.0,0.0,29.9,3.29,0.053,0.0487,0
NER-SIM-00832,Nagaland,Phek,Phek-Meluri Road Corridor,1905.6,29.65,158.5,-0.0321,-0.0174,7.64,322.9,180.8,2,3,0.2,0.1,0.02,40.2,2.38,0.046,0.0764,0
NER-SIM-00833,Assam,Dima Hasao,NH-27 Lumding-Haflong Hill Cut,668.0,34.18,266.0,0.0327,0.0443,4.47,446.3,240.4,1,4,16.3,13.1,1.49,34.8,1.12,0.045,0.0659,0
NER-SIM-00834,Nagaland,Kohima,NH-29 Dimapur-Kohima By-pass,1350.4,40.7,209.1,-0.0487,0.0335,5.57,330.2,110.9,3,1,2.4,2.7,0.17,35.9,3.64,0.055,0.0658,0
NER-SIM-00835,Mizoram,Aizawl,Aizawl-Lunglei Road Slopes,1260.9,29.17,336.7,-0.0864,0.0595,4.41,565.6,339.7,2,2,0.3,0.5,0.03,34.5,1.81,0.067,0.102,0
NER-SIM-00836,Manipur,Chandel,NH-102 Imphal-Moreh Corridor,1036.0,23.51,258.9,-0.0384,-0.0672,5.02,963.3,75.4,4,2,140.5,306.9,21.95,77.3,12.14,0.01,0.825,1
NER-SIM-00837,Mizoram,Aizawl,Aizawl-Lunglei Road Slopes,898.7,24.73,24.8,-0.0117,-0.0495,5.68,239.1,277.8,1,1,136.0,411.8,17.51,90.4,35.34,0.04,0.9059,1
NER-SIM-00838,Nagaland,Kohima,NH-29 Dimapur-Kohima By-pass,1577.1,18.18,200.4,-0.0611,-0.0891,7.86,498.3,42.9,3,4,7.4,5.0,0.61,41.5,2.69,0.067,0.0711,0
NER-SIM-00839,Sikkim,Pakyong,NH-10 Sevoke-Gangtok Corridor,701.8,45.18,28.1,0.031,0.0378,2.67,767.7,415.7,4,3,39.5,107.3,6.7,64.9,0.63,0.063,0.3614,0
NER-SIM-00840,Mizoram,Champhai,Champhai-Zokhawthar Border Cut,1526.8,34.47,41.3,0.0191,-0.0145,7.37,1302.9,962.1,1,3,74.2,161.5,10.43,70.4,3.45,0.043,0.3718,0
NER-SIM-00841,Meghalaya,East Khasi Hills,NH-6 Shillong-Tamabil Highway,1765.0,24.68,355.0,-0.0426,0.0121,5.65,354.3,485.1,2,2,0.8,1.4,0.11,42.2,3.08,0.071,0.0406,0
NER-SIM-00842,Arunachal Pradesh,Lower Subansiri,Ziro Foothill Section,1546.3,23.35,314.4,0.0565,-0.0475,6.06,991.0,115.4,2,4,10.5,18.0,2.3,35.8,2.24,0.076,0.04,0
NER-SIM-00843,Mizoram,Champhai,Champhai-Zokhawthar Border Cut,1578.8,35.19,283.5,0.0071,-0.007,6.35,30.7,398.6,1,2,50.9,89.5,13.44,58.6,0.85,0.0,0.2261,0
NER-SIM-00844,Sikkim,Pakyong,NH-10 Sevoke-Gangtok Corridor,1087.4,42.17,190.2,0.0454,-0.0491,4.06,205.7,61.0,3,1,70.6,190.7,13.89,72.2,1.12,0.05,0.6223,1
NER-SIM-00845,Sikkim,Pakyong,NH-10 Sevoke-Gangtok Corridor,1708.2,43.62,123.6,-0.0047,0.009,3.73,2105.9,1464.5,4,2,11.1,12.2,0.93,42.8,2.26,0.0,0.177,0
NER-SIM-00846,Sikkim,Pakyong,NH-10 Sevoke-Gangtok Corridor,1047.2,33.78,277.4,-0.0191,-0.0595,5.55,1884.0,91.2,4,2,1.8,2.0,0.15,39.5,0.96,0.118,0.1557,0
NER-SIM-00847,Nagaland,Kohima,NH-29 Dimapur-Kohima By-pass,1062.2,27.97,185.4,-0.0535,-0.0048,6.83,382.2,5.9,3,3,11.6,18.2,0.78,41.0,2.04,0.095,0.1636,0
NER-SIM-00848,Sikkim,Pakyong,NH-10 Sevoke-Gangtok Corridor,975.6,28.07,161.3,-0.0212,-0.0431,4.6,1117.9,174.0,3,2,159.3,239.0,28.02,88.3,32.05,0.025,0.7735,1
NER-SIM-00849,Mizoram,Aizawl,Aizawl-Lunglei Road Slopes,1340.2,48.01,357.7,0.0007,0.0364,5.28,1706.9,137.8,2,2,49.4,88.6,6.66,56.9,3.14,0.1,0.425,0
NER-SIM-00850,Arunachal Pradesh,Lower Subansiri,Ziro Foothill Section,1904.6,24.94,76.5,0.0465,0.0691,8.34,26.7,542.3,4,2,22.5,12.9,1.81,41.4,0.81,0.109,0.0787,0
NER-SIM-00851,Tripura,North Tripura,Jampui Hills Ridge Corridor,791.7,30.56,18.3,-0.0463,-0.1031,4.76,300.0,74.3,1,2,4.2,2.8,0.45,34.8,0.0,0.021,0.072,0
NER-SIM-00852,Mizoram,Aizawl,Aizawl-Lunglei Road Slopes,986.0,34.08,241.0,-0.0408,-0.0579,6.51,2170.8,8.8,1,3,107.1,287.6,21.18,73.7,3.79,0.042,0.8318,1
NER-SIM-00853,Tripura,North Tripura,Jampui Hills Ridge Corridor,755.1,43.77,301.1,0.0114,-0.0362,3.45,1976.7,29.9,1,3,15.6,25.1,1.69,44.3,3.8,0.089,0.1934,0
NER-SIM-00854,Nagaland,Phek,Phek-Meluri Road Corridor,1608.7,50.26,322.2,0.0374,-0.0191,2.0,1360.4,74.7,3,1,41.7,122.3,7.72,69.1,2.25,0.027,0.4088,0
NER-SIM-00855,Meghalaya,East Khasi Hills,NH-6 Shillong-Tamabil Highway,1519.8,27.16,323.7,0.0707,0.069,6.11,308.7,65.0,3,2,86.3,244.4,13.87,83.7,27.93,0.058,0.8231,1
NER-SIM-00856,Mizoram,Aizawl,Aizawl-Lunglei Road Slopes,1352.1,45.6,49.4,0.0748,-0.0871,7.39,468.4,362.3,2,3,62.6,180.9,13.81,91.9,42.02,2.929,0.8036,1
NER-SIM-00857,Nagaland,Phek,Phek-Meluri Road Corridor,1510.2,38.17,250.9,-0.0723,-0.0373,2.72,72.5,135.9,2,1,1.4,1.4,0.11,31.8,4.31,0.045,0.0752,0
NER-SIM-00858,Sikkim,Pakyong,NH-10 Sevoke-Gangtok Corridor,1137.0,27.64,12.5,-0.0489,-0.0416,6.35,2388.2,320.2,3,3,7.9,5.2,1.28,33.4,0.0,0.0,0.0721,0
NER-SIM-00859,Manipur,Noney,Tupul Railway Corridor Section,834.7,47.06,140.6,0.0474,0.0013,3.18,2643.1,1010.3,3,2,9.0,8.3,1.3,33.0,1.0,0.08,0.0941,0
NER-SIM-00860,Mizoram,Aizawl,Aizawl-Lunglei Road Slopes,1037.6,47.03,27.6,0.1028,-0.0306,5.54,14.9,3.0,1,2,3.5,3.9,0.28,31.9,0.0,0.125,0.1734,0
NER-SIM-00861,Tripura,North Tripura,Jampui Hills Ridge Corridor,1165.5,31.19,49.2,0.0085,0.1108,2.22,149.1,122.5,1,1,0.9,1.5,0.07,37.7,3.07,0.028,0.1339,0
NER-SIM-00862,Mizoram,Champhai,Champhai-Zokhawthar Border Cut,1683.9,39.75,59.5,0.0015,0.0571,7.18,2953.3,434.2,1,2,89.0,225.0,19.56,74.4,0.01,0.012,0.575,1
NER-SIM-00863,Sikkim,Mangan,North Sikkim Highway (Chungthang),2120.2,43.41,328.6,-0.0005,-0.0596,7.85,998.4,456.0,4,2,16.2,24.8,1.12,32.5,5.2,0.06,0.1765,0
NER-SIM-00864,Manipur,Chandel,NH-102 Imphal-Moreh Corridor,844.4,17.5,233.1,-0.0162,0.0355,7.96,1820.8,565.3,4,1,0.4,0.7,0.07,30.0,2.35,0.018,0.0445,0
NER-SIM-00865,Mizoram,Aizawl,Aizawl-Lunglei Road Slopes,1395.3,46.63,219.6,-0.0838,-0.06,8.66,301.4,116.2,2,3,16.2,24.0,1.33,37.5,5.84,0.04,0.2984,0
NER-SIM-00866,Manipur,Noney,Tupul Railway Corridor Section,880.6,43.72,13.4,0.0623,0.0222,2.57,173.3,1243.5,2,2,126.1,217.2,23.7,84.7,22.81,1.793,0.8747,1
NER-SIM-00867,Mizoram,Aizawl,Aizawl-Lunglei Road Slopes,1442.8,41.08,235.9,0.0473,-0.0153,5.33,1589.7,546.8,1,1,29.6,45.7,4.15,54.5,2.13,0.052,0.114,0
NER-SIM-00868,Mizoram,Aizawl,Aizawl-Lunglei Road Slopes,888.1,42.09,121.3,-0.0334,-0.0781,5.88,1987.3,569.4,2,1,1.6,1.6,0.11,47.9,1.35,0.083,0.0704,0
NER-SIM-00869,Assam,Dima Hasao,NH-27 Lumding-Haflong Hill Cut,832.8,34.98,231.3,-0.1792,0.0767,4.16,137.3,35.3,1,2,58.1,112.2,7.5,55.0,0.79,0.079,0.305,0
NER-SIM-00870,Sikkim,Pakyong,NH-10 Sevoke-Gangtok Corridor,874.1,33.28,321.7,-0.0049,-0.0105,3.79,169.9,14.3,2,2,214.9,411.1,27.43,74.8,4.37,0.043,0.9597,1
NER-SIM-00871,Assam,Dima Hasao,NH-27 Lumding-Haflong Hill Cut,570.2,41.01,82.7,0.0862,0.072,4.71,1051.4,189.8,1,1,47.9,43.8,3.46,48.9,1.08,0.045,0.1277,0
NER-SIM-00872,Nagaland,Phek,Phek-Meluri Road Corridor,1850.0,28.97,107.8,0.015,-0.0424,8.06,262.3,220.9,3,4,0.8,0.9,0.05,27.7,2.53,0.019,0.1611,0
NER-SIM-00873,Sikkim,Mangan,North Sikkim Highway (Chungthang),2109.9,46.26,119.9,-0.0493,0.0373,2.26,669.6,29.9,5,1,17.1,12.9,1.16,39.5,2.9,0.097,0.1763,0
NER-SIM-00874,Sikkim,Mangan,North Sikkim Highway (Chungthang),1634.7,30.49,224.0,-0.0088,-0.0054,3.93,558.1,498.3,5,4,1.1,0.6,0.1,33.1,3.64,0.097,0.0579,0
NER-SIM-00875,Manipur,Noney,Tupul Railway Corridor Section,935.1,38.95,214.5,-0.0149,-0.0632,6.63,1015.3,46.3,2,1,43.0,129.8,6.13,69.8,0.95,0.028,0.2736,0
NER-SIM-00876,Assam,Karbi Anglong,Diphu-Bokajan Escarpment,77.7,9.55,213.0,-0.037,0.1067,10.19,1191.2,624.3,1,4,138.4,221.8,31.06,83.1,23.46,0.036,0.4405,0
NER-SIM-00877,Arunachal Pradesh,West Kameng,Bhalukpong-Bomdila-Tawang Route,1820.2,42.73,86.8,0.0459,-0.0367,4.14,807.2,63.0,3,2,126.6,281.0,15.99,86.7,31.45,8.031,0.9712,1
NER-SIM-00878,Manipur,Chandel,NH-102 Imphal-Moreh Corridor,884.4,44.44,68.4,0.0253,-0.023,6.55,67.0,62.2,3,4,5.5,7.8,0.47,25.8,3.22,0.0,0.1584,0
NER-SIM-00879,Arunachal Pradesh,West Kameng,Bhalukpong-Bomdila-Tawang Route,2171.1,30.66,336.4,0.1077,-0.0156,6.7,4143.4,170.6,4,3,4.3,7.0,0.46,31.6,1.89,0.009,0.0331,0
NER-SIM-00880,Arunachal Pradesh,Lower Subansiri,Ziro Foothill Section,1368.6,30.97,113.2,-0.0498,0.0021,6.04,518.6,107.4,4,3,2.5,2.4,0.36,39.2,2.14,0.13,0.182,0
NER-SIM-00881,Sikkim,Mangan,North Sikkim Highway (Chungthang),1625.4,49.89,337.2,-0.0199,-0.0582,4.81,84.2,102.4,5,1,1.4,1.8,0.12,41.1,2.4,0.074,0.224,0
NER-SIM-00882,Mizoram,Aizawl,Aizawl-Lunglei Road Slopes,873.7,29.76,148.8,0.0701,0.0538,4.0,274.1,96.3,1,4,8.2,12.3,0.96,31.9,2.16,0.092,0.1202,0
NER-SIM-00883,Assam,Dima Hasao,NH-27 Lumding-Haflong Hill Cut,463.0,20.85,229.2,0.0555,0.018,7.35,2174.1,392.5,1,1,1.0,0.7,0.12,26.1,2.56,0.124,0.0336,0
NER-SIM-00884,Nagaland,Kohima,NH-29 Dimapur-Kohima By-pass,1696.2,30.12,114.4,-0.0035,-0.0963,8.99,50.5,7.6,2,3,114.7,295.0,19.19,79.1,19.63,0.073,0.8807,1
NER-SIM-00885,Mizoram,Aizawl,Aizawl-Lunglei Road Slopes,1007.9,53.86,74.5,-0.0772,-0.0041,3.3,791.1,56.4,2,1,3.2,5.4,0.33,37.5,0.0,0.049,0.2036,0
NER-SIM-00886,Manipur,Chandel,NH-102 Imphal-Moreh Corridor,1100.5,32.39,202.8,0.0552,0.0713,6.08,5565.2,116.8,3,3,59.3,140.5,9.65,69.8,2.67,0.004,0.4511,0
NER-SIM-00887,Sikkim,Pakyong,NH-10 Sevoke-Gangtok Corridor,919.8,32.51,304.9,-0.0498,0.0442,5.55,157.2,140.9,4,4,18.4,12.4,1.54,40.3,1.49,0.0,0.1365,0
NER-SIM-00888,Nagaland,Kohima,NH-29 Dimapur-Kohima By-pass,1744.7,38.67,216.0,0.0549,-0.0155,2.0,760.5,603.5,4,3,122.1,282.7,24.75,97.3,54.28,7.85,0.9441,1
NER-SIM-00889,Sikkim,Pakyong,NH-10 Sevoke-Gangtok Corridor,1028.0,38.31,279.4,-0.071,0.033,3.69,211.7,322.0,3,2,2.6,2.6,0.19,36.6,4.2,0.053,0.1079,0
NER-SIM-00890,Meghalaya,East Khasi Hills,NH-6 Shillong-Tamabil Highway,1249.6,31.14,336.1,0.0695,0.0012,7.33,243.5,1016.4,1,2,17.3,24.8,1.39,40.4,5.0,0.044,0.2077,0
NER-SIM-00891,Sikkim,Mangan,North Sikkim Highway (Chungthang),1996.4,54.45,258.2,0.0001,-0.0244,3.47,172.6,706.0,4,4,12.1,19.7,1.53,37.8,4.24,0.046,0.1343,0
NER-SIM-00892,Manipur,Noney,Tupul Railway Corridor Section,758.7,29.42,36.7,0.0999,-0.0176,5.91,105.9,1066.3,2,1,200.2,333.4,44.04,82.9,20.74,0.073,0.8817,1
NER-SIM-00893,Assam,Karbi Anglong,Diphu-Bokajan Escarpment,570.1,19.1,256.0,-0.0965,0.0289,7.02,77.5,575.2,1,2,11.4,13.8,0.77,49.2,3.57,0.123,0.143,0
NER-SIM-00894,Tripura,North Tripura,Jampui Hills Ridge Corridor,562.0,21.05,86.6,-0.0203,0.0883,5.07,57.2,1347.1,1,4,35.6,89.3,11.18,67.6,0.0,0.087,0.1271,0
NER-SIM-00895,Manipur,Chandel,NH-102 Imphal-Moreh Corridor,1101.6,10.9,187.4,0.0368,-0.0032,9.01,335.0,86.4,3,4,3.9,3.7,0.61,40.2,0.75,0.015,0.0842,0
NER-SIM-00896,Arunachal Pradesh,Lower Subansiri,Ziro Foothill Section,1577.1,19.37,206.7,-0.0203,-0.0702,2.69,1257.0,36.7,3,1,6.2,4.5,0.42,44.2,3.79,0.063,0.0542,0
NER-SIM-00897,Assam,Karbi Anglong,Diphu-Bokajan Escarpment,436.0,29.53,79.7,-0.0385,-0.0714,5.99,1671.7,145.8,1,3,145.4,262.1,26.01,75.3,8.9,0.072,0.768,1
NER-SIM-00898,Sikkim,Pakyong,NH-10 Sevoke-Gangtok Corridor,1168.3,29.37,156.7,0.0276,0.0344,4.57,87.4,441.2,3,2,30.1,20.6,2.37,37.8,0.0,0.132,0.1518,0
NER-SIM-00899,Sikkim,Mangan,North Sikkim Highway (Chungthang),1831.5,45.86,283.7,0.0489,-0.0782,6.3,800.5,281.5,4,1,6.1,8.7,0.53,36.7,4.89,0.09,0.1081,0
NER-SIM-00900,Arunachal Pradesh,Lower Subansiri,Ziro Foothill Section,2095.5,22.23,125.0,-0.0211,-0.0379,5.67,251.5,719.6,3,1,4.9,5.0,0.53,34.9,4.11,0.047,0.0369,0
NER-SIM-00901,Sikkim,Pakyong,NH-10 Sevoke-Gangtok Corridor,901.7,51.68,130.3,0.0298,-0.0781,4.33,604.3,381.3,3,3,0.8,1.2,0.12,33.6,2.53,0.066,0.3776,0
NER-SIM-00902,Sikkim,Pakyong,NH-10 Sevoke-Gangtok Corridor,1318.1,44.68,1.4,-0.0217,0.0691,5.4,693.4,268.8,4,1,8.6,7.9,1.16,25.4,0.0,0.039,0.1272,0
NER-SIM-00903,Nagaland,Phek,Phek-Meluri Road Corridor,1784.4,48.66,228.7,-0.0186,-0.0654,3.53,1250.3,958.2,3,2,97.7,227.4,31.71,77.1,8.65,0.037,0.528,1
NER-SIM-00904,Mizoram,Champhai,Champhai-Zokhawthar Border Cut,1498.6,42.97,352.4,0.0406,0.042,5.61,185.1,27.5,1,3,75.4,158.4,14.99,80.0,22.05,0.013,0.7747,1
NER-SIM-00905,Assam,Dima Hasao,NH-27 Lumding-Haflong Hill Cut,1072.8,41.53,345.9,0.0535,0.0028,7.17,97.7,889.6,1,1,106.7,206.6,15.82,95.8,31.15,0.608,0.8608,1
NER-SIM-00906,Manipur,Noney,Tupul Railway Corridor Section,769.4,38.21,204.5,-0.0555,-0.0345,7.62,1850.9,111.6,2,4,1.5,2.4,0.11,39.0,3.97,0.102,0.0676,0
NER-SIM-00907,Assam,Dima Hasao,NH-27 Lumding-Haflong Hill Cut,981.2,47.31,133.3,0.0288,0.0181,4.37,290.6,536.4,1,1,11.8,16.3,0.8,40.6,0.94,0.088,0.1254,0
NER-SIM-00908,Nagaland,Kohima,NH-29 Dimapur-Kohima By-pass,1685.9,28.89,108.5,0.0568,0.0065,5.39,385.4,67.9,2,2,2.7,2.6,0.22,34.5,0.0,0.076,0.0524,0
NER-SIM-00909,Meghalaya,South West Khasi Hills,Mawsynram Valley Slopes,1227.1,43.83,193.5,-0.0452,0.04,4.12,2542.6,906.1,1,3,10.9,8.9,0.93,42.5,3.31,0.044,0.1005,0
NER-SIM-00910,Sikkim,Mangan,North Sikkim Highway (Chungthang),1789.3,49.7,355.5,-0.0602,0.0742,2.92,12.0,372.4,4,4,6.0,9.1,0.46,33.3,1.25,0.117,0.215,0
NER-SIM-00911,Manipur,Chandel,NH-102 Imphal-Moreh Corridor,863.7,37.85,88.6,0.0688,0.0648,8.33,2973.8,93.7,3,1,89.7,142.7,22.4,72.1,3.08,0.022,0.4427,0
NER-SIM-00912,Nagaland,Kohima,NH-29 Dimapur-Kohima By-pass,1742.1,43.6,60.7,-0.0045,0.0868,4.53,1018.3,248.2,3,3,77.3,207.0,10.01,82.6,22.54,0.362,0.7582,1
NER-SIM-00913,Meghalaya,South West Khasi Hills,Mawsynram Valley Slopes,923.5,35.18,72.7,-0.0213,0.0003,3.83,149.3,147.4,1,1,12.5,7.2,1.07,44.0,4.83,0.077,0.1157,0
NER-SIM-00914,Tripura,North Tripura,Jampui Hills Ridge Corridor,835.1,31.73,226.8,-0.0015,-0.0511,6.72,2094.0,134.7,1,4,61.9,145.4,7.97,63.3,2.74,0.067,0.2837,0
NER-SIM-00915,Arunachal Pradesh,West Kameng,Bhalukpong-Bomdila-Tawang Route,2117.8,24.84,11.6,-0.011,-0.1025,6.08,6363.2,172.2,4,2,0.7,0.6,0.05,33.9,3.13,0.074,0.0626,0
NER-SIM-00916,Assam,Dima Hasao,NH-27 Lumding-Haflong Hill Cut,385.8,38.16,287.6,0.0422,-0.0137,2.42,952.3,188.7,1,3,3.6,4.5,0.54,35.5,0.62,0.041,0.2051,0
NER-SIM-00917,Arunachal Pradesh,West Kameng,Bhalukpong-Bomdila-Tawang Route,2460.7,44.46,218.5,-0.0412,0.1245,3.75,2091.2,344.8,3,1,64.5,203.1,14.63,74.4,2.27,0.103,0.4539,0
NER-SIM-00918,Manipur,Chandel,NH-102 Imphal-Moreh Corridor,860.1,34.33,297.5,-0.0419,-0.0215,6.43,1536.9,278.1,2,1,6.6,5.8,0.47,39.8,1.09,0.092,0.0897,0
NER-SIM-00919,Nagaland,Phek,Phek-Meluri Road Corridor,1897.8,37.26,307.0,0.1411,-0.0496,6.34,109.5,86.4,3,2,3.5,4.5,0.24,39.2,2.86,0.124,0.124,0
NER-SIM-00920,Arunachal Pradesh,Lower Subansiri,Ziro Foothill Section,1504.3,15.74,108.2,0.0424,-0.0498,8.89,665.9,357.7,4,1,10.9,8.9,0.88,40.6,2.91,0.08,0.0482,0
NER-SIM-00921,Mizoram,Champhai,Champhai-Zokhawthar Border Cut,1771.9,32.11,280.2,0.0674,-0.0315,5.91,797.8,627.9,3,1,93.6,201.7,16.95,70.9,2.39,0.048,0.4269,0
NER-SIM-00922,Arunachal Pradesh,West Kameng,Bhalukpong-Bomdila-Tawang Route,2180.6,39.12,161.7,0.0267,0.0698,5.61,722.9,127.8,3,2,7.2,4.3,0.78,38.3,2.54,0.064,0.1396,0
NER-SIM-00923,Assam,Dima Hasao,NH-27 Lumding-Haflong Hill Cut,593.0,21.12,279.6,-0.0641,-0.0689,5.74,234.0,881.3,1,1,0.6,0.9,0.04,32.7,1.5,0.086,0.0289,0
NER-SIM-00924,Nagaland,Kohima,NH-29 Dimapur-Kohima By-pass,1590.9,38.64,178.2,0.028,0.0407,6.1,52.7,114.3,3,4,1.4,1.8,0.13,38.6,3.76,0.0,0.1625,0
NER-SIM-00925,Nagaland,Phek,Phek-Meluri Road Corridor,1635.5,31.2,322.9,0.0518,0.0366,5.31,2748.6,65.0,3,4,31.6,22.4,3.04,34.2,0.16,0.082,0.0814,0
NER-SIM-00926,Tripura,North Tripura,Jampui Hills Ridge Corridor,943.4,29.15,310.9,-0.0236,0.0195,4.48,3563.9,688.4,1,1,1.2,1.4,0.1,46.9,1.9,0.061,0.0516,0
NER-SIM-00927,Arunachal Pradesh,West Kameng,Bhalukpong-Bomdila-Tawang Route,1892.0,35.28,140.0,0.0652,0.056,6.41,1303.4,187.5,4,1,238.3,677.8,67.11,88.8,33.46,2.144,0.9898,1
NER-SIM-00928,Meghalaya,East Khasi Hills,NH-6 Shillong-Tamabil Highway,1101.8,30.65,184.5,-0.053,0.0111,5.95,122.7,524.4,2,1,16.0,19.2,1.07,33.7,2.22,0.001,0.0637,0
NER-SIM-00929,Assam,Dima Hasao,NH-27 Lumding-Haflong Hill Cut,798.3,29.06,177.1,-0.0664,-0.0943,6.39,1175.9,19.7,1,3,93.8,216.5,25.29,89.7,38.47,0.072,0.6961,1
NER-SIM-00930,Arunachal Pradesh,West Kameng,Bhalukpong-Bomdila-Tawang Route,2382.5,35.35,155.3,0.1485,-0.0285,9.56,529.0,823.4,4,2,5.0,6.6,0.35,36.6,2.52,0.121,0.0748,0
NER-SIM-00931,Arunachal Pradesh,West Kameng,Bhalukpong-Bomdila-Tawang Route,2361.2,41.42,23.8,0.0536,-0.0731,2.0,591.7,59.1,4,1,19.5,31.9,1.86,49.1,4.65,0.003,0.1283,0
NER-SIM-00932,Manipur,Noney,Tupul Railway Corridor Section,974.3,42.32,27.4,-0.0815,0.0352,6.1,125.4,141.4,3,4,45.5,76.4,12.05,51.2,0.86,0.0,0.4301,0
NER-SIM-00933,Nagaland,Phek,Phek-Meluri Road Corridor,1524.9,38.64,22.9,0.0679,0.0084,4.24,44.4,212.1,1,4,14.7,16.6,1.13,45.1,4.72,0.077,0.098,0
NER-SIM-00934,Arunachal Pradesh,Lower Subansiri,Ziro Foothill Section,1228.9,36.96,87.4,0.0273,0.0617,8.93,1210.8,96.3,4,3,208.6,501.3,32.88,81.0,16.92,0.032,0.971,1
NER-SIM-00935,Assam,Dima Hasao,NH-27 Lumding-Haflong Hill Cut,648.2,26.64,120.7,0.0512,0.028,3.97,815.2,304.4,1,1,2.8,3.4,0.3,34.5,3.31,0.086,0.0369,0
NER-SIM-00936,Tripura,North Tripura,Jampui Hills Ridge Corridor,744.7,25.65,219.6,0.022,-0.0647,6.44,109.9,1386.5,1,4,13.1,18.3,1.01,44.3,0.48,0.058,0.1362,0
NER-SIM-00937,Nagaland,Kohima,NH-29 Dimapur-Kohima By-pass,1340.2,35.49,167.3,-0.0426,0.023,4.67,1001.0,155.4,2,4,49.6,43.3,3.68,39.8,2.22,0.056,0.1584,0
NER-SIM-00938,Nagaland,Kohima,NH-29 Dimapur-Kohima By-pass,1696.0,30.77,110.5,0.0665,0.0892,6.29,492.6,132.8,2,1,167.8,402.0,21.2,78.9,17.84,0.075,0.8961,1
NER-SIM-00939,Assam,Dima Hasao,NH-27 Lumding-Haflong Hill Cut,658.6,18.97,31.8,-0.1224,-0.0163,6.48,881.6,142.4,2,3,251.9,411.2,58.42,85.8,33.87,0.063,0.9598,1
NER-SIM-00940,Assam,Karbi Anglong,Diphu-Bokajan Escarpment,382.5,17.8,282.7,-0.0454,0.0146,4.49,2483.4,492.5,1,1,24.3,64.4,4.16,49.5,1.88,0.02,0.0905,0
NER-SIM-00941,Manipur,Noney,Tupul Railway Corridor Section,499.1,35.8,181.2,-0.0126,-0.0382,2.42,878.9,577.3,4,4,28.8,16.0,3.81,35.7,1.06,0.03,0.0841,0
NER-SIM-00942,Assam,Dima Hasao,NH-27 Lumding-Haflong Hill Cut,421.6,27.38,243.0,-0.0017,0.0063,2.46,927.2,282.1,1,1,26.3,25.6,1.83,46.6,4.73,0.059,0.1067,0
NER-SIM-00943,Mizoram,Champhai,Champhai-Zokhawthar Border Cut,1230.4,38.9,286.2,-0.0252,0.0049,2.99,903.9,18.6,1,3,15.9,21.7,1.39,43.6,1.17,0.048,0.1688,0
NER-SIM-00944,Assam,Karbi Anglong,Diphu-Bokajan Escarpment,572.0,26.48,242.0,0.0004,0.0231,4.37,94.1,59.8,1,3,43.0,84.1,10.71,54.9,1.44,0.007,0.213,0
NER-SIM-00945,Sikkim,Mangan,North Sikkim Highway (Chungthang),1612.2,33.95,82.6,-0.0751,0.0074,5.94,1916.3,682.0,5,3,77.5,179.7,16.8,67.7,2.85,0.093,0.6774,1
NER-SIM-00946,Sikkim,Mangan,North Sikkim Highway (Chungthang),1984.5,55.17,177.2,0.0732,0.0441,2.0,456.8,6.6,4,2,56.4,89.9,8.04,51.0,0.0,0.069,0.552,1
NER-SIM-00947,Tripura,North Tripura,Jampui Hills Ridge Corridor,443.6,12.99,285.3,-0.0087,-0.0357,5.51,173.2,183.5,1,2,166.8,428.7,22.13,74.7,0.62,0.0,0.8977,1
NER-SIM-00948,Nagaland,Kohima,NH-29 Dimapur-Kohima By-pass,1515.6,34.66,292.1,0.017,-0.0367,4.74,849.1,199.4,3,1,8.2,14.2,0.63,38.5,2.92,0.041,0.0794,0
NER-SIM-00949,Tripura,North Tripura,Jampui Hills Ridge Corridor,534.7,36.39,354.1,-0.0214,-0.0922,3.54,643.9,353.8,1,2,89.4,178.3,15.91,72.4,4.69,0.096,0.3632,0
NER-SIM-00950,Meghalaya,East Khasi Hills,NH-6 Shillong-Tamabil Highway,1302.7,35.37,23.5,0.0272,-0.018,7.46,823.2,27.5,3,2,53.8,62.0,5.74,52.9,4.56,0.103,0.2862,0
NER-SIM-00951,Sikkim,Mangan,North Sikkim Highway (Chungthang),2095.9,56.18,317.5,-0.0107,0.007,2.0,798.9,1112.9,5,3,19.4,54.7,2.79,56.8,3.47,0.061,0.4803,0
NER-SIM-00952,Meghalaya,East Khasi Hills,NH-6 Shillong-Tamabil Highway,1211.3,31.35,215.7,-0.0339,-0.0499,5.61,3127.3,198.8,1,4,44.1,141.1,12.07,76.4,11.3,0.062,0.1141,0
NER-SIM-00953,Arunachal Pradesh,Lower Subansiri,Ziro Foothill Section,1303.7,27.39,24.0,-0.0136,0.0123,7.32,1098.9,379.1,4,2,5.5,9.0,0.73,37.8,1.53,0.003,0.0871,0
NER-SIM-00954,Assam,Dima Hasao,NH-27 Lumding-Haflong Hill Cut,775.0,25.06,191.4,0.0634,-0.033,4.9,54.3,105.5,2,1,2.7,4.5,0.26,44.8,0.13,0.0,0.0958,0
NER-SIM-00955,Manipur,Chandel,NH-102 Imphal-Moreh Corridor,923.2,28.22,68.0,0.0068,-0.0023,3.63,2583.3,403.9,2,1,70.0,165.1,13.86,74.3,1.0,0.1,0.2146,0
NER-SIM-00956,Arunachal Pradesh,Lower Subansiri,Ziro Foothill Section,1904.8,28.4,93.4,0.0619,-0.0069,6.07,712.6,313.2,4,2,35.7,107.9,5.69,58.9,0.95,0.106,0.2735,0
NER-SIM-00957,Assam,Dima Hasao,NH-27 Lumding-Haflong Hill Cut,1014.5,29.47,347.8,0.0474,-0.0131,4.73,509.5,74.7,1,2,58.4,88.8,13.45,55.5,1.33,0.027,0.336,0
NER-SIM-00958,Arunachal Pradesh,Lower Subansiri,Ziro Foothill Section,1556.3,29.99,154.4,-0.0204,-0.0321,6.75,282.3,346.7,4,2,155.7,490.3,29.88,76.2,11.95,0.071,0.9233,1
NER-SIM-00959,Tripura,North Tripura,Jampui Hills Ridge Corridor,245.8,44.91,219.5,0.0078,0.0088,5.34,1022.6,73.8,1,1,144.7,276.7,35.63,80.9,21.81,0.039,0.8529,1
NER-SIM-00960,Assam,Dima Hasao,NH-27 Lumding-Haflong Hill Cut,927.5,37.33,270.6,-0.02,-0.0533,3.32,567.2,188.6,1,4,50.3,145.0,8.49,72.5,1.92,0.02,0.2586,0
NER-SIM-00961,Nagaland,Kohima,NH-29 Dimapur-Kohima By-pass,1007.1,34.88,307.2,0.0536,-0.0046,4.35,2800.4,276.0,2,1,9.6,14.9,0.84,39.1,1.23,0.049,0.056,0
NER-SIM-00962,Assam,Dima Hasao,NH-27 Lumding-Haflong Hill Cut,851.9,25.31,193.4,-0.0558,-0.0206,3.37,49.6,164.3,1,1,92.1,174.2,13.22,80.2,15.3,0.04,0.4533,0
NER-SIM-00963,Mizoram,Aizawl,Aizawl-Lunglei Road Slopes,1344.8,42.78,28.2,-0.0025,0.0138,5.21,805.0,187.7,2,1,5.2,6.1,0.56,21.2,2.28,0.074,0.0992,0
NER-SIM-00964,Nagaland,Phek,Phek-Meluri Road Corridor,1351.0,42.18,135.2,0.0296,-0.0063,5.2,1715.3,239.9,3,1,14.8,15.1,1.34,46.5,3.07,0.0,0.0816,0
NER-SIM-00965,Tripura,North Tripura,Jampui Hills Ridge Corridor,503.8,28.36,134.8,0.0747,-0.054,9.09,332.1,1447.5,1,4,55.9,163.7,12.19,75.4,10.94,0.027,0.2507,0
NER-SIM-00966,Arunachal Pradesh,West Kameng,Bhalukpong-Bomdila-Tawang Route,1980.0,50.3,176.3,0.0571,0.0534,3.31,179.1,545.6,5,1,19.1,21.3,3.16,44.2,2.21,0.088,0.1956,0
NER-SIM-00967,Arunachal Pradesh,Lower Subansiri,Ziro Foothill Section,1435.2,22.06,109.5,0.0983,0.0138,5.36,862.2,527.5,3,3,48.6,148.0,6.57,68.2,1.54,0.138,0.4094,0
NER-SIM-00968,Meghalaya,East Khasi Hills,NH-6 Shillong-Tamabil Highway,1867.2,17.98,230.4,-0.0322,0.0272,8.15,926.9,53.4,1,3,15.8,18.4,1.68,41.2,3.07,0.075,0.1089,0
NER-SIM-00969,Mizoram,Champhai,Champhai-Zokhawthar Border Cut,1337.7,32.3,179.3,-0.0397,0.0272,4.35,440.1,454.5,2,3,4.4,7.6,0.45,27.6,4.55,0.141,0.1543,0
NER-SIM-00970,Sikkim,Pakyong,NH-10 Sevoke-Gangtok Corridor,1301.5,42.71,9.9,-0.0055,0.0482,3.12,136.5,238.1,4,3,29.1,47.0,3.23,40.6,2.39,0.069,0.3818,0
NER-SIM-00971,Meghalaya,East Khasi Hills,NH-6 Shillong-Tamabil Highway,1652.4,26.99,64.1,0.0188,-0.0106,7.2,209.8,191.1,1,3,0.6,0.4,0.06,34.8,3.34,0.095,0.0943,0
NER-SIM-00972,Assam,Dima Hasao,NH-27 Lumding-Haflong Hill Cut,896.5,35.24,276.7,0.0406,0.0259,4.97,426.7,32.2,1,4,130.8,314.3,23.67,78.7,13.11,0.019,0.7661,1
NER-SIM-00973,Assam,Karbi Anglong,Diphu-Bokajan Escarpment,223.9,30.71,280.5,-0.0216,0.0019,5.21,1349.7,558.7,1,2,34.0,43.0,4.26,47.5,3.86,0.115,0.071,0
NER-SIM-00974,Assam,Karbi Anglong,Diphu-Bokajan Escarpment,299.2,14.03,33.9,-0.0754,-0.089,5.23,243.1,164.1,1,2,94.3,147.8,15.32,69.8,1.51,0.097,0.5468,1
NER-SIM-00975,Nagaland,Kohima,NH-29 Dimapur-Kohima By-pass,1321.7,23.42,281.2,0.0097,-0.0027,7.04,2539.6,263.4,2,3,11.8,16.6,1.73,50.6,2.5,0.0,0.0747,0
NER-SIM-00976,Nagaland,Phek,Phek-Meluri Road Corridor,2196.5,24.69,278.3,-0.1257,-0.0676,7.36,48.0,580.2,2,1,4.3,6.3,0.6,40.1,1.7,0.055,0.0636,0
NER-SIM-00977,Sikkim,Mangan,North Sikkim Highway (Chungthang),1623.3,44.43,259.4,0.0517,0.0395,3.43,237.1,549.5,4,4,196.2,406.8,29.49,81.2,18.36,0.024,0.9483,1
NER-SIM-00978,Arunachal Pradesh,West Kameng,Bhalukpong-Bomdila-Tawang Route,1831.2,28.07,127.2,0.0032,0.0102,5.71,4649.9,133.7,5,1,2.4,3.6,0.19,40.1,1.74,0.043,0.1067,0
NER-SIM-00979,Meghalaya,South West Khasi Hills,Mawsynram Valley Slopes,1064.0,20.01,282.6,-0.0315,-0.0539,7.73,3798.4,1012.2,3,1,6.4,7.0,0.71,41.7,1.97,0.104,0.0318,0
NER-SIM-00980,Arunachal Pradesh,West Kameng,Bhalukpong-Bomdila-Tawang Route,1798.9,43.9,7.6,-0.091,-0.0528,3.38,4008.2,360.5,4,2,64.6,111.3,17.17,62.6,2.51,0.05,0.4255,0
NER-SIM-00981,Arunachal Pradesh,West Kameng,Bhalukpong-Bomdila-Tawang Route,2279.7,46.09,37.9,0.0414,0.087,3.3,1804.5,866.7,4,4,2.9,4.3,0.34,35.0,2.54,0.093,0.1368,0
NER-SIM-00982,Manipur,Noney,Tupul Railway Corridor Section,828.2,32.47,160.8,-0.0539,0.0895,7.42,206.9,353.1,1,1,18.6,19.3,1.94,43.5,1.75,0.001,0.11,0
NER-SIM-00983,Arunachal Pradesh,West Kameng,Bhalukpong-Bomdila-Tawang Route,2328.7,40.01,205.8,0.0048,0.0666,5.03,370.3,687.2,5,3,23.0,25.6,2.23,45.7,2.89,0.021,0.2036,0
NER-SIM-00984,Arunachal Pradesh,Lower Subansiri,Ziro Foothill Section,1152.4,28.3,7.5,0.0398,0.0135,4.15,964.8,39.2,3,4,9.4,9.9,0.69,38.5,0.0,0.011,0.0778,0
NER-SIM-00985,Arunachal Pradesh,West Kameng,Bhalukpong-Bomdila-Tawang Route,2265.6,28.97,107.9,-0.0183,0.0479,4.46,1203.2,188.5,4,1,7.5,4.6,0.72,41.2,3.65,0.0,0.0521,0
NER-SIM-00986,Arunachal Pradesh,Lower Subansiri,Ziro Foothill Section,1472.2,50.33,61.7,0.0372,0.0189,4.51,198.2,16.8,3,3,13.3,17.0,1.16,41.9,2.63,0.081,0.4624,0
NER-SIM-00987,Arunachal Pradesh,Lower Subansiri,Ziro Foothill Section,1320.3,24.0,128.2,0.0411,-0.1051,6.27,439.5,305.1,4,1,219.3,635.8,40.37,69.5,4.68,0.013,0.964,1
NER-SIM-00988,Meghalaya,East Khasi Hills,NH-6 Shillong-Tamabil Highway,1631.9,38.18,169.3,0.0112,-0.0527,6.01,1023.9,886.0,2,1,61.6,109.2,9.05,65.0,1.87,0.079,0.3623,0
NER-SIM-00989,Nagaland,Phek,Phek-Meluri Road Corridor,1314.7,10.49,63.8,-0.0242,-0.0189,5.77,752.7,184.8,3,2,124.0,292.6,16.57,82.9,22.21,0.0,0.7117,1
NER-SIM-00990,Manipur,Chandel,NH-102 Imphal-Moreh Corridor,683.7,34.49,245.6,-0.0137,-0.0365,6.14,1581.9,113.5,4,3,241.4,751.3,47.03,75.8,9.86,0.0,0.9941,1
NER-SIM-00991,Meghalaya,South West Khasi Hills,Mawsynram Valley Slopes,1353.2,40.15,226.6,0.0122,-0.0619,3.42,637.5,5.6,2,4,6.7,7.5,0.51,30.7,0.93,0.05,0.1144,0
NER-SIM-00992,Arunachal Pradesh,West Kameng,Bhalukpong-Bomdila-Tawang Route,2341.4,45.1,128.1,-0.0256,0.1023,3.56,1717.0,308.4,4,1,1.6,0.8,0.15,30.6,0.89,0.054,0.0997,0
NER-SIM-00993,Nagaland,Kohima,NH-29 Dimapur-Kohima By-pass,1355.3,36.34,289.4,-0.071,-0.017,4.31,617.2,908.2,2,2,8.2,5.9,0.61,31.8,2.53,0.0,0.1082,0
NER-SIM-00994,Assam,Dima Hasao,NH-27 Lumding-Haflong Hill Cut,1012.3,31.7,56.1,-0.1155,0.0407,8.47,273.1,406.5,1,3,123.4,291.5,16.76,86.4,31.69,0.0,0.8385,1
NER-SIM-00995,Assam,Karbi Anglong,Diphu-Bokajan Escarpment,176.7,29.35,146.9,-0.0114,0.0406,6.25,14.8,852.5,1,1,27.6,23.3,2.78,46.2,3.89,0.097,0.1497,0
NER-SIM-00996,Arunachal Pradesh,Lower Subansiri,Ziro Foothill Section,2067.3,44.84,355.9,0.0425,-0.0104,2.0,7876.9,29.9,4,1,135.3,235.9,26.36,86.7,33.92,0.395,0.86,1
NER-SIM-00997,Assam,Karbi Anglong,Diphu-Bokajan Escarpment,612.3,30.3,312.5,-0.1166,0.0209,6.31,147.8,276.1,1,1,9.6,16.5,1.05,42.7,3.04,0.041,0.0942,0
NER-SIM-00998,Meghalaya,South West Khasi Hills,Mawsynram Valley Slopes,1212.9,43.54,260.7,-0.0819,-0.0698,7.56,1850.9,290.9,1,4,3.3,5.4,0.46,43.1,4.75,0.031,0.0475,0
NER-SIM-00999,Tripura,North Tripura,Jampui Hills Ridge Corridor,747.2,41.05,332.5,0.0425,-0.0419,4.75,200.5,440.8,1,1,4.4,5.0,0.38,38.0,2.3,0.044,0.1323,0
NER-SIM-01000,Assam,Karbi Anglong,Diphu-Bokajan Escarpment,484.1,25.16,18.5,-0.0873,0.0165,6.36,2721.8,68.0,1,3,11.8,6.2,1.29,31.4,1.81,0.087,0.0935,0
NER-SIM-01001,Mizoram,Aizawl,Aizawl-Lunglei Road Slopes,1090.7,39.47,88.6,0.0245,0.013,5.8,114.0,8.4,1,3,8.8,10.5,1.14,33.3,0.0,0.022,0.1346,0
NER-SIM-01002,Manipur,Chandel,NH-102 Imphal-Moreh Corridor,1034.5,23.98,115.5,0.0482,-0.0462,4.87,1214.5,378.1,1,1,10.6,18.4,1.32,38.2,0.13,0.029,0.0424,0
NER-SIM-01003,Arunachal Pradesh,West Kameng,Bhalukpong-Bomdila-Tawang Route,2032.4,34.6,64.6,0.0198,-0.0085,3.91,330.7,616.6,4,1,80.8,187.1,16.16,71.7,1.45,0.018,0.4981,0
NER-SIM-01004,Mizoram,Champhai,Champhai-Zokhawthar Border Cut,1257.1,32.42,190.6,-0.074,0.0703,6.4,4404.4,12.2,2,2,379.2,839.4,69.8,66.7,3.87,0.036,0.9988,1
NER-SIM-01005,Sikkim,Mangan,North Sikkim Highway (Chungthang),2069.1,35.35,338.8,0.0872,-0.0035,4.18,1312.2,353.6,5,1,1.0,0.8,0.08,51.9,1.63,0.094,0.0734,0
NER-SIM-01006,Mizoram,Champhai,Champhai-Zokhawthar Border Cut,1575.7,31.01,66.6,0.1195,0.0476,6.23,4175.4,268.0,1,4,18.3,20.8,1.61,41.1,2.85,0.026,0.0489,0
NER-SIM-01007,Mizoram,Aizawl,Aizawl-Lunglei Road Slopes,880.5,33.17,7.6,-0.083,0.0288,6.88,1647.9,689.5,1,3,203.3,624.4,56.58,75.8,13.84,0.065,0.9802,1
NER-SIM-01008,Assam,Karbi Anglong,Diphu-Bokajan Escarpment,573.7,27.29,65.4,0.0953,-0.0842,5.76,2523.7,44.2,1,2,171.4,467.3,32.03,75.7,7.37,0.012,0.8495,1
NER-SIM-01009,Manipur,Chandel,NH-102 Imphal-Moreh Corridor,1638.3,28.86,150.8,-0.057,0.048,3.03,1111.1,683.5,3,4,9.8,15.0,0.88,36.4,1.11,0.086,0.0238,0
NER-SIM-01010,Assam,Karbi Anglong,Diphu-Bokajan Escarpment,633.7,20.3,334.4,0.0979,-0.0266,7.81,1251.2,20.5,1,3,25.2,13.9,2.84,35.0,3.47,0.097,0.1373,0
NER-SIM-01011,Meghalaya,East Khasi Hills,NH-6 Shillong-Tamabil Highway,1095.8,38.03,207.6,0.0087,0.099,2.98,968.6,337.6,2,1,3.2,5.5,0.33,34.9,1.23,0.104,0.0964,0
NER-SIM-01012,Manipur,Chandel,NH-102 Imphal-Moreh Corridor,575.9,30.31,272.4,-0.0391,0.0219,7.77,3621.9,155.8,2,1,0.6,0.7,0.05,43.1,3.03,0.016,0.0315,0
NER-SIM-01013,Nagaland,Phek,Phek-Meluri Road Corridor,1780.0,48.0,0.5,-0.0764,0.1042,4.89,40.6,165.9,3,3,59.6,184.6,7.49,85.4,30.86,4.017,0.8968,1
NER-SIM-01014,Meghalaya,East Khasi Hills,NH-6 Shillong-Tamabil Highway,1395.4,22.92,289.6,0.0081,-0.0133,9.91,721.6,64.5,1,1,19.7,51.8,3.08,41.6,2.23,0.0,0.0801,0
NER-SIM-01015,Assam,Karbi Anglong,Diphu-Bokajan Escarpment,542.5,37.69,49.8,-0.0408,0.0747,4.71,3587.9,49.4,1,1,10.2,14.4,1.63,40.7,0.76,0.0,0.0794,0
NER-SIM-01016,Mizoram,Aizawl,Aizawl-Lunglei Road Slopes,1123.1,35.97,238.8,0.033,-0.0081,3.44,554.1,195.1,2,1,133.3,240.0,20.24,78.1,15.78,0.061,0.511,1
NER-SIM-01017,Meghalaya,South West Khasi Hills,Mawsynram Valley Slopes,1057.3,27.67,112.7,0.0057,0.0078,6.22,300.8,164.6,3,1,59.4,98.7,12.76,50.9,3.53,0.101,0.3347,0
NER-SIM-01018,Assam,Karbi Anglong,Diphu-Bokajan Escarpment,506.6,18.07,236.6,-0.0746,-0.0765,6.94,153.3,19.7,1,4,39.7,54.1,2.81,41.2,2.2,0.076,0.187,0
NER-SIM-01019,Sikkim,Pakyong,NH-10 Sevoke-Gangtok Corridor,1177.6,46.34,78.2,-0.0152,0.0674,2.24,166.8,370.5,3,4,14.3,13.9,1.45,38.5,3.64,0.064,0.1924,0
NER-SIM-01020,Sikkim,Mangan,North Sikkim Highway (Chungthang),1542.9,57.91,105.7,-0.1374,0.083,3.37,348.2,158.4,5,1,65.2,135.0,19.47,70.4,2.59,0.074,0.6342,1
NER-SIM-01021,Sikkim,Pakyong,NH-10 Sevoke-Gangtok Corridor,844.9,52.44,82.1,0.0806,0.0517,3.11,4399.4,738.6,4,3,44.2,117.1,9.59,58.7,2.28,0.085,0.4059,0
NER-SIM-01022,Sikkim,Mangan,North Sikkim Highway (Chungthang),2166.8,33.77,80.9,-0.077,-0.0826,5.8,203.3,457.3,5,3,10.5,14.8,1.42,41.7,1.29,0.057,0.1396,0
NER-SIM-01023,Mizoram,Champhai,Champhai-Zokhawthar Border Cut,1193.1,35.97,121.8,0.0576,0.033,5.24,7316.5,203.1,1,3,158.4,398.6,21.3,74.1,1.93,0.021,0.8923,1
NER-SIM-01024,Mizoram,Aizawl,Aizawl-Lunglei Road Slopes,1060.2,36.21,147.7,-0.0371,0.0482,3.08,1496.8,75.5,2,3,0.3,0.3,0.02,31.1,3.37,0.062,0.1304,0
NER-SIM-01025,Mizoram,Aizawl,Aizawl-Lunglei Road Slopes,857.6,41.01,259.3,-0.0329,-0.0683,4.48,1053.3,521.8,1,3,9.2,13.9,0.75,39.1,0.0,0.073,0.0844,0
NER-SIM-01026,Sikkim,Pakyong,NH-10 Sevoke-Gangtok Corridor,1394.4,18.44,83.2,-0.082,-0.06,6.97,22.5,47.8,4,2,77.1,227.9,11.41,79.3,13.99,0.024,0.7596,1
NER-SIM-01027,Sikkim,Mangan,North Sikkim Highway (Chungthang),1873.3,48.4,155.2,0.0229,0.0911,4.27,92.4,72.0,4,4,40.2,43.4,5.02,42.5,3.46,0.011,0.2471,0
NER-SIM-01028,Meghalaya,East Khasi Hills,NH-6 Shillong-Tamabil Highway,1976.5,19.76,1.1,0.0926,-0.0014,8.44,201.8,538.4,1,4,23.8,27.9,1.72,43.7,2.95,0.097,0.0789,0
NER-SIM-01029,Arunachal Pradesh,West Kameng,Bhalukpong-Bomdila-Tawang Route,2178.5,41.35,101.7,0.0222,-0.0085,5.63,816.2,402.8,5,2,30.0,30.4,2.54,40.7,0.0,0.085,0.3401,0
NER-SIM-01030,Meghalaya,South West Khasi Hills,Mawsynram Valley Slopes,1420.1,39.33,276.7,0.0579,-0.002,5.25,3583.3,74.7,2,3,130.9,215.8,19.63,79.4,18.58,0.009,0.6549,1
NER-SIM-01031,Assam,Karbi Anglong,Diphu-Bokajan Escarpment,492.8,30.21,346.0,-0.0179,0.0388,6.31,104.9,539.1,1,1,126.2,327.3,32.63,79.4,20.49,0.007,0.8148,1
NER-SIM-01032,Nagaland,Kohima,NH-29 Dimapur-Kohima By-pass,1655.3,32.2,271.6,-0.0018,0.0091,4.53,1145.8,150.3,2,3,10.9,16.5,0.95,37.0,1.43,0.101,0.1068,0
NER-SIM-01033,Manipur,Noney,Tupul Railway Corridor Section,986.9,50.06,212.0,-0.0024,0.0864,4.34,3160.7,16.6,3,3,12.2,21.6,0.95,34.9,2.72,0.052,0.181,0
NER-SIM-01034,Meghalaya,East Khasi Hills,NH-6 Shillong-Tamabil Highway,1376.9,36.96,85.6,-0.0451,-0.0549,7.97,408.7,83.3,1,3,8.8,13.8,1.46,32.3,0.98,0.005,0.1676,0
NER-SIM-01035,Sikkim,Pakyong,NH-10 Sevoke-Gangtok Corridor,1406.0,39.29,189.4,-0.0395,0.0178,3.0,1332.2,84.7,3,3,141.3,433.4,24.43,78.8,16.4,0.045,0.9424,1
NER-SIM-01036,Manipur,Chandel,NH-102 Imphal-Moreh Corridor,940.9,23.76,74.0,-0.0241,0.0065,3.01,638.4,74.6,2,4,16.7,18.6,1.67,38.4,4.41,0.084,0.0784,0
NER-SIM-01037,Mizoram,Champhai,Champhai-Zokhawthar Border Cut,1415.8,31.91,91.1,-0.0022,0.0191,8.06,3222.6,82.8,1,3,119.0,225.7,25.37,74.3,2.13,0.008,0.5249,1
NER-SIM-01038,Sikkim,Pakyong,NH-10 Sevoke-Gangtok Corridor,1048.8,33.25,344.5,-0.0018,-0.0741,5.53,439.2,75.3,3,3,125.7,365.2,18.62,84.9,23.91,4.151,0.951,1
NER-SIM-01039,Assam,Dima Hasao,NH-27 Lumding-Haflong Hill Cut,864.8,24.37,156.6,0.0223,-0.1202,5.25,973.3,156.8,1,1,2.7,3.9,0.32,33.3,3.61,0.026,0.0659,0
NER-SIM-01040,Mizoram,Aizawl,Aizawl-Lunglei Road Slopes,1480.3,45.4,152.5,0.1274,0.0076,4.73,2427.5,128.8,2,1,3.6,5.1,0.3,34.2,0.0,0.045,0.1044,0
NER-SIM-01041,Manipur,Noney,Tupul Railway Corridor Section,760.6,34.28,141.8,0.0608,-0.0027,8.04,859.2,186.9,2,1,210.7,555.0,35.88,82.1,21.29,2.956,0.9782,1
NER-SIM-01042,Mizoram,Aizawl,Aizawl-Lunglei Road Slopes,1423.9,41.38,178.6,-0.0949,0.0248,7.06,1752.0,289.4,1,1,6.9,6.9,0.47,29.5,2.18,0.05,0.0571,0
NER-SIM-01043,Assam,Dima Hasao,NH-27 Lumding-Haflong Hill Cut,654.3,30.1,174.6,-0.0273,0.0087,6.05,1268.9,190.5,1,2,49.1,100.9,9.39,51.5,1.15,0.076,0.1763,0
NER-SIM-01044,Meghalaya,South West Khasi Hills,Mawsynram Valley Slopes,1426.1,31.03,269.9,-0.026,0.0451,4.75,388.0,237.5,2,4,7.3,6.4,1.07,36.8,1.66,0.046,0.1175,0
NER-SIM-01045,Manipur,Noney,Tupul Railway Corridor Section,920.7,56.15,60.4,-0.0327,-0.0292,3.6,3056.9,8.4,2,3,96.5,243.5,17.26,80.6,17.37,0.087,0.8656,1
NER-SIM-01046,Nagaland,Kohima,NH-29 Dimapur-Kohima By-pass,1674.8,26.83,77.8,-0.0141,-0.0724,6.74,180.6,720.9,3,1,26.4,23.3,2.55,41.6,1.21,0.036,0.0982,0
NER-SIM-01047,Nagaland,Phek,Phek-Meluri Road Corridor,1483.1,35.15,65.4,-0.0603,0.0382,7.75,1260.1,236.5,2,4,14.2,23.2,2.66,43.3,2.57,0.0,0.0782,0
NER-SIM-01048,Arunachal Pradesh,Lower Subansiri,Ziro Foothill Section,1395.6,34.33,325.5,0.0199,0.0036,5.69,1189.2,1177.2,3,3,9.1,13.4,0.76,35.1,1.47,0.0,0.0672,0
NER-SIM-01049,Manipur,Noney,Tupul Railway Corridor Section,975.3,27.84,149.6,-0.0051,-0.0206,7.1,247.4,264.5,3,4,1.0,1.0,0.1,46.5,2.19,0.041,0.0769,0
NER-SIM-01050,Sikkim,Mangan,North Sikkim Highway (Chungthang),2018.6,38.39,325.5,0.0328,-0.0758,6.42,666.8,212.6,4,2,13.2,12.8,1.62,31.9,2.51,0.079,0.112,0
NER-SIM-01051,Assam,Karbi Anglong,Diphu-Bokajan Escarpment,305.3,16.95,208.6,-0.0237,0.0016,6.77,634.4,272.4,1,1,25.6,48.2,6.7,49.6,0.43,0.021,0.1004,0
NER-SIM-01052,Meghalaya,South West Khasi Hills,Mawsynram Valley Slopes,1418.1,42.12,137.7,-0.0141,0.0383,5.02,2332.4,618.4,2,4,178.3,550.1,43.41,84.0,25.97,3.064,0.9617,1
NER-SIM-01053,Assam,Karbi Anglong,Diphu-Bokajan Escarpment,636.5,25.33,192.6,0.0617,-0.0156,6.88,1823.8,641.2,1,1,171.7,257.9,54.42,84.5,27.97,0.074,0.6474,1
NER-SIM-01054,Tripura,North Tripura,Jampui Hills Ridge Corridor,1107.4,22.04,304.2,0.0428,-0.1075,8.47,3687.7,1496.0,1,3,36.2,86.4,11.1,59.7,2.94,0.096,0.111,0
NER-SIM-01055,Sikkim,Mangan,North Sikkim Highway (Chungthang),1792.5,38.92,6.6,-0.0389,-0.0212,4.26,2434.0,41.9,5,3,104.7,161.0,13.81,76.5,14.46,0.065,0.75,1
NER-SIM-01056,Tripura,North Tripura,Jampui Hills Ridge Corridor,476.9,34.42,142.5,-0.0763,-0.0098,5.53,2435.3,13.6,1,1,8.6,12.4,0.62,41.6,2.19,0.0,0.049,0
NER-SIM-01057,Assam,Dima Hasao,NH-27 Lumding-Haflong Hill Cut,618.9,40.95,131.3,-0.0428,0.0082,5.43,147.7,230.5,1,1,7.9,10.1,0.66,39.9,1.65,0.106,0.1353,0
NER-SIM-01058,Manipur,Chandel,NH-102 Imphal-Moreh Corridor,996.1,14.37,105.4,-0.0274,-0.0373,7.14,334.7,299.8,3,1,142.7,448.0,23.05,89.1,35.88,0.014,0.9527,1
NER-SIM-01059,Assam,Dima Hasao,NH-27 Lumding-Haflong Hill Cut,512.0,41.45,326.4,0.0358,-0.002,3.05,1187.2,628.3,2,3,5.1,6.4,0.51,32.4,1.97,0.098,0.1222,0
NER-SIM-01060,Meghalaya,East Khasi Hills,NH-6 Shillong-Tamabil Highway,1865.8,41.05,278.5,-0.0785,-0.0113,5.51,292.2,953.4,2,2,126.3,371.9,16.22,91.0,33.55,1.661,0.8927,1
NER-SIM-01061,Manipur,Chandel,NH-102 Imphal-Moreh Corridor,1128.1,27.83,136.4,-0.0162,0.0656,5.61,1026.0,335.9,2,1,100.2,293.5,22.59,77.2,12.19,0.045,0.54,1
NER-SIM-01062,Manipur,Noney,Tupul Railway Corridor Section,885.6,43.16,184.5,-0.0085,-0.0401,3.63,31.4,72.3,2,3,95.4,285.0,26.33,86.7,27.31,1.543,0.8645,1
NER-SIM-01063,Nagaland,Kohima,NH-29 Dimapur-Kohima By-pass,1931.8,23.39,86.8,0.0391,0.0226,6.25,532.5,163.7,2,3,18.3,17.5,1.46,53.7,1.54,0.051,0.1772,0
NER-SIM-01064,Manipur,Noney,Tupul Railway Corridor Section,744.1,45.42,43.8,-0.0036,-0.0051,4.16,1288.7,19.9,2,2,4.9,7.9,0.79,42.0,2.22,0.03,0.1455,0
NER-SIM-01065,Manipur,Chandel,NH-102 Imphal-Moreh Corridor,879.1,34.55,228.3,-0.0397,-0.0111,2.95,1739.8,0.0,4,1,30.9,36.0,2.62,43.0,1.47,0.125,0.127,0
NER-SIM-01066,Meghalaya,South West Khasi Hills,Mawsynram Valley Slopes,1385.2,14.77,82.5,0.0592,-0.0526,6.05,132.5,402.6,2,2,19.4,18.5,2.25,55.8,3.86,0.083,0.0738,0
NER-SIM-01067,Mizoram,Champhai,Champhai-Zokhawthar Border Cut,1577.4,37.83,84.8,-0.0702,0.0179,4.77,1610.0,888.8,1,2,31.6,49.5,3.26,37.0,1.53,0.079,0.1321,0
NER-SIM-01068,Arunachal Pradesh,Lower Subansiri,Ziro Foothill Section,1368.1,35.27,320.2,0.0681,-0.0065,2.0,2096.8,136.1,3,1,97.7,299.1,25.19,86.0,29.74,1.359,0.7876,1
NER-SIM-01069,Meghalaya,South West Khasi Hills,Mawsynram Valley Slopes,1218.9,44.83,260.4,0.0038,0.013,5.51,232.2,224.3,2,1,7.6,12.3,0.82,32.4,2.78,0.102,0.1322,0
NER-SIM-01070,Sikkim,Pakyong,NH-10 Sevoke-Gangtok Corridor,836.9,31.73,258.7,-0.0655,0.1051,8.28,543.1,781.0,3,2,60.9,144.8,10.68,78.6,17.08,0.089,0.5318,1
NER-SIM-01071,Manipur,Noney,Tupul Railway Corridor Section,872.1,42.07,68.5,0.0512,0.0632,2.0,338.6,884.7,3,3,2.7,2.0,0.43,33.8,0.04,0.009,0.1034,0
NER-SIM-01072,Nagaland,Phek,Phek-Meluri Road Corridor,1518.9,39.88,124.5,0.0488,-0.006,4.38,912.3,321.1,2,2,4.1,2.6,0.55,37.4,1.19,0.089,0.0757,0
NER-SIM-01073,Manipur,Chandel,NH-102 Imphal-Moreh Corridor,937.2,35.43,258.7,-0.0411,0.0377,3.69,934.9,476.8,3,1,96.5,151.3,16.29,72.2,2.19,0.0,0.266,0
NER-SIM-01074,Assam,Karbi Anglong,Diphu-Bokajan Escarpment,358.8,26.07,46.9,-0.0278,-0.0299,5.32,356.6,42.9,1,1,17.1,24.2,2.63,46.7,0.12,0.055,0.0816,0
NER-SIM-01075,Assam,Karbi Anglong,Diphu-Bokajan Escarpment,461.6,18.09,25.5,0.0793,-0.0486,6.84,429.6,3.7,1,1,5.4,6.2,0.57,40.4,1.05,0.023,0.0704,0
NER-SIM-01076,Nagaland,Kohima,NH-29 Dimapur-Kohima By-pass,1749.3,39.03,347.1,0.0278,0.026,5.9,409.6,55.7,2,2,23.8,38.9,2.62,42.5,0.0,0.036,0.2354,0
NER-SIM-01077,Manipur,Noney,Tupul Railway Corridor Section,674.8,39.67,339.9,0.0149,0.0254,2.69,2568.8,718.4,3,1,0.9,0.8,0.08,32.2,1.05,0.048,0.0512,0
NER-SIM-01078,Nagaland,Kohima,NH-29 Dimapur-Kohima By-pass,1915.2,30.93,6.2,0.0233,0.07,4.31,995.3,579.9,4,4,9.2,13.2,0.97,37.9,3.08,0.036,0.0632,0
NER-SIM-01079,Assam,Dima Hasao,NH-27 Lumding-Haflong Hill Cut,513.8,46.83,36.5,0.0085,0.024,4.23,1796.0,118.0,1,2,117.2,359.4,20.55,78.5,10.52,0.017,0.8262,1
NER-SIM-01080,Mizoram,Aizawl,Aizawl-Lunglei Road Slopes,863.9,42.71,98.2,-0.0725,-0.028,4.73,1574.1,106.7,2,3,58.2,40.9,9.07,48.7,0.6,0.029,0.2109,0
NER-SIM-01081,Mizoram,Champhai,Champhai-Zokhawthar Border Cut,1199.4,28.48,324.9,-0.0593,0.0491,6.43,2132.7,258.9,1,2,13.8,17.4,1.67,38.2,1.0,0.032,0.0623,0
NER-SIM-01082,Tripura,North Tripura,Jampui Hills Ridge Corridor,992.6,35.64,72.5,0.0085,-0.0577,3.99,3014.1,502.5,1,2,2.4,3.5,0.22,26.5,1.77,0.075,0.0618,0
NER-SIM-01083,Tripura,North Tripura,Jampui Hills Ridge Corridor,330.5,19.21,21.5,0.0255,-0.0554,7.05,772.2,349.8,1,1,176.6,487.4,39.05,92.9,48.91,0.017,0.9152,1
NER-SIM-01084,Arunachal Pradesh,West Kameng,Bhalukpong-Bomdila-Tawang Route,2370.0,34.91,0.1,0.0719,0.0075,3.59,913.1,111.5,5,1,15.0,15.0,1.29,30.3,2.45,0.061,0.1312,0
NER-SIM-01085,Nagaland,Phek,Phek-Meluri Road Corridor,1627.6,35.37,284.2,0.024,-0.0001,5.07,1292.9,1196.8,3,3,14.4,20.1,1.98,43.8,0.0,0.112,0.1664,0
NER-SIM-01086,Mizoram,Aizawl,Aizawl-Lunglei Road Slopes,1129.7,40.74,152.0,-0.0668,0.0839,5.47,288.3,54.5,2,1,15.1,9.5,1.1,36.2,1.97,0.145,0.1703,0
NER-SIM-01087,Mizoram,Aizawl,Aizawl-Lunglei Road Slopes,1381.7,58.76,304.0,0.006,-0.034,2.62,942.1,465.7,1,1,0.3,0.2,0.03,42.3,1.96,0.014,0.1576,0
NER-SIM-01088,Tripura,North Tripura,Jampui Hills Ridge Corridor,406.4,15.56,145.0,0.0609,-0.0203,7.36,491.9,308.2,1,2,50.4,53.9,3.48,50.7,3.17,0.03,0.1162,0
NER-SIM-01089,Arunachal Pradesh,Lower Subansiri,Ziro Foothill Section,1799.8,24.53,241.3,-0.0117,0.0639,8.45,4397.9,193.6,4,3,90.8,250.6,22.56,81.0,16.78,0.075,0.6533,1
NER-SIM-01090,Nagaland,Kohima,NH-29 Dimapur-Kohima By-pass,1448.5,41.66,117.1,0.0144,0.0059,3.01,2273.7,21.8,3,1,20.8,33.5,3.3,53.9,3.59,0.048,0.0897,0
NER-SIM-01091,Assam,Karbi Anglong,Diphu-Bokajan Escarpment,471.4,38.47,62.9,0.0041,0.0083,6.34,2181.4,206.8,1,1,8.1,9.0,0.72,42.8,4.83,0.085,0.081,0
NER-SIM-01092,Assam,Dima Hasao,NH-27 Lumding-Haflong Hill Cut,842.4,31.51,237.9,-0.0277,-0.0535,4.98,831.5,47.7,1,4,23.6,33.0,3.17,39.5,3.92,0.08,0.0954,0
NER-SIM-01093,Mizoram,Aizawl,Aizawl-Lunglei Road Slopes,1144.6,39.99,79.4,-0.0816,0.0375,5.84,1172.2,450.6,3,2,83.3,205.1,12.45,82.1,18.57,2.969,0.7643,1
NER-SIM-01094,Meghalaya,South West Khasi Hills,Mawsynram Valley Slopes,1147.5,49.11,281.8,-0.0695,-0.0262,5.05,3490.1,917.3,2,3,10.1,5.9,1.34,37.4,1.57,0.079,0.1662,0
NER-SIM-01095,Meghalaya,East Khasi Hills,NH-6 Shillong-Tamabil Highway,1406.6,35.83,187.7,0.0229,0.0236,8.69,163.6,386.9,1,1,136.7,299.3,21.16,77.0,10.13,0.0,0.8146,1
NER-SIM-01096,Sikkim,Mangan,North Sikkim Highway (Chungthang),2259.3,28.51,53.2,0.0136,0.0104,4.83,186.1,307.9,5,4,120.5,316.5,16.46,77.2,10.14,0.06,0.7945,1
NER-SIM-01097,Mizoram,Aizawl,Aizawl-Lunglei Road Slopes,1309.9,43.04,96.7,0.1054,0.0694,4.09,704.5,101.8,2,1,16.2,26.3,5.3,41.0,2.42,0.01,0.1274,0
NER-SIM-01098,Manipur,Chandel,NH-102 Imphal-Moreh Corridor,1172.6,32.45,75.3,0.0632,0.0331,4.33,1625.9,698.5,3,1,0.3,0.4,0.06,32.0,1.57,0.098,0.0579,0
NER-SIM-01099,Sikkim,Pakyong,NH-10 Sevoke-Gangtok Corridor,1233.5,41.53,255.6,0.0136,0.0534,4.29,748.0,200.2,4,2,32.2,91.8,10.47,64.5,1.76,0.028,0.2053,0
NER-SIM-01100,Assam,Dima Hasao,NH-27 Lumding-Haflong Hill Cut,681.8,37.13,285.2,-0.07,0.0588,3.57,114.3,788.6,1,3,14.4,8.1,1.92,39.8,4.92,0.076,0.2034,0
NER-SIM-01101,Assam,Karbi Anglong,Diphu-Bokajan Escarpment,51.6,29.1,282.3,-0.034,-0.0011,5.84,358.4,197.0,1,1,5.5,3.0,0.55,39.1,1.99,0.0,0.0721,0
NER-SIM-01102,Assam,Karbi Anglong,Diphu-Bokajan Escarpment,222.0,25.31,144.6,0.0667,0.0921,4.59,2764.1,10.7,1,4,6.2,3.7,0.73,40.1,1.51,0.052,0.1039,0
NER-SIM-01103,Mizoram,Champhai,Champhai-Zokhawthar Border Cut,1110.9,27.78,312.1,0.0494,0.0207,8.49,1132.1,64.5,2,2,6.1,7.9,0.66,42.6,1.51,0.047,0.135,0
NER-SIM-01104,Nagaland,Kohima,NH-29 Dimapur-Kohima By-pass,907.1,37.56,217.6,-0.0044,0.0324,5.15,563.3,160.3,3,1,100.5,190.1,14.79,84.6,22.11,2.301,0.819,1
NER-SIM-01105,Meghalaya,East Khasi Hills,NH-6 Shillong-Tamabil Highway,1248.7,38.86,99.4,-0.0576,0.0142,7.77,393.6,247.7,2,2,26.1,79.2,3.62,57.1,3.63,0.041,0.234,0
NER-SIM-01106,Nagaland,Kohima,NH-29 Dimapur-Kohima By-pass,1542.9,37.51,175.0,-0.0453,-0.0198,3.71,188.4,205.6,2,1,61.1,112.9,9.05,64.3,3.88,0.029,0.5178,1
NER-SIM-01107,Nagaland,Phek,Phek-Meluri Road Corridor,1710.2,45.17,196.5,0.025,0.0272,2.99,2879.1,219.5,3,2,20.1,25.5,1.64,34.6,0.63,0.044,0.2426,0
NER-SIM-01108,Mizoram,Champhai,Champhai-Zokhawthar Border Cut,1190.0,19.14,217.7,0.0466,-0.0677,8.25,201.6,164.7,1,1,2.6,4.5,0.2,29.9,1.2,0.035,0.1308,0
NER-SIM-01109,Tripura,North Tripura,Jampui Hills Ridge Corridor,646.4,21.43,236.4,-0.0752,-0.0081,9.06,289.2,127.9,1,3,5.3,3.8,0.61,39.2,1.77,0.094,0.0984,0
NER-SIM-01110,Sikkim,Pakyong,NH-10 Sevoke-Gangtok Corridor,1012.8,49.53,119.5,-0.0851,-0.0434,4.62,140.4,85.6,3,4,85.0,179.7,16.86,84.7,28.48,0.504,0.7925,1
NER-SIM-01111,Arunachal Pradesh,Lower Subansiri,Ziro Foothill Section,1733.4,30.73,181.3,0.006,-0.0198,6.3,1708.8,63.7,4,2,82.0,259.4,24.77,92.1,31.83,0.05,0.7625,1
NER-SIM-01112,Nagaland,Phek,Phek-Meluri Road Corridor,1324.3,43.26,43.0,-0.0721,0.058,7.22,77.4,55.2,3,1,2.7,2.1,0.22,28.3,3.75,0.072,0.1416,0
NER-SIM-01113,Nagaland,Kohima,NH-29 Dimapur-Kohima By-pass,1877.0,49.18,152.1,-0.0728,-0.0056,2.82,749.1,370.1,2,2,11.8,19.7,1.08,35.6,0.37,0.047,0.117,0
NER-SIM-01114,Meghalaya,East Khasi Hills,NH-6 Shillong-Tamabil Highway,1546.4,23.74,51.5,-0.0173,-0.0006,8.55,1822.6,189.1,1,4,95.0,193.2,20.47,77.1,11.95,0.035,0.473,0
NER-SIM-01115,Nagaland,Kohima,NH-29 Dimapur-Kohima By-pass,2069.8,29.46,19.2,0.0519,-0.0133,4.15,64.3,47.9,3,1,3.2,5.1,0.42,43.5,3.02,0.043,0.1884,0
NER-SIM-01116,Assam,Karbi Anglong,Diphu-Bokajan Escarpment,410.7,33.9,56.5,0.0966,0.0377,5.36,53.7,1111.6,1,3,3.5,5.4,0.42,36.7,2.01,0.12,0.1507,0
NER-SIM-01117,Tripura,North Tripura,Jampui Hills Ridge Corridor,1177.0,24.49,250.8,-0.0192,-0.0281,9.26,730.2,921.7,1,4,5.7,3.8,0.45,43.1,0.0,0.045,0.035,0
NER-SIM-01118,Arunachal Pradesh,West Kameng,Bhalukpong-Bomdila-Tawang Route,2406.3,44.81,115.1,-0.0181,-0.0232,5.03,1582.5,210.2,5,2,118.8,221.6,31.69,77.4,8.59,0.045,0.8193,1
NER-SIM-01119,Manipur,Noney,Tupul Railway Corridor Section,688.4,40.49,314.0,0.0166,-0.112,2.65,3186.5,802.4,3,3,43.8,96.4,6.9,60.0,0.0,0.053,0.2642,0
NER-SIM-01120,Assam,Karbi Anglong,Diphu-Bokajan Escarpment,666.0,31.78,172.9,-0.0651,0.0157,7.49,202.7,770.8,2,1,24.2,21.2,2.71,36.4,2.52,0.048,0.0668,0
NER-SIM-01121,Sikkim,Pakyong,NH-10 Sevoke-Gangtok Corridor,1110.6,38.98,18.3,-0.0321,0.0437,3.25,583.3,114.7,3,2,53.6,118.0,9.69,62.6,0.14,0.021,0.2567,0
NER-SIM-01122,Sikkim,Mangan,North Sikkim Highway (Chungthang),1984.1,50.45,91.6,0.0221,0.0438,4.12,52.1,128.4,4,2,6.3,5.0,0.58,46.8,1.94,0.028,0.3291,0
NER-SIM-01123,Meghalaya,East Khasi Hills,NH-6 Shillong-Tamabil Highway,1757.6,26.28,307.5,-0.0913,0.0131,8.21,1540.7,348.3,1,4,119.8,267.3,20.73,84.2,21.52,0.096,0.5759,1
NER-SIM-01124,Nagaland,Phek,Phek-Meluri Road Corridor,1925.6,46.39,247.9,-0.1089,0.0581,6.09,619.0,818.6,3,1,12.2,16.3,0.87,40.3,0.71,0.02,0.2118,0
NER-SIM-01125,Mizoram,Aizawl,Aizawl-Lunglei Road Slopes,927.0,39.96,199.8,-0.0027,0.0336,5.3,1205.5,93.7,1,1,58.8,112.4,7.83,61.8,0.76,0.016,0.4207,0
NER-SIM-01126,Mizoram,Aizawl,Aizawl-Lunglei Road Slopes,1172.8,33.55,331.4,0.0236,-0.0319,3.67,261.2,121.6,1,3,69.0,121.3,9.52,73.3,4.91,0.027,0.63,1
NER-SIM-01127,Mizoram,Aizawl,Aizawl-Lunglei Road Slopes,1206.8,44.89,238.7,-0.0172,0.036,5.14,1629.1,458.4,2,1,25.7,18.1,2.6,53.6,1.69,0.023,0.1406,0
NER-SIM-01128,Arunachal Pradesh,Lower Subansiri,Ziro Foothill Section,1636.4,32.96,217.8,0.0237,0.06,5.77,2421.1,170.6,4,1,27.1,41.3,4.45,37.8,4.08,0.037,0.0763,0
NER-SIM-01129,Arunachal Pradesh,West Kameng,Bhalukpong-Bomdila-Tawang Route,2336.2,42.89,36.9,-0.0232,-0.0003,6.59,38.5,99.3,5,1,1.8,1.1,0.16,28.4,3.36,0.11,0.1232,0
NER-SIM-01130,Arunachal Pradesh,Lower Subansiri,Ziro Foothill Section,1594.8,27.41,41.7,0.0123,0.1664,5.36,3749.0,329.6,4,1,93.9,296.2,30.24,78.3,16.75,0.093,0.5167,1
NER-SIM-01131,Assam,Dima Hasao,NH-27 Lumding-Haflong Hill Cut,1007.5,20.33,315.7,-0.0063,0.0044,6.5,1102.0,1116.6,1,4,290.7,877.8,37.59,78.2,15.94,0.042,0.9957,1
NER-SIM-01132,Manipur,Noney,Tupul Railway Corridor Section,566.1,34.48,291.9,0.0401,0.0161,5.05,149.2,47.8,3,2,209.3,454.9,50.42,83.3,21.6,1.471,0.9741,1
NER-SIM-01133,Manipur,Chandel,NH-102 Imphal-Moreh Corridor,811.7,32.98,344.3,0.0287,-0.0734,5.05,241.3,252.6,2,3,25.1,35.7,2.1,39.7,0.42,0.025,0.1203,0
NER-SIM-01134,Manipur,Chandel,NH-102 Imphal-Moreh Corridor,1073.7,23.58,328.8,0.0269,0.0483,6.49,3075.6,319.1,3,3,35.0,51.4,2.64,52.0,1.11,0.115,0.1382,0
NER-SIM-01135,Arunachal Pradesh,Lower Subansiri,Ziro Foothill Section,1349.5,26.41,114.1,-0.0556,-0.0376,10.23,109.7,463.9,3,2,141.4,269.4,35.64,89.3,31.4,0.065,0.7877,1
NER-SIM-01136,Sikkim,Pakyong,NH-10 Sevoke-Gangtok Corridor,570.0,38.31,328.3,-0.0134,-0.019,3.81,1293.9,823.8,3,4,28.7,26.3,1.94,38.1,1.76,0.116,0.0655,0
NER-SIM-01137,Manipur,Noney,Tupul Railway Corridor Section,1000.2,47.04,331.9,-0.0059,0.1063,4.22,1779.0,702.8,3,2,44.3,104.0,8.31,55.3,1.2,0.036,0.1819,0
NER-SIM-01138,Meghalaya,South West Khasi Hills,Mawsynram Valley Slopes,1577.9,22.0,204.0,0.0212,-0.0099,6.76,2934.4,749.4,2,1,3.5,6.2,0.26,39.9,1.37,0.016,0.0321,0
NER-SIM-01139,Manipur,Chandel,NH-102 Imphal-Moreh Corridor,851.0,22.09,216.2,-0.0984,0.0369,5.6,219.9,177.3,3,3,0.0,0.1,0.0,39.6,4.39,0.116,0.1077,0
NER-SIM-01140,Arunachal Pradesh,West Kameng,Bhalukpong-Bomdila-Tawang Route,2016.7,37.57,232.5,-0.0026,-0.0499,2.78,586.2,327.3,4,1,0.4,0.5,0.03,28.3,0.78,0.062,0.0461,0
NER-SIM-01141,Mizoram,Champhai,Champhai-Zokhawthar Border Cut,1698.4,30.35,110.4,-0.0891,-0.0463,2.71,251.1,64.6,2,1,1.4,1.0,0.11,37.7,2.65,0.162,0.1417,0
NER-SIM-01142,Meghalaya,South West Khasi Hills,Mawsynram Valley Slopes,855.3,33.86,70.6,0.064,-0.0158,5.99,1819.0,172.3,3,1,14.5,18.8,2.32,31.0,0.82,0.033,0.1031,0
NER-SIM-01143,Mizoram,Champhai,Champhai-Zokhawthar Border Cut,1466.0,38.11,135.9,0.0411,-0.0437,3.85,51.9,816.1,1,3,189.6,517.8,32.97,74.6,3.25,0.087,0.952,1
NER-SIM-01144,Mizoram,Aizawl,Aizawl-Lunglei Road Slopes,961.4,25.17,229.9,-0.0022,0.0395,6.73,666.5,103.6,1,2,27.8,61.0,5.23,50.1,1.58,0.105,0.089,0
NER-SIM-01145,Meghalaya,East Khasi Hills,NH-6 Shillong-Tamabil Highway,1858.6,26.89,92.7,0.0086,-0.0214,4.71,442.1,1701.4,3,3,25.5,27.5,2.35,43.0,2.86,0.054,0.0906,0
NER-SIM-01146,Assam,Karbi Anglong,Diphu-Bokajan Escarpment,50.0,38.07,32.4,0.0098,-0.0117,5.2,5.8,532.0,1,1,164.6,258.2,37.84,90.2,35.05,7.938,0.953,1
NER-SIM-01147,Assam,Karbi Anglong,Diphu-Bokajan Escarpment,561.9,13.76,243.5,-0.0541,0.0219,5.69,873.5,667.3,1,1,375.9,716.9,80.0,87.5,32.62,0.071,0.9965,1
NER-SIM-01148,Manipur,Chandel,NH-102 Imphal-Moreh Corridor,631.9,23.06,110.0,-0.0184,-0.0699,6.05,853.7,171.8,3,1,9.1,7.1,0.7,34.4,0.0,0.049,0.0639,0
NER-SIM-01149,Manipur,Noney,Tupul Railway Corridor Section,326.1,30.44,254.1,0.0394,-0.0956,5.45,65.7,285.8,2,1,0.4,0.6,0.04,37.5,1.95,0.0,0.0658,0
NER-SIM-01150,Mizoram,Aizawl,Aizawl-Lunglei Road Slopes,931.1,27.27,51.7,-0.0268,-0.0235,6.93,325.5,249.0,1,3,130.9,306.2,28.0,63.6,2.13,0.092,0.7723,1
NER-SIM-01151,Meghalaya,South West Khasi Hills,Mawsynram Valley Slopes,1196.9,34.51,283.3,0.0385,-0.0708,4.33,3935.5,117.2,2,3,40.3,85.2,6.15,69.9,1.94,0.07,0.2342,0
NER-SIM-01152,Assam,Karbi Anglong,Diphu-Bokajan Escarpment,50.0,25.68,44.7,0.0322,-0.0941,4.84,393.4,53.1,1,2,59.4,162.0,13.89,75.8,7.76,0.028,0.5187,1
NER-SIM-01153,Assam,Dima Hasao,NH-27 Lumding-Haflong Hill Cut,859.3,28.57,335.0,-0.0379,-0.0082,7.08,581.6,34.5,1,1,2.8,2.3,0.27,34.2,2.53,0.105,0.0658,0
NER-SIM-01154,Mizoram,Champhai,Champhai-Zokhawthar Border Cut,1775.9,27.35,24.9,-0.0153,-0.0409,7.55,1570.8,78.0,2,4,11.0,11.0,0.98,52.3,2.6,0.048,0.0923,0
NER-SIM-01155,Meghalaya,East Khasi Hills,NH-6 Shillong-Tamabil Highway,1796.1,31.69,237.4,0.0859,-0.0135,7.26,608.4,268.6,1,3,16.7,27.7,2.46,31.2,2.6,0.098,0.1262,0
NER-SIM-01156,Arunachal Pradesh,West Kameng,Bhalukpong-Bomdila-Tawang Route,1968.2,39.9,299.6,0.0035,-0.0138,4.04,2766.2,155.7,5,1,5.6,9.4,0.64,28.4,2.53,0.008,0.1077,0
NER-SIM-01157,Sikkim,Mangan,North Sikkim Highway (Chungthang),1411.0,45.37,29.5,0.0337,-0.0197,3.64,3218.6,601.5,5,1,166.5,373.0,27.72,74.5,0.89,0.045,0.8972,1
NER-SIM-01158,Mizoram,Aizawl,Aizawl-Lunglei Road Slopes,857.5,44.13,2.5,-0.0217,0.0549,3.27,1304.2,687.0,2,2,179.1,407.8,57.11,86.5,36.84,3.342,0.9744,1
NER-SIM-01159,Meghalaya,South West Khasi Hills,Mawsynram Valley Slopes,764.2,46.54,299.8,0.0157,0.0091,4.35,310.6,47.6,1,2,0.9,0.7,0.06,31.9,2.12,0.061,0.1137,0
NER-SIM-01160,Meghalaya,South West Khasi Hills,Mawsynram Valley Slopes,1335.2,38.19,223.8,0.0107,-0.0358,5.13,369.9,461.0,2,3,118.3,232.0,21.82,75.2,8.41,0.064,0.7005,1
NER-SIM-01161,Arunachal Pradesh,West Kameng,Bhalukpong-Bomdila-Tawang Route,2702.2,41.18,225.4,-0.0335,-0.0502,4.52,883.9,700.8,5,2,5.1,3.4,0.8,28.2,0.09,0.055,0.1092,0
NER-SIM-01162,Assam,Karbi Anglong,Diphu-Bokajan Escarpment,247.7,26.97,142.7,-0.0355,-0.0259,6.17,1705.0,3320.8,1,2,4.6,7.5,0.38,36.1,5.04,0.073,0.0314,0
NER-SIM-01163,Mizoram,Aizawl,Aizawl-Lunglei Road Slopes,1326.8,30.93,225.2,-0.0294,0.1011,3.82,959.8,773.2,2,3,140.7,412.7,20.45,76.7,11.63,0.074,0.8895,1
NER-SIM-01164,Assam,Karbi Anglong,Diphu-Bokajan Escarpment,691.6,32.95,247.9,0.1054,0.0984,6.57,9.3,14.1,1,3,211.0,355.3,44.17,80.0,19.13,0.0,0.9654,1
NER-SIM-01165,Assam,Karbi Anglong,Diphu-Bokajan Escarpment,469.9,26.64,338.8,0.0223,0.053,6.48,730.3,385.2,1,1,262.1,573.9,65.97,73.7,0.7,0.039,0.9686,1
NER-SIM-01166,Sikkim,Mangan,North Sikkim Highway (Chungthang),1858.3,42.35,122.9,-0.0991,-0.0648,2.0,1883.7,405.4,5,1,20.0,26.9,1.53,43.7,4.53,0.0,0.122,0
NER-SIM-01167,Sikkim,Pakyong,NH-10 Sevoke-Gangtok Corridor,1149.5,38.39,159.3,-0.0267,0.0765,4.82,413.1,160.7,3,3,11.0,7.1,1.38,38.9,3.25,0.061,0.2342,0
NER-SIM-01168,Meghalaya,South West Khasi Hills,Mawsynram Valley Slopes,1431.4,23.16,275.8,0.0658,0.0086,4.18,1023.0,199.3,3,2,49.5,142.5,6.67,74.4,3.71,0.043,0.2047,0
NER-SIM-01169,Tripura,North Tripura,Jampui Hills Ridge Corridor,1006.4,34.63,335.1,-0.0345,0.0493,8.29,2318.6,338.8,1,3,0.9,0.9,0.07,37.5,0.66,0.043,0.0583,0
NER-SIM-01170,Mizoram,Champhai,Champhai-Zokhawthar Border Cut,1396.9,19.94,104.7,-0.0139,0.009,3.93,694.9,146.0,2,1,72.8,221.2,10.67,74.5,0.34,0.061,0.4008,0
NER-SIM-01171,Arunachal Pradesh,Lower Subansiri,Ziro Foothill Section,1602.2,44.68,126.0,0.009,-0.0847,4.74,1825.2,776.2,4,2,0.6,0.5,0.06,39.9,0.0,0.074,0.123,0
NER-SIM-01172,Arunachal Pradesh,Lower Subansiri,Ziro Foothill Section,1218.4,23.29,65.1,-0.0151,0.0556,6.6,72.6,17.0,4,3,4.7,4.4,0.35,38.4,2.14,0.07,0.1115,0
NER-SIM-01173,Meghalaya,South West Khasi Hills,Mawsynram Valley Slopes,1360.3,48.12,51.7,0.0042,-0.0298,4.89,512.1,78.0,1,2,242.4,612.3,39.98,74.5,2.79,0.071,0.9868,1
NER-SIM-01174,Nagaland,Kohima,NH-29 Dimapur-Kohima By-pass,1251.1,48.88,309.4,0.0575,0.078,6.75,1299.8,40.2,2,2,10.7,8.8,0.82,25.3,0.0,0.025,0.1086,0
NER-SIM-01175,Sikkim,Pakyong,NH-10 Sevoke-Gangtok Corridor,1365.6,38.05,71.5,0.0234,-0.0103,6.44,3071.1,1266.4,2,4,1.5,2.5,0.15,37.2,2.29,0.058,0.0499,0
NER-SIM-01176,Meghalaya,South West Khasi Hills,Mawsynram Valley Slopes,1136.9,39.73,19.5,-0.0537,0.0337,6.23,607.3,596.2,1,3,12.5,22.2,1.44,42.3,2.57,0.058,0.2744,0
NER-SIM-01177,Meghalaya,East Khasi Hills,NH-6 Shillong-Tamabil Highway,1289.2,24.25,331.9,0.087,-0.0288,6.71,281.9,7.9,2,2,13.1,7.0,0.99,51.9,1.2,0.069,0.0821,0
NER-SIM-01178,Nagaland,Kohima,NH-29 Dimapur-Kohima By-pass,1433.2,31.7,56.1,0.0351,0.0708,7.47,2800.9,927.4,2,1,108.9,293.3,16.18,76.5,11.12,0.1,0.4993,0
NER-SIM-01179,Nagaland,Phek,Phek-Meluri Road Corridor,1675.4,41.31,52.9,0.0191,0.0125,3.0,4233.6,357.4,3,1,4.0,3.4,0.34,35.2,1.39,0.065,0.0758,0
NER-SIM-01180,Sikkim,Pakyong,NH-10 Sevoke-Gangtok Corridor,806.6,46.71,308.7,-0.0111,0.0575,5.17,776.4,67.3,3,1,24.1,38.5,6.35,48.1,0.26,0.084,0.1147,0
NER-SIM-01181,Arunachal Pradesh,Lower Subansiri,Ziro Foothill Section,1879.7,27.2,125.6,-0.042,0.0962,4.39,508.9,602.3,4,3,4.2,4.4,0.41,36.7,0.94,0.057,0.1129,0
NER-SIM-01182,Mizoram,Champhai,Champhai-Zokhawthar Border Cut,1704.0,28.88,10.1,-0.0349,0.0948,4.73,1079.1,88.7,2,2,170.4,276.7,50.05,76.2,6.45,0.0,0.8214,1
NER-SIM-01183,Manipur,Noney,Tupul Railway Corridor Section,1373.6,22.68,242.8,0.0045,0.0773,5.0,287.6,691.9,4,2,8.0,13.3,0.85,31.4,0.0,0.044,0.112,0
NER-SIM-01184,Assam,Dima Hasao,NH-27 Lumding-Haflong Hill Cut,604.8,34.49,341.5,0.0531,0.0326,5.27,1055.2,459.6,1,2,15.7,21.4,1.76,48.9,1.87,0.062,0.0836,0
NER-SIM-01185,Assam,Dima Hasao,NH-27 Lumding-Haflong Hill Cut,718.4,34.36,133.1,0.0458,0.0413,4.57,620.4,32.5,1,3,1.8,1.6,0.27,25.0,1.64,0.083,0.0883,0
NER-SIM-01186,Meghalaya,East Khasi Hills,NH-6 Shillong-Tamabil Highway,777.9,34.68,230.5,0.0721,-0.008,5.1,337.4,78.6,1,2,94.3,272.2,25.21,73.5,0.0,0.042,0.7335,1
NER-SIM-01187,Nagaland,Kohima,NH-29 Dimapur-Kohima By-pass,1512.4,35.94,0.2,0.0155,-0.0497,6.3,73.9,1086.6,3,2,85.9,152.4,18.85,70.8,0.0,0.041,0.5116,1
NER-SIM-01188,Arunachal Pradesh,West Kameng,Bhalukpong-Bomdila-Tawang Route,2237.7,43.33,13.6,-0.0162,-0.0563,2.0,38.8,86.3,5,3,14.7,12.6,2.45,40.7,2.76,0.034,0.2745,0
NER-SIM-01189,Arunachal Pradesh,West Kameng,Bhalukpong-Bomdila-Tawang Route,2363.2,26.74,303.9,-0.0196,0.0002,5.07,52.9,186.3,4,3,13.1,14.4,1.07,42.0,4.31,0.075,0.2037,0
NER-SIM-01190,Sikkim,Pakyong,NH-10 Sevoke-Gangtok Corridor,1355.0,39.84,59.5,0.0714,0.0046,4.18,2892.5,28.5,3,4,0.3,0.2,0.03,28.4,1.14,0.031,0.0848,0
NER-SIM-01191,Assam,Dima Hasao,NH-27 Lumding-Haflong Hill Cut,709.6,35.96,115.2,0.037,-0.0954,3.43,1811.0,43.4,1,1,3.3,4.9,0.46,39.0,1.83,0.105,0.1116,0
NER-SIM-01192,Meghalaya,East Khasi Hills,NH-6 Shillong-Tamabil Highway,1220.5,32.36,202.2,0.0293,-0.0204,5.79,236.8,108.1,1,1,103.0,156.1,22.93,72.8,3.77,0.033,0.4503,0
NER-SIM-01193,Nagaland,Kohima,NH-29 Dimapur-Kohima By-pass,1260.8,42.16,137.9,-0.0382,0.0004,4.27,1419.6,1591.9,2,1,1.5,1.8,0.11,35.3,1.97,0.065,0.0522,0
NER-SIM-01194,Manipur,Noney,Tupul Railway Corridor Section,591.1,46.61,161.3,-0.0401,-0.0565,5.19,2167.1,97.5,2,3,83.3,174.5,16.49,73.3,1.03,0.097,0.4444,0
NER-SIM-01195,Assam,Karbi Anglong,Diphu-Bokajan Escarpment,530.6,28.55,311.7,-0.0224,0.0611,8.66,755.7,1160.6,1,1,147.3,278.9,25.57,82.1,18.88,0.057,0.5606,1
NER-SIM-01196,Arunachal Pradesh,Lower Subansiri,Ziro Foothill Section,1443.4,20.88,140.6,-0.04,0.0345,6.29,1496.2,559.2,4,2,31.1,20.8,2.86,28.7,0.0,0.029,0.0557,0
NER-SIM-01197,Manipur,Noney,Tupul Railway Corridor Section,830.8,40.46,275.6,0.0275,-0.0292,4.69,729.6,826.5,3,2,91.2,257.4,14.46,84.6,30.38,4.348,0.8398,1
NER-SIM-01198,Tripura,North Tripura,Jampui Hills Ridge Corridor,282.1,29.66,38.8,0.0711,-0.0545,6.81,366.7,452.6,1,3,3.0,2.6,0.47,27.0,1.17,0.111,0.0869,0
NER-SIM-01199,Mizoram,Aizawl,Aizawl-Lunglei Road Slopes,1376.5,43.81,154.9,-0.0642,-0.0576,6.67,165.9,1449.5,2,1,33.7,50.3,2.66,52.5,1.28,0.051,0.2219,0
NER-SIM-01200,Arunachal Pradesh,Lower Subansiri,Ziro Foothill Section,1905.5,29.02,11.4,-0.0415,0.0333,7.22,757.1,360.6,3,3,36.4,56.8,5.36,51.8,3.46,0.033,0.1853,0
NER-SIM-01201,Mizoram,Champhai,Champhai-Zokhawthar Border Cut,1252.0,41.65,93.6,-0.0146,0.0195,7.41,141.1,175.2,3,1,67.5,156.6,10.06,74.6,0.0,0.098,0.4539,0
NER-SIM-01202,Assam,Karbi Anglong,Diphu-Bokajan Escarpment,396.5,13.9,333.0,0.0251,-0.0024,6.26,164.5,305.6,1,3,1.8,3.2,0.29,38.7,2.27,0.022,0.0771,0
NER-SIM-01203,Tripura,North Tripura,Jampui Hills Ridge Corridor,630.2,34.77,81.2,-0.0464,0.0395,2.7,276.9,214.9,1,1,53.9,155.8,12.35,82.5,25.03,0.108,0.4686,0
NER-SIM-01204,Manipur,Chandel,NH-102 Imphal-Moreh Corridor,1108.7,30.17,324.5,0.0181,-0.0046,4.68,2850.5,290.6,1,1,22.6,21.8,1.52,35.6,6.8,0.0,0.0615,0
NER-SIM-01205,Arunachal Pradesh,Lower Subansiri,Ziro Foothill Section,1567.4,29.56,193.1,0.0075,-0.0181,5.68,693.9,567.9,4,1,9.7,10.6,1.25,38.8,2.27,0.0,0.0548,0
NER-SIM-01206,Mizoram,Champhai,Champhai-Zokhawthar Border Cut,1166.2,28.2,216.5,0.0022,0.0699,5.94,448.6,183.5,1,3,28.2,24.7,3.4,38.6,1.06,0.058,0.1194,0
NER-SIM-01207,Assam,Karbi Anglong,Diphu-Bokajan Escarpment,247.9,13.05,228.3,0.0534,0.0354,9.19,2221.8,51.2,1,3,31.9,20.5,3.71,39.3,0.63,0.051,0.1067,0
NER-SIM-01208,Manipur,Noney,Tupul Railway Corridor Section,826.5,35.21,101.3,0.0173,-0.008,3.46,3863.6,632.1,2,4,7.7,8.0,0.68,29.4,3.81,0.043,0.0382,0
NER-SIM-01209,Meghalaya,East Khasi Hills,NH-6 Shillong-Tamabil Highway,1646.9,28.38,359.0,0.0895,-0.1097,5.36,2579.8,319.5,1,3,2.6,2.5,0.25,28.8,2.82,0.032,0.0454,0
NER-SIM-01210,Tripura,North Tripura,Jampui Hills Ridge Corridor,408.9,34.82,262.0,0.0523,0.0537,4.72,180.0,283.7,1,1,3.9,4.3,0.35,35.7,4.23,0.035,0.0657,0
NER-SIM-01211,Arunachal Pradesh,Lower Subansiri,Ziro Foothill Section,1633.8,32.6,237.4,0.0136,0.0082,4.77,2167.6,86.5,4,2,31.1,54.1,3.21,51.8,2.66,0.053,0.229,0
NER-SIM-01212,Manipur,Chandel,NH-102 Imphal-Moreh Corridor,1013.2,46.53,46.4,-0.0427,-0.0276,4.98,674.8,29.8,2,3,95.0,191.5,26.44,82.8,21.82,5.344,0.9292,1
NER-SIM-01213,Assam,Dima Hasao,NH-27 Lumding-Haflong Hill Cut,1082.7,39.56,316.3,0.01,0.0379,5.92,1176.1,697.7,1,1,149.4,455.3,37.77,73.0,0.0,0.053,0.873,1
NER-SIM-01214,Mizoram,Champhai,Champhai-Zokhawthar Border Cut,1375.0,48.27,99.6,0.0016,-0.0496,3.62,548.9,328.7,1,2,17.1,26.1,1.49,42.0,3.27,0.087,0.1934,0
NER-SIM-01215,Sikkim,Mangan,North Sikkim Highway (Chungthang),1787.0,39.01,141.5,0.0827,0.0137,4.72,123.4,973.0,5,1,2.5,2.8,0.32,32.8,0.0,0.011,0.1045,0
NER-SIM-01216,Sikkim,Mangan,North Sikkim Highway (Chungthang),1825.4,49.92,336.7,-0.0773,0.0189,5.1,1096.6,21.3,3,4,5.7,5.5,0.62,45.8,1.08,0.084,0.1412,0
NER-SIM-01217,Assam,Karbi Anglong,Diphu-Bokajan Escarpment,478.9,30.76,27.5,0.0401,-0.0133,5.81,781.2,20.8,1,1,22.7,22.3,3.66,36.6,3.28,0.087,0.1097,0
NER-SIM-01218,Manipur,Noney,Tupul Railway Corridor Section,719.3,41.25,299.7,0.0239,-0.0739,3.76,94.4,677.1,1,2,54.5,89.3,9.85,55.2,1.55,0.074,0.2544,0
NER-SIM-01219,Mizoram,Aizawl,Aizawl-Lunglei Road Slopes,652.8,26.67,129.7,0.0138,0.0465,8.07,621.2,118.6,1,1,20.3,27.7,3.23,39.5,1.1,0.018,0.0888,0
NER-SIM-01220,Assam,Dima Hasao,NH-27 Lumding-Haflong Hill Cut,1140.1,30.15,25.3,-0.0742,0.0122,7.43,537.9,1162.8,1,1,43.2,69.6,5.94,52.2,2.95,0.053,0.1531,0
NER-SIM-01221,Arunachal Pradesh,Lower Subansiri,Ziro Foothill Section,1931.4,34.84,219.7,-0.0464,-0.0079,8.82,686.5,118.9,3,2,186.7,362.8,29.34,83.9,23.99,0.388,0.9515,1
NER-SIM-01222,Arunachal Pradesh,West Kameng,Bhalukpong-Bomdila-Tawang Route,2297.4,34.15,169.8,0.0076,-0.0571,3.31,273.4,42.0,4,2,101.6,182.1,13.03,83.4,23.51,1.844,0.8646,1
NER-SIM-01223,Tripura,North Tripura,Jampui Hills Ridge Corridor,910.1,32.68,292.1,-0.0402,-0.0008,5.37,626.1,17.4,1,1,43.8,87.8,6.33,56.5,2.93,0.054,0.2243,0
NER-SIM-01224,Arunachal Pradesh,Lower Subansiri,Ziro Foothill Section,1449.5,33.99,137.6,-0.0694,0.0242,5.42,1962.3,714.7,3,2,11.0,10.6,0.92,43.4,1.68,0.087,0.1366,0
NER-SIM-01225,Assam,Dima Hasao,NH-27 Lumding-Haflong Hill Cut,407.0,34.07,224.7,-0.0619,-0.0058,4.6,371.0,91.4,1,1,0.5,0.5,0.04,41.0,2.3,0.09,0.0917,0
NER-SIM-01226,Tripura,North Tripura,Jampui Hills Ridge Corridor,700.9,30.48,347.9,-0.0074,0.0542,4.21,1377.0,323.8,1,1,17.4,18.3,1.46,42.6,1.78,0.016,0.0539,0
NER-SIM-01227,Sikkim,Mangan,North Sikkim Highway (Chungthang),1689.6,46.46,215.2,-0.0562,0.0366,5.95,1210.3,237.1,4,1,5.5,7.7,0.73,44.3,3.59,0.072,0.0759,0
NER-SIM-01228,Tripura,North Tripura,Jampui Hills Ridge Corridor,802.5,28.92,197.3,0.0681,-0.0076,4.89,300.8,261.7,1,2,16.9,23.1,1.39,29.6,2.45,0.025,0.0953,0
NER-SIM-01229,Nagaland,Kohima,NH-29 Dimapur-Kohima By-pass,1720.6,34.57,134.1,-0.0034,0.0503,4.41,900.6,55.0,2,1,18.0,20.1,1.52,32.1,3.05,0.118,0.1492,0
NER-SIM-01230,Meghalaya,East Khasi Hills,NH-6 Shillong-Tamabil Highway,1976.0,32.34,301.1,0.0244,-0.0119,2.8,711.7,1186.6,1,4,8.1,12.1,1.16,30.3,1.77,0.015,0.0725,0
NER-SIM-01231,Mizoram,Aizawl,Aizawl-Lunglei Road Slopes,1009.6,34.25,162.9,0.0662,0.0736,2.8,550.4,53.2,1,1,26.0,43.8,2.69,59.6,1.4,0.0,0.124,0
NER-SIM-01232,Manipur,Chandel,NH-102 Imphal-Moreh Corridor,964.4,40.43,59.3,0.0246,-0.0739,6.39,107.5,146.9,4,1,87.2,240.6,12.6,68.9,4.0,0.025,0.7573,1
NER-SIM-01233,Tripura,North Tripura,Jampui Hills Ridge Corridor,469.3,31.91,27.2,-0.0182,0.0311,3.47,729.0,1082.1,1,4,42.9,73.9,3.22,47.3,2.46,0.047,0.1175,0
NER-SIM-01234,Manipur,Chandel,NH-102 Imphal-Moreh Corridor,1041.2,36.59,330.7,-0.0369,0.0078,4.99,1344.5,355.7,3,1,173.9,291.1,23.64,70.5,0.0,0.055,0.7778,1
NER-SIM-01235,Arunachal Pradesh,Lower Subansiri,Ziro Foothill Section,1873.1,40.7,129.7,-0.0416,-0.042,5.93,1408.8,88.3,4,2,87.5,131.7,13.42,70.6,2.09,0.087,0.6547,1
NER-SIM-01236,Meghalaya,South West Khasi Hills,Mawsynram Valley Slopes,1331.7,28.45,351.9,0.0849,0.0785,7.06,769.9,300.3,2,4,17.5,28.9,1.29,48.7,2.2,0.0,0.0599,0
NER-SIM-01237,Sikkim,Pakyong,NH-10 Sevoke-Gangtok Corridor,1125.6,36.27,273.0,0.0121,-0.0267,5.09,1841.9,109.5,5,3,8.9,12.3,0.73,34.0,2.85,0.048,0.2324,0
NER-SIM-01238,Sikkim,Mangan,North Sikkim Highway (Chungthang),1746.6,38.76,169.4,-0.0191,-0.0965,4.0,79.7,77.5,5,2,7.2,7.2,0.66,36.7,1.54,0.038,0.2753,0
NER-SIM-01239,Meghalaya,East Khasi Hills,NH-6 Shillong-Tamabil Highway,1600.7,36.41,325.3,0.048,0.0652,4.66,3074.1,25.2,1,1,22.2,24.8,1.61,36.9,2.96,0.029,0.0763,0
NER-SIM-01240,Sikkim,Pakyong,NH-10 Sevoke-Gangtok Corridor,913.9,47.33,300.9,-0.0242,0.0342,3.85,2832.7,155.9,4,4,6.0,8.9,0.57,36.7,2.72,0.0,0.1865,0
NER-SIM-01241,Assam,Karbi Anglong,Diphu-Bokajan Escarpment,695.3,20.84,180.9,-0.0279,0.015,6.42,1081.7,120.6,1,4,9.1,25.1,1.41,37.8,1.92,0.077,0.028,0
NER-SIM-01242,Manipur,Chandel,NH-102 Imphal-Moreh Corridor,736.0,33.19,342.0,-0.022,0.0784,4.21,1473.8,595.2,3,2,0.7,0.9,0.05,32.5,1.4,0.0,0.0444,0
NER-SIM-01243,Tripura,North Tripura,Jampui Hills Ridge Corridor,609.1,10.07,130.2,-0.0167,-0.0064,6.72,1691.2,241.3,1,2,3.4,5.1,0.26,33.0,2.27,0.0,0.0449,0
NER-SIM-01244,Assam,Karbi Anglong,Diphu-Bokajan Escarpment,312.8,30.16,285.7,-0.0297,-0.1026,5.22,3936.2,11.4,1,3,5.2,7.9,0.38,37.2,2.53,0.052,0.1159,0
NER-SIM-01245,Mizoram,Champhai,Champhai-Zokhawthar Border Cut,1623.2,41.83,123.2,0.0428,0.0249,4.71,2367.5,200.5,2,2,12.0,19.4,0.96,46.4,1.62,0.0,0.1339,0
NER-SIM-01246,Tripura,North Tripura,Jampui Hills Ridge Corridor,877.3,25.19,31.8,0.0856,-0.0334,7.72,651.1,170.7,1,1,54.1,149.0,8.1,68.8,2.61,0.117,0.3465,0
NER-SIM-01247,Mizoram,Aizawl,Aizawl-Lunglei Road Slopes,1061.3,39.44,298.5,0.0383,-0.0085,4.96,2326.2,416.7,1,4,24.5,27.0,2.03,53.0,2.55,0.033,0.0654,0
NER-SIM-01248,Assam,Dima Hasao,NH-27 Lumding-Haflong Hill Cut,761.8,37.42,282.6,-0.0735,-0.037,5.03,1136.2,383.4,1,1,63.6,164.9,8.0,83.4,24.31,2.241,0.4896,0
NER-SIM-01249,Meghalaya,East Khasi Hills,NH-6 Shillong-Tamabil Highway,1649.4,44.57,44.5,-0.0544,0.0072,2.01,1206.7,69.2,1,4,8.5,7.5,0.64,29.4,2.58,0.104,0.0708,0
NER-SIM-01250,Tripura,North Tripura,Jampui Hills Ridge Corridor,540.1,21.98,156.7,-0.0954,0.0643,5.68,4291.3,318.3,1,1,171.3,498.5,30.3,80.3,19.8,0.087,0.8754,1
NER-SIM-01251,Nagaland,Phek,Phek-Meluri Road Corridor,1601.5,38.94,235.1,-0.0579,-0.0303,3.32,4297.1,119.0,3,2,12.1,16.5,0.93,31.7,1.92,0.073,0.1211,0
NER-SIM-01252,Assam,Dima Hasao,NH-27 Lumding-Haflong Hill Cut,528.8,47.04,101.9,0.0097,-0.0331,5.9,937.6,723.0,1,1,4.5,3.7,0.38,34.8,5.42,0.028,0.0509,0
NER-SIM-01253,Sikkim,Mangan,North Sikkim Highway (Chungthang),1706.7,39.73,294.1,-0.0678,-0.0281,5.11,794.1,267.5,5,2,20.6,30.3,2.65,48.4,2.32,0.089,0.1532,0
NER-SIM-01254,Manipur,Chandel,NH-102 Imphal-Moreh Corridor,1271.2,35.36,0.7,0.0104,0.0173,3.89,179.3,259.7,2,2,18.9,59.4,4.31,54.8,3.48,0.053,0.1029,0
NER-SIM-01255,Arunachal Pradesh,Lower Subansiri,Ziro Foothill Section,1839.9,23.85,243.0,-0.0552,0.1242,6.75,819.7,656.4,3,2,3.5,3.6,0.27,42.2,2.08,0.02,0.082,0
NER-SIM-01256,Sikkim,Mangan,North Sikkim Highway (Chungthang),1895.8,40.2,38.0,0.0315,0.0601,5.85,630.0,26.0,5,4,19.6,14.2,1.62,42.7,4.55,0.04,0.2033,0
NER-SIM-01257,Nagaland,Phek,Phek-Meluri Road Corridor,1658.2,40.2,91.9,-0.0258,-0.0452,7.17,797.5,126.3,3,1,98.2,268.2,18.12,82.4,14.86,0.51,0.6707,1
NER-SIM-01258,Arunachal Pradesh,West Kameng,Bhalukpong-Bomdila-Tawang Route,1474.7,36.59,198.1,0.0038,-0.0129,2.64,759.9,5.5,4,4,3.8,1.9,0.29,39.6,2.23,0.076,0.0874,0
NER-SIM-01259,Arunachal Pradesh,West Kameng,Bhalukpong-Bomdila-Tawang Route,1894.3,45.82,261.4,0.0259,0.0066,3.85,2845.2,111.5,5,1,425.8,1115.7,80.0,81.8,21.62,0.089,0.9999,1
NER-SIM-01260,Mizoram,Aizawl,Aizawl-Lunglei Road Slopes,637.5,42.01,227.1,-0.024,-0.0205,5.25,2004.6,1.8,3,2,108.8,310.8,15.21,78.2,11.49,0.105,0.8071,1
NER-SIM-01261,Nagaland,Phek,Phek-Meluri Road Corridor,1922.0,30.37,29.0,0.0664,-0.0313,3.22,1147.0,20.8,3,4,13.0,20.9,1.12,45.1,1.9,0.072,0.1257,0
NER-SIM-01262,Mizoram,Champhai,Champhai-Zokhawthar Border Cut,1888.3,23.75,243.1,-0.0253,0.0414,5.72,1842.3,60.9,2,3,48.1,81.5,11.16,54.2,3.6,0.05,0.203,0
NER-SIM-01263,Assam,Dima Hasao,NH-27 Lumding-Haflong Hill Cut,688.3,46.79,128.3,-0.0314,0.0018,3.3,1211.3,559.6,1,1,50.7,52.5,4.85,44.1,2.73,0.098,0.2823,0
NER-SIM-01264,Mizoram,Aizawl,Aizawl-Lunglei Road Slopes,1042.9,30.08,331.8,0.0935,0.0766,4.04,949.2,137.1,2,2,130.8,415.7,25.02,86.0,27.27,0.083,0.9184,1
NER-SIM-01265,Nagaland,Phek,Phek-Meluri Road Corridor,2044.0,35.92,338.6,-0.1319,0.0558,6.66,437.5,27.2,3,3,4.5,5.5,0.36,39.9,0.85,0.0,0.2116,0
NER-SIM-01266,Sikkim,Pakyong,NH-10 Sevoke-Gangtok Corridor,1083.7,49.23,144.5,0.0389,0.0254,5.59,1694.4,29.0,3,1,62.5,156.6,8.5,78.4,15.96,0.129,0.6343,1
NER-SIM-01267,Sikkim,Pakyong,NH-10 Sevoke-Gangtok Corridor,1196.0,34.27,143.1,0.0341,0.0002,4.14,2460.5,493.4,3,3,149.5,387.2,27.64,88.1,23.91,0.289,0.9303,1
NER-SIM-01268,Meghalaya,South West Khasi Hills,Mawsynram Valley Slopes,1264.7,39.39,25.6,-0.0115,0.0548,4.51,521.2,240.5,1,3,120.7,332.4,35.13,76.7,13.12,0.059,0.8659,1
NER-SIM-01269,Tripura,North Tripura,Jampui Hills Ridge Corridor,433.0,33.65,95.2,-0.0999,0.0414,7.01,2326.5,139.0,1,3,3.0,5.1,0.23,43.9,1.01,0.069,0.1176,0
NER-SIM-01270,Sikkim,Pakyong,NH-10 Sevoke-Gangtok Corridor,1161.1,27.78,320.8,-0.0211,0.0851,7.48,459.2,701.8,4,2,7.4,10.5,0.8,32.6,0.16,0.025,0.1514,0
NER-SIM-01271,Meghalaya,South West Khasi Hills,Mawsynram Valley Slopes,1291.0,41.28,354.6,-0.0554,-0.0416,5.85,557.6,305.7,3,1,82.5,218.3,11.83,79.9,18.23,0.049,0.6953,1
NER-SIM-01272,Sikkim,Mangan,North Sikkim Highway (Chungthang),1652.0,34.39,175.8,0.074,0.0231,6.54,415.3,819.9,5,1,9.0,13.3,1.02,41.4,3.34,0.0,0.0801,0
NER-SIM-01273,Mizoram,Champhai,Champhai-Zokhawthar Border Cut,1096.9,36.35,324.7,0.0048,-0.0156,2.65,1566.7,537.6,1,1,11.3,19.4,1.25,36.2,2.11,0.081,0.0268,0
NER-SIM-01274,Manipur,Noney,Tupul Railway Corridor Section,957.6,31.22,210.5,0.0034,0.0314,5.35,4173.9,374.6,2,3,12.4,10.3,0.92,31.4,4.67,0.009,0.0471,0
NER-SIM-01275,Manipur,Chandel,NH-102 Imphal-Moreh Corridor,1291.4,24.32,97.4,-0.0515,0.1182,8.79,3229.6,107.9,3,1,3.6,4.9,0.24,33.5,1.48,0.031,0.0523,0
NER-SIM-01276,Manipur,Noney,Tupul Railway Corridor Section,723.0,42.9,280.6,0.0395,0.0759,4.68,4126.8,243.8,4,3,58.5,118.5,10.85,70.8,0.0,0.087,0.6432,1
NER-SIM-01277,Arunachal Pradesh,Lower Subansiri,Ziro Foothill Section,1355.4,34.1,53.0,0.0414,-0.0597,5.07,214.2,270.3,3,3,9.7,5.8,0.69,39.9,2.18,0.151,0.2133,0
NER-SIM-01278,Manipur,Chandel,NH-102 Imphal-Moreh Corridor,899.4,34.82,145.7,0.0022,0.0122,4.56,3056.3,47.3,1,3,9.6,10.5,1.23,31.4,3.42,0.098,0.118,0
NER-SIM-01279,Sikkim,Pakyong,NH-10 Sevoke-Gangtok Corridor,965.8,24.46,198.4,-0.0338,-0.0559,6.09,1404.8,184.0,3,4,125.6,359.0,23.82,81.4,17.92,0.095,0.6147,1
NER-SIM-01280,Mizoram,Aizawl,Aizawl-Lunglei Road Slopes,941.8,23.37,252.5,-0.0077,0.0416,5.9,1275.6,1014.8,1,1,71.4,128.1,16.9,59.8,1.54,0.111,0.149,0
NER-SIM-01281,Manipur,Chandel,NH-102 Imphal-Moreh Corridor,500.4,37.61,169.0,-0.0125,-0.0449,6.29,1437.0,31.6,2,1,48.7,107.6,14.47,55.5,2.6,0.014,0.2372,0
NER-SIM-01282,Manipur,Chandel,NH-102 Imphal-Moreh Corridor,1319.3,18.59,267.2,0.0478,-0.0007,8.27,2605.9,273.8,3,2,365.5,689.9,80.0,82.6,19.72,0.041,0.9923,1
NER-SIM-01283,Meghalaya,South West Khasi Hills,Mawsynram Valley Slopes,1415.3,21.86,80.9,-0.0366,0.0317,5.27,723.4,165.5,2,2,63.3,135.7,11.36,63.4,3.06,0.039,0.3114,0
NER-SIM-01284,Mizoram,Aizawl,Aizawl-Lunglei Road Slopes,1145.9,41.69,204.0,-0.0395,0.0213,3.92,1107.9,470.0,1,3,6.2,3.7,0.53,37.7,1.87,0.084,0.1352,0
NER-SIM-01285,Meghalaya,South West Khasi Hills,Mawsynram Valley Slopes,1475.0,33.47,303.3,0.0333,0.0776,6.98,678.9,90.6,1,1,11.4,16.5,0.78,50.7,1.89,0.079,0.1774,0
NER-SIM-01286,Sikkim,Pakyong,NH-10 Sevoke-Gangtok Corridor,1017.5,35.22,151.9,-0.0501,-0.0165,4.35,4857.7,102.5,4,2,2.5,3.5,0.2,31.8,2.3,0.101,0.1602,0
NER-SIM-01287,Mizoram,Champhai,Champhai-Zokhawthar Border Cut,1467.5,27.44,329.1,-0.0287,0.0945,5.23,341.1,121.2,1,2,22.1,16.9,3.07,48.5,0.72,0.086,0.0378,0
NER-SIM-01288,Nagaland,Phek,Phek-Meluri Road Corridor,1449.4,20.72,313.7,0.0439,-0.0517,6.78,103.4,112.5,2,4,144.3,432.8,21.94,94.4,50.49,0.045,0.9535,1
NER-SIM-01289,Sikkim,Mangan,North Sikkim Highway (Chungthang),1782.4,50.35,163.5,-0.0717,-0.0367,3.55,50.2,50.1,5,1,58.3,144.6,7.36,83.6,21.07,3.565,0.7656,1
NER-SIM-01290,Arunachal Pradesh,Lower Subansiri,Ziro Foothill Section,1694.4,9.2,18.0,-0.0551,0.0284,8.4,95.4,136.8,4,4,13.2,13.2,1.83,33.6,0.0,0.0,0.027,0
NER-SIM-01291,Nagaland,Phek,Phek-Meluri Road Corridor,1573.0,38.88,44.2,0.0118,-0.0061,3.12,1209.5,385.5,2,4,53.8,120.4,9.53,79.3,13.02,0.034,0.4904,0
NER-SIM-01292,Mizoram,Aizawl,Aizawl-Lunglei Road Slopes,904.5,37.53,176.9,0.0326,0.0398,6.1,2473.9,1254.7,2,1,3.9,3.9,0.29,37.5,1.76,0.0,0.0961,0
NER-SIM-01293,Assam,Dima Hasao,NH-27 Lumding-Haflong Hill Cut,748.5,14.83,349.2,-0.0025,-0.0466,8.21,526.8,1597.7,1,1,2.5,2.7,0.2,35.7,2.7,0.001,0.0622,0
NER-SIM-01294,Sikkim,Pakyong,NH-10 Sevoke-Gangtok Corridor,921.8,40.15,8.3,0.0043,-0.0217,5.15,1735.0,118.2,3,4,1.6,1.7,0.17,39.6,5.31,0.04,0.059,0
NER-SIM-01295,Tripura,North Tripura,Jampui Hills Ridge Corridor,1114.9,35.23,18.2,0.0768,0.0257,7.54,3019.1,732.4,1,2,72.6,221.2,11.93,82.4,18.64,3.201,0.583,1
NER-SIM-01296,Assam,Karbi Anglong,Diphu-Bokajan Escarpment,50.0,25.04,161.3,0.005,-0.0357,2.92,3073.5,256.5,1,1,20.9,10.8,1.69,53.3,1.63,0.083,0.0586,0
NER-SIM-01297,Nagaland,Phek,Phek-Meluri Road Corridor,1643.6,40.14,23.2,0.0334,0.0081,5.57,381.6,12.9,1,2,51.5,77.5,11.44,55.8,0.9,0.09,0.3592,0
NER-SIM-01298,Manipur,Noney,Tupul Railway Corridor Section,1215.3,45.77,247.4,0.0653,0.0137,5.54,698.4,154.7,3,3,0.2,0.2,0.03,30.9,2.3,0.093,0.2343,0
NER-SIM-01299,Assam,Karbi Anglong,Diphu-Bokajan Escarpment,380.1,20.56,139.7,-0.0488,-0.1058,4.04,1309.8,23.6,1,4,6.4,7.1,0.58,44.0,4.91,0.034,0.1311,0
NER-SIM-01300,Sikkim,Pakyong,NH-10 Sevoke-Gangtok Corridor,595.0,31.77,95.6,0.0275,-0.0091,4.71,2402.1,45.9,3,2,170.9,323.5,39.69,70.9,2.36,0.076,0.876,1
NER-SIM-01301,Manipur,Chandel,NH-102 Imphal-Moreh Corridor,926.9,35.98,297.5,0.0483,0.0337,3.92,19.6,186.9,3,2,3.9,2.9,0.29,38.9,3.23,0.136,0.1859,0
NER-SIM-01302,Assam,Dima Hasao,NH-27 Lumding-Haflong Hill Cut,447.7,49.32,212.8,-0.1003,-0.0515,3.32,262.8,36.3,1,4,30.9,34.5,2.27,36.7,0.71,0.0,0.1858,0
NER-SIM-01303,Manipur,Noney,Tupul Railway Corridor Section,874.9,29.25,121.4,0.0051,0.013,5.06,328.4,138.2,2,1,23.5,37.0,2.66,41.7,0.83,0.079,0.0962,0
NER-SIM-01304,Mizoram,Champhai,Champhai-Zokhawthar Border Cut,1176.1,46.31,88.7,-0.0164,-0.0684,7.09,89.2,235.5,1,4,70.0,120.2,9.75,74.8,2.89,0.063,0.4809,0
NER-SIM-01305,Arunachal Pradesh,Lower Subansiri,Ziro Foothill Section,1101.8,27.05,166.7,0.0062,0.0163,6.05,1780.3,62.8,4,4,4.0,3.5,0.35,36.8,2.51,0.039,0.1043,0
NER-SIM-01306,Manipur,Noney,Tupul Railway Corridor Section,791.0,55.84,290.7,0.0138,0.046,5.83,2927.2,123.2,2,4,1.0,1.3,0.08,41.5,1.83,0.126,0.1048,0
NER-SIM-01307,Nagaland,Phek,Phek-Meluri Road Corridor,1407.3,25.94,149.4,0.0576,-0.0297,4.33,1189.1,188.7,3,4,13.2,14.1,0.93,46.9,2.43,0.197,0.0398,0
NER-SIM-01308,Nagaland,Phek,Phek-Meluri Road Corridor,1220.0,43.95,90.8,0.0396,-0.0549,4.56,110.6,50.4,3,3,202.7,504.4,28.79,72.1,3.26,0.052,0.9824,1
NER-SIM-01309,Assam,Dima Hasao,NH-27 Lumding-Haflong Hill Cut,1116.6,40.43,96.8,-0.1076,0.0356,3.16,476.5,6.0,2,1,205.0,365.1,49.35,90.3,27.07,0.226,0.9532,1
NER-SIM-01310,Mizoram,Aizawl,Aizawl-Lunglei Road Slopes,1107.1,28.03,64.4,0.0201,-0.0078,3.68,1067.8,95.2,2,1,39.3,26.2,3.48,43.8,2.03,0.051,0.0583,0
NER-SIM-01311,Assam,Karbi Anglong,Diphu-Bokajan Escarpment,223.4,34.97,205.2,0.057,0.0413,6.52,1568.0,337.3,1,2,12.9,7.5,1.22,36.4,1.94,0.0,0.076,0
NER-SIM-01312,Meghalaya,South West Khasi Hills,Mawsynram Valley Slopes,1448.6,18.64,351.0,0.0448,0.0355,6.96,872.9,26.3,1,4,44.3,63.3,4.44,53.4,1.14,0.094,0.0822,0
NER-SIM-01313,Manipur,Chandel,NH-102 Imphal-Moreh Corridor,941.2,25.08,288.7,0.0322,0.0651,6.12,2357.4,1329.6,3,1,2.2,1.2,0.18,33.8,0.73,0.071,0.0368,0
NER-SIM-01314,Mizoram,Aizawl,Aizawl-Lunglei Road Slopes,858.6,36.92,195.1,0.0731,0.0447,4.86,1264.1,154.9,1,1,7.3,8.3,0.73,38.6,1.33,0.059,0.0592,0
NER-SIM-01315,Mizoram,Champhai,Champhai-Zokhawthar Border Cut,1151.8,37.26,128.9,-0.0169,-0.0163,2.97,1231.8,406.9,2,1,50.6,119.1,7.59,65.2,5.14,0.068,0.1571,0
NER-SIM-01316,Meghalaya,East Khasi Hills,NH-6 Shillong-Tamabil Highway,1232.1,36.28,256.6,0.0297,0.0448,6.48,287.5,36.5,2,2,6.4,6.7,0.6,45.4,3.45,0.053,0.1644,0
NER-SIM-01317,Manipur,Noney,Tupul Railway Corridor Section,685.5,34.92,213.2,0.0126,0.0341,5.1,871.5,310.4,3,1,266.1,637.3,42.71,84.2,22.94,3.9,0.9949,1
NER-SIM-01318,Arunachal Pradesh,West Kameng,Bhalukpong-Bomdila-Tawang Route,2056.1,35.7,89.1,0.0742,0.0471,6.15,582.8,74.7,4,4,9.0,11.1,1.09,38.1,3.36,0.133,0.1444,0
NER-SIM-01319,Assam,Dima Hasao,NH-27 Lumding-Haflong Hill Cut,706.1,47.4,72.9,-0.1039,-0.0443,5.43,3001.6,176.0,1,1,213.0,444.3,54.2,82.9,25.99,0.064,0.9661,1
NER-SIM-01320,Meghalaya,South West Khasi Hills,Mawsynram Valley Slopes,1438.5,26.27,249.2,-0.0052,-0.0388,6.94,1645.5,362.1,1,2,30.1,42.5,2.26,54.2,1.69,0.042,0.0837,0
NER-SIM-01321,Sikkim,Mangan,North Sikkim Highway (Chungthang),2045.4,36.33,229.6,-0.0274,-0.0281,5.15,772.9,134.4,4,3,198.8,529.7,39.85,84.5,25.38,1.936,0.9853,1
NER-SIM-01322,Meghalaya,East Khasi Hills,NH-6 Shillong-Tamabil Highway,1882.9,28.06,307.5,0.0343,0.03,5.53,4210.1,211.9,2,1,33.7,78.4,9.6,54.7,5.84,0.027,0.1014,0
NER-SIM-01323,Arunachal Pradesh,West Kameng,Bhalukpong-Bomdila-Tawang Route,1837.4,38.77,41.7,-0.0183,-0.0764,6.21,1333.1,445.5,4,4,5.7,4.7,0.48,33.0,2.64,0.05,0.0593,0
NER-SIM-01324,Mizoram,Champhai,Champhai-Zokhawthar Border Cut,1385.0,29.91,36.5,0.0437,0.0251,3.16,602.3,140.2,1,1,20.2,11.4,2.52,39.8,1.95,0.096,0.0592,0
NER-SIM-01325,Mizoram,Aizawl,Aizawl-Lunglei Road Slopes,1163.2,28.59,347.8,-0.068,-0.0493,5.84,452.2,105.3,1,1,17.4,13.4,1.49,41.5,2.93,0.088,0.076,0
NER-SIM-01326,Nagaland,Kohima,NH-29 Dimapur-Kohima By-pass,1300.9,47.07,175.6,0.0031,0.0215,7.05,672.2,330.5,2,2,1.2,1.9,0.09,39.5,1.7,0.072,0.1786,0
NER-SIM-01327,Manipur,Noney,Tupul Railway Corridor Section,771.4,47.62,159.2,0.0328,0.0517,5.59,364.3,107.9,3,2,201.2,546.1,47.48,83.7,34.42,0.346,0.9916,1
NER-SIM-01328,Sikkim,Mangan,North Sikkim Highway (Chungthang),1863.7,41.47,96.9,0.0138,-0.0982,4.98,2730.7,408.3,4,3,97.6,280.0,26.73,76.5,12.6,0.023,0.761,1
NER-SIM-01329,Manipur,Noney,Tupul Railway Corridor Section,955.3,36.84,89.6,0.0124,-0.0621,3.79,2649.6,43.5,3,4,175.1,309.2,50.52,77.8,15.25,0.009,0.9148,1
NER-SIM-01330,Meghalaya,South West Khasi Hills,Mawsynram Valley Slopes,890.2,44.09,83.2,0.0155,0.0027,7.26,2271.6,318.2,2,1,3.2,2.3,0.23,38.3,2.42,0.026,0.0558,0
NER-SIM-01331,Assam,Dima Hasao,NH-27 Lumding-Haflong Hill Cut,855.9,45.87,188.7,0.039,-0.0416,3.71,357.2,314.1,1,1,0.9,0.7,0.06,28.1,1.86,0.102,0.1186,0
NER-SIM-01332,Manipur,Noney,Tupul Railway Corridor Section,733.7,36.07,113.2,-0.022,0.0144,6.7,4126.2,442.9,3,1,24.8,33.5,2.65,45.0,0.82,0.044,0.0561,0
NER-SIM-01333,Assam,Dima Hasao,NH-27 Lumding-Haflong Hill Cut,754.6,38.47,202.7,-0.1628,0.0138,4.17,564.9,235.2,1,2,4.4,7.0,0.33,37.5,1.78,0.0,0.1731,0
NER-SIM-01334,Mizoram,Aizawl,Aizawl-Lunglei Road Slopes,1328.6,33.29,43.0,-0.009,-0.0294,5.25,2237.6,1235.3,1,4,96.4,174.6,23.5,68.3,1.23,0.0,0.3369,0
NER-SIM-01335,Arunachal Pradesh,West Kameng,Bhalukpong-Bomdila-Tawang Route,2176.0,49.52,68.1,-0.0433,-0.0174,6.04,164.6,70.7,5,1,198.1,516.4,44.13,86.1,27.84,5.115,0.9935,1
NER-SIM-01336,Tripura,North Tripura,Jampui Hills Ridge Corridor,370.2,38.12,175.8,-0.0171,-0.1523,5.75,144.7,342.0,1,2,50.5,28.5,8.25,44.2,3.18,0.0,0.1189,0
NER-SIM-01337,Arunachal Pradesh,Lower Subansiri,Ziro Foothill Section,1455.1,22.84,335.5,-0.0655,0.059,4.94,501.5,27.2,3,2,3.0,1.5,0.22,38.5,0.7,0.041,0.1021,0
NER-SIM-01338,Meghalaya,East Khasi Hills,NH-6 Shillong-Tamabil Highway,1645.7,36.8,196.0,-0.0275,-0.0301,3.27,2453.6,156.1,1,3,7.1,12.5,0.51,36.2,1.87,0.096,0.128,0
NER-SIM-01339,Manipur,Chandel,NH-102 Imphal-Moreh Corridor,807.3,28.81,266.7,-0.0154,0.002,6.69,6.5,154.6,2,3,16.4,10.3,2.03,35.8,3.39,0.02,0.1096,0
NER-SIM-01340,Assam,Dima Hasao,NH-27 Lumding-Haflong Hill Cut,421.8,30.35,176.6,0.0016,-0.0125,7.25,0.3,2.9,2,4,123.6,215.4,16.66,88.9,37.17,0.024,0.8366,1
NER-SIM-01341,Arunachal Pradesh,West Kameng,Bhalukpong-Bomdila-Tawang Route,2037.7,49.08,149.0,0.1335,0.0737,2.46,591.4,448.8,3,2,4.9,6.4,0.39,34.6,4.23,0.119,0.119,0
NER-SIM-01342,Nagaland,Kohima,NH-29 Dimapur-Kohima By-pass,1134.7,31.59,324.8,-0.0257,0.0226,8.4,692.5,754.9,2,4,7.7,10.6,0.92,39.4,1.54,0.041,0.0501,0
NER-SIM-01343,Sikkim,Mangan,North Sikkim Highway (Chungthang),1737.8,47.35,353.1,0.0144,-0.0434,3.7,313.1,260.4,5,1,2.2,2.8,0.21,35.7,0.0,0.014,0.1603,0
NER-SIM-01344,Arunachal Pradesh,West Kameng,Bhalukpong-Bomdila-Tawang Route,2438.9,37.21,220.9,0.0157,-0.0637,6.95,212.9,330.9,4,4,79.3,133.8,10.08,65.6,6.34,0.083,0.4714,0
NER-SIM-01345,Nagaland,Kohima,NH-29 Dimapur-Kohima By-pass,1546.7,30.12,269.0,0.0229,0.0182,7.07,1720.1,172.8,2,1,89.5,259.3,20.18,83.3,23.36,0.069,0.5911,1
NER-SIM-01346,Tripura,North Tripura,Jampui Hills Ridge Corridor,652.0,19.26,124.2,0.0181,-0.0326,6.74,147.2,47.2,1,4,30.6,95.0,8.63,63.4,4.09,0.074,0.1769,0
NER-SIM-01347,Mizoram,Aizawl,Aizawl-Lunglei Road Slopes,1373.8,31.88,102.9,0.0589,0.035,7.31,1343.4,1024.1,1,2,73.1,147.0,11.52,71.2,0.09,0.102,0.2794,0
NER-SIM-01348,Manipur,Noney,Tupul Railway Corridor Section,837.5,29.68,201.4,-0.111,0.0809,3.5,166.8,405.3,3,2,16.6,22.0,1.12,44.9,2.63,0.097,0.0902,0
NER-SIM-01349,Manipur,Chandel,NH-102 Imphal-Moreh Corridor,767.7,33.14,157.0,-0.1176,0.0099,6.69,852.0,43.5,3,4,7.9,11.6,0.58,30.8,0.81,0.098,0.0586,0
NER-SIM-01350,Arunachal Pradesh,West Kameng,Bhalukpong-Bomdila-Tawang Route,2139.6,60.89,44.6,-0.0369,-0.0283,2.87,1039.4,1283.8,4,3,12.7,8.7,1.0,29.0,2.53,0.072,0.2514,0
NER-SIM-01351,Sikkim,Pakyong,NH-10 Sevoke-Gangtok Corridor,1515.2,40.72,301.4,0.081,-0.0262,5.01,68.4,167.0,3,4,1.0,1.5,0.08,35.2,2.13,0.045,0.1602,0
NER-SIM-01352,Meghalaya,South West Khasi Hills,Mawsynram Valley Slopes,924.0,39.54,212.3,-0.0254,-0.0674,4.34,1225.5,140.5,2,3,1.5,1.2,0.13,27.4,1.3,0.054,0.1045,0
NER-SIM-01353,Assam,Karbi Anglong,Diphu-Bokajan Escarpment,1083.2,22.14,225.7,-0.03,0.0116,8.3,464.9,12.4,1,2,83.1,197.7,12.55,69.0,3.48,0.029,0.6248,1
NER-SIM-01354,Mizoram,Champhai,Champhai-Zokhawthar Border Cut,1703.6,27.24,339.7,0.0805,-0.028,4.27,932.9,104.3,1,1,1.4,1.6,0.18,32.0,0.9,0.049,0.0495,0
NER-SIM-01355,Nagaland,Phek,Phek-Meluri Road Corridor,1382.2,44.81,104.1,0.0751,0.0121,4.52,4703.8,230.8,3,1,3.3,5.0,0.22,39.0,1.35,0.033,0.0676,0
NER-SIM-01356,Assam,Karbi Anglong,Diphu-Bokajan Escarpment,299.1,19.28,320.1,-0.0379,0.0218,6.54,1745.6,30.4,1,2,15.1,25.1,1.19,45.6,1.16,0.014,0.0531,0
NER-SIM-01357,Meghalaya,South West Khasi Hills,Mawsynram Valley Slopes,995.5,31.15,83.6,-0.0322,-0.1105,6.06,429.3,301.2,1,4,0.2,0.3,0.03,24.4,5.9,0.015,0.0777,0
NER-SIM-01358,Nagaland,Kohima,NH-29 Dimapur-Kohima By-pass,1266.9,25.36,136.5,-0.0163,0.0401,7.19,1509.9,179.9,2,4,19.9,31.5,2.87,42.8,1.05,0.041,0.057,0
NER-SIM-01359,Sikkim,Mangan,North Sikkim Highway (Chungthang),1862.2,39.48,148.8,-0.0941,-0.0025,4.97,240.5,429.4,5,3,273.7,736.6,54.01,74.7,0.0,0.118,0.9983,1
NER-SIM-01360,Meghalaya,South West Khasi Hills,Mawsynram Valley Slopes,1073.7,27.81,6.6,-0.0443,-0.0068,4.71,127.2,141.8,2,2,11.3,12.3,1.08,48.5,0.03,0.084,0.1206,0
NER-SIM-01361,Sikkim,Mangan,North Sikkim Highway (Chungthang),1519.7,61.98,259.1,-0.0104,0.0222,2.34,1303.8,58.6,4,3,96.3,250.9,13.41,75.4,11.3,0.0,0.8712,1
NER-SIM-01362,Sikkim,Mangan,North Sikkim Highway (Chungthang),1288.1,36.88,82.7,0.0489,-0.0111,4.43,2298.9,336.2,5,4,8.2,8.9,0.97,34.2,2.41,0.054,0.0761,0
NER-SIM-01363,Meghalaya,South West Khasi Hills,Mawsynram Valley Slopes,1011.1,49.91,239.9,-0.0794,-0.021,2.0,28.5,237.9,2,1,18.5,21.0,1.37,30.9,1.72,0.06,0.1444,0
NER-SIM-01364,Nagaland,Phek,Phek-Meluri Road Corridor,1235.2,25.71,128.0,-0.0596,0.0024,5.71,74.3,721.8,3,3,96.3,169.8,16.21,73.7,2.77,0.034,0.5506,1
NER-SIM-01365,Arunachal Pradesh,West Kameng,Bhalukpong-Bomdila-Tawang Route,2491.9,34.21,134.9,0.0553,0.0249,6.69,2170.7,440.3,4,2,158.0,252.1,44.37,80.6,20.11,0.15,0.809,1
NER-SIM-01366,Sikkim,Pakyong,NH-10 Sevoke-Gangtok Corridor,1413.3,31.69,180.8,-0.0223,-0.0943,3.06,3117.3,45.2,3,4,0.5,1.0,0.09,40.6,3.14,0.078,0.0801,0
NER-SIM-01367,Meghalaya,East Khasi Hills,NH-6 Shillong-Tamabil Highway,1181.8,41.08,206.2,-0.0053,-0.0176,5.24,4643.7,214.9,2,4,43.0,125.5,8.75,58.4,3.94,0.053,0.2103,0
NER-SIM-01368,Assam,Dima Hasao,NH-27 Lumding-Haflong Hill Cut,957.3,22.99,301.7,0.0085,-0.0881,3.68,897.9,702.7,1,3,0.6,0.8,0.07,35.1,2.48,0.066,0.0861,0
NER-SIM-01369,Tripura,North Tripura,Jampui Hills Ridge Corridor,879.6,32.15,167.9,0.0013,-0.0306,4.76,1474.4,167.1,1,2,1.8,1.4,0.15,46.3,2.94,0.068,0.0585,0
NER-SIM-01370,Arunachal Pradesh,Lower Subansiri,Ziro Foothill Section,1621.8,30.88,30.7,-0.0247,-0.0236,3.3,874.5,409.3,3,2,2.7,2.7,0.3,48.2,3.54,0.095,0.1061,0
NER-SIM-01371,Mizoram,Champhai,Champhai-Zokhawthar Border Cut,1416.4,33.69,250.1,0.0345,0.0315,4.61,87.8,166.3,1,3,0.5,0.3,0.05,24.1,0.86,0.0,0.13,0
NER-SIM-01372,Meghalaya,South West Khasi Hills,Mawsynram Valley Slopes,1572.2,38.82,246.3,-0.0353,-0.0377,7.89,449.7,10.4,1,2,67.7,150.6,10.63,61.4,0.34,0.046,0.3888,0
NER-SIM-01373,Assam,Dima Hasao,NH-27 Lumding-Haflong Hill Cut,672.4,33.87,111.1,-0.0512,-0.0372,5.58,378.7,156.0,1,4,154.2,341.9,22.53,79.9,20.86,0.061,0.7851,1
NER-SIM-01374,Assam,Dima Hasao,NH-27 Lumding-Haflong Hill Cut,390.1,36.24,297.6,0.1076,0.0214,5.94,2278.3,71.2,1,1,6.1,9.5,0.49,30.0,0.0,0.057,0.0693,0
NER-SIM-01375,Mizoram,Champhai,Champhai-Zokhawthar Border Cut,1386.8,32.52,356.1,-0.0188,-0.0113,4.58,336.3,337.0,2,2,67.7,119.8,14.86,71.4,3.58,0.043,0.5996,1
NER-SIM-01376,Tripura,North Tripura,Jampui Hills Ridge Corridor,1037.5,22.73,320.5,-0.0993,0.0014,8.69,559.1,517.0,1,2,13.1,21.4,1.72,33.3,1.53,0.018,0.0739,0
NER-SIM-01377,Tripura,North Tripura,Jampui Hills Ridge Corridor,236.9,29.13,106.3,0.0741,0.034,7.8,1369.3,429.4,1,1,123.4,269.8,16.53,77.4,10.61,0.054,0.4845,0
NER-SIM-01378,Manipur,Chandel,NH-102 Imphal-Moreh Corridor,1216.2,39.11,149.4,0.1425,-0.0383,6.38,2676.5,207.3,3,3,0.7,1.1,0.06,37.3,1.94,0.0,0.1561,0
NER-SIM-01379,Assam,Karbi Anglong,Diphu-Bokajan Escarpment,452.9,34.83,8.4,0.0032,0.0186,3.73,1731.3,15.1,1,4,1.3,0.9,0.18,34.5,3.38,0.0,0.0677,0
NER-SIM-01380,Arunachal Pradesh,West Kameng,Bhalukpong-Bomdila-Tawang Route,2400.1,46.97,260.7,-0.0063,-0.0607,6.17,867.0,100.6,4,2,172.6,265.8,23.32,78.7,10.08,0.05,0.913,1
NER-SIM-01381,Tripura,North Tripura,Jampui Hills Ridge Corridor,611.0,15.75,141.8,-0.0767,0.0887,6.35,906.6,37.3,1,2,5.6,7.5,0.66,29.3,1.9,0.0,0.0834,0
NER-SIM-01382,Meghalaya,East Khasi Hills,NH-6 Shillong-Tamabil Highway,1767.8,23.97,251.6,-0.0212,-0.0016,6.47,928.3,38.6,2,2,21.9,14.0,2.51,39.7,2.67,0.056,0.1187,0
NER-SIM-01383,Meghalaya,South West Khasi Hills,Mawsynram Valley Slopes,1206.9,43.44,154.3,-0.0452,-0.0845,4.17,45.9,84.1,1,4,13.2,16.4,1.96,45.5,0.09,0.043,0.1175,0
NER-SIM-01384,Mizoram,Champhai,Champhai-Zokhawthar Border Cut,1059.9,32.55,290.6,-0.0041,-0.0258,2.09,37.1,22.2,1,1,0.1,0.1,0.01,37.7,1.1,0.017,0.042,0
NER-SIM-01385,Meghalaya,South West Khasi Hills,Mawsynram Valley Slopes,1625.7,35.05,178.7,0.031,0.0553,4.35,862.7,146.9,2,1,3.0,4.2,0.26,42.6,3.45,0.077,0.0709,0
NER-SIM-01386,Nagaland,Phek,Phek-Meluri Road Corridor,1827.4,44.89,309.7,0.0101,0.0356,3.62,229.3,1653.1,2,2,3.2,3.1,0.24,30.1,0.43,0.058,0.1614,0
NER-SIM-01387,Arunachal Pradesh,West Kameng,Bhalukpong-Bomdila-Tawang Route,2331.5,53.78,65.3,0.0329,-0.0152,4.04,170.6,184.0,5,1,59.1,168.3,12.43,77.6,12.65,0.007,0.8345,1
NER-SIM-01388,Meghalaya,East Khasi Hills,NH-6 Shillong-Tamabil Highway,1628.4,33.57,286.3,-0.0911,-0.0248,7.99,639.5,1357.2,1,2,3.4,6.0,0.25,35.9,0.74,0.022,0.0463,0
NER-SIM-01389,Mizoram,Champhai,Champhai-Zokhawthar Border Cut,1215.0,40.87,129.3,0.063,0.0544,5.49,772.5,18.5,2,1,4.9,7.0,0.37,41.0,0.0,0.0,0.0995,0
NER-SIM-01390,Mizoram,Champhai,Champhai-Zokhawthar Border Cut,1708.9,37.29,11.4,0.043,-0.0198,5.93,2181.9,39.2,1,3,79.5,204.9,26.04,73.4,2.63,0.03,0.5917,1
NER-SIM-01391,Meghalaya,East Khasi Hills,NH-6 Shillong-Tamabil Highway,1333.7,40.4,259.2,-0.0525,0.0262,6.94,1421.8,483.6,2,1,8.3,13.1,0.61,36.6,0.88,0.096,0.0501,0
NER-SIM-01392,Assam,Karbi Anglong,Diphu-Bokajan Escarpment,98.1,14.43,197.6,0.0383,0.0624,4.95,29.4,146.1,1,4,127.0,342.4,23.49,78.2,10.66,0.122,0.6861,1
NER-SIM-01393,Tripura,North Tripura,Jampui Hills Ridge Corridor,562.4,25.45,91.5,0.0217,-0.0233,7.67,2393.0,1445.4,1,3,38.8,62.9,6.49,35.6,1.45,0.096,0.1097,0
NER-SIM-01394,Manipur,Chandel,NH-102 Imphal-Moreh Corridor,1099.5,22.78,233.6,0.0002,0.0122,9.24,2348.8,644.1,3,2,45.9,42.5,4.71,45.4,0.16,0.048,0.0944,0
NER-SIM-01395,Nagaland,Phek,Phek-Meluri Road Corridor,1366.4,48.2,356.9,0.0559,-0.1127,3.93,1573.4,457.2,4,4,124.1,325.2,16.18,74.8,0.82,0.082,0.7564,1
NER-SIM-01396,Arunachal Pradesh,West Kameng,Bhalukpong-Bomdila-Tawang Route,1937.9,43.29,8.2,0.0287,-0.0241,4.42,1949.9,259.0,5,1,3.5,3.6,0.34,40.4,1.57,0.062,0.0763,0
NER-SIM-01397,Arunachal Pradesh,Lower Subansiri,Ziro Foothill Section,1544.3,41.52,96.4,-0.0276,-0.0432,4.65,1874.8,531.2,3,1,4.6,3.3,0.55,37.8,0.54,0.062,0.0549,0
NER-SIM-01398,Arunachal Pradesh,Lower Subansiri,Ziro Foothill Section,1728.5,12.51,231.4,0.0049,0.0675,7.13,729.2,560.2,4,1,2.0,2.4,0.21,36.7,2.31,0.069,0.0298,0
NER-SIM-01399,Sikkim,Pakyong,NH-10 Sevoke-Gangtok Corridor,658.9,30.69,44.7,-0.0701,0.0785,2.14,63.2,33.3,4,3,236.9,697.0,32.16,74.8,1.63,0.025,0.9958,1
NER-SIM-01400,Meghalaya,East Khasi Hills,NH-6 Shillong-Tamabil Highway,1025.5,43.49,38.0,0.0295,-0.1182,2.96,128.7,228.5,1,1,30.9,41.9,2.67,41.3,2.81,0.055,0.1567,0
NER-SIM-01401,Mizoram,Aizawl,Aizawl-Lunglei Road Slopes,1055.3,34.25,136.3,-0.0146,0.0367,4.46,390.2,39.1,2,2,97.8,236.0,14.29,79.7,14.74,0.034,0.5956,1
NER-SIM-01402,Nagaland,Phek,Phek-Meluri Road Corridor,1810.9,40.43,218.6,0.0517,0.0394,6.01,395.4,402.9,1,3,186.4,527.3,43.79,72.5,2.57,0.0,0.9454,1
NER-SIM-01403,Meghalaya,East Khasi Hills,NH-6 Shillong-Tamabil Highway,1549.7,22.07,39.5,0.0023,0.0566,6.77,581.4,296.0,2,1,1.1,1.2,0.08,37.8,3.74,0.103,0.0455,0
NER-SIM-01404,Meghalaya,East Khasi Hills,NH-6 Shillong-Tamabil Highway,1196.1,17.17,201.5,-0.0296,0.0752,8.91,597.7,311.4,1,2,42.6,22.4,4.0,36.5,2.85,0.023,0.0863,0
NER-SIM-01405,Nagaland,Kohima,NH-29 Dimapur-Kohima By-pass,1122.5,42.71,180.4,0.0339,-0.0608,4.84,1745.8,150.9,3,4,237.3,739.6,62.2,87.4,29.18,0.302,0.9952,1
NER-SIM-01406,Nagaland,Kohima,NH-29 Dimapur-Kohima By-pass,1015.8,39.01,101.2,-0.0006,-0.0112,5.78,416.3,33.0,3,2,24.0,16.6,3.14,32.9,0.0,0.051,0.1583,0
NER-SIM-01407,Meghalaya,South West Khasi Hills,Mawsynram Valley Slopes,1818.4,28.89,2.6,0.0096,0.0616,4.2,2585.7,258.5,2,3,6.1,6.5,0.62,24.6,0.51,0.052,0.0634,0
NER-SIM-01408,Mizoram,Champhai,Champhai-Zokhawthar Border Cut,1064.8,33.4,210.8,-0.0028,-0.0566,7.24,1916.9,67.4,1,2,28.5,22.8,1.99,39.9,5.96,0.014,0.0758,0
NER-SIM-01409,Sikkim,Pakyong,NH-10 Sevoke-Gangtok Corridor,866.0,39.86,194.6,-0.0354,0.0011,7.73,2536.3,647.6,5,3,15.3,20.7,1.11,41.0,2.33,0.043,0.1816,0
NER-SIM-01410,Meghalaya,East Khasi Hills,NH-6 Shillong-Tamabil Highway,1564.5,21.47,196.6,0.0279,-0.0799,8.48,382.0,1028.8,2,1,12.4,18.8,2.03,37.8,2.26,0.053,0.0451,0
NER-SIM-01411,Sikkim,Pakyong,NH-10 Sevoke-Gangtok Corridor,1013.2,23.18,287.4,0.0149,-0.1153,7.34,2257.4,171.5,3,3,53.0,50.9,5.47,59.9,2.34,0.073,0.1622,0
NER-SIM-01412,Arunachal Pradesh,West Kameng,Bhalukpong-Bomdila-Tawang Route,2158.0,41.35,146.2,-0.0025,0.0176,5.17,1743.6,930.9,4,1,9.2,10.9,1.3,25.8,2.45,0.0,0.0841,0
NER-SIM-01413,Nagaland,Phek,Phek-Meluri Road Corridor,1613.4,24.17,326.6,0.0112,-0.0116,5.91,1335.5,309.8,2,3,6.2,6.2,0.59,30.0,1.95,0.018,0.1216,0
NER-SIM-01414,Manipur,Chandel,NH-102 Imphal-Moreh Corridor,732.2,24.48,207.9,0.0593,0.0366,7.63,454.6,69.1,4,4,171.9,283.1,27.93,89.0,32.19,0.11,0.8934,1
NER-SIM-01415,Arunachal Pradesh,West Kameng,Bhalukpong-Bomdila-Tawang Route,2388.9,45.0,102.6,0.0306,0.065,6.55,2152.8,319.6,5,1,5.9,9.5,0.86,32.9,3.54,0.039,0.153,0
NER-SIM-01416,Manipur,Chandel,NH-102 Imphal-Moreh Corridor,667.4,27.17,138.9,0.0405,0.0572,5.02,1025.9,868.0,3,2,13.4,14.2,1.67,35.9,3.08,0.078,0.0825,0
NER-SIM-01417,Arunachal Pradesh,Lower Subansiri,Ziro Foothill Section,999.6,40.58,88.0,0.0082,0.0114,5.51,1334.3,71.4,4,3,4.4,6.8,0.62,35.2,3.53,0.088,0.1862,0
NER-SIM-01418,Assam,Dima Hasao,NH-27 Lumding-Haflong Hill Cut,786.4,42.53,307.2,0.0743,-0.0336,3.58,2419.1,179.5,1,3,3.3,4.0,0.24,33.1,1.56,0.052,0.0728,0
NER-SIM-01419,Mizoram,Aizawl,Aizawl-Lunglei Road Slopes,918.1,33.51,264.5,0.0131,0.0511,5.14,76.1,64.9,1,1,9.3,14.6,0.68,34.0,0.0,0.087,0.1002,0
NER-SIM-01420,Assam,Karbi Anglong,Diphu-Bokajan Escarpment,113.2,2.0,166.1,-0.0231,-0.0576,8.88,323.8,927.2,2,3,30.7,24.8,2.16,35.2,1.38,0.023,0.0885,0
NER-SIM-01421,Tripura,North Tripura,Jampui Hills Ridge Corridor,1106.7,32.94,1.9,0.0622,0.0094,2.91,1396.0,1415.1,1,3,7.8,11.4,0.79,41.3,3.07,0.04,0.1017,0
NER-SIM-01422,Tripura,North Tripura,Jampui Hills Ridge Corridor,729.1,27.69,263.9,0.0179,-0.0909,7.18,37.1,600.2,1,1,4.2,5.1,0.51,34.7,0.48,0.043,0.0416,0
NER-SIM-01423,Arunachal Pradesh,West Kameng,Bhalukpong-Bomdila-Tawang Route,1903.9,50.09,151.6,0.0258,0.0638,4.72,1817.3,105.1,4,1,13.9,22.1,1.24,40.4,1.08,0.095,0.2286,0
NER-SIM-01424,Manipur,Noney,Tupul Railway Corridor Section,539.9,39.48,212.4,-0.0067,-0.0203,6.13,705.3,144.3,2,3,0.1,0.1,0.01,32.9,3.3,0.019,0.1749,0
NER-SIM-01425,Nagaland,Phek,Phek-Meluri Road Corridor,1717.0,34.4,133.8,-0.017,-0.0135,4.93,586.1,73.5,2,1,128.7,339.2,31.63,81.2,21.3,0.028,0.7699,1
NER-SIM-01426,Mizoram,Aizawl,Aizawl-Lunglei Road Slopes,766.8,26.06,89.9,-0.0124,-0.0208,5.74,1170.7,311.2,2,3,3.1,2.5,0.34,41.8,1.83,0.108,0.1101,0
NER-SIM-01427,Manipur,Noney,Tupul Railway Corridor Section,1168.1,38.65,339.9,-0.0384,-0.0435,8.18,2712.6,134.1,1,2,2.2,1.4,0.22,38.6,0.49,0.018,0.109,0
NER-SIM-01428,Mizoram,Champhai,Champhai-Zokhawthar Border Cut,1776.3,43.05,304.2,0.0595,0.0927,2.01,523.3,29.2,1,2,4.9,3.6,0.33,32.0,2.14,0.113,0.0585,0
NER-SIM-01429,Meghalaya,East Khasi Hills,NH-6 Shillong-Tamabil Highway,1347.3,19.78,255.6,0.0493,-0.0266,2.92,13.5,348.0,1,3,11.8,7.1,1.46,45.4,3.81,0.049,0.0746,0
NER-SIM-01430,Manipur,Chandel,NH-102 Imphal-Moreh Corridor,699.6,11.25,206.9,0.0237,0.004,6.92,351.9,190.9,2,3,133.6,400.7,19.13,77.5,13.16,0.111,0.8909,1
NER-SIM-01431,Assam,Karbi Anglong,Diphu-Bokajan Escarpment,347.6,32.95,0.4,0.0172,0.0127,2.2,552.0,558.4,1,4,4.2,3.7,0.54,38.6,0.62,0.081,0.0631,0
NER-SIM-01432,Nagaland,Kohima,NH-29 Dimapur-Kohima By-pass,1370.6,34.47,32.5,-0.0375,0.0544,6.09,414.4,84.0,2,3,5.3,3.5,0.43,55.7,1.01,0.064,0.1783,0
NER-SIM-01433,Nagaland,Kohima,NH-29 Dimapur-Kohima By-pass,1411.5,27.66,65.7,-0.0427,-0.0884,4.1,1112.8,1075.6,1,2,0.0,0.0,0.01,38.3,3.47,0.038,0.0464,0
NER-SIM-01434,Arunachal Pradesh,West Kameng,Bhalukpong-Bomdila-Tawang Route,1825.2,33.76,335.6,0.0184,0.0052,7.19,447.1,438.3,4,1,160.0,337.8,26.3,82.6,21.18,5.787,0.9528,1
NER-SIM-01435,Meghalaya,East Khasi Hills,NH-6 Shillong-Tamabil Highway,1270.2,42.48,305.2,0.0118,0.009,6.09,1820.0,263.1,1,1,356.0,886.4,80.0,81.8,22.2,0.011,0.9986,1
NER-SIM-01436,Sikkim,Mangan,North Sikkim Highway (Chungthang),2006.9,41.34,113.7,0.0048,0.0201,6.42,1720.5,115.5,4,3,87.4,254.4,15.97,80.5,14.94,0.071,0.8728,1
NER-SIM-01437,Assam,Dima Hasao,NH-27 Lumding-Haflong Hill Cut,284.4,35.18,118.2,-0.0175,0.0693,6.14,2370.5,439.3,2,4,9.3,15.9,0.75,37.1,4.71,0.036,0.0663,0
NER-SIM-01438,Arunachal Pradesh,Lower Subansiri,Ziro Foothill Section,1658.6,20.36,55.2,0.119,-0.0461,7.31,3194.5,188.1,3,2,186.1,531.6,29.7,70.3,2.31,0.064,0.9398,1
NER-SIM-01439,Meghalaya,East Khasi Hills,NH-6 Shillong-Tamabil Highway,1260.1,25.46,345.6,0.0706,-0.0296,4.11,2154.1,380.2,2,2,106.0,177.1,13.5,87.0,28.26,0.042,0.5608,1
NER-SIM-01440,Tripura,North Tripura,Jampui Hills Ridge Corridor,610.5,31.74,339.3,0.014,0.0674,5.44,1007.0,387.6,1,2,120.7,373.9,15.67,62.7,1.44,0.055,0.5977,1
NER-SIM-01441,Manipur,Chandel,NH-102 Imphal-Moreh Corridor,1294.5,21.63,83.0,0.0209,0.1088,7.08,838.1,275.7,4,1,7.2,8.6,0.89,35.4,1.13,0.111,0.0568,0
NER-SIM-01442,Assam,Karbi Anglong,Diphu-Bokajan Escarpment,346.9,21.31,195.8,0.0028,-0.0395,6.69,313.4,68.3,1,1,70.3,190.7,13.53,85.2,23.16,0.051,0.5501,1
NER-SIM-01443,Tripura,North Tripura,Jampui Hills Ridge Corridor,420.3,21.52,258.0,-0.0283,0.0128,3.58,66.2,379.8,1,1,87.7,229.2,28.94,78.1,10.37,0.089,0.3535,0
NER-SIM-01444,Assam,Dima Hasao,NH-27 Lumding-Haflong Hill Cut,789.5,47.51,22.1,0.0255,0.0125,4.01,623.6,124.0,1,3,181.8,509.7,33.86,93.5,52.18,1.712,0.9912,1
NER-SIM-01445,Nagaland,Kohima,NH-29 Dimapur-Kohima By-pass,1340.7,24.04,134.1,0.058,0.0273,4.7,1033.4,596.5,2,1,32.9,66.8,6.06,55.1,1.38,0.038,0.158,0
NER-SIM-01446,Sikkim,Pakyong,NH-10 Sevoke-Gangtok Corridor,1011.3,42.69,5.0,0.0541,0.0565,4.55,2057.4,126.2,2,4,12.2,7.7,1.25,38.9,2.59,0.01,0.0992,0
NER-SIM-01447,Tripura,North Tripura,Jampui Hills Ridge Corridor,605.4,34.92,313.4,0.0575,0.0755,5.38,1113.7,1062.7,1,4,19.6,12.5,2.47,37.0,1.95,0.099,0.1074,0
NER-SIM-01448,Tripura,North Tripura,Jampui Hills Ridge Corridor,755.7,37.32,17.6,-0.0265,-0.0676,4.24,2881.7,23.4,2,3,59.6,160.5,15.39,79.4,13.11,0.001,0.5501,1
NER-SIM-01449,Manipur,Chandel,NH-102 Imphal-Moreh Corridor,899.8,32.22,49.2,-0.0852,-0.1056,6.53,1362.1,1465.0,2,1,164.6,472.7,33.95,81.9,21.64,0.105,0.9075,1
NER-SIM-01450,Sikkim,Mangan,North Sikkim Highway (Chungthang),2039.1,36.49,98.0,-0.0918,0.0701,4.15,356.5,61.0,4,4,0.8,1.4,0.09,21.6,0.46,0.0,0.1148,0
NER-SIM-01451,Meghalaya,East Khasi Hills,NH-6 Shillong-Tamabil Highway,1463.8,32.14,165.8,0.0076,-0.071,5.3,1069.5,9.7,2,2,14.8,23.4,1.75,53.7,0.0,0.023,0.1406,0
NER-SIM-01452,Sikkim,Pakyong,NH-10 Sevoke-Gangtok Corridor,1216.1,33.33,211.3,0.031,0.0067,4.82,90.3,64.0,3,3,66.4,210.2,12.53,80.1,20.49,0.052,0.6644,1
NER-SIM-01453,Sikkim,Pakyong,NH-10 Sevoke-Gangtok Corridor,1492.9,48.84,118.9,-0.0161,-0.0229,2.0,2107.0,22.2,4,1,42.3,77.5,6.34,50.9,1.03,0.042,0.2666,0
NER-SIM-01454,Nagaland,Phek,Phek-Meluri Road Corridor,1682.4,29.45,236.9,-0.0545,0.0366,6.72,359.6,80.4,2,3,1.6,1.8,0.12,28.1,0.0,0.024,0.0731,0
NER-SIM-01455,Arunachal Pradesh,West Kameng,Bhalukpong-Bomdila-Tawang Route,2018.3,31.62,220.9,-0.0532,0.0481,5.4,333.8,33.6,5,3,3.2,3.9,0.32,36.1,1.7,0.054,0.256,0
NER-SIM-01456,Sikkim,Pakyong,NH-10 Sevoke-Gangtok Corridor,570.6,35.19,201.1,0.0124,-0.0563,2.0,1433.3,21.9,4,1,10.9,28.1,1.92,35.4,2.27,0.057,0.1495,0
NER-SIM-01457,Tripura,North Tripura,Jampui Hills Ridge Corridor,573.3,31.54,329.0,0.0438,-0.041,2.0,2567.6,442.3,1,2,9.2,7.7,0.79,26.4,3.69,0.042,0.0558,0
NER-SIM-01458,Assam,Dima Hasao,NH-27 Lumding-Haflong Hill Cut,416.7,32.96,344.8,-0.0309,-0.0731,4.06,895.3,43.2,1,1,48.3,29.7,3.72,37.7,1.41,0.093,0.0466,0
NER-SIM-01459,Nagaland,Phek,Phek-Meluri Road Corridor,1727.6,40.3,103.7,0.0077,0.0251,2.93,602.8,255.2,2,1,5.8,9.7,0.75,38.6,4.85,0.0,0.05,0
NER-SIM-01460,Assam,Karbi Anglong,Diphu-Bokajan Escarpment,488.3,31.28,42.4,-0.0002,-0.009,6.61,2878.2,542.3,1,2,5.5,6.0,0.88,30.2,5.07,0.073,0.0691,0
NER-SIM-01461,Manipur,Chandel,NH-102 Imphal-Moreh Corridor,1294.2,38.13,1.0,-0.0092,0.0644,4.99,1533.2,149.5,2,3,17.0,22.8,1.25,32.5,1.94,0.109,0.1848,0
NER-SIM-01462,Meghalaya,East Khasi Hills,NH-6 Shillong-Tamabil Highway,1455.0,51.12,334.9,-0.0877,0.0198,6.38,759.3,37.3,1,2,1.7,2.6,0.28,46.9,2.57,0.019,0.1316,0
NER-SIM-01463,Sikkim,Pakyong,NH-10 Sevoke-Gangtok Corridor,1088.2,27.23,21.8,-0.0122,-0.0211,6.91,907.4,141.1,2,3,29.3,31.9,2.19,42.6,2.35,0.039,0.1064,0
NER-SIM-01464,Sikkim,Pakyong,NH-10 Sevoke-Gangtok Corridor,1357.7,44.81,125.4,0.0113,0.0168,3.93,157.0,152.9,3,4,18.8,32.0,2.14,54.8,4.33,0.082,0.1027,0
NER-SIM-01465,Mizoram,Aizawl,Aizawl-Lunglei Road Slopes,683.9,45.51,265.2,0.0277,-0.0153,6.39,27.9,366.3,1,3,11.4,11.9,1.2,38.6,4.1,0.023,0.176,0
NER-SIM-01466,Sikkim,Mangan,North Sikkim Highway (Chungthang),1680.4,44.19,216.8,0.0366,-0.0082,5.75,681.0,29.7,5,3,152.0,303.7,20.01,89.9,32.53,0.741,0.9764,1
NER-SIM-01467,Arunachal Pradesh,Lower Subansiri,Ziro Foothill Section,1866.7,30.01,46.2,0.0053,0.0484,8.22,2999.4,158.0,4,1,67.9,208.1,8.86,72.5,3.9,0.11,0.4036,0
NER-SIM-01468,Meghalaya,South West Khasi Hills,Mawsynram Valley Slopes,1054.0,34.95,103.6,-0.0515,-0.0244,5.96,643.2,3.2,1,2,10.8,10.8,0.75,30.9,0.86,0.02,0.1158,0
NER-SIM-01469,Manipur,Chandel,NH-102 Imphal-Moreh Corridor,1281.5,33.47,251.7,0.0044,-0.004,4.8,2654.4,352.5,2,4,19.0,12.3,1.85,29.9,2.43,0.03,0.0375,0
NER-SIM-01470,Sikkim,Pakyong,NH-10 Sevoke-Gangtok Corridor,902.7,35.59,285.0,-0.0303,-0.0007,8.82,631.1,425.8,2,4,20.7,12.9,1.62,25.7,0.19,0.057,0.0821,0
NER-SIM-01471,Mizoram,Champhai,Champhai-Zokhawthar Border Cut,954.8,33.25,216.4,0.0499,-0.0206,6.0,2295.2,30.6,2,4,3.6,5.4,0.43,31.8,3.67,0.0,0.0546,0
NER-SIM-01472,Manipur,Noney,Tupul Railway Corridor Section,810.9,42.76,261.8,0.0744,0.0039,3.5,833.9,694.3,3,2,220.2,514.1,42.87,66.6,1.91,0.116,0.9436,1
NER-SIM-01473,Assam,Dima Hasao,NH-27 Lumding-Haflong Hill Cut,386.0,27.77,246.3,0.0852,0.0224,3.85,662.8,140.2,1,3,10.6,8.1,1.07,25.1,0.0,0.011,0.1267,0
NER-SIM-01474,Nagaland,Phek,Phek-Meluri Road Corridor,1462.2,39.21,10.5,0.0036,0.0248,5.27,598.8,11.3,3,3,247.3,736.7,55.71,84.9,28.74,10.529,0.9989,1
NER-SIM-01475,Tripura,North Tripura,Jampui Hills Ridge Corridor,645.2,30.57,91.3,-0.021,0.0977,5.25,777.3,54.0,1,4,3.9,3.9,0.26,30.4,2.31,0.003,0.0357,0
NER-SIM-01476,Meghalaya,East Khasi Hills,NH-6 Shillong-Tamabil Highway,1516.5,38.21,98.9,0.0448,0.0308,6.67,475.3,454.6,2,3,5.8,7.1,0.65,35.8,2.34,0.018,0.0898,0
NER-SIM-01477,Assam,Karbi Anglong,Diphu-Bokajan Escarpment,380.3,36.42,69.3,0.0806,-0.0286,3.48,56.6,1118.3,1,3,22.1,36.1,2.75,37.2,3.91,0.033,0.1653,0
NER-SIM-01478,Meghalaya,South West Khasi Hills,Mawsynram Valley Slopes,1563.0,51.43,60.6,-0.0068,-0.0003,3.2,1097.1,265.2,2,2,86.8,259.0,15.73,79.2,18.8,0.062,0.8365,1
NER-SIM-01479,Nagaland,Phek,Phek-Meluri Road Corridor,1591.3,44.72,232.0,0.0441,0.0483,3.01,1045.4,615.0,3,3,211.9,441.2,56.42,87.2,22.86,2.383,0.9883,1
NER-SIM-01480,Assam,Dima Hasao,NH-27 Lumding-Haflong Hill Cut,388.1,37.39,321.7,-0.0385,-0.0499,5.32,2249.4,949.6,1,2,8.2,4.9,1.07,40.2,1.73,0.038,0.1407,0
NER-SIM-01481,Nagaland,Kohima,NH-29 Dimapur-Kohima By-pass,1076.7,37.95,207.0,-0.0171,-0.0084,4.36,2610.0,466.6,2,2,9.9,16.5,0.67,29.5,2.64,0.021,0.0681,0
NER-SIM-01482,Sikkim,Pakyong,NH-10 Sevoke-Gangtok Corridor,979.2,30.29,163.2,0.0194,-0.0033,5.13,1316.8,176.6,3,2,31.2,17.0,2.59,31.8,1.5,0.027,0.2606,0
NER-SIM-01483,Meghalaya,East Khasi Hills,NH-6 Shillong-Tamabil Highway,1326.9,30.13,80.3,0.0267,-0.045,6.97,2241.2,33.2,1,1,9.1,7.8,0.89,50.0,2.51,0.016,0.065,0
NER-SIM-01484,Sikkim,Mangan,North Sikkim Highway (Chungthang),1711.4,51.12,187.2,-0.0789,0.0549,5.36,367.3,464.9,5,1,17.5,16.7,1.42,41.2,2.25,0.032,0.2855,0
NER-SIM-01485,Assam,Dima Hasao,NH-27 Lumding-Haflong Hill Cut,691.4,34.06,306.5,0.026,-0.0238,6.71,2064.4,248.8,1,1,118.1,262.8,17.06,81.2,17.43,0.013,0.7289,1
NER-SIM-01486,Mizoram,Aizawl,Aizawl-Lunglei Road Slopes,1233.2,32.02,327.4,0.0128,-0.0088,5.0,1661.2,256.5,1,4,107.5,252.3,25.63,87.7,23.56,0.337,0.4485,0
NER-SIM-01487,Nagaland,Kohima,NH-29 Dimapur-Kohima By-pass,1504.7,42.18,191.3,0.0282,-0.0133,5.32,346.5,778.9,3,1,11.2,24.4,1.6,33.7,1.39,0.076,0.1182,0
NER-SIM-01488,Sikkim,Pakyong,NH-10 Sevoke-Gangtok Corridor,822.1,38.85,6.8,0.011,-0.0493,5.13,1023.2,156.4,4,2,53.0,84.4,7.44,54.2,2.7,0.097,0.204,0
NER-SIM-01489,Sikkim,Mangan,North Sikkim Highway (Chungthang),1824.8,43.45,93.3,0.0071,-0.0016,6.61,638.8,188.5,4,3,21.8,31.6,1.79,38.9,1.01,0.128,0.2135,0
NER-SIM-01490,Assam,Karbi Anglong,Diphu-Bokajan Escarpment,804.1,29.24,175.5,-0.0592,-0.0344,6.29,493.3,323.3,1,2,2.8,4.7,0.22,27.8,2.15,0.096,0.0731,0
NER-SIM-01491,Meghalaya,East Khasi Hills,NH-6 Shillong-Tamabil Highway,2078.2,36.16,345.7,0.0228,-0.0732,3.91,536.6,829.1,1,3,9.7,10.5,0.71,37.8,2.33,0.05,0.133,0
NER-SIM-01492,Assam,Karbi Anglong,Diphu-Bokajan Escarpment,477.7,30.0,38.0,-0.073,-0.0023,4.06,3086.1,1131.3,1,2,1.4,1.8,0.14,47.1,0.62,0.077,0.0317,0
NER-SIM-01493,Sikkim,Pakyong,NH-10 Sevoke-Gangtok Corridor,1269.6,24.25,201.1,-0.0641,0.0126,6.59,146.2,503.9,4,3,3.5,4.5,0.28,21.4,2.63,0.0,0.1802,0
NER-SIM-01494,Meghalaya,East Khasi Hills,NH-6 Shillong-Tamabil Highway,1363.0,23.69,175.8,-0.0009,-0.0105,7.23,751.1,74.0,1,2,5.7,5.7,0.51,42.0,1.56,0.031,0.072,0
NER-SIM-01495,Assam,Dima Hasao,NH-27 Lumding-Haflong Hill Cut,708.1,42.13,210.9,-0.0191,-0.0108,3.03,176.4,255.8,1,4,31.9,31.8,3.34,39.9,3.76,0.054,0.0729,0
NER-SIM-01496,Assam,Dima Hasao,NH-27 Lumding-Haflong Hill Cut,1049.7,40.63,32.1,-0.1378,-0.0001,6.09,3102.0,664.6,1,1,102.9,295.9,21.49,73.4,2.01,0.074,0.5941,1
NER-SIM-01497,Arunachal Pradesh,West Kameng,Bhalukpong-Bomdila-Tawang Route,2432.7,41.45,229.8,-0.0296,0.0125,2.22,516.3,1078.8,4,4,14.7,15.2,1.09,41.9,1.2,0.0,0.1454,0
NER-SIM-01498,Manipur,Chandel,NH-102 Imphal-Moreh Corridor,1116.2,22.27,239.5,-0.029,-0.0822,7.36,240.5,79.0,2,3,0.9,1.3,0.08,39.4,0.4,0.0,0.119,0
NER-SIM-01499,Assam,Karbi Anglong,Diphu-Bokajan Escarpment,437.4,26.83,73.8,0.0101,0.0148,7.6,181.3,178.7,1,3,146.4,361.2,23.53,84.3,17.39,0.091,0.9098,1
NER-SIM-01500,Mizoram,Aizawl,Aizawl-Lunglei Road Slopes,1017.2,32.97,46.3,-0.0252,-0.0469,4.3,614.4,492.2,2,3,7.1,9.0,0.57,49.8,2.11,0.025,0.1075,0
NER-SIM-01501,Assam,Karbi Anglong,Diphu-Bokajan Escarpment,555.0,29.52,260.9,0.0142,0.0277,4.75,1219.4,18.0,1,1,3.4,5.2,0.39,27.7,2.78,0.09,0.0387,0
NER-SIM-01502,Nagaland,Phek,Phek-Meluri Road Corridor,1473.2,36.21,357.5,-0.0271,-0.0021,4.11,851.0,540.6,3,3,10.9,18.7,1.08,49.5,0.0,0.073,0.1897,0
NER-SIM-01503,Nagaland,Phek,Phek-Meluri Road Corridor,1347.1,32.23,153.5,0.095,0.0826,4.04,3894.2,397.8,3,4,141.1,316.1,23.0,91.4,36.62,2.855,0.8671,1
NER-SIM-01504,Meghalaya,East Khasi Hills,NH-6 Shillong-Tamabil Highway,1211.4,47.4,257.0,-0.0088,0.035,7.29,216.2,262.9,1,1,1.1,1.4,0.08,37.5,0.5,0.063,0.0849,0
NER-SIM-01505,Arunachal Pradesh,West Kameng,Bhalukpong-Bomdila-Tawang Route,2331.3,35.89,12.4,0.0662,0.0189,5.62,1197.3,510.7,4,3,1.8,3.1,0.18,40.3,1.4,0.108,0.2144,0
NER-SIM-01506,Nagaland,Phek,Phek-Meluri Road Corridor,1502.4,27.74,242.0,-0.0209,0.0768,4.23,353.3,85.5,3,3,243.9,712.8,43.89,68.9,1.6,0.044,0.9924,1
NER-SIM-01507,Mizoram,Champhai,Champhai-Zokhawthar Border Cut,1184.9,38.01,172.6,-0.0153,-0.0157,3.38,343.1,55.7,2,2,9.5,12.1,0.85,31.6,2.5,0.04,0.1207,0
NER-SIM-01508,Assam,Karbi Anglong,Diphu-Bokajan Escarpment,238.2,17.31,265.9,0.0508,0.0902,9.41,347.2,619.9,1,1,118.9,210.5,34.05,73.2,2.67,0.063,0.309,0
NER-SIM-01509,Mizoram,Aizawl,Aizawl-Lunglei Road Slopes,1350.4,49.25,84.2,0.0206,-0.095,4.78,2935.7,213.9,2,4,2.8,4.0,0.31,32.9,0.0,0.124,0.1113,0
NER-SIM-01510,Manipur,Noney,Tupul Railway Corridor Section,319.7,38.48,238.9,-0.0378,0.0518,6.44,329.3,222.8,2,1,28.4,16.4,2.06,34.6,1.95,0.113,0.1505,0
NER-SIM-01511,Meghalaya,South West Khasi Hills,Mawsynram Valley Slopes,1299.1,38.22,50.7,0.0539,0.0217,6.86,2809.9,164.0,2,1,2.2,1.5,0.16,36.8,4.6,0.085,0.0372,0
NER-SIM-01512,Nagaland,Phek,Phek-Meluri Road Corridor,2033.4,48.05,107.9,-0.0809,-0.0076,4.86,1230.5,1224.2,2,1,14.5,17.8,1.16,45.2,2.22,0.069,0.0666,0
NER-SIM-01513,Manipur,Chandel,NH-102 Imphal-Moreh Corridor,1130.5,19.98,62.2,-0.0219,0.0185,4.97,280.4,149.0,3,3,3.5,2.0,0.26,44.9,4.01,0.01,0.213,0
NER-SIM-01514,Meghalaya,East Khasi Hills,NH-6 Shillong-Tamabil Highway,1820.1,18.96,78.9,-0.083,-0.0043,6.51,521.7,549.5,1,1,4.7,5.2,0.35,29.0,1.98,0.0,0.0478,0
NER-SIM-01515,Nagaland,Phek,Phek-Meluri Road Corridor,1145.8,33.56,310.6,0.0305,-0.0232,4.27,13.8,76.4,2,4,163.0,339.1,36.6,80.7,20.33,0.005,0.8557,1
NER-SIM-01516,Mizoram,Champhai,Champhai-Zokhawthar Border Cut,1227.9,28.46,128.4,0.0132,-0.0266,7.37,91.2,402.3,1,1,154.1,371.7,19.51,88.4,39.17,0.07,0.8996,1
NER-SIM-01517,Assam,Karbi Anglong,Diphu-Bokajan Escarpment,365.7,32.56,342.1,-0.0069,0.027,7.51,170.3,129.0,1,2,141.3,268.2,25.42,87.9,21.86,2.166,0.8142,1
NER-SIM-01518,Sikkim,Pakyong,NH-10 Sevoke-Gangtok Corridor,1490.8,50.31,56.9,-0.0006,0.0832,5.99,3485.7,852.7,3,2,0.3,0.4,0.03,34.1,1.13,0.052,0.1577,0
NER-SIM-01519,Assam,Karbi Anglong,Diphu-Bokajan Escarpment,184.5,32.9,3.4,0.0187,-0.0015,4.29,1115.3,60.6,1,4,143.5,422.4,28.72,78.4,12.4,0.023,0.8339,1
NER-SIM-01520,Assam,Dima Hasao,NH-27 Lumding-Haflong Hill Cut,683.3,33.74,68.5,-0.0576,0.0388,4.05,618.3,84.4,1,1,93.4,240.8,15.62,79.9,15.47,0.022,0.5528,1
NER-SIM-01521,Mizoram,Aizawl,Aizawl-Lunglei Road Slopes,1518.5,36.28,88.2,-0.0088,0.0595,5.71,1830.8,250.9,1,3,9.4,15.1,0.96,32.6,0.89,0.03,0.115,0
NER-SIM-01522,Manipur,Noney,Tupul Railway Corridor Section,654.0,39.27,82.0,0.0564,0.0346,5.54,60.6,88.2,3,2,71.3,138.3,13.14,67.2,0.99,0.018,0.5359,1
NER-SIM-01523,Nagaland,Kohima,NH-29 Dimapur-Kohima By-pass,794.0,19.58,267.8,0.0074,-0.0362,7.89,519.8,42.5,2,4,6.3,3.4,0.6,32.3,2.68,0.05,0.1229,0
NER-SIM-01524,Nagaland,Kohima,NH-29 Dimapur-Kohima By-pass,1266.2,41.55,217.4,0.0071,0.0162,4.24,646.2,86.1,3,1,6.2,4.7,0.46,30.3,1.84,0.077,0.0912,0
NER-SIM-01525,Arunachal Pradesh,Lower Subansiri,Ziro Foothill Section,1737.3,28.26,271.8,-0.0091,-0.0288,9.12,1048.8,1326.8,3,1,164.5,437.1,21.32,72.3,1.95,0.0,0.7816,1
NER-SIM-01526,Sikkim,Pakyong,NH-10 Sevoke-Gangtok Corridor,1455.3,40.74,90.9,-0.052,0.0091,4.35,1171.3,209.1,4,1,67.0,211.1,9.8,87.4,31.02,4.18,0.856,1
NER-SIM-01527,Meghalaya,East Khasi Hills,NH-6 Shillong-Tamabil Highway,932.3,32.82,84.3,-0.0084,-0.0174,6.82,63.2,177.1,2,2,116.6,268.2,16.9,78.5,12.27,0.025,0.8444,1
NER-SIM-01528,Nagaland,Kohima,NH-29 Dimapur-Kohima By-pass,1309.0,43.15,2.7,-0.0566,0.0095,2.77,233.7,449.9,3,3,5.1,4.6,0.35,33.5,0.03,0.14,0.1501,0
NER-SIM-01529,Sikkim,Pakyong,NH-10 Sevoke-Gangtok Corridor,694.5,28.73,231.0,0.0023,-0.0418,4.97,849.1,380.5,4,2,144.6,354.6,22.27,78.1,12.03,0.103,0.8947,1
NER-SIM-01530,Mizoram,Champhai,Champhai-Zokhawthar Border Cut,1207.7,31.3,165.5,0.0381,-0.0014,3.17,2369.3,295.8,2,2,60.8,95.2,14.94,55.7,2.41,0.068,0.2237,0
NER-SIM-01531,Sikkim,Mangan,North Sikkim Highway (Chungthang),2231.4,47.33,245.9,0.0214,-0.0215,2.61,2639.4,81.1,3,3,3.9,2.8,0.31,33.7,3.62,0.11,0.1451,0
NER-SIM-01532,Sikkim,Pakyong,NH-10 Sevoke-Gangtok Corridor,1166.6,54.47,188.2,0.1183,-0.0318,6.34,297.1,393.8,4,1,2.2,3.1,0.21,24.9,0.8,0.079,0.2123,0
NER-SIM-01533,Mizoram,Champhai,Champhai-Zokhawthar Border Cut,1439.3,35.21,54.3,0.0479,-0.0713,4.42,539.5,61.5,1,3,62.9,137.2,15.8,72.5,1.51,0.085,0.4602,0
NER-SIM-01534,Nagaland,Kohima,NH-29 Dimapur-Kohima By-pass,1121.2,45.36,358.0,-0.0478,0.0198,3.88,1823.7,119.2,3,1,3.1,2.8,0.47,31.7,2.99,0.044,0.0568,0
NER-SIM-01535,Mizoram,Aizawl,Aizawl-Lunglei Road Slopes,1069.9,50.97,88.7,-0.0319,-0.0457,3.24,573.9,848.8,2,3,0.7,0.4,0.09,31.0,1.16,0.076,0.1765,0
NER-SIM-01536,Sikkim,Pakyong,NH-10 Sevoke-Gangtok Corridor,1404.9,40.01,16.9,0.0094,-0.0756,2.0,976.4,226.8,4,3,177.2,506.1,28.88,77.2,12.83,0.028,0.9669,1
NER-SIM-01537,Nagaland,Kohima,NH-29 Dimapur-Kohima By-pass,1829.5,33.62,269.9,-0.0159,-0.0268,3.81,657.7,461.0,3,4,1.3,0.9,0.12,33.9,1.97,0.064,0.0663,0
NER-SIM-01538,Sikkim,Mangan,North Sikkim Highway (Chungthang),2081.7,39.63,156.0,0.1223,-0.002,4.83,756.0,51.0,4,2,10.3,12.9,1.31,41.2,2.02,0.055,0.1563,0
NER-SIM-01539,Manipur,Noney,Tupul Railway Corridor Section,581.7,29.28,99.8,0.0249,-0.0065,5.64,2570.4,495.2,3,1,135.3,404.8,17.47,80.8,19.06,0.078,0.7742,1
NER-SIM-01540,Arunachal Pradesh,Lower Subansiri,Ziro Foothill Section,1258.8,46.65,31.9,-0.0266,-0.0131,2.0,680.8,1118.6,4,2,2.0,2.5,0.16,36.2,0.6,0.058,0.1252,0
NER-SIM-01541,Assam,Karbi Anglong,Diphu-Bokajan Escarpment,117.9,36.72,224.2,0.0509,0.0434,7.71,78.8,71.1,1,1,10.0,10.2,0.91,37.6,1.86,0.084,0.1112,0
NER-SIM-01542,Nagaland,Phek,Phek-Meluri Road Corridor,1173.9,39.08,80.6,0.0014,0.0493,4.12,50.0,463.7,2,2,9.3,10.7,0.66,40.3,2.17,0.087,0.1312,0
NER-SIM-01543,Sikkim,Mangan,North Sikkim Highway (Chungthang),1870.3,41.2,290.5,0.017,0.1133,5.82,551.7,469.7,3,4,98.2,185.9,24.74,75.0,3.5,0.11,0.6795,1
NER-SIM-01544,Arunachal Pradesh,West Kameng,Bhalukpong-Bomdila-Tawang Route,1987.5,36.65,29.2,-0.0509,-0.0501,4.29,1027.7,1245.0,5,3,1.3,2.3,0.18,36.7,2.33,0.107,0.0992,0
NER-SIM-01545,Nagaland,Phek,Phek-Meluri Road Corridor,1515.8,35.32,60.1,-0.0521,-0.0238,4.81,1395.7,180.9,3,1,109.0,260.8,36.07,75.9,9.52,0.051,0.6225,1
NER-SIM-01546,Arunachal Pradesh,West Kameng,Bhalukpong-Bomdila-Tawang Route,2414.0,57.42,87.4,0.0026,-0.0742,5.63,300.6,452.0,5,4,8.0,11.6,0.67,42.6,0.98,0.021,0.2213,0
NER-SIM-01547,Manipur,Noney,Tupul Railway Corridor Section,1020.0,43.01,248.0,0.0334,-0.0486,3.57,1821.6,241.8,2,4,20.4,30.8,1.99,41.8,1.47,0.085,0.1515,0
NER-SIM-01548,Mizoram,Aizawl,Aizawl-Lunglei Road Slopes,1346.7,30.28,324.4,-0.0385,-0.0162,8.03,394.7,45.5,2,2,59.4,91.6,18.94,52.3,1.67,0.0,0.2043,0
NER-SIM-01549,Assam,Karbi Anglong,Diphu-Bokajan Escarpment,129.5,39.37,262.4,0.0298,0.0006,5.61,1059.2,421.1,1,1,9.8,7.8,1.36,25.9,1.81,0.039,0.0521,0
NER-SIM-01550,Sikkim,Pakyong,NH-10 Sevoke-Gangtok Corridor,998.1,42.1,241.6,0.093,0.0284,3.43,211.8,304.7,4,3,1.5,2.3,0.24,34.3,2.01,0.002,0.2065,0
NER-SIM-01551,Meghalaya,East Khasi Hills,NH-6 Shillong-Tamabil Highway,1292.2,29.2,205.4,-0.0238,-0.0145,6.89,1284.1,285.2,1,1,6.7,7.6,0.86,37.5,0.0,0.057,0.066,0
NER-SIM-01552,Mizoram,Aizawl,Aizawl-Lunglei Road Slopes,677.0,53.04,62.4,-0.0825,0.0069,5.0,20.7,103.1,3,1,185.9,523.6,35.17,81.5,15.68,0.0,0.9898,1
NER-SIM-01553,Assam,Karbi Anglong,Diphu-Bokajan Escarpment,693.4,14.66,96.7,0.0514,0.0462,5.79,109.9,237.1,1,3,77.3,210.2,24.53,78.8,15.78,0.037,0.5346,1
NER-SIM-01554,Arunachal Pradesh,Lower Subansiri,Ziro Foothill Section,1003.3,18.62,345.9,0.0278,-0.016,5.71,2438.4,240.2,4,3,5.3,8.0,0.35,34.6,2.74,0.009,0.0873,0
NER-SIM-01555,Assam,Dima Hasao,NH-27 Lumding-Haflong Hill Cut,352.2,32.54,51.1,0.0553,-0.0409,4.6,2523.8,864.0,1,3,6.9,11.4,1.05,42.9,1.33,0.0,0.0887,0
NER-SIM-01556,Nagaland,Kohima,NH-29 Dimapur-Kohima By-pass,1397.5,31.93,74.9,0.0225,0.0061,5.69,77.0,457.2,2,2,0.1,0.1,0.01,32.9,4.48,0.088,0.0933,0
NER-SIM-01557,Mizoram,Champhai,Champhai-Zokhawthar Border Cut,1373.3,44.01,301.5,-0.0483,0.0113,5.1,1193.6,274.7,1,1,28.0,25.5,1.91,42.2,1.15,0.0,0.1031,0
NER-SIM-01558,Manipur,Chandel,NH-102 Imphal-Moreh Corridor,853.4,43.41,136.9,0.0293,-0.0009,3.63,158.7,306.2,3,3,6.0,5.0,0.44,41.0,2.6,0.056,0.1917,0
NER-SIM-01559,Tripura,North Tripura,Jampui Hills Ridge Corridor,947.2,28.91,41.2,-0.0606,-0.0822,7.49,3970.8,77.4,1,2,16.5,21.9,2.01,48.8,1.27,0.0,0.0584,0
NER-SIM-01560,Mizoram,Aizawl,Aizawl-Lunglei Road Slopes,1447.2,38.85,148.6,-0.0213,-0.0375,3.09,665.1,157.6,1,4,85.2,138.5,20.22,77.3,12.82,0.04,0.4987,0
NER-SIM-01561,Meghalaya,East Khasi Hills,NH-6 Shillong-Tamabil Highway,909.4,37.91,243.4,0.0037,0.0622,3.76,2641.5,540.5,1,1,2.6,4.1,0.35,30.4,1.82,0.04,0.0405,0
NER-SIM-01562,Nagaland,Phek,Phek-Meluri Road Corridor,1473.2,38.64,79.6,-0.0061,-0.0153,4.86,122.6,298.7,1,1,5.3,16.5,1.65,37.4,2.63,0.033,0.1175,0
NER-SIM-01563,Nagaland,Phek,Phek-Meluri Road Corridor,1697.3,35.71,315.9,0.0733,0.0084,3.6,63.3,14.1,2,3,2.6,4.5,0.2,32.1,3.47,0.112,0.1486,0
NER-SIM-01564,Mizoram,Champhai,Champhai-Zokhawthar Border Cut,1348.8,30.52,146.9,0.0048,-0.0194,5.7,2455.0,994.1,1,2,120.7,232.3,18.23,88.2,38.78,0.077,0.5956,1
NER-SIM-01565,Arunachal Pradesh,West Kameng,Bhalukpong-Bomdila-Tawang Route,1965.4,38.26,217.8,0.0319,0.0452,5.07,193.5,372.9,5,1,3.2,3.4,0.41,33.3,2.89,0.102,0.0903,0
NER-SIM-01566,Assam,Dima Hasao,NH-27 Lumding-Haflong Hill Cut,286.1,47.78,291.9,-0.0054,-0.0081,2.0,123.9,194.6,1,2,1.0,0.8,0.07,34.1,2.07,0.057,0.1679,0
NER-SIM-01567,Tripura,North Tripura,Jampui Hills Ridge Corridor,768.9,30.26,24.1,-0.0363,-0.0187,8.12,2913.1,174.2,1,3,126.2,299.7,19.62,87.6,36.98,0.064,0.8131,1
NER-SIM-01568,Arunachal Pradesh,Lower Subansiri,Ziro Foothill Section,1630.4,23.48,259.2,0.0597,0.0152,7.62,620.0,93.7,2,2,126.3,214.4,35.44,71.2,3.3,0.034,0.6367,1
NER-SIM-01569,Mizoram,Champhai,Champhai-Zokhawthar Border Cut,1605.6,41.23,228.8,0.0089,0.0446,2.45,4478.8,13.3,1,1,25.1,33.1,1.87,46.7,1.89,0.037,0.1116,0
NER-SIM-01570,Tripura,North Tripura,Jampui Hills Ridge Corridor,642.5,48.15,249.0,-0.0463,-0.0536,4.55,1432.0,788.9,1,1,7.8,8.6,0.63,29.4,2.37,0.047,0.0703,0
NER-SIM-01571,Sikkim,Mangan,North Sikkim Highway (Chungthang),1498.8,52.24,84.2,0.0375,-0.0716,3.79,868.2,46.6,4,2,35.8,41.7,3.47,47.2,0.2,0.0,0.2984,0
NER-SIM-01572,Meghalaya,South West Khasi Hills,Mawsynram Valley Slopes,1879.2,37.06,302.5,-0.0709,-0.0163,6.2,1028.8,164.2,1,2,17.6,27.9,1.8,48.0,1.12,0.075,0.0628,0
NER-SIM-01573,Manipur,Chandel,NH-102 Imphal-Moreh Corridor,763.4,48.53,155.2,0.0306,-0.0412,2.48,729.0,316.3,4,1,10.5,16.3,0.72,27.6,3.12,0.053,0.0894,0
NER-SIM-01574,Mizoram,Aizawl,Aizawl-Lunglei Road Slopes,626.3,44.15,280.3,0.02,-0.0132,4.42,1587.4,176.4,2,3,2.2,3.1,0.24,35.6,1.21,0.051,0.2141,0
NER-SIM-01575,Nagaland,Kohima,NH-29 Dimapur-Kohima By-pass,1489.7,51.31,140.7,-0.0083,-0.001,4.11,163.3,369.4,2,3,3.8,5.0,0.38,38.8,1.4,0.0,0.3012,0
NER-SIM-01576,Meghalaya,East Khasi Hills,NH-6 Shillong-Tamabil Highway,870.9,31.75,155.3,0.0688,-0.0805,4.69,1366.3,373.3,2,1,67.2,161.7,12.55,74.9,0.0,0.029,0.1732,0
NER-SIM-01577,Arunachal Pradesh,West Kameng,Bhalukpong-Bomdila-Tawang Route,2309.7,35.77,212.7,0.0433,-0.0302,4.49,809.1,178.5,5,2,11.2,16.1,0.89,34.8,1.25,0.066,0.1099,0
NER-SIM-01578,Manipur,Chandel,NH-102 Imphal-Moreh Corridor,702.7,41.67,46.4,-0.056,0.0476,3.81,4160.5,27.6,2,4,11.2,5.9,0.78,43.9,3.47,0.041,0.1051,0
NER-SIM-01579,Sikkim,Mangan,North Sikkim Highway (Chungthang),1681.2,34.7,174.1,-0.0271,0.0147,2.95,1508.1,392.6,5,1,100.1,279.8,14.58,80.5,16.0,0.111,0.6318,1
NER-SIM-01580,Arunachal Pradesh,Lower Subansiri,Ziro Foothill Section,1363.5,33.9,142.7,-0.0868,-0.0241,2.03,256.9,788.2,4,4,8.1,6.5,0.88,42.7,2.58,0.0,0.07,0
NER-SIM-01581,Meghalaya,East Khasi Hills,NH-6 Shillong-Tamabil Highway,743.0,34.59,21.8,0.0067,0.1285,7.62,695.7,1382.1,2,2,2.8,4.5,0.36,37.9,0.57,0.102,0.0524,0
NER-SIM-01582,Nagaland,Phek,Phek-Meluri Road Corridor,1825.2,45.05,327.5,-0.036,-0.0085,3.06,683.8,322.6,2,3,77.5,246.6,19.42,92.4,43.58,1.722,0.8967,1
NER-SIM-01583,Assam,Karbi Anglong,Diphu-Bokajan Escarpment,1319.1,23.21,258.6,0.0045,0.0587,3.25,2085.2,339.0,1,2,8.4,12.3,1.19,36.7,1.08,0.029,0.0806,0
NER-SIM-01584,Assam,Dima Hasao,NH-27 Lumding-Haflong Hill Cut,627.5,38.15,147.3,-0.0627,0.0451,6.6,2540.4,291.6,1,3,15.4,8.3,1.44,31.4,0.0,0.055,0.1213,0
NER-SIM-01585,Arunachal Pradesh,Lower Subansiri,Ziro Foothill Section,1550.6,30.5,16.3,0.0126,0.0085,6.27,108.1,349.8,4,2,77.3,229.6,14.49,65.2,4.23,0.067,0.4159,0
NER-SIM-01586,Meghalaya,East Khasi Hills,NH-6 Shillong-Tamabil Highway,2009.1,36.11,125.6,-0.0211,0.0267,7.68,30.5,499.9,1,1,61.5,63.9,7.12,49.0,0.76,0.026,0.1681,0
NER-SIM-01587,Mizoram,Aizawl,Aizawl-Lunglei Road Slopes,1238.7,43.31,221.1,0.0128,0.0244,4.79,1173.6,574.3,2,3,35.6,63.6,5.59,44.6,2.41,0.005,0.1304,0
NER-SIM-01588,Sikkim,Mangan,North Sikkim Highway (Chungthang),1594.9,47.34,81.7,-0.0354,-0.0062,4.45,956.8,31.2,5,1,0.3,0.5,0.03,34.3,0.06,0.023,0.1851,0
NER-SIM-01589,Mizoram,Aizawl,Aizawl-Lunglei Road Slopes,1131.5,50.35,47.2,0.0484,0.0397,3.95,6669.8,69.7,1,1,25.5,14.4,2.11,37.1,0.85,0.022,0.126,0
NER-SIM-01590,Sikkim,Pakyong,NH-10 Sevoke-Gangtok Corridor,988.6,38.04,354.9,-0.0414,0.102,3.91,5750.2,205.3,3,3,128.4,250.8,17.79,66.7,0.01,0.017,0.586,1
NER-SIM-01591,Manipur,Chandel,NH-102 Imphal-Moreh Corridor,830.2,25.38,157.3,-0.0044,-0.0107,5.4,1758.9,477.7,3,1,60.0,119.2,15.74,64.4,1.48,0.097,0.1382,0
NER-SIM-01592,Meghalaya,South West Khasi Hills,Mawsynram Valley Slopes,1282.8,48.55,312.9,-0.0229,0.0513,4.91,2205.1,362.9,2,1,11.6,13.4,1.56,38.7,3.05,0.016,0.1418,0
NER-SIM-01593,Meghalaya,South West Khasi Hills,Mawsynram Valley Slopes,968.8,36.64,115.9,0.0021,0.0494,2.5,483.5,108.3,1,2,4.3,5.4,0.35,36.4,3.34,0.105,0.0808,0
NER-SIM-01594,Sikkim,Pakyong,NH-10 Sevoke-Gangtok Corridor,1458.7,37.7,105.2,0.0149,-0.0036,2.87,4072.1,15.5,4,1,10.5,6.8,0.95,39.2,1.39,0.018,0.1411,0
NER-SIM-01595,Manipur,Noney,Tupul Railway Corridor Section,775.7,37.67,195.2,-0.0204,0.0275,2.86,25.5,83.3,2,1,27.4,33.1,4.54,45.3,1.3,0.03,0.1456,0
NER-SIM-01596,Nagaland,Kohima,NH-29 Dimapur-Kohima By-pass,2035.9,31.83,24.0,-0.0435,0.0851,4.89,585.2,536.2,3,1,177.9,427.0,23.9,88.0,29.94,0.1,0.9149,1
NER-SIM-01597,Arunachal Pradesh,Lower Subansiri,Ziro Foothill Section,1542.8,22.11,57.3,0.0964,0.0378,4.66,679.8,17.8,4,3,5.2,7.3,0.64,42.9,2.15,0.083,0.1605,0
NER-SIM-01598,Manipur,Noney,Tupul Railway Corridor Section,1080.9,39.13,293.9,0.0202,0.0939,5.77,4546.9,251.7,3,1,41.2,35.4,4.85,36.3,3.67,0.032,0.089,0
NER-SIM-01599,Mizoram,Aizawl,Aizawl-Lunglei Road Slopes,1070.7,48.06,189.0,-0.0445,-0.0265,6.27,838.8,363.6,2,1,5.8,5.8,0.86,45.1,2.74,0.079,0.1395,0
NER-SIM-01600,Manipur,Noney,Tupul Railway Corridor Section,1177.5,51.46,279.5,-0.0369,-0.0128,4.07,942.2,23.4,3,4,0.9,0.5,0.09,39.4,5.33,0.029,0.17,0
NER-SIM-01601,Meghalaya,East Khasi Hills,NH-6 Shillong-Tamabil Highway,1553.8,33.35,121.8,-0.0592,0.0003,2.97,327.1,47.5,1,3,152.4,344.8,33.78,78.4,14.28,0.0,0.9197,1
NER-SIM-01602,Manipur,Chandel,NH-102 Imphal-Moreh Corridor,174.5,37.1,58.6,0.0801,0.1091,6.44,1562.3,46.7,2,4,9.8,15.4,0.73,42.2,0.7,0.021,0.1564,0
NER-SIM-01603,Mizoram,Aizawl,Aizawl-Lunglei Road Slopes,1687.0,38.17,138.7,0.0451,-0.0281,2.0,548.8,312.4,2,1,11.6,18.4,1.1,41.3,1.94,0.04,0.0529,0
NER-SIM-01604,Meghalaya,East Khasi Hills,NH-6 Shillong-Tamabil Highway,1793.0,28.93,328.9,-0.0271,-0.067,5.56,54.4,23.2,2,3,195.9,442.3,58.56,74.3,1.22,0.091,0.9801,1
NER-SIM-01605,Sikkim,Mangan,North Sikkim Highway (Chungthang),1815.8,38.98,355.5,-0.0313,0.0164,4.24,598.6,375.4,4,1,103.0,317.8,20.78,83.8,21.75,2.501,0.8089,1
NER-SIM-01606,Mizoram,Champhai,Champhai-Zokhawthar Border Cut,1577.3,47.88,177.6,-0.0328,0.0132,4.16,70.3,526.4,1,1,15.7,14.3,1.07,37.6,1.02,0.01,0.1017,0
NER-SIM-01607,Nagaland,Kohima,NH-29 Dimapur-Kohima By-pass,1259.0,28.01,17.2,0.0684,-0.0588,7.44,125.2,6.7,3,3,100.6,273.3,13.53,82.8,24.87,0.023,0.8522,1
NER-SIM-01608,Arunachal Pradesh,West Kameng,Bhalukpong-Bomdila-Tawang Route,2453.3,38.3,336.0,0.0133,-0.0221,6.9,433.1,336.3,4,2,53.7,158.9,13.79,72.4,6.36,0.077,0.5717,1
NER-SIM-01609,Nagaland,Phek,Phek-Meluri Road Corridor,1448.7,38.9,129.6,-0.0165,0.0253,2.76,1271.7,1237.0,3,2,4.9,6.7,0.37,34.8,2.76,0.029,0.1424,0
NER-SIM-01610,Sikkim,Mangan,North Sikkim Highway (Chungthang),2198.7,45.89,14.7,-0.0267,0.0158,5.07,1541.4,24.9,5,1,20.5,15.9,3.11,38.9,1.14,0.021,0.2325,0
NER-SIM-01611,Manipur,Chandel,NH-102 Imphal-Moreh Corridor,851.9,44.75,291.4,-0.041,0.058,3.35,362.0,12.4,3,1,80.8,175.7,10.22,71.8,4.31,0.074,0.564,1
NER-SIM-01612,Nagaland,Kohima,NH-29 Dimapur-Kohima By-pass,1286.3,48.91,56.6,0.057,-0.0126,4.92,505.1,201.7,3,3,14.2,11.5,1.37,47.8,2.6,0.122,0.2993,0
NER-SIM-01613,Manipur,Noney,Tupul Railway Corridor Section,592.7,28.5,248.7,0.0002,-0.0233,4.85,1201.7,477.4,2,3,2.5,3.3,0.29,45.1,6.26,0.076,0.1096,0
NER-SIM-01614,Manipur,Noney,Tupul Railway Corridor Section,523.9,41.95,316.3,0.0446,-0.0196,4.95,1107.1,61.7,2,2,3.7,2.0,0.25,30.9,1.69,0.121,0.14,0
NER-SIM-01615,Sikkim,Pakyong,NH-10 Sevoke-Gangtok Corridor,1156.8,40.85,182.0,-0.1078,-0.0632,5.66,1616.5,358.2,3,4,11.8,16.9,1.18,41.1,0.0,0.052,0.1111,0
NER-SIM-01616,Nagaland,Kohima,NH-29 Dimapur-Kohima By-pass,1383.2,44.53,291.5,0.0121,-0.0125,3.64,1313.8,703.4,3,3,11.0,19.4,1.64,41.4,1.22,0.0,0.2617,0
NER-SIM-01617,Manipur,Chandel,NH-102 Imphal-Moreh Corridor,937.7,21.16,49.2,-0.004,0.0211,5.8,723.1,149.6,2,1,0.4,0.4,0.04,32.7,1.26,0.0,0.0536,0
NER-SIM-01618,Assam,Karbi Anglong,Diphu-Bokajan Escarpment,715.6,24.59,338.3,-0.0246,-0.0275,6.65,756.5,260.2,1,4,160.1,422.0,20.75,77.8,13.48,0.075,0.8512,1
NER-SIM-01619,Sikkim,Mangan,North Sikkim Highway (Chungthang),1668.4,36.26,262.2,-0.0272,-0.0949,4.31,1399.4,992.5,4,2,27.1,70.1,5.35,49.2,3.06,0.05,0.3697,0
NER-SIM-01620,Tripura,North Tripura,Jampui Hills Ridge Corridor,566.9,31.5,194.9,-0.0167,0.0781,6.98,5597.3,387.9,1,3,2.2,3.8,0.34,40.3,3.31,0.044,0.121,0
NER-SIM-01621,Nagaland,Phek,Phek-Meluri Road Corridor,1732.9,42.77,151.7,0.0761,-0.0001,6.94,833.7,6.2,3,1,23.8,32.6,2.1,42.6,3.3,0.109,0.2147,0
NER-SIM-01622,Sikkim,Pakyong,NH-10 Sevoke-Gangtok Corridor,720.7,29.56,96.8,0.0699,-0.0304,7.22,265.7,347.5,3,1,29.9,43.5,2.38,41.7,0.0,0.0,0.1088,0
NER-SIM-01623,Mizoram,Champhai,Champhai-Zokhawthar Border Cut,1235.5,38.19,156.7,0.0583,-0.0193,6.48,497.1,625.6,1,2,23.5,12.0,2.47,41.2,0.0,0.073,0.0725,0
NER-SIM-01624,Sikkim,Pakyong,NH-10 Sevoke-Gangtok Corridor,955.8,22.86,65.9,-0.0845,-0.06,4.48,2333.5,2142.8,4,2,116.7,285.1,27.57,87.4,30.2,0.069,0.7429,1
NER-SIM-01625,Arunachal Pradesh,West Kameng,Bhalukpong-Bomdila-Tawang Route,2212.4,55.59,145.2,0.012,-0.0854,2.0,429.6,567.1,4,1,70.9,153.9,10.55,76.2,10.56,0.0,0.7574,1
NER-SIM-01626,Tripura,North Tripura,Jampui Hills Ridge Corridor,439.8,29.3,325.5,0.012,0.0024,5.75,1720.8,109.5,1,1,17.6,24.2,1.33,43.5,2.64,0.0,0.0401,0
NER-SIM-01627,Arunachal Pradesh,West Kameng,Bhalukpong-Bomdila-Tawang Route,2596.6,39.98,355.5,0.0655,-0.011,4.34,342.4,94.8,5,3,0.4,0.4,0.06,31.1,0.42,0.0,0.355,0
NER-SIM-01628,Arunachal Pradesh,West Kameng,Bhalukpong-Bomdila-Tawang Route,2202.7,32.84,261.8,-0.0239,-0.0325,8.47,105.5,37.7,4,2,0.4,0.6,0.04,38.7,1.93,0.037,0.1245,0
NER-SIM-01629,Meghalaya,South West Khasi Hills,Mawsynram Valley Slopes,1657.7,40.89,198.8,-0.068,-0.0944,6.44,289.2,105.4,2,3,4.6,5.0,0.35,39.6,1.39,0.038,0.1822,0
NER-SIM-01630,Sikkim,Mangan,North Sikkim Highway (Chungthang),1997.8,33.01,248.2,-0.0543,-0.0074,5.83,1694.7,38.1,5,1,50.2,89.0,16.58,51.9,4.14,0.062,0.2815,0
NER-SIM-01631,Arunachal Pradesh,West Kameng,Bhalukpong-Bomdila-Tawang Route,2031.4,55.44,197.2,0.051,-0.0291,3.82,258.7,693.7,5,1,2.2,2.2,0.25,45.8,0.62,0.001,0.29,0
NER-SIM-01632,Mizoram,Champhai,Champhai-Zokhawthar Border Cut,1208.6,30.03,217.8,0.0647,0.0467,3.03,1276.6,373.1,2,2,172.3,478.5,36.12,78.3,15.19,0.058,0.8963,1
NER-SIM-01633,Sikkim,Mangan,North Sikkim Highway (Chungthang),2070.7,56.98,171.0,-0.0116,0.0578,3.55,4299.5,12.7,5,1,31.1,43.2,2.52,42.6,0.54,0.084,0.232,0
NER-SIM-01634,Mizoram,Champhai,Champhai-Zokhawthar Border Cut,1397.3,30.01,202.9,0.0686,-0.0065,4.6,1187.3,289.5,2,2,80.9,243.2,15.88,88.8,34.58,0.067,0.6867,1
NER-SIM-01635,Assam,Dima Hasao,NH-27 Lumding-Haflong Hill Cut,499.0,32.95,216.4,0.0794,0.0079,4.81,3584.6,453.3,1,1,5.5,7.8,0.86,36.3,0.68,0.117,0.0524,0
NER-SIM-01636,Arunachal Pradesh,West Kameng,Bhalukpong-Bomdila-Tawang Route,2003.4,46.14,117.4,-0.0332,0.0664,4.84,168.1,120.8,5,4,87.9,247.8,24.56,68.5,1.9,0.031,0.6663,1
NER-SIM-01637,Nagaland,Kohima,NH-29 Dimapur-Kohima By-pass,1130.7,35.07,89.9,0.0147,0.0651,5.4,1158.0,17.2,3,2,17.9,18.2,2.7,45.0,2.53,0.041,0.0957,0
NER-SIM-01638,Arunachal Pradesh,Lower Subansiri,Ziro Foothill Section,1537.9,29.46,279.6,0.0058,0.0786,4.6,871.2,372.9,3,3,41.4,102.2,8.7,49.9,0.82,0.076,0.2552,0
NER-SIM-01639,Nagaland,Kohima,NH-29 Dimapur-Kohima By-pass,1212.5,39.92,318.4,-0.0054,-0.0807,3.65,571.6,1324.2,2,3,153.5,339.4,42.96,84.9,26.57,0.268,0.9435,1
NER-SIM-01640,Meghalaya,East Khasi Hills,NH-6 Shillong-Tamabil Highway,1120.3,32.56,225.9,-0.0285,-0.0288,6.98,2521.4,438.9,1,1,154.5,337.7,33.29,75.7,11.49,0.0,0.5936,1
NER-SIM-01641,Manipur,Noney,Tupul Railway Corridor Section,1009.3,28.65,107.7,0.0568,-0.0111,5.26,2349.1,118.6,2,1,137.8,209.6,18.03,81.9,17.71,0.092,0.6475,1
NER-SIM-01642,Sikkim,Pakyong,NH-10 Sevoke-Gangtok Corridor,837.9,36.84,240.6,0.0377,0.0231,5.24,3677.9,52.3,3,1,128.6,374.1,22.8,80.8,16.78,0.065,0.8938,1
NER-SIM-01643,Assam,Dima Hasao,NH-27 Lumding-Haflong Hill Cut,477.7,39.32,81.9,-0.0635,-0.0606,5.76,299.6,80.9,1,2,15.0,16.0,1.85,47.4,4.39,0.028,0.1336,0
NER-SIM-01644,Arunachal Pradesh,West Kameng,Bhalukpong-Bomdila-Tawang Route,2096.4,50.59,90.0,-0.0272,0.0182,2.85,656.1,26.6,4,1,7.2,3.6,1.03,27.0,2.06,0.078,0.1338,0
NER-SIM-01645,Sikkim,Mangan,North Sikkim Highway (Chungthang),1734.5,42.09,82.6,0.0592,-0.0091,4.37,955.2,258.9,5,1,122.3,336.2,21.27,79.8,17.6,0.093,0.9186,1
NER-SIM-01646,Meghalaya,East Khasi Hills,NH-6 Shillong-Tamabil Highway,1472.5,35.76,201.0,0.0516,-0.0259,9.86,90.5,283.3,2,2,43.2,50.9,3.4,46.9,1.92,0.083,0.402,0
NER-SIM-01647,Meghalaya,South West Khasi Hills,Mawsynram Valley Slopes,1171.8,12.98,74.3,-0.0275,0.0909,6.91,483.8,156.8,2,2,11.8,13.3,0.79,27.9,3.24,0.031,0.0656,0
NER-SIM-01648,Arunachal Pradesh,Lower Subansiri,Ziro Foothill Section,1297.0,22.32,283.2,-0.0009,-0.053,7.4,1729.5,971.7,4,4,1.8,1.4,0.12,36.7,1.11,0.051,0.0301,0
NER-SIM-01649,Tripura,North Tripura,Jampui Hills Ridge Corridor,360.8,24.4,240.9,-0.0402,0.0626,4.9,2296.4,181.9,1,1,138.6,247.5,20.86,76.2,11.52,0.056,0.5374,1
NER-SIM-01650,Mizoram,Aizawl,Aizawl-Lunglei Road Slopes,1403.8,37.85,139.2,0.068,0.0133,5.71,466.4,1136.3,1,4,65.8,207.3,12.9,82.7,18.07,1.428,0.4448,0
NER-SIM-01651,Nagaland,Kohima,NH-29 Dimapur-Kohima By-pass,1451.9,39.01,267.0,-0.0631,-0.0076,4.71,576.6,98.0,2,3,86.7,267.3,14.42,93.0,48.11,0.31,0.8605,1
NER-SIM-01652,Sikkim,Pakyong,NH-10 Sevoke-Gangtok Corridor,1250.6,28.01,114.2,-0.0567,0.0235,8.69,896.9,88.5,4,1,205.4,621.9,25.95,73.3,1.19,0.069,0.9462,1
NER-SIM-01653,Sikkim,Pakyong,NH-10 Sevoke-Gangtok Corridor,868.3,42.5,37.7,0.0185,-0.0407,5.03,443.6,375.3,3,2,14.5,24.4,1.65,40.8,2.63,0.112,0.179,0
NER-SIM-01654,Arunachal Pradesh,West Kameng,Bhalukpong-Bomdila-Tawang Route,1949.2,44.14,228.0,-0.0999,-0.0923,4.37,2356.2,13.1,5,1,53.6,80.9,15.25,42.4,0.0,0.055,0.2069,0
NER-SIM-01655,Nagaland,Kohima,NH-29 Dimapur-Kohima By-pass,898.7,39.0,84.6,-0.0047,0.0134,5.3,763.2,91.8,3,1,42.3,93.4,8.32,54.5,2.41,0.008,0.2301,0
NER-SIM-01656,Nagaland,Phek,Phek-Meluri Road Corridor,1563.0,54.75,295.0,-0.1076,-0.0001,4.17,1578.4,1510.4,3,2,45.4,75.6,7.87,54.1,1.96,0.054,0.2542,0
NER-SIM-01657,Mizoram,Aizawl,Aizawl-Lunglei Road Slopes,770.8,41.55,221.0,0.0302,0.0127,2.86,129.5,677.7,2,2,51.9,47.9,7.06,41.5,0.36,0.099,0.1755,0
NER-SIM-01658,Mizoram,Champhai,Champhai-Zokhawthar Border Cut,1347.2,19.95,226.3,0.0591,0.0607,7.97,243.2,106.1,2,2,153.7,344.6,27.47,72.7,0.15,0.033,0.8545,1
NER-SIM-01659,Mizoram,Aizawl,Aizawl-Lunglei Road Slopes,1393.3,39.57,53.3,0.1044,-0.027,5.2,45.1,365.3,2,2,1.0,1.6,0.09,42.4,3.34,0.0,0.1129,0
NER-SIM-01660,Nagaland,Phek,Phek-Meluri Road Corridor,1905.2,49.1,37.3,-0.0198,-0.0484,4.92,1332.9,905.4,2,3,2.9,2.4,0.26,39.6,4.5,0.09,0.1616,0
NER-SIM-01661,Arunachal Pradesh,Lower Subansiri,Ziro Foothill Section,1427.7,33.76,160.4,0.0116,-0.0052,4.27,742.8,429.2,3,3,164.9,305.4,24.62,74.7,3.18,0.067,0.8379,1
NER-SIM-01662,Arunachal Pradesh,Lower Subansiri,Ziro Foothill Section,1604.1,21.99,158.6,-0.065,0.0073,6.45,1015.2,64.2,4,3,27.7,27.4,2.47,39.2,1.29,0.043,0.1638,0
NER-SIM-01663,Nagaland,Kohima,NH-29 Dimapur-Kohima By-pass,1791.5,32.33,43.2,0.0046,0.0874,5.16,1823.6,172.1,3,4,6.0,5.1,0.79,32.8,1.56,0.052,0.0468,0
NER-SIM-01664,Arunachal Pradesh,West Kameng,Bhalukpong-Bomdila-Tawang Route,2177.1,45.74,196.6,0.0153,-0.0545,2.74,2300.8,334.9,3,2,13.5,24.3,1.59,44.3,1.86,0.046,0.1515,0
NER-SIM-01665,Assam,Karbi Anglong,Diphu-Bokajan Escarpment,53.6,25.62,153.9,-0.043,0.0229,3.36,2102.3,70.6,1,1,117.5,202.8,26.57,68.4,2.19,0.022,0.3386,0
NER-SIM-01666,Meghalaya,South West Khasi Hills,Mawsynram Valley Slopes,1704.1,20.59,346.3,0.0116,-0.0193,5.57,529.6,97.5,1,3,0.5,0.4,0.03,37.2,3.43,0.052,0.0893,0
NER-SIM-01667,Manipur,Chandel,NH-102 Imphal-Moreh Corridor,891.1,25.06,312.1,-0.0149,0.0225,4.66,387.8,423.1,4,1,21.4,27.6,3.33,42.9,1.93,0.001,0.0796,0
NER-SIM-01668,Manipur,Noney,Tupul Railway Corridor Section,378.5,37.01,288.6,-0.0199,-0.0693,6.09,2011.6,98.3,3,1,0.5,0.8,0.08,39.0,8.13,0.097,0.0855,0
NER-SIM-01669,Assam,Karbi Anglong,Diphu-Bokajan Escarpment,570.9,29.8,322.4,0.0378,-0.0078,4.1,1183.1,46.6,1,2,4.7,4.5,0.53,34.6,4.3,0.042,0.0901,0
NER-SIM-01670,Manipur,Noney,Tupul Railway Corridor Section,738.9,35.72,115.1,0.005,-0.0259,7.05,1206.7,70.7,2,4,12.6,11.0,1.24,45.1,1.84,0.0,0.0567,0
NER-SIM-01671,Manipur,Chandel,NH-102 Imphal-Moreh Corridor,1153.5,16.68,57.1,-0.0214,-0.0097,5.65,294.4,92.5,3,1,14.7,21.6,1.94,37.2,0.57,0.088,0.061,0
NER-SIM-01672,Arunachal Pradesh,West Kameng,Bhalukpong-Bomdila-Tawang Route,2325.2,42.25,198.9,0.0215,0.0684,5.56,471.9,550.1,3,3,200.2,376.8,26.56,72.1,1.94,0.086,0.9597,1
NER-SIM-01673,Meghalaya,East Khasi Hills,NH-6 Shillong-Tamabil Highway,1567.0,28.6,274.1,0.0342,0.1174,3.93,381.3,317.9,2,2,113.5,351.0,24.67,80.0,15.31,0.054,0.7859,1
NER-SIM-01674,Manipur,Chandel,NH-102 Imphal-Moreh Corridor,826.1,40.58,221.2,0.0047,0.0054,7.9,1445.4,467.6,3,1,1.9,2.4,0.2,37.2,1.58,0.047,0.0899,0
NER-SIM-01675,Manipur,Noney,Tupul Railway Corridor Section,941.3,33.3,161.2,-0.0025,0.0235,4.85,1344.5,39.7,3,4,36.5,71.0,5.87,43.5,0.4,0.061,0.1279,0
NER-SIM-01676,Tripura,North Tripura,Jampui Hills Ridge Corridor,443.4,39.44,266.2,-0.0028,-0.0751,5.44,1908.0,519.8,1,1,8.8,4.4,0.95,32.4,1.97,0.017,0.04,0
NER-SIM-01677,Nagaland,Kohima,NH-29 Dimapur-Kohima By-pass,1192.2,40.29,36.3,-0.0166,0.0205,6.14,916.0,31.1,2,3,52.6,80.7,10.6,58.8,1.86,0.0,0.4057,0
NER-SIM-01678,Assam,Dima Hasao,NH-27 Lumding-Haflong Hill Cut,745.4,26.13,169.8,-0.0023,-0.0679,5.69,586.7,242.4,1,4,20.9,25.7,1.55,37.9,0.0,0.083,0.0732,0
NER-SIM-01679,Mizoram,Champhai,Champhai-Zokhawthar Border Cut,1650.4,35.48,304.8,-0.0094,0.0523,4.37,1119.8,32.3,2,1,22.2,30.1,3.55,40.8,3.47,0.058,0.0938,0
NER-SIM-01680,Assam,Karbi Anglong,Diphu-Bokajan Escarpment,82.9,38.26,252.1,-0.0065,0.1069,4.01,601.4,882.9,1,2,4.2,2.2,0.34,38.1,0.0,0.047,0.0869,0
NER-SIM-01681,Tripura,North Tripura,Jampui Hills Ridge Corridor,732.1,26.7,194.7,-0.0096,0.0617,4.96,1587.0,164.2,1,1,17.9,25.9,2.45,43.1,0.37,0.058,0.0367,0
NER-SIM-01682,Sikkim,Pakyong,NH-10 Sevoke-Gangtok Corridor,1119.3,32.71,335.5,-0.0182,0.0116,5.73,13.6,388.0,4,1,2.3,2.0,0.19,36.6,1.45,0.045,0.0657,0
NER-SIM-01683,Sikkim,Pakyong,NH-10 Sevoke-Gangtok Corridor,1445.0,53.48,108.6,0.0393,0.0729,2.28,491.6,150.6,3,1,14.5,18.9,1.68,41.7,3.94,0.101,0.2703,0
NER-SIM-01684,Manipur,Chandel,NH-102 Imphal-Moreh Corridor,843.6,28.78,268.8,-0.0037,0.0016,6.81,895.7,585.3,3,2,3.0,4.8,0.2,38.6,0.0,0.094,0.0795,0
NER-SIM-01685,Meghalaya,South West Khasi Hills,Mawsynram Valley Slopes,1475.6,37.51,16.4,0.065,-0.0237,5.7,4435.3,55.2,2,1,6.0,7.0,0.63,38.4,0.0,0.065,0.0639,0
NER-SIM-01686,Assam,Karbi Anglong,Diphu-Bokajan Escarpment,346.4,16.98,271.3,-0.0262,0.0637,4.02,2389.7,24.2,1,4,3.0,4.1,0.33,39.1,1.33,0.0,0.0484,0
NER-SIM-01687,Assam,Dima Hasao,NH-27 Lumding-Haflong Hill Cut,1065.8,31.57,148.3,-0.0753,-0.103,2.7,1014.5,47.7,1,2,10.2,7.1,1.17,25.3,4.15,0.012,0.054,0
NER-SIM-01688,Assam,Dima Hasao,NH-27 Lumding-Haflong Hill Cut,782.5,21.1,140.9,-0.0168,0.0462,7.57,2582.2,392.9,1,3,260.0,562.2,48.66,81.5,23.96,0.033,0.9799,1
NER-SIM-01689,Tripura,North Tripura,Jampui Hills Ridge Corridor,778.0,24.05,100.4,0.08,-0.0313,8.05,168.4,424.9,1,4,3.3,2.7,0.48,36.2,2.0,0.016,0.0635,0
NER-SIM-01690,Sikkim,Mangan,North Sikkim Highway (Chungthang),1605.8,33.68,171.5,0.0856,-0.0255,4.57,820.3,57.1,4,4,92.1,283.2,15.25,76.0,7.23,0.019,0.5668,1
NER-SIM-01691,Manipur,Chandel,NH-102 Imphal-Moreh Corridor,1137.7,21.99,274.9,-0.0515,-0.0587,7.9,2407.4,47.5,2,4,79.5,198.7,21.78,83.4,28.34,0.088,0.3984,0
NER-SIM-01692,Mizoram,Champhai,Champhai-Zokhawthar Border Cut,1658.8,22.47,231.0,0.0822,-0.0575,6.61,418.7,83.0,1,1,6.4,10.4,0.44,32.1,0.0,0.026,0.0419,0
NER-SIM-01693,Arunachal Pradesh,Lower Subansiri,Ziro Foothill Section,1485.4,21.06,238.7,0.0691,0.0053,4.15,2500.8,285.8,2,3,100.1,168.5,14.18,73.7,0.02,0.113,0.6108,1
NER-SIM-01694,Meghalaya,South West Khasi Hills,Mawsynram Valley Slopes,1403.0,37.9,227.4,-0.0074,0.017,5.98,1408.6,409.7,2,2,9.2,16.4,1.32,44.5,3.9,0.147,0.0565,0
NER-SIM-01695,Nagaland,Kohima,NH-29 Dimapur-Kohima By-pass,1549.9,13.35,29.3,0.0276,-0.0273,2.93,222.0,142.2,2,1,1.4,2.0,0.16,35.0,0.0,0.057,0.0588,0
NER-SIM-01696,Manipur,Noney,Tupul Railway Corridor Section,1224.5,46.43,107.4,0.0713,-0.0693,4.33,1505.3,852.2,4,2,130.5,265.5,21.17,90.8,34.08,6.49,0.9364,1
NER-SIM-01697,Assam,Karbi Anglong,Diphu-Bokajan Escarpment,553.8,31.94,55.8,0.04,0.0396,3.36,189.7,10.4,1,3,120.7,194.4,20.49,80.8,16.31,0.05,0.7103,1
NER-SIM-01698,Nagaland,Kohima,NH-29 Dimapur-Kohima By-pass,1292.5,34.58,207.3,0.0346,0.0736,3.13,271.1,424.7,2,3,60.0,170.3,14.4,77.5,14.24,0.12,0.5338,1
NER-SIM-01699,Meghalaya,South West Khasi Hills,Mawsynram Valley Slopes,1213.9,55.14,287.6,-0.0672,0.0689,3.51,3406.3,268.9,1,1,33.3,35.0,3.6,48.1,2.02,0.0,0.1099,0
NER-SIM-01700,Tripura,North Tripura,Jampui Hills Ridge Corridor,702.0,14.63,7.3,0.067,0.0334,5.89,1409.9,397.4,1,3,2.6,4.2,0.23,29.7,1.24,0.102,0.0684,0
NER-SIM-01701,Nagaland,Phek,Phek-Meluri Road Corridor,1676.3,36.47,45.5,0.0686,-0.0908,6.24,2144.8,819.4,3,1,1.6,1.0,0.2,32.5,5.05,0.078,0.0462,0
NER-SIM-01702,Nagaland,Kohima,NH-29 Dimapur-Kohima By-pass,1639.3,33.63,115.2,-0.0303,0.0152,4.39,909.1,48.3,3,3,210.5,623.7,30.76,79.3,13.14,0.028,0.983,1
NER-SIM-01703,Manipur,Noney,Tupul Railway Corridor Section,844.3,46.47,239.8,-0.0164,-0.0349,2.79,72.3,573.0,3,1,178.2,568.6,40.1,84.3,29.43,0.452,0.9812,1
NER-SIM-01704,Nagaland,Kohima,NH-29 Dimapur-Kohima By-pass,1649.1,36.2,342.2,-0.0073,-0.0104,2.99,16.3,292.7,3,4,16.2,16.7,1.85,41.5,1.97,0.015,0.1072,0
NER-SIM-01705,Mizoram,Champhai,Champhai-Zokhawthar Border Cut,1495.7,17.39,266.3,0.0347,-0.0267,7.31,124.8,63.9,1,3,91.9,184.0,12.4,86.3,28.16,0.075,0.5787,1
NER-SIM-01706,Mizoram,Aizawl,Aizawl-Lunglei Road Slopes,1415.9,37.18,71.1,-0.0208,0.0519,3.87,202.6,68.9,2,1,37.8,82.6,10.69,55.4,0.1,0.053,0.3035,0
NER-SIM-01707,Tripura,North Tripura,Jampui Hills Ridge Corridor,948.9,18.04,68.2,0.0426,0.0352,5.63,5077.5,132.9,1,1,8.4,14.4,0.61,39.9,3.06,0.0,0.0247,0
NER-SIM-01708,Mizoram,Champhai,Champhai-Zokhawthar Border Cut,1453.5,41.22,41.7,-0.0051,-0.0794,3.65,1963.5,217.8,1,1,2.9,4.0,0.29,48.1,0.83,0.055,0.0469,0
NER-SIM-01709,Nagaland,Phek,Phek-Meluri Road Corridor,1624.4,41.76,44.5,-0.0191,-0.0602,4.77,1045.8,1094.1,3,4,149.6,474.5,22.14,78.3,8.75,0.0,0.8958,1
NER-SIM-01710,Nagaland,Phek,Phek-Meluri Road Corridor,1423.1,22.84,148.2,0.014,0.0208,6.13,224.5,79.6,3,1,35.8,39.0,4.29,42.8,1.5,0.0,0.1788,0
NER-SIM-01711,Meghalaya,South West Khasi Hills,Mawsynram Valley Slopes,1128.8,41.84,138.8,0.0696,0.0265,6.02,414.1,608.8,2,4,40.5,98.5,12.68,58.7,2.48,0.028,0.3814,0
NER-SIM-01712,Assam,Karbi Anglong,Diphu-Bokajan Escarpment,525.2,21.28,66.7,0.062,-0.0387,4.17,319.4,312.5,1,1,1.4,0.8,0.11,38.9,2.6,0.122,0.067,0
NER-SIM-01713,Mizoram,Champhai,Champhai-Zokhawthar Border Cut,1405.5,25.24,164.8,-0.0714,0.0077,6.48,748.4,313.1,2,3,27.1,44.5,2.22,44.7,2.45,0.045,0.145,0
NER-SIM-01714,Manipur,Chandel,NH-102 Imphal-Moreh Corridor,714.3,34.05,105.5,-0.0381,-0.0647,7.12,858.2,149.6,2,1,14.4,16.1,2.11,34.9,2.55,0.055,0.0968,0
NER-SIM-01715,Arunachal Pradesh,Lower Subansiri,Ziro Foothill Section,1848.3,18.58,225.7,0.0951,-0.0298,5.44,6594.8,353.0,4,4,26.5,14.0,3.2,31.9,2.12,0.017,0.0279,0
NER-SIM-01716,Mizoram,Champhai,Champhai-Zokhawthar Border Cut,1520.3,34.12,327.5,-0.0267,0.0313,6.8,135.9,28.1,2,3,33.3,63.6,8.25,36.8,3.22,0.023,0.3657,0
NER-SIM-01717,Arunachal Pradesh,Lower Subansiri,Ziro Foothill Section,1257.5,27.59,163.3,-0.0661,-0.0085,6.23,1838.0,426.4,4,4,5.6,7.7,0.47,39.6,1.65,0.0,0.0526,0
NER-SIM-01718,Meghalaya,South West Khasi Hills,Mawsynram Valley Slopes,1570.5,23.28,60.3,-0.0291,0.0186,9.7,336.4,178.3,2,2,40.6,71.9,5.22,50.2,3.78,0.06,0.1817,0
NER-SIM-01719,Assam,Dima Hasao,NH-27 Lumding-Haflong Hill Cut,704.5,31.0,172.2,-0.0837,0.0185,5.23,2163.3,413.1,1,1,151.3,288.0,23.57,82.5,17.54,0.0,0.689,1
NER-SIM-01720,Assam,Karbi Anglong,Diphu-Bokajan Escarpment,935.4,7.68,254.6,-0.0768,-0.0012,7.51,804.4,89.1,1,3,21.4,28.8,1.65,35.0,3.97,0.038,0.0452,0
NER-SIM-01721,Sikkim,Mangan,North Sikkim Highway (Chungthang),1935.5,40.53,291.8,-0.0117,-0.0168,8.85,1250.3,1065.0,5,4,148.2,349.4,19.11,77.5,10.24,0.015,0.6617,1
NER-SIM-01722,Manipur,Chandel,NH-102 Imphal-Moreh Corridor,1064.1,35.85,255.2,-0.0551,0.022,5.13,328.4,503.4,2,3,93.5,156.6,11.95,71.1,2.24,0.106,0.4884,0
NER-SIM-01723,Arunachal Pradesh,Lower Subansiri,Ziro Foothill Section,1672.5,26.51,12.6,-0.0439,-0.0522,5.17,412.7,260.4,3,1,89.5,279.2,13.76,85.9,29.58,0.099,0.7391,1
NER-SIM-01724,Manipur,Noney,Tupul Railway Corridor Section,477.6,38.07,134.3,0.0261,0.0092,2.5,561.6,215.0,2,3,16.0,24.5,2.17,40.4,4.13,0.073,0.1224,0
NER-SIM-01725,Arunachal Pradesh,West Kameng,Bhalukpong-Bomdila-Tawang Route,1827.6,39.87,49.0,0.0496,0.0865,7.49,3945.2,858.0,5,4,101.8,272.3,25.98,81.3,16.34,0.028,0.4851,0
NER-SIM-01726,Manipur,Chandel,NH-102 Imphal-Moreh Corridor,1064.6,30.23,223.6,0.0897,-0.0595,4.55,598.5,1094.1,3,2,25.5,42.4,3.4,48.3,1.71,0.052,0.1451,0
NER-SIM-01727,Tripura,North Tripura,Jampui Hills Ridge Corridor,684.6,30.47,223.7,0.0675,-0.0553,6.22,185.5,223.0,1,2,83.0,193.6,13.14,74.4,2.03,0.048,0.5701,1
NER-SIM-01728,Arunachal Pradesh,West Kameng,Bhalukpong-Bomdila-Tawang Route,2032.3,66.59,217.3,0.0116,0.0144,3.48,104.2,721.8,4,2,16.3,9.8,1.61,33.4,0.8,0.011,0.4125,0
NER-SIM-01729,Assam,Dima Hasao,NH-27 Lumding-Haflong Hill Cut,755.4,33.21,333.2,0.0218,-0.0331,5.45,93.8,311.1,2,1,114.0,189.0,15.12,75.8,5.6,0.035,0.6095,1
NER-SIM-01730,Sikkim,Mangan,North Sikkim Highway (Chungthang),1958.4,48.93,79.4,0.0276,0.0412,2.0,981.4,887.8,4,4,23.3,64.5,6.94,55.8,2.51,0.099,0.1651,0
NER-SIM-01731,Manipur,Chandel,NH-102 Imphal-Moreh Corridor,968.4,47.56,235.1,0.0291,-0.0384,3.57,1224.0,830.3,2,2,28.4,83.5,3.86,58.1,0.77,0.042,0.1893,0
NER-SIM-01732,Mizoram,Champhai,Champhai-Zokhawthar Border Cut,1130.2,23.49,117.0,0.0162,0.013,5.57,1306.2,75.7,1,2,1.6,1.0,0.11,25.0,1.05,0.054,0.0587,0
NER-SIM-01733,Manipur,Noney,Tupul Railway Corridor Section,857.1,41.67,298.0,0.0754,-0.0099,5.11,6009.9,889.1,4,4,5.5,7.5,0.47,30.6,1.93,0.112,0.0657,0
NER-SIM-01734,Mizoram,Aizawl,Aizawl-Lunglei Road Slopes,1125.9,39.74,60.0,0.0687,0.012,4.82,2882.3,7.3,1,4,212.1,320.5,53.82,89.1,33.91,0.495,0.9195,1
NER-SIM-01735,Mizoram,Aizawl,Aizawl-Lunglei Road Slopes,961.7,31.74,189.6,-0.0564,-0.0619,6.92,600.0,52.7,2,3,39.3,83.1,5.8,61.8,1.68,0.087,0.3055,0
NER-SIM-01736,Manipur,Chandel,NH-102 Imphal-Moreh Corridor,348.7,24.23,4.0,0.0541,-0.0077,6.11,560.3,15.9,3,2,23.5,60.4,3.63,51.7,0.15,0.082,0.1583,0
NER-SIM-01737,Assam,Karbi Anglong,Diphu-Bokajan Escarpment,179.6,23.06,16.9,0.0183,0.0583,7.83,1142.1,420.6,1,2,26.1,27.9,2.72,46.5,1.28,0.023,0.0895,0
NER-SIM-01738,Sikkim,Mangan,North Sikkim Highway (Chungthang),1869.4,46.58,3.2,0.0395,0.0322,2.0,1426.0,218.2,4,4,1.8,2.6,0.27,46.7,0.0,0.035,0.0521,0
NER-SIM-01739,Sikkim,Pakyong,NH-10 Sevoke-Gangtok Corridor,1265.3,32.56,70.4,0.0574,-0.0664,3.03,472.8,138.2,4,1,2.7,3.6,0.28,28.7,3.86,0.005,0.0783,0
NER-SIM-01740,Nagaland,Phek,Phek-Meluri Road Corridor,990.3,33.57,41.9,0.0629,-0.0488,6.48,556.0,14.2,3,4,54.2,87.9,11.41,57.8,1.49,0.061,0.2204,0
NER-SIM-01741,Assam,Dima Hasao,NH-27 Lumding-Haflong Hill Cut,705.5,23.95,327.7,-0.0039,0.0094,8.31,698.1,314.4,1,3,12.0,19.7,1.1,36.4,5.74,0.052,0.1079,0
NER-SIM-01742,Manipur,Chandel,NH-102 Imphal-Moreh Corridor,665.1,37.08,100.9,0.0223,0.0451,4.88,2490.6,659.5,2,3,22.9,61.9,7.39,45.7,1.19,0.089,0.1943,0
NER-SIM-01743,Assam,Dima Hasao,NH-27 Lumding-Haflong Hill Cut,1127.4,31.26,309.1,0.0461,0.0464,6.44,362.2,328.6,1,2,36.9,46.4,2.59,42.6,0.92,0.079,0.2117,0
NER-SIM-01744,Sikkim,Pakyong,NH-10 Sevoke-Gangtok Corridor,972.1,34.35,92.1,-0.0694,-0.0679,3.49,537.9,57.5,4,4,9.9,7.1,0.97,42.9,1.17,0.033,0.1061,0
NER-SIM-01745,Nagaland,Phek,Phek-Meluri Road Corridor,1602.6,41.48,264.0,-0.0094,0.0581,7.88,446.9,1032.7,2,1,12.9,13.5,1.44,53.5,0.02,0.0,0.1786,0
NER-SIM-01746,Tripura,North Tripura,Jampui Hills Ridge Corridor,637.0,24.35,140.8,-0.0697,0.0188,5.93,39.1,974.2,1,1,4.5,4.7,0.36,39.7,0.0,0.056,0.0397,0
NER-SIM-01747,Tripura,North Tripura,Jampui Hills Ridge Corridor,336.7,19.27,315.6,0.0382,-0.0338,3.34,255.0,307.3,1,3,85.8,221.0,24.45,83.7,27.01,0.04,0.7732,1
NER-SIM-01748,Meghalaya,South West Khasi Hills,Mawsynram Valley Slopes,1501.1,23.3,15.3,0.077,0.0228,6.41,297.9,259.6,1,1,9.2,13.1,1.27,42.5,2.82,0.106,0.0698,0
NER-SIM-01749,Mizoram,Aizawl,Aizawl-Lunglei Road Slopes,1355.9,38.34,38.4,-0.0113,0.0295,5.95,488.0,629.7,2,2,9.0,7.7,1.09,35.6,0.0,0.0,0.1025,0
NER-SIM-01750,Manipur,Noney,Tupul Railway Corridor Section,833.5,40.48,197.0,0.0046,-0.0174,4.45,740.3,741.0,3,1,10.6,15.3,0.92,30.6,2.6,0.046,0.0903,0
NER-SIM-01751,Mizoram,Champhai,Champhai-Zokhawthar Border Cut,1463.0,15.12,298.2,0.0556,0.0612,5.37,2065.2,8.1,1,3,5.8,7.5,0.46,33.8,3.16,0.161,0.0891,0
NER-SIM-01752,Mizoram,Champhai,Champhai-Zokhawthar Border Cut,1092.0,27.57,36.8,-0.0673,0.0548,6.2,2137.7,414.1,2,3,10.6,8.6,1.45,29.9,1.02,0.067,0.0991,0
NER-SIM-01753,Arunachal Pradesh,Lower Subansiri,Ziro Foothill Section,1545.4,23.93,331.2,-0.0332,-0.1069,6.2,3952.0,509.3,4,4,64.9,118.1,9.41,66.0,2.07,0.01,0.1772,0
NER-SIM-01754,Meghalaya,South West Khasi Hills,Mawsynram Valley Slopes,1228.2,48.79,13.8,0.0067,0.013,3.61,169.4,330.4,2,3,5.7,9.1,0.49,29.7,0.49,0.078,0.3144,0
NER-SIM-01755,Arunachal Pradesh,Lower Subansiri,Ziro Foothill Section,1733.5,29.66,340.3,-0.0222,-0.0574,6.01,438.0,331.0,4,3,161.1,366.5,22.79,71.2,2.93,0.099,0.8962,1
NER-SIM-01756,Meghalaya,East Khasi Hills,NH-6 Shillong-Tamabil Highway,2098.8,23.82,219.1,-0.0151,-0.0175,6.52,2686.8,193.7,2,4,10.0,5.7,0.78,35.1,0.0,0.053,0.0519,0
NER-SIM-01757,Meghalaya,South West Khasi Hills,Mawsynram Valley Slopes,1285.5,28.74,134.4,0.0227,0.0017,7.79,665.8,348.0,1,3,252.0,627.3,32.72,83.4,29.07,0.136,0.991,1
NER-SIM-01758,Arunachal Pradesh,Lower Subansiri,Ziro Foothill Section,1556.0,32.58,285.3,0.0123,-0.0091,7.11,249.5,167.2,3,1,0.3,0.3,0.04,37.8,4.99,0.105,0.1312,0
NER-SIM-01759,Arunachal Pradesh,West Kameng,Bhalukpong-Bomdila-Tawang Route,2410.5,37.23,339.9,-0.0371,-0.0569,6.44,863.0,186.9,5,1,17.1,27.1,3.49,43.1,0.93,0.007,0.1012,0
NER-SIM-01760,Arunachal Pradesh,West Kameng,Bhalukpong-Bomdila-Tawang Route,1837.9,32.76,113.7,-0.0718,0.0264,4.03,1857.3,334.5,4,1,4.0,5.1,0.31,34.9,4.36,0.011,0.0872,0
NER-SIM-01761,Meghalaya,South West Khasi Hills,Mawsynram Valley Slopes,1197.6,34.85,235.5,-0.0343,-0.0218,2.36,83.2,264.1,1,2,3.1,2.8,0.23,38.1,1.8,0.083,0.115,0
NER-SIM-01762,Assam,Dima Hasao,NH-27 Lumding-Haflong Hill Cut,1107.1,32.87,243.1,0.0549,-0.1224,7.07,732.5,12.7,1,1,90.2,228.2,21.13,89.9,38.46,1.691,0.6699,1
NER-SIM-01763,Sikkim,Pakyong,NH-10 Sevoke-Gangtok Corridor,1074.4,45.25,320.1,-0.0242,0.0558,6.48,2396.9,174.7,3,2,40.3,85.3,6.02,50.7,3.33,0.083,0.2327,0
NER-SIM-01764,Arunachal Pradesh,Lower Subansiri,Ziro Foothill Section,1501.5,10.68,240.1,0.0622,-0.0256,5.51,3302.2,587.5,5,3,18.2,29.8,1.98,47.4,2.0,0.043,0.0669,0
NER-SIM-01765,Arunachal Pradesh,West Kameng,Bhalukpong-Bomdila-Tawang Route,2168.2,36.85,166.3,-0.0504,0.0096,3.97,1234.6,403.9,5,1,4.9,2.8,0.54,36.1,0.04,0.054,0.0717,0
NER-SIM-01766,Tripura,North Tripura,Jampui Hills Ridge Corridor,643.8,34.79,32.3,0.0543,-0.0198,6.27,1997.4,345.9,1,2,15.2,20.6,1.06,45.9,4.01,0.063,0.1035,0
NER-SIM-01767,Assam,Karbi Anglong,Diphu-Bokajan Escarpment,775.8,24.6,95.7,0.0243,-0.0214,8.58,396.1,500.5,1,3,29.7,27.2,4.17,34.6,1.44,0.051,0.1281,0
NER-SIM-01768,Assam,Karbi Anglong,Diphu-Bokajan Escarpment,673.9,7.41,144.7,-0.0087,-0.0032,7.46,450.8,755.1,1,3,49.4,127.4,8.92,65.4,1.39,0.041,0.2886,0
NER-SIM-01769,Sikkim,Mangan,North Sikkim Highway (Chungthang),1416.4,38.81,205.9,0.041,0.0672,4.81,1071.0,106.1,4,1,75.6,226.4,23.89,74.0,3.42,0.092,0.4484,0
NER-SIM-01770,Nagaland,Kohima,NH-29 Dimapur-Kohima By-pass,1299.3,39.34,200.5,0.0183,-0.0163,3.03,136.4,328.8,3,4,9.6,9.3,0.81,45.3,1.3,0.066,0.0691,0
NER-SIM-01771,Meghalaya,South West Khasi Hills,Mawsynram Valley Slopes,1102.9,37.44,177.0,-0.018,-0.0758,5.99,3161.4,391.5,2,2,7.4,6.5,0.69,28.8,2.8,0.022,0.07,0
NER-SIM-01772,Meghalaya,South West Khasi Hills,Mawsynram Valley Slopes,1551.6,39.57,237.2,0.052,0.0333,3.78,2728.5,463.2,2,4,139.0,336.3,22.81,82.2,18.66,0.241,0.7758,1
NER-SIM-01773,Meghalaya,South West Khasi Hills,Mawsynram Valley Slopes,1421.0,28.6,132.2,0.0453,-0.0356,2.0,470.8,261.9,2,3,24.9,32.1,2.57,45.2,1.72,0.065,0.1302,0
NER-SIM-01774,Meghalaya,South West Khasi Hills,Mawsynram Valley Slopes,1795.0,15.87,233.8,0.016,0.0186,4.96,365.4,774.5,2,1,16.0,17.3,1.58,37.4,3.78,0.0,0.0417,0
NER-SIM-01775,Manipur,Chandel,NH-102 Imphal-Moreh Corridor,1086.5,45.22,135.4,-0.0517,0.094,4.19,417.7,462.7,3,2,179.3,439.7,29.72,78.2,12.28,0.092,0.9346,1
NER-SIM-01776,Sikkim,Mangan,North Sikkim Highway (Chungthang),1592.7,43.36,345.2,0.055,-0.1027,5.53,824.7,153.9,5,3,113.6,355.9,14.44,91.0,38.75,1.52,0.947,1
NER-SIM-01777,Meghalaya,East Khasi Hills,NH-6 Shillong-Tamabil Highway,1615.4,33.89,100.2,-0.0076,0.0763,8.58,1352.9,98.3,1,2,144.7,422.6,18.78,74.1,3.03,0.018,0.8422,1
NER-SIM-01778,Nagaland,Kohima,NH-29 Dimapur-Kohima By-pass,1162.8,31.19,278.7,0.0206,0.0445,7.33,1586.6,953.1,2,3,8.1,4.5,0.96,37.1,3.84,0.033,0.1123,0
NER-SIM-01779,Meghalaya,East Khasi Hills,NH-6 Shillong-Tamabil Highway,1860.7,43.05,277.4,-0.0486,-0.0355,2.18,199.6,34.7,2,4,11.8,15.4,1.51,58.7,2.49,0.0,0.1281,0
NER-SIM-01780,Manipur,Noney,Tupul Railway Corridor Section,896.4,39.15,98.6,-0.0077,-0.0392,5.43,119.6,268.5,4,2,17.6,24.0,1.87,39.7,4.18,0.054,0.2114,0
NER-SIM-01781,Sikkim,Pakyong,NH-10 Sevoke-Gangtok Corridor,1203.3,43.41,107.1,0.0776,-0.0643,5.01,2803.0,776.0,4,2,4.9,8.4,0.54,31.8,1.04,0.052,0.0884,0
NER-SIM-01782,Meghalaya,South West Khasi Hills,Mawsynram Valley Slopes,584.2,39.89,345.6,-0.0081,-0.012,4.25,1623.9,336.3,2,2,10.7,7.0,0.93,41.1,0.82,0.059,0.0851,0
NER-SIM-01783,Sikkim,Pakyong,NH-10 Sevoke-Gangtok Corridor,1029.3,47.12,310.4,-0.1173,-0.0128,3.77,1190.8,65.0,2,2,24.0,76.3,3.71,54.7,2.76,0.0,0.2281,0
NER-SIM-01784,Tripura,North Tripura,Jampui Hills Ridge Corridor,227.3,26.68,121.4,0.0104,0.0317,7.95,416.2,539.8,1,1,5.3,5.5,0.54,30.8,1.3,0.067,0.0439,0
NER-SIM-01785,Manipur,Noney,Tupul Railway Corridor Section,339.9,38.88,293.1,0.0591,0.0486,2.0,131.4,314.3,2,1,175.3,471.7,33.47,70.7,0.79,0.026,0.9025,1
NER-SIM-01786,Nagaland,Phek,Phek-Meluri Road Corridor,1824.7,36.46,304.0,0.0186,-0.0836,5.91,1136.2,226.9,2,3,32.3,45.1,2.25,43.7,2.95,0.063,0.1652,0
NER-SIM-01787,Nagaland,Kohima,NH-29 Dimapur-Kohima By-pass,1094.6,34.19,293.6,0.0008,-0.0091,5.31,384.4,1088.7,2,4,64.1,197.9,8.66,69.9,2.93,0.0,0.3911,0
NER-SIM-01788,Sikkim,Mangan,North Sikkim Highway (Chungthang),1681.2,44.7,47.0,-0.0074,0.0105,4.55,2366.6,19.8,5,4,46.2,87.2,11.83,47.0,2.63,0.033,0.338,0
NER-SIM-01789,Assam,Karbi Anglong,Diphu-Bokajan Escarpment,206.1,30.25,206.7,0.0106,0.0015,5.79,4738.6,332.0,1,3,8.1,6.0,0.75,34.6,2.06,0.075,0.0753,0
NER-SIM-01790,Manipur,Chandel,NH-102 Imphal-Moreh Corridor,1469.6,33.37,199.9,-0.0018,0.0506,5.02,1003.4,36.0,2,3,101.5,224.6,21.54,77.9,14.05,0.061,0.7982,1
NER-SIM-01791,Arunachal Pradesh,West Kameng,Bhalukpong-Bomdila-Tawang Route,2182.5,53.01,19.7,0.0185,-0.0092,6.9,1313.0,43.3,5,3,0.4,0.4,0.05,33.7,1.24,0.054,0.2869,0
NER-SIM-01792,Mizoram,Champhai,Champhai-Zokhawthar Border Cut,1643.3,25.33,249.6,-0.0073,0.0074,4.38,189.6,236.9,2,1,18.1,48.8,3.23,42.8,3.57,0.035,0.0772,0
NER-SIM-01793,Meghalaya,South West Khasi Hills,Mawsynram Valley Slopes,1448.8,24.82,279.7,0.0345,0.0753,4.57,6679.0,54.5,1,1,3.5,5.9,0.25,30.7,4.58,0.0,0.0297,0
NER-SIM-01794,Meghalaya,East Khasi Hills,NH-6 Shillong-Tamabil Highway,1340.8,24.4,339.8,-0.0829,0.0779,5.63,527.0,549.8,1,2,14.9,8.9,2.45,34.7,3.46,0.059,0.0859,0
NER-SIM-01795,Assam,Karbi Anglong,Diphu-Bokajan Escarpment,737.2,23.65,226.3,0.0422,-0.1225,5.96,1209.0,335.9,1,3,10.0,7.0,0.82,24.2,4.68,0.109,0.062,0
NER-SIM-01796,Nagaland,Phek,Phek-Meluri Road Corridor,1906.7,37.04,312.4,0.0475,0.1097,2.69,6.8,66.0,2,1,1.6,0.8,0.16,32.1,0.94,0.028,0.0449,0
NER-SIM-01797,Tripura,North Tripura,Jampui Hills Ridge Corridor,629.5,29.92,290.4,-0.0065,0.0263,6.93,606.3,1431.5,1,1,189.4,572.5,53.08,74.5,5.59,0.068,0.9318,1
NER-SIM-01798,Nagaland,Kohima,NH-29 Dimapur-Kohima By-pass,1647.5,23.16,34.5,0.0058,0.0173,9.27,509.0,418.3,2,4,21.6,43.3,5.4,37.4,1.6,0.068,0.0439,0
NER-SIM-01799,Assam,Karbi Anglong,Diphu-Bokajan Escarpment,595.5,35.44,351.5,0.0169,-0.0902,6.14,156.2,452.5,1,1,7.3,11.9,0.99,39.2,4.0,0.017,0.0836,0
NER-SIM-01800,Assam,Karbi Anglong,Diphu-Bokajan Escarpment,456.8,13.94,71.5,0.0415,0.0017,6.49,120.4,70.1,1,1,92.6,220.4,13.21,74.3,6.79,0.128,0.4663,0
NER-SIM-01801,Sikkim,Pakyong,NH-10 Sevoke-Gangtok Corridor,1312.8,46.17,228.0,0.0141,-0.0131,6.19,1692.1,697.2,4,1,24.1,40.8,3.06,57.4,2.99,0.071,0.1356,0
NER-SIM-01802,Assam,Karbi Anglong,Diphu-Bokajan Escarpment,238.7,20.0,227.1,-0.0075,-0.097,8.94,31.6,129.6,1,3,0.6,0.5,0.09,39.2,1.78,0.005,0.0917,0
NER-SIM-01803,Assam,Dima Hasao,NH-27 Lumding-Haflong Hill Cut,655.2,33.21,245.8,0.0454,-0.0408,8.1,688.0,120.4,1,2,0.4,0.4,0.06,29.0,0.0,0.086,0.1865,0
NER-SIM-01804,Nagaland,Phek,Phek-Meluri Road Corridor,1764.7,41.21,295.9,0.0735,-0.0188,6.45,852.6,389.2,3,4,4.5,6.5,0.54,45.4,2.26,0.037,0.1206,0
NER-SIM-01805,Sikkim,Mangan,North Sikkim Highway (Chungthang),2009.4,33.6,12.3,0.0069,0.0356,5.33,1960.2,266.9,4,2,5.5,9.4,0.46,32.0,3.87,0.052,0.1274,0
NER-SIM-01806,Sikkim,Pakyong,NH-10 Sevoke-Gangtok Corridor,1061.6,47.14,175.3,0.0012,0.027,3.83,34.8,281.7,4,1,35.4,71.8,7.87,55.4,4.08,0.064,0.2746,0
NER-SIM-01807,Sikkim,Pakyong,NH-10 Sevoke-Gangtok Corridor,1133.5,23.0,59.7,-0.1174,0.0164,5.74,1774.3,373.5,3,1,125.3,335.9,18.66,88.0,37.9,0.04,0.6979,1
NER-SIM-01808,Assam,Karbi Anglong,Diphu-Bokajan Escarpment,291.5,29.6,25.5,-0.0177,0.0512,6.16,644.0,164.7,1,2,116.6,280.0,19.41,80.6,23.93,0.079,0.6834,1
NER-SIM-01809,Sikkim,Mangan,North Sikkim Highway (Chungthang),1694.9,50.02,299.8,0.0079,-0.0156,4.29,420.7,384.6,4,4,68.7,198.5,9.66,72.4,1.88,0.0,0.7187,1
NER-SIM-01810,Tripura,North Tripura,Jampui Hills Ridge Corridor,559.6,24.45,71.4,-0.007,0.0326,5.18,272.1,28.0,1,2,186.0,284.1,43.2,74.2,0.42,0.071,0.8538,1
NER-SIM-01811,Nagaland,Phek,Phek-Meluri Road Corridor,1428.7,40.33,65.4,-0.0189,-0.0647,4.72,176.5,35.3,2,1,55.9,94.9,12.64,51.1,1.28,0.02,0.3343,0
NER-SIM-01812,Arunachal Pradesh,Lower Subansiri,Ziro Foothill Section,1626.9,25.91,80.1,0.0043,-0.0228,4.1,1201.4,118.4,3,4,25.1,34.7,1.85,47.5,3.35,0.13,0.0713,0
NER-SIM-01813,Manipur,Noney,Tupul Railway Corridor Section,1031.5,42.18,207.6,0.0055,0.0588,2.69,520.5,129.6,2,1,34.3,54.5,4.37,46.9,1.91,0.068,0.1857,0
NER-SIM-01814,Assam,Karbi Anglong,Diphu-Bokajan Escarpment,898.3,32.5,123.6,0.0182,0.0268,5.07,1846.0,314.1,1,2,29.1,17.6,2.75,28.1,3.93,0.059,0.0736,0
NER-SIM-01815,Mizoram,Champhai,Champhai-Zokhawthar Border Cut,1647.0,16.8,92.8,-0.027,0.0746,7.02,108.4,226.9,1,2,69.3,174.4,8.72,67.9,2.67,0.138,0.3061,0
NER-SIM-01816,Sikkim,Mangan,North Sikkim Highway (Chungthang),1641.3,45.89,216.6,0.0329,-0.0179,3.13,2369.8,171.0,3,2,207.3,521.4,58.99,81.4,19.4,0.025,0.9874,1
NER-SIM-01817,Nagaland,Phek,Phek-Meluri Road Corridor,1507.7,29.82,188.2,-0.0705,-0.0012,4.42,167.3,207.2,1,1,42.2,74.9,6.03,54.6,2.12,0.084,0.1772,0
NER-SIM-01818,Nagaland,Phek,Phek-Meluri Road Corridor,1606.8,30.6,19.9,-0.0089,-0.0099,5.67,340.8,618.7,3,2,64.9,108.1,20.7,60.7,4.39,0.101,0.378,0
NER-SIM-01819,Nagaland,Kohima,NH-29 Dimapur-Kohima By-pass,1686.0,25.3,273.8,-0.0385,-0.0557,6.22,819.6,696.8,2,4,8.5,11.1,0.71,46.9,3.44,0.029,0.0432,0
NER-SIM-01820,Meghalaya,East Khasi Hills,NH-6 Shillong-Tamabil Highway,1260.7,26.06,13.5,-0.0734,-0.0222,6.43,700.7,887.2,2,1,153.2,267.6,42.88,80.5,13.74,0.039,0.6232,1
NER-SIM-01821,Meghalaya,East Khasi Hills,NH-6 Shillong-Tamabil Highway,1561.7,34.1,278.2,0.0948,-0.0435,3.88,1062.6,59.5,1,2,25.8,27.3,1.85,44.7,1.01,0.082,0.1915,0
NER-SIM-01822,Manipur,Chandel,NH-102 Imphal-Moreh Corridor,975.0,26.74,319.1,0.0395,-0.0021,4.06,246.9,17.0,3,1,89.5,174.6,11.54,79.2,12.33,0.008,0.4622,0
NER-SIM-01823,Meghalaya,East Khasi Hills,NH-6 Shillong-Tamabil Highway,1745.6,38.69,125.8,-0.0256,-0.0272,5.11,2773.3,272.3,2,2,64.3,194.2,14.55,86.7,26.42,7.702,0.6891,1
NER-SIM-01824,Mizoram,Champhai,Champhai-Zokhawthar Border Cut,1401.8,22.13,359.2,0.0262,-0.0452,4.01,2156.3,1214.0,1,4,141.8,430.8,25.27,83.7,19.53,0.055,0.8243,1
NER-SIM-01825,Manipur,Chandel,NH-102 Imphal-Moreh Corridor,1089.7,32.05,127.1,-0.0263,-0.04,4.2,829.6,5.9,3,3,3.2,2.2,0.51,43.1,1.77,0.044,0.2188,0
NER-SIM-01826,Mizoram,Champhai,Champhai-Zokhawthar Border Cut,1394.6,20.21,312.3,0.092,-0.0857,6.13,430.1,190.5,1,3,3.9,4.0,0.47,37.9,1.58,0.0,0.1788,0
NER-SIM-01827,Sikkim,Mangan,North Sikkim Highway (Chungthang),1346.0,45.7,338.5,0.0504,0.0423,2.88,1394.6,223.2,4,1,1.5,2.1,0.17,41.1,4.02,0.0,0.1249,0
NER-SIM-01828,Tripura,North Tripura,Jampui Hills Ridge Corridor,712.8,17.98,155.6,-0.0109,-0.0671,5.36,687.7,23.8,1,4,24.5,55.0,3.27,45.7,0.4,0.111,0.0648,0
NER-SIM-01829,Arunachal Pradesh,Lower Subansiri,Ziro Foothill Section,1270.7,31.16,155.7,0.0525,-0.0133,7.28,283.8,42.7,4,3,127.0,214.7,30.74,79.9,16.92,0.033,0.8141,1
NER-SIM-01830,Tripura,North Tripura,Jampui Hills Ridge Corridor,583.0,27.41,335.2,0.0212,0.1047,6.02,53.6,307.4,1,4,3.0,5.3,0.24,30.8,1.69,0.098,0.0712,0
NER-SIM-01831,Meghalaya,South West Khasi Hills,Mawsynram Valley Slopes,997.0,25.36,255.3,-0.0366,0.0039,4.28,1798.6,14.9,2,2,12.3,14.3,1.17,44.7,3.06,0.0,0.0766,0
NER-SIM-01832,Tripura,North Tripura,Jampui Hills Ridge Corridor,558.5,17.36,155.7,0.0719,-0.0005,7.06,4.9,433.9,1,3,94.0,211.4,13.95,72.0,1.75,0.115,0.4376,0
NER-SIM-01833,Arunachal Pradesh,West Kameng,Bhalukpong-Bomdila-Tawang Route,2086.0,42.34,258.8,-0.004,-0.0448,5.28,59.7,19.1,5,3,14.3,8.6,1.57,48.3,2.01,0.034,0.329,0
NER-SIM-01834,Sikkim,Mangan,North Sikkim Highway (Chungthang),1540.7,50.46,310.9,0.04,-0.0112,2.0,600.7,449.3,4,3,120.9,380.2,36.52,80.9,16.82,0.121,0.9494,1
NER-SIM-01835,Assam,Dima Hasao,NH-27 Lumding-Haflong Hill Cut,529.1,29.09,198.5,-0.0226,0.0804,5.42,2133.3,680.7,1,1,6.6,6.0,0.57,42.1,0.0,0.043,0.0484,0
NER-SIM-01836,Nagaland,Kohima,NH-29 Dimapur-Kohima By-pass,851.4,34.52,255.6,-0.0922,-0.0533,4.96,667.9,1218.3,2,3,58.6,142.8,9.8,76.3,9.69,0.012,0.4068,0
NER-SIM-01837,Tripura,North Tripura,Jampui Hills Ridge Corridor,905.0,28.33,308.1,-0.036,-0.1156,9.64,41.9,347.2,1,1,78.9,216.3,11.17,90.5,23.39,0.044,0.7197,1
NER-SIM-01838,Meghalaya,East Khasi Hills,NH-6 Shillong-Tamabil Highway,1422.6,46.91,75.0,-0.0204,-0.054,4.76,357.9,128.7,2,4,75.2,211.6,11.74,86.9,21.67,1.244,0.7671,1
NER-SIM-01839,Nagaland,Phek,Phek-Meluri Road Corridor,1773.0,43.52,332.9,0.0201,0.0298,5.56,263.3,865.9,2,3,2.1,2.7,0.24,38.7,2.52,0.059,0.1081,0
NER-SIM-01840,Arunachal Pradesh,West Kameng,Bhalukpong-Bomdila-Tawang Route,2528.8,32.58,239.9,0.048,-0.0187,5.51,479.4,492.0,5,4,23.5,38.1,1.79,50.8,2.51,0.063,0.0999,0
NER-SIM-01841,Assam,Dima Hasao,NH-27 Lumding-Haflong Hill Cut,140.4,31.01,306.5,0.0092,0.0652,4.59,639.1,111.4,1,1,1.0,1.5,0.15,34.7,1.82,0.029,0.0485,0
NER-SIM-01842,Sikkim,Mangan,North Sikkim Highway (Chungthang),2039.5,52.01,290.5,0.0183,0.0556,3.31,736.6,155.4,5,1,6.1,8.4,0.45,27.8,2.89,0.054,0.1977,0
NER-SIM-01843,Mizoram,Aizawl,Aizawl-Lunglei Road Slopes,942.8,37.82,91.4,0.064,0.0426,3.86,970.7,161.4,1,1,166.2,316.3,36.43,81.5,22.32,0.03,0.8292,1
NER-SIM-01844,Mizoram,Aizawl,Aizawl-Lunglei Road Slopes,939.2,48.75,350.6,-0.0411,-0.0212,7.68,26.2,1227.9,2,1,0.5,0.4,0.07,36.1,0.0,0.108,0.0994,0
NER-SIM-01845,Manipur,Chandel,NH-102 Imphal-Moreh Corridor,640.7,25.97,148.5,-0.0401,0.0389,7.38,254.6,592.3,4,3,0.4,0.7,0.06,32.6,1.97,0.102,0.1241,0
NER-SIM-01846,Arunachal Pradesh,Lower Subansiri,Ziro Foothill Section,1602.3,36.09,117.2,0.0168,-0.0314,7.32,2726.9,340.5,2,1,33.0,43.8,4.83,49.6,4.15,0.0,0.0941,0
NER-SIM-01847,Assam,Dima Hasao,NH-27 Lumding-Haflong Hill Cut,708.8,17.08,359.5,0.0313,0.1013,7.38,340.6,99.6,1,2,27.5,44.7,2.69,30.9,2.57,0.0,0.0865,0
NER-SIM-01848,Arunachal Pradesh,West Kameng,Bhalukpong-Bomdila-Tawang Route,2369.7,40.91,80.3,0.0032,-0.0019,6.37,1537.0,1.9,5,1,12.7,9.6,1.8,24.6,4.23,0.014,0.1252,0
NER-SIM-01849,Assam,Karbi Anglong,Diphu-Bokajan Escarpment,839.5,24.86,152.7,-0.071,0.0699,5.83,3126.1,356.8,2,3,25.2,25.0,1.78,43.9,2.35,0.076,0.0941,0
NER-SIM-01850,Nagaland,Kohima,NH-29 Dimapur-Kohima By-pass,1918.0,30.09,356.5,-0.03,-0.0714,3.09,169.1,397.2,2,1,7.7,5.5,0.69,38.2,2.98,0.07,0.0731,0
NER-SIM-01851,Sikkim,Mangan,North Sikkim Highway (Chungthang),1536.1,46.52,238.6,-0.0657,-0.0151,4.83,3.3,1624.4,4,4,15.5,25.6,1.04,40.4,2.02,0.08,0.2488,0
NER-SIM-01852,Nagaland,Phek,Phek-Meluri Road Corridor,1997.8,40.3,180.0,0.0742,-0.0174,4.86,48.8,63.0,3,1,1.6,1.9,0.23,35.9,0.0,0.051,0.1003,0
NER-SIM-01853,Assam,Dima Hasao,NH-27 Lumding-Haflong Hill Cut,444.3,39.94,146.1,0.0749,-0.0197,3.36,951.6,1162.4,1,1,18.3,29.6,2.0,40.2,2.93,0.069,0.1061,0
NER-SIM-01854,Nagaland,Kohima,NH-29 Dimapur-Kohima By-pass,1341.1,31.22,338.6,-0.0271,0.0171,4.28,144.6,589.6,2,2,33.3,78.7,5.06,51.3,0.23,0.09,0.3022,0
NER-SIM-01855,Sikkim,Mangan,North Sikkim Highway (Chungthang),1426.5,52.35,142.5,0.0634,-0.0917,4.15,501.2,49.1,5,3,83.7,261.1,11.38,73.9,3.06,0.063,0.8302,1
NER-SIM-01856,Mizoram,Aizawl,Aizawl-Lunglei Road Slopes,1096.9,55.35,149.4,-0.0184,0.0225,2.76,1830.4,287.9,2,3,3.2,4.3,0.25,27.7,4.54,0.01,0.2674,0
NER-SIM-01857,Meghalaya,South West Khasi Hills,Mawsynram Valley Slopes,1664.2,30.79,188.3,-0.0055,0.0311,4.04,109.7,142.1,1,4,4.9,4.7,0.46,32.3,3.96,0.046,0.1087,0
NER-SIM-01858,Arunachal Pradesh,West Kameng,Bhalukpong-Bomdila-Tawang Route,1776.8,44.58,109.2,-0.0069,-0.0269,4.2,215.8,706.9,5,1,2.5,3.3,0.27,37.9,0.59,0.033,0.0894,0
NER-SIM-01859,Assam,Karbi Anglong,Diphu-Bokajan Escarpment,50.0,16.7,189.0,0.0637,0.0498,4.93,1184.3,108.7,1,4,1.3,1.8,0.16,33.5,3.16,0.043,0.0465,0
NER-SIM-01860,Manipur,Chandel,NH-102 Imphal-Moreh Corridor,929.7,31.89,77.4,-0.0343,-0.0628,6.35,30.4,180.2,3,1,123.6,313.6,20.32,78.8,15.06,0.038,0.8096,1
NER-SIM-01861,Manipur,Chandel,NH-102 Imphal-Moreh Corridor,689.4,43.55,72.4,0.0258,-0.0071,3.37,1898.4,12.3,2,1,9.4,6.6,0.92,42.6,2.06,0.047,0.0732,0
NER-SIM-01862,Meghalaya,East Khasi Hills,NH-6 Shillong-Tamabil Highway,1765.2,31.55,200.5,0.0588,-0.0283,4.23,330.2,541.8,1,1,16.4,24.9,1.99,39.6,0.87,0.06,0.0566,0
NER-SIM-01863,Mizoram,Aizawl,Aizawl-Lunglei Road Slopes,1294.0,34.56,264.1,0.031,0.0319,8.62,521.7,1151.7,2,1,6.8,8.5,1.0,39.0,1.95,0.084,0.0617,0
NER-SIM-01864,Meghalaya,South West Khasi Hills,Mawsynram Valley Slopes,977.7,22.99,147.0,0.006,0.1236,5.98,2689.8,7.9,2,1,5.8,7.8,0.44,35.6,2.21,0.03,0.0855,0
NER-SIM-01865,Mizoram,Aizawl,Aizawl-Lunglei Road Slopes,1439.8,35.16,257.7,-0.0015,-0.0067,5.09,1432.7,37.7,2,3,98.8,295.9,17.45,82.2,17.39,0.111,0.7763,1
NER-SIM-01866,Assam,Dima Hasao,NH-27 Lumding-Haflong Hill Cut,428.0,19.46,281.2,0.0637,0.0279,5.72,428.7,17.0,1,2,36.3,24.0,3.65,38.9,1.81,0.031,0.1398,0
NER-SIM-01867,Sikkim,Mangan,North Sikkim Highway (Chungthang),1614.8,47.06,29.4,-0.0689,0.0118,2.65,828.3,572.4,4,1,10.2,12.8,1.56,39.9,1.12,0.045,0.1481,0
NER-SIM-01868,Manipur,Chandel,NH-102 Imphal-Moreh Corridor,870.1,46.92,356.3,0.0058,-0.0114,3.97,4062.6,386.0,3,1,10.5,18.8,0.92,43.1,1.81,0.071,0.1449,0
NER-SIM-01869,Sikkim,Pakyong,NH-10 Sevoke-Gangtok Corridor,1085.5,38.19,312.7,0.0154,-0.0504,6.25,38.2,739.7,3,1,8.4,12.5,0.72,37.8,2.74,0.0,0.074,0
NER-SIM-01870,Manipur,Chandel,NH-102 Imphal-Moreh Corridor,828.3,40.61,43.0,0.0002,0.0023,2.0,187.7,840.5,3,2,210.0,523.5,31.02,84.9,19.79,2.083,0.9817,1
NER-SIM-01871,Sikkim,Pakyong,NH-10 Sevoke-Gangtok Corridor,939.1,41.58,300.9,-0.0014,-0.0592,2.77,996.1,329.8,4,3,11.6,12.9,1.54,42.4,3.58,0.079,0.1516,0
NER-SIM-01872,Nagaland,Phek,Phek-Meluri Road Corridor,1920.8,33.01,319.6,0.0066,0.0572,5.95,344.8,319.6,3,2,158.8,254.3,31.14,76.1,9.52,0.01,0.813,1
NER-SIM-01873,Arunachal Pradesh,Lower Subansiri,Ziro Foothill Section,1643.1,36.82,286.9,0.042,-0.0494,6.31,874.7,243.3,3,3,38.0,69.1,12.32,48.2,4.42,0.003,0.2974,0
NER-SIM-01874,Tripura,North Tripura,Jampui Hills Ridge Corridor,494.1,36.73,351.1,-0.0315,0.007,4.48,736.8,119.3,1,1,15.8,33.7,5.08,45.1,2.09,0.059,0.1098,0
NER-SIM-01875,Assam,Dima Hasao,NH-27 Lumding-Haflong Hill Cut,1187.2,10.88,25.0,0.128,-0.0876,7.2,203.1,294.4,2,2,1.2,0.8,0.15,26.0,0.18,0.051,0.0891,0
NER-SIM-01876,Sikkim,Mangan,North Sikkim Highway (Chungthang),2202.9,38.19,22.8,0.1436,-0.0276,5.96,3966.8,176.2,4,3,2.4,2.4,0.22,46.9,1.11,0.01,0.1438,0
NER-SIM-01877,Nagaland,Phek,Phek-Meluri Road Corridor,1437.2,22.92,299.9,0.004,0.0089,3.28,1512.6,86.2,2,2,60.2,105.8,19.51,58.0,0.59,0.014,0.1747,0
NER-SIM-01878,Mizoram,Champhai,Champhai-Zokhawthar Border Cut,1236.8,24.21,327.4,0.0618,-0.0147,4.2,2672.0,19.3,2,1,0.1,0.1,0.01,32.4,1.43,0.051,0.0482,0
NER-SIM-01879,Manipur,Noney,Tupul Railway Corridor Section,963.7,42.68,262.7,0.0013,0.0272,3.59,2303.5,288.5,3,2,7.9,9.9,0.54,36.1,5.9,0.071,0.0919,0
NER-SIM-01880,Sikkim,Mangan,North Sikkim Highway (Chungthang),1930.0,42.1,288.5,-0.0148,0.0203,4.93,912.6,34.0,3,2,6.7,9.7,0.51,36.0,2.51,0.072,0.1387,0
NER-SIM-01881,Meghalaya,South West Khasi Hills,Mawsynram Valley Slopes,1696.2,32.03,259.9,-0.0172,0.0024,2.0,3218.0,196.8,1,2,10.0,15.2,0.69,39.6,2.47,0.073,0.0593,0
NER-SIM-01882,Nagaland,Phek,Phek-Meluri Road Corridor,1619.5,36.16,222.0,0.0665,0.08,7.06,170.3,184.3,3,4,20.0,11.7,2.14,32.1,3.33,0.108,0.1404,0
NER-SIM-01883,Nagaland,Kohima,NH-29 Dimapur-Kohima By-pass,887.4,26.42,292.9,0.0318,-0.0089,6.0,582.1,204.5,2,1,12.4,14.5,1.67,37.1,3.39,0.023,0.0673,0
NER-SIM-01884,Mizoram,Aizawl,Aizawl-Lunglei Road Slopes,1057.3,55.6,195.4,0.0372,0.0898,2.17,1673.9,18.7,1,1,37.2,20.6,4.5,33.0,2.53,0.099,0.2787,0
NER-SIM-01885,Arunachal Pradesh,Lower Subansiri,Ziro Foothill Section,1485.0,38.15,64.1,-0.0172,0.0199,4.45,5116.1,40.2,3,3,127.5,315.5,21.57,82.4,25.28,3.244,0.9245,1
NER-SIM-01886,Nagaland,Kohima,NH-29 Dimapur-Kohima By-pass,1454.0,23.99,280.1,-0.0694,-0.0526,6.35,275.3,31.9,2,3,7.4,10.8,0.84,51.1,0.56,0.069,0.1282,0
NER-SIM-01887,Arunachal Pradesh,Lower Subansiri,Ziro Foothill Section,1508.0,32.47,108.3,0.051,0.0364,6.96,866.9,5.9,3,2,5.9,8.8,0.41,38.9,3.14,0.018,0.0767,0
NER-SIM-01888,Assam,Dima Hasao,NH-27 Lumding-Haflong Hill Cut,997.2,43.76,183.2,0.0406,-0.0815,3.57,464.8,301.9,1,4,7.9,4.1,0.59,34.7,1.98,0.027,0.0726,0
NER-SIM-01889,Sikkim,Pakyong,NH-10 Sevoke-Gangtok Corridor,1049.0,44.56,138.9,-0.0963,-0.0597,5.83,276.2,667.6,5,3,202.7,449.2,25.95,85.5,27.98,1.343,0.9818,1
NER-SIM-01890,Assam,Dima Hasao,NH-27 Lumding-Haflong Hill Cut,1204.1,30.1,46.0,-0.0338,0.017,6.27,863.0,4.9,1,1,2.2,1.8,0.29,39.8,3.69,0.062,0.06,0
NER-SIM-01891,Nagaland,Kohima,NH-29 Dimapur-Kohima By-pass,739.2,24.25,359.3,0.058,0.0101,3.69,3314.5,147.4,3,4,12.0,17.6,0.82,33.4,3.53,0.0,0.0373,0
NER-SIM-01892,Nagaland,Phek,Phek-Meluri Road Corridor,1716.5,52.69,115.6,-0.0185,0.0056,3.08,119.9,613.5,3,4,10.2,7.9,0.84,30.5,4.5,0.0,0.1562,0
NER-SIM-01893,Mizoram,Champhai,Champhai-Zokhawthar Border Cut,1331.1,32.08,349.0,-0.0593,0.0479,7.51,990.7,54.7,1,3,7.2,18.6,1.66,36.8,1.95,0.04,0.128,0
NER-SIM-01894,Manipur,Noney,Tupul Railway Corridor Section,594.8,38.9,331.9,-0.0379,-0.0933,4.62,453.6,577.0,2,1,231.7,697.3,57.39,76.9,13.87,0.008,0.9865,1
NER-SIM-01895,Nagaland,Kohima,NH-29 Dimapur-Kohima By-pass,1201.8,32.83,272.5,0.0191,0.1016,6.09,114.4,151.9,2,1,3.6,5.9,0.38,29.5,1.43,0.095,0.1237,0
NER-SIM-01896,Mizoram,Aizawl,Aizawl-Lunglei Road Slopes,1016.7,41.19,27.0,-0.0148,0.0115,7.0,2253.8,45.2,1,3,5.2,2.7,0.64,32.0,3.37,0.047,0.1584,0
NER-SIM-01897,Arunachal Pradesh,West Kameng,Bhalukpong-Bomdila-Tawang Route,2605.0,25.96,1.9,-0.0447,0.0223,6.96,471.1,505.4,5,2,16.0,27.6,2.31,38.5,0.87,0.038,0.1803,0
NER-SIM-01898,Mizoram,Champhai,Champhai-Zokhawthar Border Cut,1561.5,29.16,101.7,0.0443,-0.0582,5.7,740.8,144.2,2,3,15.1,18.8,2.09,46.6,0.34,0.111,0.113,0
NER-SIM-01899,Manipur,Chandel,NH-102 Imphal-Moreh Corridor,1492.0,24.26,200.3,-0.078,-0.0107,4.44,221.2,12.6,2,2,174.8,294.3,22.05,88.1,27.82,0.022,0.8882,1
NER-SIM-01900,Meghalaya,South West Khasi Hills,Mawsynram Valley Slopes,1277.3,28.29,232.4,-0.1305,0.0114,4.1,1021.6,133.1,2,2,58.1,135.1,10.56,59.2,0.95,0.072,0.2388,0
NER-SIM-01901,Arunachal Pradesh,West Kameng,Bhalukpong-Bomdila-Tawang Route,1985.3,34.78,273.7,-0.0767,-0.0017,5.35,2637.1,375.8,5,3,11.9,15.8,1.3,32.1,0.81,0.032,0.3346,0
NER-SIM-01902,Assam,Karbi Anglong,Diphu-Bokajan Escarpment,577.0,31.56,160.2,0.0039,0.0525,2.67,104.4,643.9,1,4,46.4,94.7,8.57,70.2,2.43,0.055,0.1833,0
NER-SIM-01903,Manipur,Noney,Tupul Railway Corridor Section,1052.6,42.12,42.9,-0.0607,-0.0773,3.52,29.2,551.5,3,3,53.4,123.5,7.63,68.8,2.4,0.071,0.6392,1
NER-SIM-01904,Nagaland,Phek,Phek-Meluri Road Corridor,1893.3,40.11,148.6,-0.0635,-0.002,3.14,2426.4,1017.2,2,3,2.5,4.4,0.17,28.9,2.57,0.067,0.1216,0
NER-SIM-01905,Meghalaya,East Khasi Hills,NH-6 Shillong-Tamabil Highway,1336.2,38.24,220.2,-0.1136,0.0026,2.23,1265.6,54.0,1,1,10.1,15.6,0.89,45.2,0.0,0.111,0.1281,0
NER-SIM-01906,Nagaland,Phek,Phek-Meluri Road Corridor,1837.5,53.83,259.9,0.039,0.0068,4.06,206.0,12.4,3,2,0.9,1.3,0.13,41.2,3.15,0.088,0.3564,0
NER-SIM-01907,Meghalaya,East Khasi Hills,NH-6 Shillong-Tamabil Highway,1339.1,34.72,217.2,-0.069,-0.0693,3.06,1639.9,57.0,1,1,30.7,89.6,4.24,53.9,3.6,0.0,0.0823,0
NER-SIM-01908,Nagaland,Kohima,NH-29 Dimapur-Kohima By-pass,1516.7,29.09,314.9,-0.0625,-0.0077,5.52,506.9,497.0,3,2,47.9,33.3,5.68,44.9,4.63,0.039,0.1757,0
NER-SIM-01909,Sikkim,Pakyong,NH-10 Sevoke-Gangtok Corridor,1671.6,41.12,133.9,-0.0333,-0.0602,6.09,632.8,117.1,4,1,4.2,3.4,0.3,34.0,2.53,0.054,0.1748,0
NER-SIM-01910,Tripura,North Tripura,Jampui Hills Ridge Corridor,832.1,31.25,16.1,0.0382,0.0021,4.97,1577.6,112.6,1,4,19.6,21.2,1.51,37.4,3.61,0.107,0.0582,0
NER-SIM-01911,Sikkim,Mangan,North Sikkim Highway (Chungthang),1027.2,53.22,91.4,0.0024,0.0482,3.2,1570.1,231.2,5,3,3.0,4.0,0.23,30.2,4.13,0.058,0.2365,0
NER-SIM-01912,Mizoram,Champhai,Champhai-Zokhawthar Border Cut,1108.0,38.02,234.2,-0.0047,-0.0836,4.31,3456.5,3.5,1,2,3.3,4.2,0.26,25.9,2.44,0.03,0.0707,0
NER-SIM-01913,Sikkim,Pakyong,NH-10 Sevoke-Gangtok Corridor,855.2,40.56,239.0,-0.0863,0.0575,2.98,925.1,716.6,3,3,82.3,216.3,13.74,96.2,48.2,2.388,0.7886,1
NER-SIM-01914,Manipur,Chandel,NH-102 Imphal-Moreh Corridor,875.8,44.29,85.7,-0.0344,-0.0293,5.27,952.7,143.2,3,3,5.5,6.2,0.39,30.9,4.51,0.104,0.2232,0
NER-SIM-01915,Meghalaya,East Khasi Hills,NH-6 Shillong-Tamabil Highway,1314.3,28.13,238.3,0.0381,0.0202,7.88,1388.0,703.2,2,4,1.0,0.8,0.11,34.4,1.48,0.021,0.037,0
NER-SIM-01916,Assam,Karbi Anglong,Diphu-Bokajan Escarpment,125.8,29.79,122.6,0.0025,0.0473,5.85,423.0,700.5,1,3,20.4,33.8,2.92,43.7,0.86,0.0,0.1762,0
NER-SIM-01917,Meghalaya,East Khasi Hills,NH-6 Shillong-Tamabil Highway,1291.3,28.64,30.7,0.0527,-0.0305,5.03,2203.1,797.1,2,2,25.4,14.5,3.69,27.9,1.3,0.056,0.0654,0
NER-SIM-01918,Assam,Karbi Anglong,Diphu-Bokajan Escarpment,449.5,21.85,286.6,-0.0608,-0.0072,6.9,3503.8,187.0,1,1,23.2,37.2,1.65,40.7,1.18,0.073,0.0369,0
NER-SIM-01919,Assam,Dima Hasao,NH-27 Lumding-Haflong Hill Cut,146.7,46.26,344.7,0.0599,-0.056,4.18,2078.5,122.9,1,2,79.3,189.7,13.04,69.1,5.14,0.036,0.5383,1
NER-SIM-01920,Assam,Karbi Anglong,Diphu-Bokajan Escarpment,452.4,37.33,114.9,0.0665,0.063,5.02,922.0,143.3,1,2,109.5,244.3,13.82,80.0,14.91,0.092,0.6989,1
NER-SIM-01921,Meghalaya,South West Khasi Hills,Mawsynram Valley Slopes,1278.7,44.66,263.8,-0.014,-0.0306,4.99,2648.5,424.9,1,2,83.5,235.7,15.16,65.9,1.67,0.075,0.4677,0
NER-SIM-01922,Arunachal Pradesh,West Kameng,Bhalukpong-Bomdila-Tawang Route,2275.8,40.2,141.5,0.0701,0.0393,2.84,1430.9,173.4,5,2,18.4,13.0,2.59,33.3,1.03,0.022,0.1039,0
NER-SIM-01923,Mizoram,Aizawl,Aizawl-Lunglei Road Slopes,727.2,35.23,5.1,-0.0358,-0.0238,7.35,2101.2,36.7,2,2,12.7,12.9,0.92,37.4,0.03,0.117,0.1414,0
NER-SIM-01924,Assam,Dima Hasao,NH-27 Lumding-Haflong Hill Cut,653.1,18.92,28.3,0.1002,-0.0087,7.63,1247.1,1517.0,1,1,49.1,53.4,4.19,37.8,0.77,0.044,0.0679,0
NER-SIM-01925,Meghalaya,South West Khasi Hills,Mawsynram Valley Slopes,1675.9,31.19,1.9,-0.0934,0.0167,4.14,3557.3,5.1,2,3,45.0,49.9,5.52,57.1,0.0,0.066,0.1489,0
NER-SIM-01926,Sikkim,Mangan,North Sikkim Highway (Chungthang),2125.4,55.55,219.1,-0.0212,0.0272,2.73,7.8,237.4,3,2,88.5,132.8,12.82,68.4,1.39,0.0,0.763,1
NER-SIM-01927,Meghalaya,South West Khasi Hills,Mawsynram Valley Slopes,1703.2,25.69,284.0,0.075,-0.0386,6.53,2605.6,802.0,2,2,5.9,3.5,0.91,25.5,2.89,0.08,0.0428,0
NER-SIM-01928,Sikkim,Mangan,North Sikkim Highway (Chungthang),2211.3,55.56,354.5,-0.0139,-0.1045,3.29,226.3,116.9,5,3,79.4,208.2,9.94,88.0,25.13,7.361,0.9546,1
NER-SIM-01929,Nagaland,Kohima,NH-29 Dimapur-Kohima By-pass,1531.9,36.66,222.8,0.0259,0.0591,4.88,650.4,258.1,2,3,96.1,145.2,17.84,76.2,8.24,0.021,0.6682,1
NER-SIM-01930,Tripura,North Tripura,Jampui Hills Ridge Corridor,251.7,47.23,46.8,-0.0689,0.0091,3.02,2303.4,237.5,1,1,1.8,2.8,0.2,35.9,3.33,0.064,0.11,0
NER-SIM-01931,Sikkim,Mangan,North Sikkim Highway (Chungthang),1675.4,46.6,237.2,0.0576,-0.0365,5.46,337.3,551.4,4,4,40.3,48.8,3.15,41.6,2.4,0.036,0.2554,0
NER-SIM-01932,Assam,Karbi Anglong,Diphu-Bokajan Escarpment,465.7,40.02,317.3,-0.0609,-0.0106,4.83,126.0,94.6,1,3,7.0,11.0,0.57,38.5,2.89,0.03,0.1282,0
NER-SIM-01933,Mizoram,Aizawl,Aizawl-Lunglei Road Slopes,1068.6,32.99,81.8,-0.0529,-0.0615,3.78,288.4,871.3,2,3,94.9,180.0,25.89,73.8,3.86,0.067,0.6773,1
NER-SIM-01934,Tripura,North Tripura,Jampui Hills Ridge Corridor,299.1,23.18,353.5,0.0181,-0.0214,7.28,1649.3,670.6,1,3,7.9,5.3,0.86,29.7,1.02,0.055,0.0474,0
NER-SIM-01935,Nagaland,Kohima,NH-29 Dimapur-Kohima By-pass,903.5,34.93,191.9,-0.0469,-0.0154,4.68,545.5,226.8,3,2,5.0,2.5,0.34,27.0,2.97,0.014,0.2075,0
NER-SIM-01936,Nagaland,Kohima,NH-29 Dimapur-Kohima By-pass,2094.8,32.3,348.0,0.0327,0.1049,3.45,2365.1,459.6,2,2,4.5,3.9,0.41,42.3,2.68,0.074,0.0524,0
NER-SIM-01937,Meghalaya,South West Khasi Hills,Mawsynram Valley Slopes,1459.5,26.24,146.2,0.0056,0.0059,7.07,317.9,100.8,2,4,6.5,8.8,0.77,35.1,0.28,0.094,0.0994,0
NER-SIM-01938,Arunachal Pradesh,West Kameng,Bhalukpong-Bomdila-Tawang Route,2404.6,41.51,311.0,-0.0412,0.0109,4.6,398.3,203.8,5,1,25.1,27.3,1.8,28.7,1.56,0.03,0.2297,0
NER-SIM-01939,Tripura,North Tripura,Jampui Hills Ridge Corridor,1067.1,41.53,179.8,-0.0625,0.0579,4.8,306.0,261.5,1,2,4.2,5.4,0.32,42.4,1.98,0.03,0.078,0
NER-SIM-01940,Nagaland,Phek,Phek-Meluri Road Corridor,1291.5,37.23,187.2,-0.0124,0.0764,3.14,1342.6,331.7,2,3,139.8,243.5,28.54,74.0,2.52,0.081,0.7723,1
NER-SIM-01941,Nagaland,Kohima,NH-29 Dimapur-Kohima By-pass,1844.8,30.53,193.7,0.0238,-0.0118,7.26,1634.6,175.2,3,3,45.5,57.8,3.13,48.5,1.67,0.0,0.1763,0
NER-SIM-01942,Nagaland,Phek,Phek-Meluri Road Corridor,1413.3,38.49,184.0,-0.0454,0.0076,4.82,5812.1,562.7,3,2,75.9,210.1,10.46,85.6,36.26,0.179,0.6104,1
NER-SIM-01943,Mizoram,Champhai,Champhai-Zokhawthar Border Cut,1535.0,27.99,350.1,0.0152,0.0105,4.68,211.2,607.1,2,2,12.0,12.0,0.92,25.2,3.18,0.013,0.1071,0
NER-SIM-01944,Sikkim,Pakyong,NH-10 Sevoke-Gangtok Corridor,910.5,54.34,99.1,0.0961,-0.0086,3.57,2366.1,17.5,4,3,30.1,20.2,2.07,41.1,3.45,0.066,0.4305,0
NER-SIM-01945,Meghalaya,South West Khasi Hills,Mawsynram Valley Slopes,1583.4,32.52,304.1,-0.0078,-0.07,4.9,1010.6,291.5,1,4,206.6,343.3,56.37,70.6,0.23,0.042,0.8373,1
NER-SIM-01946,Sikkim,Mangan,North Sikkim Highway (Chungthang),1751.8,53.49,44.3,-0.0444,0.1062,2.0,300.6,1.5,4,1,23.0,12.6,2.02,29.9,0.9,0.022,0.216,0
NER-SIM-01947,Nagaland,Kohima,NH-29 Dimapur-Kohima By-pass,1356.1,25.08,39.9,-0.0076,0.0187,7.29,1080.9,604.9,2,4,168.2,294.2,29.45,68.8,2.22,0.079,0.6145,1
NER-SIM-01948,Mizoram,Champhai,Champhai-Zokhawthar Border Cut,1630.9,42.26,54.0,0.0221,0.0021,2.0,391.3,171.9,2,3,50.8,117.6,6.46,65.8,1.18,0.033,0.4559,0
NER-SIM-01949,Sikkim,Pakyong,NH-10 Sevoke-Gangtok Corridor,1014.0,42.81,321.2,-0.1081,0.064,6.27,66.0,106.0,4,1,116.4,239.4,15.14,82.6,19.94,0.926,0.8797,1
NER-SIM-01950,Meghalaya,East Khasi Hills,NH-6 Shillong-Tamabil Highway,1403.2,27.15,320.7,0.0096,-0.1157,6.53,45.7,910.2,1,3,19.7,14.2,1.6,32.1,1.98,0.032,0.1123,0
NER-SIM-01951,Mizoram,Champhai,Champhai-Zokhawthar Border Cut,1265.0,44.55,301.7,0.0119,-0.0206,2.44,263.8,136.0,1,4,35.8,87.2,4.98,52.8,1.31,0.045,0.1834,0
NER-SIM-01952,Arunachal Pradesh,Lower Subansiri,Ziro Foothill Section,1654.5,34.59,263.9,0.032,0.0064,5.62,115.9,31.4,3,2,81.8,128.7,22.38,65.8,1.36,0.031,0.5494,1
NER-SIM-01953,Sikkim,Mangan,North Sikkim Highway (Chungthang),1412.3,55.7,112.0,0.0279,0.004,2.0,289.4,580.7,4,2,17.9,40.3,2.68,38.8,0.03,0.045,0.2316,0
NER-SIM-01954,Assam,Dima Hasao,NH-27 Lumding-Haflong Hill Cut,1028.5,34.44,21.0,-0.0844,-0.0314,5.45,375.3,2025.8,1,2,95.6,244.2,18.99,86.8,30.62,5.777,0.7497,1
NER-SIM-01955,Tripura,North Tripura,Jampui Hills Ridge Corridor,759.2,25.97,251.0,0.0077,-0.0482,6.26,1757.2,92.8,1,4,10.0,13.5,1.16,21.6,3.31,0.042,0.0325,0
NER-SIM-01956,Assam,Dima Hasao,NH-27 Lumding-Haflong Hill Cut,658.0,27.07,208.5,-0.0969,0.0365,5.0,1459.8,307.5,1,4,11.1,7.6,1.02,28.1,0.65,0.054,0.0651,0
NER-SIM-01957,Assam,Karbi Anglong,Diphu-Bokajan Escarpment,260.2,20.81,65.3,-0.0217,0.0857,6.11,2612.8,61.0,1,3,15.2,9.2,1.71,26.7,2.39,0.024,0.0694,0
NER-SIM-01958,Assam,Karbi Anglong,Diphu-Bokajan Escarpment,564.4,39.58,31.1,0.0986,-0.0548,6.68,409.1,525.6,1,1,81.9,185.9,15.02,86.8,29.86,0.016,0.5251,1
NER-SIM-01959,Arunachal Pradesh,Lower Subansiri,Ziro Foothill Section,1791.2,26.0,175.1,0.013,0.0033,5.03,560.7,194.8,3,3,19.7,14.4,2.4,37.9,1.6,0.048,0.2368,0
NER-SIM-01960,Nagaland,Kohima,NH-29 Dimapur-Kohima By-pass,1561.0,31.61,204.9,0.0429,0.013,4.98,450.4,495.4,3,1,133.7,414.2,36.3,79.9,19.99,0.058,0.857,1
NER-SIM-01961,Mizoram,Aizawl,Aizawl-Lunglei Road Slopes,792.8,40.12,17.1,0.0197,-0.0368,5.68,1564.7,222.4,1,3,14.1,15.2,1.06,43.7,2.28,0.087,0.1482,0
NER-SIM-01962,Tripura,North Tripura,Jampui Hills Ridge Corridor,651.5,23.21,154.7,-0.0232,0.0005,3.31,1684.8,162.2,1,4,63.0,189.3,9.12,83.6,22.6,0.049,0.2807,0
NER-SIM-01963,Nagaland,Kohima,NH-29 Dimapur-Kohima By-pass,1318.2,33.57,307.8,0.0729,0.0406,4.37,17.4,53.1,3,3,4.6,2.7,0.37,45.8,1.35,0.003,0.2165,0
NER-SIM-01964,Mizoram,Aizawl,Aizawl-Lunglei Road Slopes,1466.0,30.89,183.7,-0.0927,-0.0234,7.02,764.9,497.6,1,2,116.8,200.3,25.61,75.3,11.77,0.012,0.4452,0
NER-SIM-01965,Mizoram,Aizawl,Aizawl-Lunglei Road Slopes,866.0,43.65,272.9,0.0278,-0.0254,5.44,682.3,191.1,2,1,3.3,3.6,0.27,32.3,1.77,0.096,0.11,0
NER-SIM-01966,Manipur,Chandel,NH-102 Imphal-Moreh Corridor,905.9,29.19,44.5,-0.0411,0.0084,4.52,1668.7,161.0,3,2,4.1,5.8,0.42,47.3,0.32,0.026,0.1528,0
NER-SIM-01967,Meghalaya,South West Khasi Hills,Mawsynram Valley Slopes,1157.8,45.82,247.5,0.0069,0.0543,3.63,1089.5,8.2,1,2,7.1,3.9,0.49,33.8,1.29,0.096,0.0902,0
NER-SIM-01968,Assam,Karbi Anglong,Diphu-Bokajan Escarpment,430.4,26.67,260.1,-0.0783,0.0035,6.9,1908.1,570.2,1,3,156.5,432.5,22.4,71.7,1.01,0.026,0.8475,1
NER-SIM-01969,Mizoram,Aizawl,Aizawl-Lunglei Road Slopes,1074.1,27.98,313.0,0.05,-0.0051,6.08,1788.8,1877.6,1,3,75.7,223.7,17.98,67.5,2.63,0.052,0.3771,0
NER-SIM-01970,Nagaland,Kohima,NH-29 Dimapur-Kohima By-pass,1398.0,28.7,293.5,-0.0657,0.0164,4.69,3205.6,203.4,2,1,1.0,0.9,0.13,39.3,5.04,0.0,0.0653,0
NER-SIM-01971,Mizoram,Aizawl,Aizawl-Lunglei Road Slopes,1536.2,40.47,216.9,0.0887,-0.0169,4.37,1324.7,106.5,3,1,33.7,92.0,9.96,43.0,4.08,0.033,0.1121,0
NER-SIM-01972,Mizoram,Champhai,Champhai-Zokhawthar Border Cut,1345.9,33.13,91.3,0.069,0.019,6.54,901.1,288.4,1,3,1.2,0.8,0.1,36.8,4.71,0.0,0.0922,0
NER-SIM-01973,Manipur,Noney,Tupul Railway Corridor Section,580.0,22.6,71.6,0.0586,-0.0015,5.86,2050.2,37.1,3,4,8.4,5.1,0.63,35.8,3.65,0.044,0.0516,0
NER-SIM-01974,Meghalaya,South West Khasi Hills,Mawsynram Valley Slopes,1872.1,46.35,319.4,-0.0485,-0.1018,5.36,377.4,12.3,1,1,18.7,33.3,2.37,46.8,1.93,0.067,0.1439,0
NER-SIM-01975,Arunachal Pradesh,West Kameng,Bhalukpong-Bomdila-Tawang Route,2338.7,40.45,26.7,0.0408,-0.1116,3.95,2786.3,13.3,5,3,11.2,16.5,0.97,44.7,2.1,0.007,0.1576,0
NER-SIM-01976,Sikkim,Pakyong,NH-10 Sevoke-Gangtok Corridor,1024.7,43.6,57.3,0.0286,-0.0397,3.55,119.4,718.0,3,1,152.9,265.1,28.25,79.9,18.34,0.052,0.9007,1
NER-SIM-01977,Mizoram,Champhai,Champhai-Zokhawthar Border Cut,1273.9,31.98,121.7,0.0312,-0.037,3.11,1010.7,405.3,1,1,23.7,21.9,2.27,41.7,4.61,0.101,0.0646,0
NER-SIM-01978,Meghalaya,South West Khasi Hills,Mawsynram Valley Slopes,1504.0,35.97,29.2,-0.0977,-0.0455,2.76,3518.6,135.3,2,2,5.4,4.7,0.53,40.5,3.83,0.079,0.0827,0
NER-SIM-01979,Sikkim,Pakyong,NH-10 Sevoke-Gangtok Corridor,1241.7,25.73,118.7,0.0233,0.0654,4.09,2.9,1012.8,3,1,8.3,6.9,0.73,36.5,1.4,0.036,0.0606,0
NER-SIM-01980,Manipur,Chandel,NH-102 Imphal-Moreh Corridor,943.2,23.05,270.4,-0.0183,-0.0466,3.23,1664.5,74.7,2,1,2.4,4.1,0.25,39.9,1.4,0.036,0.0623,0
NER-SIM-01981,Arunachal Pradesh,Lower Subansiri,Ziro Foothill Section,1565.4,26.27,230.9,0.0496,0.0528,3.91,1097.4,354.2,3,2,5.2,7.9,0.53,31.4,3.4,0.061,0.046,0
NER-SIM-01982,Arunachal Pradesh,Lower Subansiri,Ziro Foothill Section,1470.1,34.96,1.6,0.0189,-0.0294,6.04,1777.4,301.8,3,2,2.6,3.9,0.33,40.9,0.64,0.074,0.0696,0
NER-SIM-01983,Sikkim,Pakyong,NH-10 Sevoke-Gangtok Corridor,1168.7,39.18,10.1,-0.0216,0.017,3.51,1945.8,531.9,4,3,22.7,27.6,1.59,35.4,2.97,0.129,0.107,0
NER-SIM-01984,Manipur,Chandel,NH-102 Imphal-Moreh Corridor,796.2,17.51,83.7,-0.0048,-0.0199,6.94,356.8,901.2,3,1,9.1,7.6,0.76,40.4,0.0,0.106,0.0523,0
NER-SIM-01985,Arunachal Pradesh,Lower Subansiri,Ziro Foothill Section,1467.1,23.77,260.4,0.118,0.0933,6.28,654.3,94.1,3,2,13.8,20.3,1.17,49.2,1.99,0.028,0.1058,0
NER-SIM-01986,Manipur,Chandel,NH-102 Imphal-Moreh Corridor,986.9,23.72,344.0,-0.0722,-0.0411,6.45,3610.3,387.7,3,2,15.8,9.7,1.28,34.1,0.17,0.108,0.0488,0
NER-SIM-01987,Mizoram,Aizawl,Aizawl-Lunglei Road Slopes,868.0,38.82,272.6,-0.025,0.0,3.51,1573.8,960.2,1,3,49.3,153.2,16.02,63.1,1.09,0.041,0.3026,0
NER-SIM-01988,Nagaland,Phek,Phek-Meluri Road Corridor,1935.4,51.95,162.6,-0.0267,0.0607,2.96,728.2,702.1,1,3,28.7,84.6,9.38,51.0,3.51,0.057,0.4484,0
NER-SIM-01989,Nagaland,Phek,Phek-Meluri Road Corridor,1536.3,53.15,180.1,-0.0264,0.1204,2.0,423.4,330.5,1,2,10.0,12.1,1.19,45.3,4.41,0.0,0.2145,0
NER-SIM-01990,Mizoram,Champhai,Champhai-Zokhawthar Border Cut,1281.9,31.83,309.9,-0.0266,-0.0211,7.6,2521.8,798.4,1,1,6.6,7.6,1.02,36.0,3.27,0.004,0.0497,0
NER-SIM-01991,Assam,Karbi Anglong,Diphu-Bokajan Escarpment,198.9,30.82,170.7,0.0271,-0.0051,5.68,325.4,83.0,1,2,5.1,4.4,0.76,43.7,2.84,0.016,0.0798,0
NER-SIM-01992,Assam,Dima Hasao,NH-27 Lumding-Haflong Hill Cut,695.1,36.58,168.4,-0.04,-0.0289,2.92,934.1,58.4,1,2,16.0,28.5,1.73,52.6,1.29,0.005,0.1753,0
NER-SIM-01993,Meghalaya,East Khasi Hills,NH-6 Shillong-Tamabil Highway,1648.1,47.0,260.9,-0.1013,0.0579,3.91,78.1,477.8,2,1,42.4,54.0,4.09,59.7,0.85,0.035,0.2314,0
NER-SIM-01994,Arunachal Pradesh,Lower Subansiri,Ziro Foothill Section,1164.7,18.69,216.0,-0.086,0.126,6.36,1650.3,453.6,2,2,43.9,64.0,5.57,52.1,2.6,0.019,0.0694,0
NER-SIM-01995,Manipur,Chandel,NH-102 Imphal-Moreh Corridor,889.7,10.34,302.9,-0.0626,-0.1019,8.15,2894.3,28.5,3,2,172.9,277.0,28.79,76.5,12.07,0.105,0.785,1
NER-SIM-01996,Sikkim,Pakyong,NH-10 Sevoke-Gangtok Corridor,1339.5,30.67,149.5,-0.0336,0.007,6.47,2768.1,299.5,4,1,1.0,1.6,0.08,38.6,1.25,0.036,0.0629,0
NER-SIM-01997,Arunachal Pradesh,West Kameng,Bhalukpong-Bomdila-Tawang Route,2109.2,45.6,149.1,0.0965,0.0097,4.54,2519.7,862.1,4,3,1.2,2.1,0.13,33.8,2.15,0.112,0.169,0
NER-SIM-01998,Tripura,North Tripura,Jampui Hills Ridge Corridor,905.8,24.53,151.3,-0.0777,0.0091,6.21,321.5,980.3,1,3,77.5,238.4,13.34,84.9,21.54,0.071,0.5625,1
NER-SIM-01999,Meghalaya,East Khasi Hills,NH-6 Shillong-Tamabil Highway,1118.4,23.34,162.3,-0.0187,0.0113,4.58,53.8,94.1,2,2,66.3,116.4,22.04,65.8,1.26,0.045,0.3711,0
NER-SIM-02000,Meghalaya,East Khasi Hills,NH-6 Shillong-Tamabil Highway,1626.9,31.39,351.7,0.0043,0.0335,3.49,158.3,1403.7,1,4,11.6,14.7,0.85,36.9,0.0,0.089,0.068,0
NER-SIM-02001,Mizoram,Champhai,Champhai-Zokhawthar Border Cut,1519.5,24.77,69.3,-0.033,-0.0096,6.55,1973.0,527.8,2,3,167.4,345.7,22.54,79.2,17.64,0.038,0.8099,1
NER-SIM-02002,Sikkim,Pakyong,NH-10 Sevoke-Gangtok Corridor,851.5,38.89,161.9,0.0407,0.0194,6.76,719.7,242.5,3,3,1.7,2.4,0.24,34.7,0.0,0.046,0.1377,0
NER-SIM-02003,Meghalaya,South West Khasi Hills,Mawsynram Valley Slopes,1744.1,46.81,359.4,-0.048,-0.0509,2.61,1371.6,603.7,1,4,0.2,0.3,0.03,27.3,2.38,0.047,0.0536,0
NER-SIM-02004,Assam,Dima Hasao,NH-27 Lumding-Haflong Hill Cut,901.4,21.46,328.0,0.0259,-0.0325,6.75,826.2,1214.7,1,1,0.7,0.7,0.09,32.8,0.0,0.064,0.0213,0
NER-SIM-02005,Manipur,Chandel,NH-102 Imphal-Moreh Corridor,981.5,11.72,276.1,0.0351,0.029,6.69,103.4,361.3,2,3,60.8,174.1,8.6,71.0,3.23,0.046,0.3407,0
NER-SIM-02006,Sikkim,Mangan,North Sikkim Highway (Chungthang),2009.5,40.83,130.3,0.0452,-0.0447,9.18,1485.1,467.9,5,1,6.1,10.6,0.66,49.0,0.0,0.113,0.1135,0
NER-SIM-02007,Assam,Dima Hasao,NH-27 Lumding-Haflong Hill Cut,780.2,28.82,128.2,-0.0373,-0.036,6.62,2172.6,89.9,1,1,14.7,16.6,1.6,32.9,0.52,0.026,0.0433,0
NER-SIM-02008,Nagaland,Kohima,NH-29 Dimapur-Kohima By-pass,1119.5,14.98,344.4,0.0423,-0.0034,5.27,602.2,636.0,2,4,42.7,44.2,3.65,49.6,2.25,0.036,0.0886,0
NER-SIM-02009,Manipur,Chandel,NH-102 Imphal-Moreh Corridor,1175.1,41.97,122.2,0.0531,-0.0819,6.09,737.7,27.9,3,1,87.8,221.4,23.95,66.9,3.33,0.083,0.5928,1
NER-SIM-02010,Arunachal Pradesh,Lower Subansiri,Ziro Foothill Section,1352.9,21.72,219.2,0.0099,-0.0922,6.9,542.4,84.4,4,1,2.8,4.0,0.34,39.6,1.06,0.069,0.0444,0
NER-SIM-02011,Assam,Karbi Anglong,Diphu-Bokajan Escarpment,683.8,16.76,81.9,0.1131,0.0067,6.82,122.0,28.2,1,3,177.5,453.3,29.74,90.1,41.28,0.017,0.9639,1
NER-SIM-02012,Meghalaya,South West Khasi Hills,Mawsynram Valley Slopes,1598.2,46.99,330.9,0.0276,0.0313,4.14,1740.1,518.7,2,1,12.4,6.7,1.97,40.9,0.85,0.097,0.0659,0
NER-SIM-02013,Nagaland,Kohima,NH-29 Dimapur-Kohima By-pass,1459.9,24.54,273.6,-0.033,0.0012,7.14,805.4,260.6,3,4,116.6,290.7,35.21,72.8,2.81,0.094,0.5971,1
NER-SIM-02014,Mizoram,Champhai,Champhai-Zokhawthar Border Cut,768.6,18.74,106.8,-0.1227,0.0305,7.98,1051.4,9.6,2,1,15.1,19.2,1.49,36.8,3.11,0.102,0.0977,0
NER-SIM-02015,Arunachal Pradesh,Lower Subansiri,Ziro Foothill Section,1806.7,18.27,54.4,0.0323,0.0519,7.31,330.1,144.9,4,2,1.3,0.9,0.18,44.3,3.22,0.043,0.0732,0
NER-SIM-02016,Meghalaya,East Khasi Hills,NH-6 Shillong-Tamabil Highway,1549.1,34.29,284.7,-0.0313,0.0305,4.65,1077.2,5.2,2,3,4.2,5.9,0.49,30.5,3.19,0.033,0.1855,0
NER-SIM-02017,Assam,Dima Hasao,NH-27 Lumding-Haflong Hill Cut,696.3,29.15,62.9,-0.0537,0.0899,5.95,1181.4,89.6,1,3,73.8,120.7,12.2,74.7,2.05,0.107,0.5088,1
NER-SIM-02018,Manipur,Noney,Tupul Railway Corridor Section,994.2,45.22,245.1,0.0914,-0.0123,5.22,1162.7,99.0,2,2,91.1,149.2,27.93,68.8,3.12,0.084,0.5923,1
NER-SIM-02019,Manipur,Noney,Tupul Railway Corridor Section,1048.0,41.05,294.7,-0.0473,-0.0631,4.38,1161.0,171.8,3,3,184.2,517.6,46.98,80.3,17.95,0.0,0.9869,1
NER-SIM-02020,Assam,Dima Hasao,NH-27 Lumding-Haflong Hill Cut,820.6,30.97,306.5,-0.0576,-0.0026,8.36,538.3,781.9,1,3,20.3,18.3,2.94,39.1,1.87,0.072,0.0542,0
NER-SIM-02021,Meghalaya,East Khasi Hills,NH-6 Shillong-Tamabil Highway,1537.0,27.21,203.9,-0.0648,-0.0182,5.05,836.4,180.8,2,4,14.8,20.4,2.45,36.7,0.0,0.014,0.036,0
NER-SIM-02022,Arunachal Pradesh,Lower Subansiri,Ziro Foothill Section,1834.3,41.38,308.3,-0.0295,0.0649,5.3,4116.9,655.8,3,3,2.4,1.4,0.16,34.7,1.74,0.041,0.1062,0
NER-SIM-02023,Arunachal Pradesh,Lower Subansiri,Ziro Foothill Section,1209.4,22.98,173.0,-0.0825,0.0136,6.68,935.3,84.7,5,1,16.6,21.2,2.33,42.7,1.45,0.056,0.1021,0
NER-SIM-02024,Arunachal Pradesh,West Kameng,Bhalukpong-Bomdila-Tawang Route,1680.6,40.85,15.1,-0.0675,-0.0493,6.47,1212.3,782.4,5,3,66.0,176.7,9.32,76.2,13.63,0.002,0.5599,1
NER-SIM-02025,Sikkim,Mangan,North Sikkim Highway (Chungthang),1948.1,49.98,320.5,-0.0058,0.0065,2.0,1816.5,144.0,4,3,75.5,180.2,19.06,73.2,3.16,0.024,0.7542,1
NER-SIM-02026,Assam,Karbi Anglong,Diphu-Bokajan Escarpment,400.7,29.67,301.9,0.0228,0.0109,5.24,590.6,133.9,1,1,67.0,113.1,9.22,64.7,1.64,0.049,0.1537,0
NER-SIM-02027,Arunachal Pradesh,Lower Subansiri,Ziro Foothill Section,1511.4,39.96,93.2,-0.0313,-0.0359,4.76,563.9,511.0,4,1,111.0,167.7,15.73,67.6,3.13,0.027,0.4845,0
NER-SIM-02028,Tripura,North Tripura,Jampui Hills Ridge Corridor,1130.5,16.78,286.0,0.0564,-0.0342,5.66,2196.8,370.4,1,1,0.9,1.4,0.12,38.5,1.11,0.0,0.0335,0
NER-SIM-02029,Assam,Karbi Anglong,Diphu-Bokajan Escarpment,649.1,27.94,159.9,-0.0274,0.0259,7.97,411.9,139.8,1,1,40.3,65.2,3.08,61.8,1.18,0.0,0.0895,0
NER-SIM-02030,Meghalaya,South West Khasi Hills,Mawsynram Valley Slopes,1419.6,28.93,173.1,-0.0703,0.0083,6.85,842.2,115.5,2,4,1.1,1.8,0.12,28.2,2.08,0.094,0.0667,0
NER-SIM-02031,Arunachal Pradesh,West Kameng,Bhalukpong-Bomdila-Tawang Route,2451.7,49.35,226.8,-0.0299,-0.0435,2.0,1279.1,321.6,3,2,7.6,12.6,0.56,40.8,2.79,0.039,0.2222,0
NER-SIM-02032,Nagaland,Kohima,NH-29 Dimapur-Kohima By-pass,1636.4,38.52,293.9,-0.0625,0.06,2.0,3242.6,147.9,2,2,39.3,24.6,2.84,40.1,0.76,0.046,0.2466,0
NER-SIM-02033,Sikkim,Mangan,North Sikkim Highway (Chungthang),1610.6,56.25,121.9,-0.043,-0.0271,4.92,947.9,188.5,4,3,19.9,34.5,1.52,37.8,2.86,0.004,0.5173,1
NER-SIM-02034,Manipur,Noney,Tupul Railway Corridor Section,840.2,42.3,327.5,-0.001,0.0061,4.74,256.2,433.2,2,2,19.2,44.0,4.44,42.8,0.0,0.027,0.1221,0
NER-SIM-02035,Tripura,North Tripura,Jampui Hills Ridge Corridor,757.3,28.39,96.8,-0.0381,0.0763,4.67,542.7,211.8,1,1,20.9,12.6,2.32,39.5,1.22,0.13,0.072,0
NER-SIM-02036,Mizoram,Aizawl,Aizawl-Lunglei Road Slopes,642.6,40.47,241.0,0.0379,-0.0362,5.25,1565.5,1184.0,2,2,94.9,277.7,13.58,75.3,9.22,0.055,0.6824,1
NER-SIM-02037,Arunachal Pradesh,West Kameng,Bhalukpong-Bomdila-Tawang Route,1665.0,37.41,349.9,0.0961,-0.0012,2.0,73.0,262.5,5,4,159.9,253.5,24.96,76.7,9.05,0.038,0.8771,1
NER-SIM-02038,Sikkim,Pakyong,NH-10 Sevoke-Gangtok Corridor,653.6,46.83,273.9,-0.0195,0.001,2.89,2946.8,424.9,2,1,182.2,509.1,23.65,85.1,31.58,0.083,0.9786,1
NER-SIM-02039,Tripura,North Tripura,Jampui Hills Ridge Corridor,753.3,33.35,80.2,0.0139,0.0574,6.05,238.5,125.5,1,3,192.1,554.8,29.72,79.4,11.8,0.044,0.9768,1
NER-SIM-02040,Assam,Dima Hasao,NH-27 Lumding-Haflong Hill Cut,1033.6,42.86,93.6,0.1032,0.0095,6.12,2730.9,97.9,1,1,14.5,19.0,1.88,46.9,4.83,0.05,0.1122,0
NER-SIM-02041,Meghalaya,East Khasi Hills,NH-6 Shillong-Tamabil Highway,1743.0,32.87,113.7,-0.0205,0.0206,5.96,6451.0,18.4,2,1,25.9,15.0,1.75,41.7,3.66,0.099,0.0493,0
NER-SIM-02042,Mizoram,Champhai,Champhai-Zokhawthar Border Cut,1498.0,30.04,176.4,-0.016,0.0365,7.78,633.0,638.4,3,4,262.8,664.8,54.37,75.4,9.53,0.027,0.9829,1
NER-SIM-02043,Manipur,Chandel,NH-102 Imphal-Moreh Corridor,1086.5,25.37,6.5,0.0448,-0.035,3.94,2230.6,83.9,2,1,5.9,8.4,0.48,33.2,1.72,0.014,0.0685,0
NER-SIM-02044,Manipur,Chandel,NH-102 Imphal-Moreh Corridor,727.8,25.79,33.2,0.0504,-0.0116,8.93,508.1,72.3,2,2,59.7,148.3,12.15,67.9,2.56,0.052,0.471,0
NER-SIM-02045,Meghalaya,East Khasi Hills,NH-6 Shillong-Tamabil Highway,1608.2,30.74,297.4,-0.0018,0.0092,7.38,1328.4,26.1,1,1,33.6,52.7,5.52,53.5,2.36,0.089,0.0764,0
NER-SIM-02046,Tripura,North Tripura,Jampui Hills Ridge Corridor,1156.9,21.27,340.6,0.0276,0.0132,8.12,1838.4,777.9,1,1,10.1,17.8,1.3,40.6,1.02,0.063,0.0193,0
NER-SIM-02047,Assam,Dima Hasao,NH-27 Lumding-Haflong Hill Cut,550.6,37.85,332.4,-0.001,0.01,5.53,1562.5,695.3,1,1,17.0,14.2,1.39,53.0,0.56,0.044,0.0569,0
NER-SIM-02048,Assam,Karbi Anglong,Diphu-Bokajan Escarpment,136.4,15.53,238.1,0.0354,-0.028,8.87,3087.1,1493.0,1,2,0.5,0.8,0.04,40.0,2.08,0.047,0.0483,0
NER-SIM-02049,Manipur,Chandel,NH-102 Imphal-Moreh Corridor,1421.1,35.11,20.0,0.013,0.029,4.36,438.1,397.9,3,3,14.5,12.0,1.15,34.3,3.93,0.071,0.1664,0
NER-SIM-02050,Arunachal Pradesh,Lower Subansiri,Ziro Foothill Section,1286.1,41.0,143.8,0.0047,0.0204,4.98,1978.4,267.4,4,3,7.0,7.1,1.08,33.8,0.63,0.039,0.1346,0
NER-SIM-02051,Nagaland,Kohima,NH-29 Dimapur-Kohima By-pass,1857.3,41.94,93.6,-0.0212,0.0308,7.56,1253.8,1429.3,3,2,4.2,3.8,0.39,31.4,0.72,0.066,0.0546,0
NER-SIM-02052,Meghalaya,East Khasi Hills,NH-6 Shillong-Tamabil Highway,1170.7,38.53,55.8,0.0625,0.0232,4.93,223.4,719.9,1,2,89.6,159.6,13.24,75.6,10.0,0.0,0.5469,1
NER-SIM-02053,Meghalaya,South West Khasi Hills,Mawsynram Valley Slopes,1748.2,30.15,227.7,-0.0124,-0.0115,4.05,462.2,422.7,1,2,16.2,47.6,4.13,49.5,3.45,0.07,0.1395,0
NER-SIM-02054,Tripura,North Tripura,Jampui Hills Ridge Corridor,904.8,25.36,345.0,0.0176,-0.0014,4.71,1255.7,111.4,1,2,2.3,2.5,0.28,28.5,5.11,0.045,0.0292,0
NER-SIM-02055,Manipur,Noney,Tupul Railway Corridor Section,1158.0,39.66,111.0,0.0321,0.0332,5.45,245.8,281.6,3,2,8.3,11.4,0.97,36.2,3.39,0.0,0.2015,0
NER-SIM-02056,Meghalaya,South West Khasi Hills,Mawsynram Valley Slopes,1144.3,15.28,265.5,-0.0154,0.0222,6.58,1772.5,82.4,1,1,4.1,2.6,0.41,47.8,2.96,0.038,0.029,0
NER-SIM-02057,Manipur,Chandel,NH-102 Imphal-Moreh Corridor,1226.9,42.26,154.6,-0.0527,0.0139,5.18,219.3,1189.6,2,1,140.1,290.2,17.98,90.2,34.32,0.42,0.8148,1
NER-SIM-02058,Manipur,Chandel,NH-102 Imphal-Moreh Corridor,1014.5,14.8,274.0,0.0026,0.0082,5.51,198.1,350.4,2,1,32.6,58.7,5.25,48.7,1.74,0.163,0.0807,0
NER-SIM-02059,Meghalaya,South West Khasi Hills,Mawsynram Valley Slopes,1647.7,33.82,351.2,0.0096,0.056,6.24,30.0,301.1,1,3,61.3,187.5,10.02,82.8,23.48,0.571,0.8267,1
NER-SIM-02060,Assam,Dima Hasao,NH-27 Lumding-Haflong Hill Cut,690.6,39.07,257.1,-0.0542,-0.0094,7.43,1291.8,454.8,1,2,4.1,3.1,0.28,28.9,0.69,0.059,0.0464,0
NER-SIM-02061,Mizoram,Champhai,Champhai-Zokhawthar Border Cut,1412.6,30.48,52.9,0.0443,-0.048,7.72,2042.9,87.9,2,1,18.3,24.0,1.79,38.6,3.3,0.043,0.069,0
NER-SIM-02062,Arunachal Pradesh,West Kameng,Bhalukpong-Bomdila-Tawang Route,2210.0,26.04,240.7,0.067,0.0395,5.28,785.7,185.7,4,3,155.2,267.6,28.8,83.1,29.1,0.009,0.8648,1
NER-SIM-02063,Nagaland,Kohima,NH-29 Dimapur-Kohima By-pass,1290.5,45.19,86.6,0.1165,-0.0403,4.2,139.5,260.0,3,1,2.5,1.3,0.28,31.8,3.94,0.12,0.1722,0
NER-SIM-02064,Manipur,Noney,Tupul Railway Corridor Section,50.0,21.02,180.1,-0.0083,0.001,8.2,2812.6,319.8,2,2,31.4,38.9,4.14,34.2,0.0,0.015,0.1129,0
NER-SIM-02065,Arunachal Pradesh,West Kameng,Bhalukpong-Bomdila-Tawang Route,2580.6,29.24,266.0,0.038,-0.022,7.71,571.9,26.2,4,3,101.7,201.6,14.02,73.4,0.66,0.0,0.5847,1
NER-SIM-02066,Assam,Karbi Anglong,Diphu-Bokajan Escarpment,50.0,19.74,337.2,-0.0158,-0.0156,7.57,837.9,443.1,1,3,12.6,21.1,1.75,39.7,0.59,0.0,0.0636,0
NER-SIM-02067,Manipur,Noney,Tupul Railway Corridor Section,1184.4,50.28,35.5,-0.0247,-0.0395,6.41,159.1,296.0,4,3,176.6,542.6,26.32,64.7,2.54,0.019,0.9818,1
NER-SIM-02068,Mizoram,Champhai,Champhai-Zokhawthar Border Cut,1378.2,27.6,148.9,0.0193,0.0102,5.96,109.0,217.4,2,3,0.4,0.6,0.04,34.5,3.86,0.086,0.1324,0
NER-SIM-02069,Meghalaya,East Khasi Hills,NH-6 Shillong-Tamabil Highway,1734.7,33.88,296.0,0.0445,-0.095,2.0,2121.0,632.7,2,2,73.3,212.6,16.5,81.5,22.8,0.03,0.4,0
NER-SIM-02070,Assam,Dima Hasao,NH-27 Lumding-Haflong Hill Cut,553.2,47.55,72.3,0.0095,-0.0746,8.04,1088.1,440.8,1,2,5.8,7.4,0.4,36.1,0.0,0.018,0.1049,0
NER-SIM-02071,Nagaland,Kohima,NH-29 Dimapur-Kohima By-pass,1097.4,25.62,259.9,0.0077,0.0062,6.74,730.3,990.9,3,2,124.8,267.3,29.63,86.5,29.26,0.019,0.7895,1
NER-SIM-02072,Arunachal Pradesh,Lower Subansiri,Ziro Foothill Section,1642.7,20.77,110.8,0.0937,0.0162,5.95,669.9,261.2,3,3,3.3,2.0,0.46,34.9,2.0,0.089,0.1145,0
NER-SIM-02073,Assam,Dima Hasao,NH-27 Lumding-Haflong Hill Cut,817.7,40.32,299.7,0.021,0.0111,4.7,4053.2,535.6,1,3,170.8,348.0,38.55,80.7,23.05,0.093,0.7987,1
NER-SIM-02074,Meghalaya,South West Khasi Hills,Mawsynram Valley Slopes,1074.9,44.82,56.0,-0.0433,0.0368,3.52,421.5,242.8,2,1,12.9,17.0,1.86,36.5,4.33,0.077,0.1311,0
NER-SIM-02075,Manipur,Noney,Tupul Railway Corridor Section,890.1,35.28,330.3,0.0131,-0.0599,4.28,5450.6,68.7,3,3,1.8,2.3,0.12,44.0,1.89,0.051,0.1314,0
NER-SIM-02076,Assam,Dima Hasao,NH-27 Lumding-Haflong Hill Cut,813.5,40.98,349.6,0.0249,0.0282,4.36,1364.9,61.0,1,3,30.0,16.3,2.14,33.3,3.21,0.033,0.1312,0
NER-SIM-02077,Assam,Dima Hasao,NH-27 Lumding-Haflong Hill Cut,865.4,37.09,68.1,0.0312,0.0317,8.0,3461.2,499.2,1,2,6.2,9.5,0.44,35.9,0.0,0.075,0.0351,0
NER-SIM-02078,Assam,Dima Hasao,NH-27 Lumding-Haflong Hill Cut,710.1,31.85,225.1,0.0024,0.0019,6.0,467.4,104.7,1,4,0.5,0.5,0.05,27.0,2.69,0.103,0.0454,0
NER-SIM-02079,Nagaland,Phek,Phek-Meluri Road Corridor,1755.5,14.9,299.4,0.0301,-0.0156,8.3,1133.9,217.2,3,1,105.7,231.8,25.06,72.4,0.0,0.077,0.3101,0
NER-SIM-02080,Sikkim,Mangan,North Sikkim Highway (Chungthang),2248.1,65.88,56.2,0.0155,-0.0912,4.28,3102.8,121.1,5,3,65.6,114.0,19.31,59.7,2.98,0.061,0.7781,1
NER-SIM-02081,Mizoram,Aizawl,Aizawl-Lunglei Road Slopes,1117.7,42.74,45.8,-0.0246,0.0285,3.95,300.0,493.6,2,2,152.6,301.9,32.56,80.0,21.21,0.067,0.8846,1
NER-SIM-02082,Sikkim,Mangan,North Sikkim Highway (Chungthang),1760.2,53.61,222.2,0.0416,-0.0773,2.71,1870.1,86.9,4,1,2.6,1.9,0.25,33.7,0.8,0.053,0.0874,0
NER-SIM-02083,Meghalaya,East Khasi Hills,NH-6 Shillong-Tamabil Highway,1808.9,22.15,278.1,0.0149,0.0314,6.61,437.7,574.7,2,2,7.6,9.9,0.84,30.3,0.01,0.033,0.0839,0
NER-SIM-02084,Manipur,Noney,Tupul Railway Corridor Section,976.6,34.02,192.0,0.1005,0.0297,5.54,2933.4,329.5,4,3,18.3,29.5,1.4,45.3,0.84,0.052,0.1261,0
NER-SIM-02085,Sikkim,Mangan,North Sikkim Highway (Chungthang),1524.8,34.87,106.0,0.0052,-0.0097,3.96,2897.6,9.1,4,4,4.0,3.2,0.4,43.3,4.15,0.048,0.0721,0
NER-SIM-02086,Arunachal Pradesh,Lower Subansiri,Ziro Foothill Section,1326.7,40.13,342.2,-0.046,-0.126,4.76,724.9,27.4,3,3,101.3,166.9,25.06,74.0,0.1,0.021,0.7198,1
NER-SIM-02087,Manipur,Noney,Tupul Railway Corridor Section,831.6,44.16,20.8,-0.0586,-0.1477,4.65,764.5,616.7,3,4,50.0,142.7,7.43,67.7,3.2,0.03,0.4184,0
NER-SIM-02088,Arunachal Pradesh,Lower Subansiri,Ziro Foothill Section,1874.9,28.41,185.6,0.0637,0.0152,4.35,285.0,652.3,4,2,23.9,49.8,4.31,38.4,0.67,0.081,0.1873,0
NER-SIM-02089,Meghalaya,East Khasi Hills,NH-6 Shillong-Tamabil Highway,866.6,27.31,79.4,0.0193,0.0204,6.66,3835.4,800.3,2,2,72.6,179.0,9.63,71.1,0.78,0.077,0.3046,0
NER-SIM-02090,Sikkim,Pakyong,NH-10 Sevoke-Gangtok Corridor,979.0,24.3,3.8,-0.0315,0.024,5.28,1605.1,378.6,3,1,6.6,8.5,0.57,38.8,1.57,0.025,0.0556,0
NER-SIM-02091,Mizoram,Champhai,Champhai-Zokhawthar Border Cut,1270.9,40.36,34.9,0.0205,-0.0249,4.14,913.7,671.7,1,3,128.9,325.6,16.85,85.0,27.22,2.388,0.8991,1
NER-SIM-02092,Meghalaya,East Khasi Hills,NH-6 Shillong-Tamabil Highway,1859.2,39.01,93.0,-0.1025,0.0152,3.01,385.1,811.8,1,2,10.1,12.2,1.3,37.6,1.33,0.069,0.0852,0
NER-SIM-02093,Mizoram,Aizawl,Aizawl-Lunglei Road Slopes,1037.7,37.51,262.0,-0.0756,0.025,4.78,695.8,51.1,1,1,164.3,332.2,23.56,76.3,10.74,0.079,0.8152,1
NER-SIM-02094,Nagaland,Kohima,NH-29 Dimapur-Kohima By-pass,1547.8,34.1,22.4,0.0189,-0.015,2.0,1214.0,532.7,2,1,53.3,160.8,11.73,75.5,4.45,0.102,0.2159,0
NER-SIM-02095,Nagaland,Kohima,NH-29 Dimapur-Kohima By-pass,1205.3,30.78,307.4,-0.052,0.0423,5.78,326.5,5.2,3,3,9.7,11.0,0.75,33.7,2.81,0.013,0.2558,0
NER-SIM-02096,Manipur,Chandel,NH-102 Imphal-Moreh Corridor,889.1,25.08,335.4,0.0437,-0.0362,7.58,1646.4,1495.6,2,4,96.0,287.0,16.59,86.8,38.06,0.05,0.6351,1
NER-SIM-02097,Tripura,North Tripura,Jampui Hills Ridge Corridor,498.4,43.07,357.8,0.092,0.0855,3.38,265.9,380.7,1,2,8.0,12.1,0.59,41.5,0.85,0.08,0.0738,0
NER-SIM-02098,Mizoram,Aizawl,Aizawl-Lunglei Road Slopes,1053.4,34.68,61.5,0.0885,0.0109,4.68,94.7,125.1,1,3,177.4,301.2,58.19,73.2,0.08,0.008,0.9234,1
NER-SIM-02099,Manipur,Chandel,NH-102 Imphal-Moreh Corridor,1112.6,49.66,236.9,0.0665,0.0247,3.19,1319.0,1229.4,3,3,20.7,29.3,2.33,35.3,1.93,0.078,0.1543,0
NER-SIM-02100,Nagaland,Phek,Phek-Meluri Road Corridor,1322.6,35.79,147.0,-0.0086,-0.0236,8.38,1340.7,2.7,3,3,133.9,274.1,21.79,85.3,28.51,0.525,0.9102,1
NER-SIM-02101,Mizoram,Champhai,Champhai-Zokhawthar Border Cut,1139.4,31.25,141.8,-0.057,0.0179,7.86,536.0,41.7,1,1,0.6,0.7,0.04,28.4,3.63,0.053,0.0798,0
NER-SIM-02102,Manipur,Noney,Tupul Railway Corridor Section,1123.6,23.63,293.4,-0.0082,0.0509,4.91,598.1,1037.4,3,2,18.2,31.2,2.09,51.7,4.93,0.071,0.1103,0
NER-SIM-02103,Nagaland,Kohima,NH-29 Dimapur-Kohima By-pass,1512.2,49.43,200.7,0.0044,-0.0138,3.81,658.6,473.8,2,2,131.7,219.5,17.58,80.7,18.99,0.054,0.753,1
NER-SIM-02104,Sikkim,Mangan,North Sikkim Highway (Chungthang),1976.8,37.29,130.7,0.0456,-0.0133,4.13,103.2,81.0,5,3,46.6,102.1,12.87,58.2,1.27,0.068,0.5027,1
NER-SIM-02105,Mizoram,Champhai,Champhai-Zokhawthar Border Cut,927.1,35.77,310.2,0.0538,0.034,4.85,2257.7,1145.9,2,3,23.6,14.7,1.88,46.2,2.21,0.0,0.0952,0
NER-SIM-02106,Meghalaya,East Khasi Hills,NH-6 Shillong-Tamabil Highway,1725.8,29.61,25.7,-0.0198,0.0092,5.68,1873.4,113.7,2,4,5.0,6.3,0.76,39.9,3.14,0.09,0.0794,0
NER-SIM-02107,Manipur,Chandel,NH-102 Imphal-Moreh Corridor,1192.5,19.95,253.7,-0.0686,-0.072,8.69,501.3,587.0,2,2,78.6,241.9,11.79,75.6,7.35,0.0,0.4643,0
NER-SIM-02108,Nagaland,Kohima,NH-29 Dimapur-Kohima By-pass,1315.8,21.66,48.1,0.0381,0.0599,2.64,4484.2,371.5,2,2,39.0,60.2,3.75,36.2,1.17,0.015,0.0498,0
NER-SIM-02109,Meghalaya,East Khasi Hills,NH-6 Shillong-Tamabil Highway,1775.6,17.58,145.2,-0.0039,-0.0375,3.99,472.7,506.8,2,4,99.8,196.7,13.77,80.1,17.92,0.024,0.3772,0
NER-SIM-02110,Meghalaya,East Khasi Hills,NH-6 Shillong-Tamabil Highway,1635.0,37.86,219.8,-0.004,0.0135,6.41,201.9,705.4,1,2,49.5,26.7,3.73,56.0,0.0,0.016,0.1929,0
NER-SIM-02111,Meghalaya,East Khasi Hills,NH-6 Shillong-Tamabil Highway,1318.3,38.69,142.1,0.0443,-0.0124,5.72,190.4,59.4,1,1,39.6,78.7,5.74,58.4,1.63,0.086,0.221,0
NER-SIM-02112,Manipur,Noney,Tupul Railway Corridor Section,904.7,36.81,352.8,-0.0062,-0.0437,7.14,2549.5,40.1,2,3,14.2,21.8,2.06,36.3,3.73,0.097,0.2191,0
NER-SIM-02113,Mizoram,Champhai,Champhai-Zokhawthar Border Cut,1201.5,47.44,222.0,0.0184,-0.0233,2.91,77.5,303.5,2,3,175.2,500.1,39.03,71.2,1.0,0.036,0.9783,1
NER-SIM-02114,Mizoram,Champhai,Champhai-Zokhawthar Border Cut,1173.4,24.71,239.8,-0.0211,-0.0419,7.24,527.0,315.0,1,4,9.1,6.6,0.81,33.4,1.74,0.012,0.0333,0
NER-SIM-02115,Manipur,Chandel,NH-102 Imphal-Moreh Corridor,927.6,37.92,265.4,-0.0196,0.0136,6.58,4003.4,444.2,4,1,44.7,109.9,9.92,46.8,2.22,0.041,0.2466,0
NER-SIM-02116,Nagaland,Phek,Phek-Meluri Road Corridor,1515.4,30.36,307.4,-0.0315,0.1333,3.19,1339.7,584.4,4,1,14.5,18.7,2.27,38.9,2.02,0.041,0.0819,0
NER-SIM-02117,Tripura,North Tripura,Jampui Hills Ridge Corridor,472.0,20.58,250.0,0.0103,0.0053,7.99,915.4,595.9,1,2,66.3,133.6,9.96,68.1,3.37,0.038,0.2207,0
NER-SIM-02118,Arunachal Pradesh,West Kameng,Bhalukpong-Bomdila-Tawang Route,1628.9,46.58,144.5,0.0442,-0.0934,3.82,252.8,1227.6,5,2,177.2,532.6,57.06,85.6,33.14,2.459,0.9909,1
NER-SIM-02119,Arunachal Pradesh,West Kameng,Bhalukpong-Bomdila-Tawang Route,2220.3,47.24,15.6,-0.0557,0.0109,5.03,204.0,501.6,5,4,0.7,1.0,0.05,29.4,4.17,0.0,0.1653,0
NER-SIM-02120,Manipur,Noney,Tupul Railway Corridor Section,212.9,36.96,194.4,0.0356,-0.0053,4.68,3453.8,137.1,3,1,58.6,93.2,10.44,60.1,0.99,0.0,0.1663,0
NER-SIM-02121,Manipur,Chandel,NH-102 Imphal-Moreh Corridor,919.8,33.75,278.2,0.0226,0.0462,6.98,88.6,160.4,2,1,99.1,227.5,14.63,85.8,32.9,0.554,0.7472,1
NER-SIM-02122,Tripura,North Tripura,Jampui Hills Ridge Corridor,1173.4,36.92,317.1,-0.0072,-0.0216,4.85,849.9,661.8,1,3,28.6,43.8,5.11,51.3,0.7,0.022,0.1031,0
NER-SIM-02123,Arunachal Pradesh,West Kameng,Bhalukpong-Bomdila-Tawang Route,2455.8,46.84,38.0,0.0791,-0.0212,3.19,1097.3,83.0,4,1,22.9,14.0,2.32,39.3,4.8,0.0,0.2281,0
NER-SIM-02124,Arunachal Pradesh,Lower Subansiri,Ziro Foothill Section,1645.2,41.13,126.1,-0.0332,0.0001,2.52,899.9,62.7,4,1,2.1,2.0,0.22,27.7,1.77,0.055,0.0812,0
NER-SIM-02125,Manipur,Chandel,NH-102 Imphal-Moreh Corridor,689.9,21.41,59.1,-0.0432,0.0615,2.61,1490.0,457.9,2,3,89.0,143.8,27.91,61.9,2.25,0.024,0.2902,0
NER-SIM-02126,Nagaland,Phek,Phek-Meluri Road Corridor,1705.9,32.52,191.7,0.1256,0.0343,7.42,603.9,800.7,3,2,6.2,9.8,0.76,40.2,0.31,0.077,0.1337,0
NER-SIM-02127,Meghalaya,East Khasi Hills,NH-6 Shillong-Tamabil Highway,1444.8,41.69,54.6,0.0013,0.0036,3.42,927.2,530.5,1,4,40.9,109.4,7.28,58.7,1.7,0.016,0.1501,0
NER-SIM-02128,Arunachal Pradesh,Lower Subansiri,Ziro Foothill Section,1535.1,29.92,306.2,-0.0014,-0.0105,2.0,248.6,482.3,4,3,7.4,7.4,0.73,31.3,2.92,0.073,0.1406,0
NER-SIM-02129,Sikkim,Pakyong,NH-10 Sevoke-Gangtok Corridor,1494.6,42.12,267.4,0.0494,-0.0329,5.83,2414.6,39.3,4,1,25.5,41.6,2.91,52.1,0.0,0.062,0.2072,0
NER-SIM-02130,Meghalaya,East Khasi Hills,NH-6 Shillong-Tamabil Highway,1687.0,33.47,187.8,-0.0275,-0.0611,4.29,530.5,565.0,3,1,20.4,15.2,2.3,32.1,3.38,0.074,0.0763,0
NER-SIM-02131,Manipur,Noney,Tupul Railway Corridor Section,1496.8,38.87,275.3,-0.0343,-0.0402,4.09,204.5,184.2,3,1,111.9,329.5,18.73,83.2,21.54,0.823,0.8991,1
NER-SIM-02132,Tripura,North Tripura,Jampui Hills Ridge Corridor,559.6,16.49,253.2,-0.0338,-0.0223,6.63,645.8,260.1,1,1,158.0,486.0,51.22,84.3,21.04,0.02,0.8353,1
NER-SIM-02133,Assam,Karbi Anglong,Diphu-Bokajan Escarpment,159.8,48.96,125.5,-0.049,0.0298,3.06,1353.6,335.2,1,1,6.3,6.0,0.8,29.6,2.51,0.052,0.0634,0
NER-SIM-02134,Meghalaya,South West Khasi Hills,Mawsynram Valley Slopes,995.8,30.89,149.2,-0.0167,0.0586,5.32,198.9,40.1,1,1,2.2,3.0,0.18,39.5,0.78,0.012,0.0821,0
NER-SIM-02135,Assam,Dima Hasao,NH-27 Lumding-Haflong Hill Cut,365.6,41.06,56.7,-0.0585,-0.0595,5.18,331.8,891.5,1,2,205.6,309.7,36.96,82.6,17.6,10.983,0.9179,1
NER-SIM-02136,Manipur,Noney,Tupul Railway Corridor Section,932.3,54.56,255.3,0.0022,-0.0048,3.11,505.0,73.2,3,2,17.5,29.9,1.74,32.7,1.56,0.032,0.2496,0
NER-SIM-02137,Arunachal Pradesh,West Kameng,Bhalukpong-Bomdila-Tawang Route,1920.8,36.18,31.1,0.0412,0.0189,5.57,108.0,208.9,4,4,2.7,1.7,0.36,34.1,1.41,0.091,0.0928,0
NER-SIM-02138,Sikkim,Pakyong,NH-10 Sevoke-Gangtok Corridor,1005.4,33.22,128.5,-0.0347,0.0886,6.85,1785.4,182.0,3,1,0.9,0.9,0.13,29.9,2.15,0.007,0.0836,0
NER-SIM-02139,Arunachal Pradesh,West Kameng,Bhalukpong-Bomdila-Tawang Route,2012.8,37.42,266.5,-0.0349,-0.011,2.0,2401.8,6.1,4,4,170.3,416.2,25.45,79.4,17.08,0.025,0.9082,1
NER-SIM-02140,Assam,Dima Hasao,NH-27 Lumding-Haflong Hill Cut,581.2,33.22,127.8,-0.1749,-0.0024,7.1,737.8,12.5,1,4,2.2,3.8,0.23,23.8,1.91,0.074,0.0924,0
NER-SIM-02141,Manipur,Noney,Tupul Railway Corridor Section,806.7,41.44,200.8,-0.0231,0.0594,3.14,374.3,354.2,2,2,19.4,21.7,1.3,44.1,1.76,0.059,0.1668,0
NER-SIM-02142,Mizoram,Champhai,Champhai-Zokhawthar Border Cut,1855.8,33.68,94.0,-0.0098,0.0094,3.6,503.8,33.6,1,1,57.0,111.4,7.71,53.8,0.36,0.0,0.1777,0
NER-SIM-02143,Tripura,North Tripura,Jampui Hills Ridge Corridor,469.3,19.72,291.1,0.092,0.0413,5.57,6.7,61.1,1,3,28.7,17.9,2.37,37.9,2.42,0.112,0.189,0
NER-SIM-02144,Arunachal Pradesh,Lower Subansiri,Ziro Foothill Section,1653.1,37.83,166.3,0.0256,0.0509,4.08,4048.7,256.2,3,2,47.7,50.3,4.39,50.4,2.93,0.072,0.16,0
NER-SIM-02145,Meghalaya,South West Khasi Hills,Mawsynram Valley Slopes,1195.4,43.95,56.4,-0.0271,0.0465,4.46,255.2,162.0,2,2,6.7,6.7,0.8,31.2,1.1,0.078,0.2174,0
NER-SIM-02146,Assam,Dima Hasao,NH-27 Lumding-Haflong Hill Cut,485.6,25.55,335.7,-0.0205,0.0276,5.32,1759.6,51.4,1,2,25.2,36.0,3.71,33.8,4.05,0.063,0.1206,0
NER-SIM-02147,Nagaland,Kohima,NH-29 Dimapur-Kohima By-pass,1200.2,35.93,22.4,0.0075,-0.047,12.64,1217.7,777.1,2,3,44.5,80.8,14.31,60.7,1.05,0.001,0.1341,0
NER-SIM-02148,Tripura,North Tripura,Jampui Hills Ridge Corridor,226.0,28.37,205.0,0.1259,-0.0021,3.81,3431.8,217.0,1,1,98.9,203.0,23.65,92.6,35.88,0.0,0.6603,1
NER-SIM-02149,Mizoram,Aizawl,Aizawl-Lunglei Road Slopes,1439.0,24.48,176.9,-0.0277,0.0133,4.15,1233.1,1311.9,1,1,4.5,2.3,0.57,40.4,2.94,0.071,0.0401,0
NER-SIM-02150,Mizoram,Aizawl,Aizawl-Lunglei Road Slopes,1079.0,32.14,117.7,0.0771,-0.001,2.94,4.2,555.0,2,1,27.8,36.9,2.66,51.5,0.59,0.0,0.183,0
NER-SIM-02151,Meghalaya,East Khasi Hills,NH-6 Shillong-Tamabil Highway,1764.9,28.64,357.7,-0.0455,-0.0219,7.53,2198.6,14.5,2,1,6.4,8.9,0.47,34.2,3.78,0.035,0.0644,0
NER-SIM-02152,Meghalaya,East Khasi Hills,NH-6 Shillong-Tamabil Highway,1444.7,41.89,61.3,-0.0029,0.0038,2.87,1138.8,738.7,1,1,26.9,26.3,2.01,42.9,3.22,0.051,0.1231,0
NER-SIM-02153,Mizoram,Aizawl,Aizawl-Lunglei Road Slopes,1012.4,36.68,276.1,0.033,0.0208,5.78,655.8,616.6,2,2,217.1,373.5,30.3,79.2,17.14,0.038,0.9246,1
NER-SIM-02154,Arunachal Pradesh,West Kameng,Bhalukpong-Bomdila-Tawang Route,1704.9,40.98,18.2,-0.0215,-0.0641,4.0,883.6,155.9,4,2,25.0,53.6,3.89,47.5,1.72,0.125,0.1646,0
NER-SIM-02155,Manipur,Noney,Tupul Railway Corridor Section,1019.4,39.51,330.6,-0.0324,0.0679,5.54,1165.3,607.6,3,4,10.1,15.4,0.73,49.7,0.4,0.0,0.0447,0
NER-SIM-02156,Assam,Karbi Anglong,Diphu-Bokajan Escarpment,317.3,26.94,79.4,0.0422,-0.1281,10.05,373.8,13.3,1,1,43.1,65.5,6.47,71.3,2.15,0.134,0.1701,0
NER-SIM-02157,Assam,Dima Hasao,NH-27 Lumding-Haflong Hill Cut,602.4,37.73,95.3,0.0487,0.0719,6.63,313.7,214.8,1,2,239.3,586.3,62.88,79.4,15.4,0.05,0.984,1
NER-SIM-02158,Arunachal Pradesh,Lower Subansiri,Ziro Foothill Section,1461.7,21.69,195.5,-0.0509,0.0034,5.65,1274.2,620.9,3,1,6.8,5.7,0.84,32.0,1.84,0.033,0.0426,0
NER-SIM-02159,Mizoram,Aizawl,Aizawl-Lunglei Road Slopes,1132.9,44.36,352.3,0.0637,0.0802,4.84,1007.7,212.2,1,3,196.8,296.6,39.08,78.4,14.19,0.088,0.9518,1
NER-SIM-02160,Meghalaya,South West Khasi Hills,Mawsynram Valley Slopes,1152.0,44.66,37.5,0.0435,-0.0318,4.25,718.1,43.7,1,2,16.3,15.0,1.49,30.2,1.0,0.0,0.226,0
NER-SIM-02161,Mizoram,Aizawl,Aizawl-Lunglei Road Slopes,1176.6,39.48,43.0,0.0581,0.0752,4.94,479.5,219.3,2,1,160.0,367.3,29.92,64.9,1.31,0.028,0.8282,1
NER-SIM-02162,Nagaland,Phek,Phek-Meluri Road Corridor,1859.5,37.54,338.1,-0.0263,-0.0994,5.41,1646.9,122.6,2,3,2.7,3.1,0.25,45.4,1.56,0.001,0.085,0
NER-SIM-02163,Assam,Dima Hasao,NH-27 Lumding-Haflong Hill Cut,730.0,19.86,218.8,-0.0191,0.0566,8.35,560.4,0.3,1,1,101.7,284.7,18.29,83.3,23.67,0.073,0.6814,1
NER-SIM-02164,Mizoram,Champhai,Champhai-Zokhawthar Border Cut,1078.4,31.8,355.5,-0.0037,-0.0333,7.32,571.3,1028.8,1,2,25.4,43.1,3.46,38.6,0.31,0.075,0.1804,0
NER-SIM-02165,Tripura,North Tripura,Jampui Hills Ridge Corridor,859.9,24.94,51.8,0.0024,-0.101,6.04,776.4,145.7,1,2,19.5,19.2,2.65,29.8,2.2,0.073,0.0742,0
NER-SIM-02166,Mizoram,Champhai,Champhai-Zokhawthar Border Cut,964.6,45.66,191.3,0.086,0.0371,6.4,1061.4,1315.7,1,3,5.7,3.9,0.78,28.0,3.23,0.034,0.1736,0
NER-SIM-02167,Meghalaya,East Khasi Hills,NH-6 Shillong-Tamabil Highway,1328.6,42.66,152.8,-0.0233,0.0709,6.31,16.8,111.8,2,1,25.0,20.7,1.7,31.1,0.0,0.062,0.0772,0
NER-SIM-02168,Mizoram,Aizawl,Aizawl-Lunglei Road Slopes,1331.6,41.05,150.1,0.0513,-0.013,5.34,233.5,248.2,1,3,6.5,7.6,0.57,36.1,2.88,0.005,0.0993,0
NER-SIM-02169,Tripura,North Tripura,Jampui Hills Ridge Corridor,516.5,34.2,56.9,0.0325,-0.0513,4.39,26.8,15.7,1,2,24.6,20.6,3.12,51.1,0.82,0.029,0.1491,0
NER-SIM-02170,Tripura,North Tripura,Jampui Hills Ridge Corridor,925.9,39.47,354.8,0.0662,-0.0299,7.35,1993.8,29.5,1,4,3.6,2.5,0.28,31.3,0.0,0.046,0.0562,0
NER-SIM-02171,Sikkim,Pakyong,NH-10 Sevoke-Gangtok Corridor,1070.4,21.44,306.7,0.0255,-0.0818,6.0,1448.9,245.8,4,2,43.5,134.4,13.0,70.8,1.25,0.068,0.1206,0
NER-SIM-02172,Manipur,Chandel,NH-102 Imphal-Moreh Corridor,1237.9,26.36,215.5,-0.0531,-0.0132,5.73,74.8,1162.0,3,1,7.2,11.0,0.68,34.5,1.51,0.099,0.0984,0
NER-SIM-02173,Tripura,North Tripura,Jampui Hills Ridge Corridor,741.5,29.19,269.5,0.0232,0.009,5.36,30.3,432.8,1,1,34.0,81.6,5.77,63.1,4.91,0.054,0.1513,0
NER-SIM-02174,Manipur,Chandel,NH-102 Imphal-Moreh Corridor,1144.9,23.17,296.3,-0.0184,-0.0017,3.05,611.3,791.8,3,2,16.7,27.7,2.01,47.1,2.15,0.02,0.1763,0
NER-SIM-02175,Nagaland,Phek,Phek-Meluri Road Corridor,1583.6,28.75,43.2,0.0045,0.0345,3.99,3275.7,515.6,1,1,5.9,10.2,0.4,30.7,2.44,0.058,0.0349,0
NER-SIM-02176,Manipur,Chandel,NH-102 Imphal-Moreh Corridor,821.1,28.81,200.3,0.0205,-0.0964,2.48,1864.0,40.1,2,3,36.0,41.7,2.59,35.4,2.5,0.063,0.118,0
NER-SIM-02177,Sikkim,Mangan,North Sikkim Highway (Chungthang),1933.4,46.98,180.8,-0.1209,0.0482,4.58,1864.6,542.1,4,2,11.7,7.2,1.32,38.1,3.7,0.012,0.1086,0
NER-SIM-02178,Assam,Karbi Anglong,Diphu-Bokajan Escarpment,680.6,18.48,86.0,-0.0161,-0.0441,9.32,248.4,944.6,1,1,111.0,256.8,16.89,81.9,20.18,0.071,0.5566,1
NER-SIM-02179,Arunachal Pradesh,Lower Subansiri,Ziro Foothill Section,1676.9,19.89,204.9,-0.052,0.0192,4.87,59.5,523.8,4,1,44.6,117.2,8.22,59.2,0.0,0.012,0.1782,0
NER-SIM-02180,Assam,Dima Hasao,NH-27 Lumding-Haflong Hill Cut,1217.3,36.11,294.1,-0.0071,0.0785,4.75,118.7,924.4,1,1,168.2,300.2,27.94,78.7,13.1,0.04,0.8227,1
NER-SIM-02181,Manipur,Noney,Tupul Railway Corridor Section,664.3,28.0,241.1,0.0845,0.0274,4.32,293.0,1544.7,4,3,21.1,23.2,1.61,49.2,1.06,0.036,0.1712,0
NER-SIM-02182,Nagaland,Phek,Phek-Meluri Road Corridor,1880.1,33.36,307.3,0.0663,0.002,3.88,2982.8,889.2,2,1,57.8,36.0,4.74,40.2,1.5,0.088,0.1203,0
NER-SIM-02183,Arunachal Pradesh,Lower Subansiri,Ziro Foothill Section,1462.1,26.14,127.4,0.0127,0.0406,6.14,834.5,423.8,2,2,14.9,26.0,1.39,43.3,1.87,0.0,0.1392,0
NER-SIM-02184,Arunachal Pradesh,Lower Subansiri,Ziro Foothill Section,1712.5,31.28,92.3,0.0842,-0.0371,4.05,1029.4,64.5,3,1,5.0,9.0,0.66,36.7,2.58,0.075,0.104,0
NER-SIM-02185,Arunachal Pradesh,Lower Subansiri,Ziro Foothill Section,1576.8,28.84,94.3,0.0595,0.0315,5.2,19.1,36.3,4,2,65.6,208.8,9.39,89.7,34.51,0.096,0.6529,1
NER-SIM-02186,Meghalaya,East Khasi Hills,NH-6 Shillong-Tamabil Highway,1545.0,40.25,342.5,-0.1051,-0.0673,4.61,981.6,44.4,1,4,7.3,4.7,0.51,40.0,0.73,0.069,0.0986,0
NER-SIM-02187,Meghalaya,East Khasi Hills,NH-6 Shillong-Tamabil Highway,1425.3,37.08,86.5,-0.051,0.0477,6.66,1111.1,495.8,1,1,202.7,479.0,26.07,89.0,24.43,4.834,0.9794,1
NER-SIM-02188,Nagaland,Phek,Phek-Meluri Road Corridor,1566.6,28.07,83.2,0.0638,0.0209,6.01,15.4,341.3,2,2,32.0,93.5,4.84,58.5,2.75,0.085,0.1221,0
NER-SIM-02189,Assam,Dima Hasao,NH-27 Lumding-Haflong Hill Cut,834.4,31.25,329.1,0.1035,-0.0108,6.17,691.6,71.3,1,4,55.6,86.6,15.92,50.9,3.34,0.032,0.3458,0
NER-SIM-02190,Arunachal Pradesh,West Kameng,Bhalukpong-Bomdila-Tawang Route,2440.8,45.61,349.5,0.0386,0.0092,2.23,247.5,91.5,4,2,3.9,6.5,0.35,36.7,1.26,0.135,0.1917,0
NER-SIM-02191,Meghalaya,South West Khasi Hills,Mawsynram Valley Slopes,1237.7,38.68,275.2,0.0389,0.0223,5.63,1145.6,313.1,1,2,13.1,16.6,0.98,41.5,3.03,0.03,0.0844,0
NER-SIM-02192,Assam,Dima Hasao,NH-27 Lumding-Haflong Hill Cut,903.5,34.32,219.6,-0.0079,-0.0416,6.88,838.9,41.7,1,2,71.8,78.5,11.54,55.9,1.39,0.095,0.2074,0
NER-SIM-02193,Meghalaya,East Khasi Hills,NH-6 Shillong-Tamabil Highway,1199.1,47.16,216.9,0.048,0.0689,4.54,3114.8,335.3,2,2,3.4,4.3,0.37,34.5,2.09,0.002,0.1085,0
NER-SIM-02194,Nagaland,Phek,Phek-Meluri Road Corridor,1780.4,34.28,88.6,0.062,-0.1079,5.41,582.4,198.3,3,4,105.8,196.1,15.34,77.2,8.53,0.034,0.5981,1
NER-SIM-02195,Arunachal Pradesh,Lower Subansiri,Ziro Foothill Section,1725.9,30.76,353.7,0.0321,0.0792,4.28,2291.6,102.7,4,3,30.3,67.1,4.91,54.0,1.8,0.033,0.2203,0
NER-SIM-02196,Mizoram,Aizawl,Aizawl-Lunglei Road Slopes,869.5,31.21,228.3,-0.0024,0.0284,5.08,388.8,394.3,1,1,61.3,142.8,8.05,77.1,12.6,0.0,0.3056,0
NER-SIM-02197,Meghalaya,East Khasi Hills,NH-6 Shillong-Tamabil Highway,1808.0,41.95,108.8,0.0394,0.1106,2.32,1356.7,1270.6,2,3,2.7,1.9,0.23,35.4,2.5,0.087,0.1074,0
NER-SIM-02198,Mizoram,Aizawl,Aizawl-Lunglei Road Slopes,1372.8,45.3,101.0,0.0943,0.0373,3.73,2121.2,39.2,2,3,6.1,6.6,0.6,30.7,2.77,0.085,0.1684,0
NER-SIM-02199,Arunachal Pradesh,West Kameng,Bhalukpong-Bomdila-Tawang Route,1758.8,36.11,241.5,0.0628,-0.1041,5.23,3954.9,346.2,4,2,13.1,9.7,2.1,38.1,2.0,0.02,0.0751,0
NER-SIM-02200,Nagaland,Kohima,NH-29 Dimapur-Kohima By-pass,1297.5,24.89,151.4,-0.0098,0.0081,6.67,541.7,368.5,3,3,11.8,20.3,0.84,46.9,3.04,0.05,0.2282,0
NER-SIM-02201,Meghalaya,South West Khasi Hills,Mawsynram Valley Slopes,1291.3,46.31,266.4,0.0575,0.0161,4.47,754.6,75.8,1,1,133.7,271.0,21.28,82.0,18.55,1.461,0.8856,1
NER-SIM-02202,Sikkim,Pakyong,NH-10 Sevoke-Gangtok Corridor,1028.7,44.37,78.7,0.0763,-0.012,2.8,171.3,105.9,4,2,10.0,17.9,1.47,40.2,0.7,0.054,0.2576,0
NER-SIM-02203,Sikkim,Pakyong,NH-10 Sevoke-Gangtok Corridor,901.5,37.04,169.0,0.0398,-0.0151,2.49,1109.5,481.8,3,1,48.3,83.2,13.86,54.3,2.11,0.062,0.1821,0
NER-SIM-02204,Meghalaya,South West Khasi Hills,Mawsynram Valley Slopes,1104.8,35.56,129.6,-0.1049,0.0163,3.39,212.9,478.2,2,1,20.4,36.1,2.12,47.7,0.0,0.074,0.1121,0
NER-SIM-02205,Assam,Dima Hasao,NH-27 Lumding-Haflong Hill Cut,1095.3,29.7,280.7,0.0171,-0.1404,5.09,466.8,909.9,1,2,98.0,296.8,17.6,85.2,28.17,0.052,0.7125,1
NER-SIM-02206,Manipur,Chandel,NH-102 Imphal-Moreh Corridor,1175.1,27.25,302.7,-0.0487,0.0721,6.25,1592.5,326.4,2,2,133.0,374.6,32.97,73.2,0.36,0.068,0.8463,1
NER-SIM-02207,Nagaland,Kohima,NH-29 Dimapur-Kohima By-pass,1326.3,36.64,43.1,0.0118,-0.0313,4.68,609.9,6.5,2,3,1.2,1.0,0.12,29.9,1.72,0.035,0.1337,0
NER-SIM-02208,Mizoram,Aizawl,Aizawl-Lunglei Road Slopes,1453.8,44.37,204.2,-0.0394,-0.046,4.57,611.6,51.2,2,2,2.2,1.9,0.16,30.9,0.55,0.067,0.0851,0
NER-SIM-02209,Nagaland,Phek,Phek-Meluri Road Corridor,1777.9,26.97,27.2,-0.0198,0.0727,5.53,738.7,71.7,3,1,2.9,2.8,0.35,28.5,3.77,0.094,0.0505,0
NER-SIM-02210,Nagaland,Kohima,NH-29 Dimapur-Kohima By-pass,961.9,44.18,163.5,-0.0246,0.0048,2.86,449.9,44.5,2,3,52.1,87.2,5.55,46.3,3.12,0.093,0.5957,1
NER-SIM-02211,Manipur,Noney,Tupul Railway Corridor Section,344.9,13.73,217.3,-0.03,-0.0715,7.06,816.3,1553.3,2,2,0.5,0.7,0.03,34.9,2.36,0.035,0.0327,0
NER-SIM-02212,Manipur,Chandel,NH-102 Imphal-Moreh Corridor,763.5,27.65,330.2,0.0764,0.0662,3.45,81.3,601.5,3,3,30.5,40.9,4.12,46.3,0.18,0.0,0.4263,0
NER-SIM-02213,Arunachal Pradesh,Lower Subansiri,Ziro Foothill Section,1567.3,48.08,221.8,-0.0818,0.0181,2.21,263.1,43.4,3,4,20.6,25.8,1.76,48.3,2.41,0.047,0.2492,0
NER-SIM-02214,Sikkim,Mangan,North Sikkim Highway (Chungthang),1441.3,51.62,248.5,0.0776,0.0385,4.71,433.2,102.6,4,2,99.4,290.5,21.52,78.0,16.87,0.088,0.898,1
NER-SIM-02215,Sikkim,Mangan,North Sikkim Highway (Chungthang),1817.9,37.74,130.7,-0.0317,-0.0636,6.67,2758.5,764.4,5,2,0.9,0.6,0.07,34.5,2.54,0.082,0.0728,0
NER-SIM-02216,Meghalaya,South West Khasi Hills,Mawsynram Valley Slopes,1568.8,38.01,326.7,-0.0362,0.0222,4.95,1067.1,254.2,3,2,6.6,7.6,0.77,40.9,1.98,0.128,0.0955,0
NER-SIM-02217,Assam,Dima Hasao,NH-27 Lumding-Haflong Hill Cut,719.8,29.53,134.4,-0.0723,0.0047,6.11,321.5,913.3,1,1,73.5,160.0,11.97,81.5,12.76,0.049,0.344,0
NER-SIM-02218,Tripura,North Tripura,Jampui Hills Ridge Corridor,698.9,26.53,99.9,-0.0123,0.0883,5.81,244.0,266.0,1,4,47.0,77.1,15.05,56.3,2.41,0.0,0.076,0
NER-SIM-02219,Meghalaya,East Khasi Hills,NH-6 Shillong-Tamabil Highway,1529.3,24.62,243.5,-0.0212,-0.0526,4.19,1225.2,414.6,1,3,9.1,11.2,0.85,39.1,2.84,0.041,0.1223,0
NER-SIM-02220,Nagaland,Kohima,NH-29 Dimapur-Kohima By-pass,1571.3,39.61,299.1,0.0048,-0.0255,3.54,594.3,372.3,3,1,111.1,202.1,15.97,75.3,9.16,0.112,0.5732,1
NER-SIM-02221,Tripura,North Tripura,Jampui Hills Ridge Corridor,448.1,35.75,171.6,0.0522,-0.0716,6.13,779.4,73.0,1,2,8.1,10.7,1.17,38.8,2.07,0.057,0.0767,0
NER-SIM-02222,Nagaland,Kohima,NH-29 Dimapur-Kohima By-pass,1444.8,30.86,303.9,0.0399,-0.0662,5.11,388.2,126.7,2,1,21.6,22.2,2.13,36.5,3.11,0.006,0.1584,0
NER-SIM-02223,Sikkim,Pakyong,NH-10 Sevoke-Gangtok Corridor,1439.9,43.69,269.4,0.0351,-0.041,5.19,1100.2,121.4,3,4,90.4,225.2,21.51,81.7,15.62,0.053,0.7322,1
NER-SIM-02224,Assam,Dima Hasao,NH-27 Lumding-Haflong Hill Cut,783.7,37.09,318.3,0.0481,0.0308,3.5,911.6,54.9,1,3,4.9,7.4,0.44,37.1,2.28,0.103,0.24,0
NER-SIM-02225,Assam,Dima Hasao,NH-27 Lumding-Haflong Hill Cut,745.6,28.9,101.5,0.0225,-0.0102,3.06,366.0,367.8,1,2,109.0,205.5,21.7,79.6,18.17,0.022,0.5605,1
NER-SIM-02226,Arunachal Pradesh,Lower Subansiri,Ziro Foothill Section,1667.4,30.45,344.4,-0.0627,0.0068,5.82,494.8,164.1,4,2,10.5,10.1,1.02,35.0,1.5,0.1,0.1096,0
NER-SIM-02227,Mizoram,Champhai,Champhai-Zokhawthar Border Cut,1151.9,32.15,279.2,0.0598,-0.019,4.4,452.0,357.9,3,1,5.3,7.3,0.38,37.6,3.18,0.073,0.0831,0
NER-SIM-02228,Mizoram,Champhai,Champhai-Zokhawthar Border Cut,1354.0,30.18,256.8,0.0042,0.1066,7.16,941.6,110.9,1,2,42.4,29.8,4.39,43.3,1.69,0.014,0.1841,0
NER-SIM-02229,Meghalaya,East Khasi Hills,NH-6 Shillong-Tamabil Highway,1600.7,27.64,170.9,-0.0734,-0.077,7.36,1139.2,681.6,2,2,4.8,3.6,0.66,34.5,1.84,0.0,0.0437,0
NER-SIM-02230,Tripura,North Tripura,Jampui Hills Ridge Corridor,1100.0,21.38,309.8,0.0452,0.0124,6.75,17.4,261.7,1,3,1.6,2.2,0.2,42.2,0.14,0.114,0.0735,0
NER-SIM-02231,Arunachal Pradesh,Lower Subansiri,Ziro Foothill Section,1378.1,36.47,132.2,0.0049,-0.0315,4.69,700.3,37.8,3,2,2.7,1.4,0.31,24.9,3.47,0.01,0.0809,0
NER-SIM-02232,Sikkim,Mangan,North Sikkim Highway (Chungthang),2192.4,50.79,39.5,0.0253,0.0656,5.26,1102.9,27.5,4,3,16.5,16.6,2.35,30.1,2.04,0.0,0.2649,0
NER-SIM-02233,Tripura,North Tripura,Jampui Hills Ridge Corridor,882.5,21.21,148.0,0.0071,0.0351,5.48,316.5,381.9,1,2,2.9,2.0,0.23,32.9,1.12,0.022,0.0584,0
NER-SIM-02234,Nagaland,Kohima,NH-29 Dimapur-Kohima By-pass,1205.8,28.03,357.9,0.0692,0.0822,6.73,441.2,206.6,2,4,0.2,0.2,0.03,30.4,3.51,0.088,0.0419,0
NER-SIM-02235,Arunachal Pradesh,West Kameng,Bhalukpong-Bomdila-Tawang Route,2401.8,40.82,148.0,0.0195,0.018,6.07,1505.8,29.6,4,1,160.5,286.1,33.91,77.4,9.23,0.041,0.7871,1
NER-SIM-02236,Manipur,Chandel,NH-102 Imphal-Moreh Corridor,887.3,31.92,215.4,-0.0411,-0.08,4.68,2864.4,439.9,3,1,5.1,6.5,0.34,41.6,0.42,0.065,0.031,0
NER-SIM-02237,Nagaland,Phek,Phek-Meluri Road Corridor,1615.9,34.6,102.6,0.0494,0.001,4.9,2354.9,12.7,2,3,20.0,26.3,2.35,48.1,2.0,0.097,0.1579,0
NER-SIM-02238,Meghalaya,East Khasi Hills,NH-6 Shillong-Tamabil Highway,1635.9,35.31,1.9,0.0162,-0.0437,4.73,653.2,154.3,2,3,14.4,7.7,1.12,40.2,4.07,0.034,0.1435,0
NER-SIM-02239,Assam,Karbi Anglong,Diphu-Bokajan Escarpment,679.5,21.17,97.2,-0.0998,-0.0154,8.26,1853.3,49.6,1,4,158.2,238.3,34.49,76.4,7.37,0.02,0.5508,1
NER-SIM-02240,Mizoram,Champhai,Champhai-Zokhawthar Border Cut,1377.5,47.37,23.4,-0.0557,0.1934,4.19,661.8,164.2,1,4,8.8,19.7,1.55,45.4,0.36,0.016,0.1355,0
NER-SIM-02241,Nagaland,Phek,Phek-Meluri Road Corridor,1597.6,31.0,192.5,0.0659,0.064,6.16,1145.1,544.7,2,2,11.7,18.0,0.94,42.8,1.59,0.09,0.1188,0
NER-SIM-02242,Arunachal Pradesh,Lower Subansiri,Ziro Foothill Section,1975.7,31.47,26.0,-0.0258,0.0109,5.4,409.5,1143.6,3,1,0.4,0.4,0.07,31.5,0.0,0.096,0.0348,0
NER-SIM-02243,Assam,Dima Hasao,NH-27 Lumding-Haflong Hill Cut,349.2,40.58,25.8,-0.015,-0.0141,6.37,45.7,352.4,1,2,5.3,4.3,0.54,45.7,3.38,0.042,0.1349,0
NER-SIM-02244,Sikkim,Mangan,North Sikkim Highway (Chungthang),1874.3,41.02,147.2,0.0245,-0.0557,3.98,466.6,938.5,5,3,192.8,569.4,24.42,73.6,1.26,0.033,0.9827,1
NER-SIM-02245,Manipur,Noney,Tupul Railway Corridor Section,1001.6,40.18,153.7,0.0826,-0.0219,5.9,851.2,1134.4,3,3,14.6,11.3,2.2,38.8,3.54,0.063,0.2993,0
NER-SIM-02246,Mizoram,Aizawl,Aizawl-Lunglei Road Slopes,1150.5,46.2,289.8,0.0219,-0.0181,3.77,1075.5,1006.3,1,3,98.0,309.6,20.42,86.6,24.07,0.025,0.7853,1
NER-SIM-02247,Arunachal Pradesh,West Kameng,Bhalukpong-Bomdila-Tawang Route,2392.9,44.57,13.4,-0.0358,-0.052,3.47,700.1,279.4,5,1,197.9,309.7,61.56,76.9,11.92,0.057,0.9294,1
NER-SIM-02248,Nagaland,Kohima,NH-29 Dimapur-Kohima By-pass,1635.2,24.04,91.4,0.1118,0.0828,5.92,26.7,377.4,3,1,2.4,3.8,0.17,42.8,1.35,0.028,0.0826,0
NER-SIM-02249,Nagaland,Kohima,NH-29 Dimapur-Kohima By-pass,1075.3,39.32,272.1,-0.0275,-0.0383,7.81,34.2,7.5,3,2,7.2,9.1,0.84,30.7,2.12,0.018,0.1552,0
NER-SIM-02250,Assam,Dima Hasao,NH-27 Lumding-Haflong Hill Cut,823.1,33.35,254.0,0.0582,0.0031,6.08,642.0,339.6,1,2,77.3,164.3,15.57,67.1,2.97,0.031,0.4577,0
NER-SIM-02251,Assam,Karbi Anglong,Diphu-Bokajan Escarpment,584.7,35.92,223.2,0.0469,0.0567,6.35,1276.1,215.0,1,1,22.4,37.9,3.45,43.8,1.45,0.103,0.0804,0
NER-SIM-02252,Arunachal Pradesh,West Kameng,Bhalukpong-Bomdila-Tawang Route,2136.6,38.09,61.0,-0.0166,-0.0164,7.13,594.3,101.0,4,3,73.8,190.8,12.62,82.5,24.77,0.461,0.7851,1
NER-SIM-02253,Nagaland,Phek,Phek-Meluri Road Corridor,1861.5,48.46,128.5,-0.0655,-0.0303,3.4,1371.5,544.2,2,3,14.8,18.9,1.23,28.3,0.0,0.069,0.1794,0
NER-SIM-02254,Assam,Karbi Anglong,Diphu-Bokajan Escarpment,493.1,38.7,30.5,-0.104,-0.0562,2.0,369.4,691.9,1,2,14.2,19.2,1.24,30.6,0.0,0.066,0.108,0
NER-SIM-02255,Meghalaya,East Khasi Hills,NH-6 Shillong-Tamabil Highway,1892.3,37.57,234.4,-0.0156,-0.0406,4.57,444.2,30.1,2,3,4.6,6.5,0.54,40.0,2.75,0.031,0.1729,0
NER-SIM-02256,Manipur,Noney,Tupul Railway Corridor Section,592.6,36.89,248.8,0.0421,0.0279,6.49,2903.6,199.7,2,2,23.5,13.8,1.73,33.6,1.86,0.069,0.1863,0
NER-SIM-02257,Manipur,Chandel,NH-102 Imphal-Moreh Corridor,705.7,24.32,219.1,-0.0373,-0.0444,6.12,215.4,260.5,2,4,29.9,52.1,2.2,49.4,0.83,0.053,0.1053,0
NER-SIM-02258,Arunachal Pradesh,Lower Subansiri,Ziro Foothill Section,1214.7,40.67,93.4,-0.0235,0.0058,3.44,2959.2,122.9,2,1,22.2,13.3,2.03,38.0,2.92,0.118,0.1048,0
NER-SIM-02259,Sikkim,Pakyong,NH-10 Sevoke-Gangtok Corridor,854.0,43.33,35.5,-0.056,-0.0532,2.4,1517.2,588.5,4,4,5.9,8.1,0.44,44.8,1.97,0.06,0.0789,0
NER-SIM-02260,Tripura,North Tripura,Jampui Hills Ridge Corridor,678.4,25.95,255.5,0.0437,0.0744,5.87,519.0,181.5,1,1,65.3,159.1,15.44,74.8,0.2,0.094,0.2212,0
NER-SIM-02261,Sikkim,Pakyong,NH-10 Sevoke-Gangtok Corridor,912.0,33.74,175.5,-0.0109,0.031,4.65,1165.4,34.0,4,4,15.5,9.4,1.37,36.5,2.13,0.013,0.0612,0
NER-SIM-02262,Tripura,North Tripura,Jampui Hills Ridge Corridor,50.6,51.62,312.8,-0.0827,0.0286,2.0,1375.7,359.0,1,2,89.1,272.3,15.73,74.6,0.8,0.006,0.7795,1
NER-SIM-02263,Sikkim,Pakyong,NH-10 Sevoke-Gangtok Corridor,1001.0,19.88,282.0,-0.0402,-0.0022,6.01,1400.6,101.7,4,3,1.8,1.6,0.12,28.2,3.23,0.156,0.0782,0
NER-SIM-02264,Assam,Karbi Anglong,Diphu-Bokajan Escarpment,503.9,28.48,281.7,0.0704,0.1098,4.82,1422.4,610.5,1,1,40.0,68.2,5.48,60.2,2.8,0.111,0.0705,0
NER-SIM-02265,Sikkim,Mangan,North Sikkim Highway (Chungthang),1749.1,43.99,117.8,-0.0504,0.0191,5.48,317.3,59.7,4,3,4.9,6.6,0.33,29.6,2.56,0.107,0.1983,0
NER-SIM-02266,Sikkim,Mangan,North Sikkim Highway (Chungthang),1490.9,32.2,106.2,-0.0363,0.0239,5.1,1924.4,494.9,4,1,44.6,117.6,8.58,63.2,1.21,0.023,0.2842,0
NER-SIM-02267,Manipur,Noney,Tupul Railway Corridor Section,746.2,63.64,94.6,-0.0425,-0.0793,4.76,3484.4,53.6,4,1,1.4,2.4,0.12,43.6,1.93,0.112,0.263,0
NER-SIM-02268,Manipur,Noney,Tupul Railway Corridor Section,1117.9,37.2,37.6,0.0282,0.0488,4.19,246.6,418.0,2,4,1.3,2.1,0.12,36.7,2.48,0.027,0.1044,0
NER-SIM-02269,Sikkim,Mangan,North Sikkim Highway (Chungthang),1570.9,47.38,222.0,-0.0513,-0.0671,2.64,1071.2,275.6,4,3,8.0,12.7,1.24,36.6,2.44,0.062,0.1843,0
NER-SIM-02270,Tripura,North Tripura,Jampui Hills Ridge Corridor,786.6,39.57,311.1,-0.0242,-0.0053,5.88,820.5,820.2,1,1,104.8,283.9,13.69,79.6,13.2,0.105,0.7111,1
NER-SIM-02271,Meghalaya,East Khasi Hills,NH-6 Shillong-Tamabil Highway,1700.9,25.22,272.4,-0.0195,0.1007,6.6,2526.5,41.1,1,2,6.3,10.4,0.5,33.8,3.67,0.039,0.103,0
NER-SIM-02272,Meghalaya,East Khasi Hills,NH-6 Shillong-Tamabil Highway,1761.6,36.39,185.9,0.0551,0.0286,2.0,4114.8,278.1,2,1,32.8,53.6,3.41,55.7,2.17,0.058,0.0909,0
NER-SIM-02273,Meghalaya,East Khasi Hills,NH-6 Shillong-Tamabil Highway,1737.3,29.17,238.0,0.0214,0.0027,6.39,3034.5,14.0,2,2,1.0,1.0,0.07,38.4,0.87,0.081,0.0627,0
NER-SIM-02274,Assam,Dima Hasao,NH-27 Lumding-Haflong Hill Cut,918.5,35.29,350.4,-0.0005,-0.0268,5.38,956.1,278.3,1,3,112.5,266.7,20.31,80.7,15.93,0.0,0.8005,1
NER-SIM-02275,Nagaland,Kohima,NH-29 Dimapur-Kohima By-pass,1499.3,35.2,340.0,-0.0416,-0.0358,4.31,865.0,507.8,4,1,0.1,0.1,0.01,30.6,2.37,0.043,0.0596,0
NER-SIM-02276,Assam,Dima Hasao,NH-27 Lumding-Haflong Hill Cut,708.6,32.31,186.9,0.0108,0.0719,4.2,603.6,264.7,1,3,76.4,163.2,11.98,79.2,17.32,0.119,0.7181,1
NER-SIM-02277,Nagaland,Phek,Phek-Meluri Road Corridor,1923.5,44.77,304.4,-0.066,-0.0042,3.43,944.3,359.7,2,2,13.4,10.6,1.01,28.0,2.69,0.065,0.1133,0
NER-SIM-02278,Sikkim,Pakyong,NH-10 Sevoke-Gangtok Corridor,1687.8,39.68,303.7,0.0162,0.0635,4.33,938.1,754.2,3,1,4.2,7.1,0.56,27.2,1.28,0.022,0.0778,0
NER-SIM-02279,Meghalaya,South West Khasi Hills,Mawsynram Valley Slopes,1178.9,24.02,56.0,0.0299,0.0066,4.96,5829.2,714.0,2,3,89.5,136.7,7.71,61.4,3.2,0.057,0.312,0
NER-SIM-02280,Manipur,Noney,Tupul Railway Corridor Section,657.5,47.66,119.5,-0.0444,-0.0159,2.0,756.1,26.6,2,3,84.0,162.4,10.59,72.4,2.36,0.085,0.6884,1
NER-SIM-02281,Manipur,Chandel,NH-102 Imphal-Moreh Corridor,798.0,24.5,326.5,0.0312,0.0175,6.01,424.7,83.5,2,2,34.8,83.4,4.39,45.9,0.24,0.0,0.2117,0
NER-SIM-02282,Meghalaya,South West Khasi Hills,Mawsynram Valley Slopes,1399.4,28.92,80.4,0.0583,0.022,4.75,273.7,283.6,2,2,29.3,68.3,4.77,54.8,1.97,0.044,0.1658,0
NER-SIM-02283,Meghalaya,East Khasi Hills,NH-6 Shillong-Tamabil Highway,1620.0,23.68,107.2,-0.1152,-0.0932,4.16,1122.3,537.0,2,3,27.4,13.9,3.74,51.7,1.48,0.079,0.1057,0
NER-SIM-02284,Manipur,Chandel,NH-102 Imphal-Moreh Corridor,774.4,36.96,218.9,0.0131,-0.0342,5.74,1897.3,50.5,3,1,145.0,315.8,18.89,82.6,22.8,1.03,0.8685,1
NER-SIM-02285,Manipur,Noney,Tupul Railway Corridor Section,839.9,36.48,318.8,-0.0002,-0.0891,6.62,263.9,483.6,3,1,27.5,43.5,2.3,41.2,1.47,0.084,0.1462,0
NER-SIM-02286,Mizoram,Aizawl,Aizawl-Lunglei Road Slopes,1389.9,40.15,130.2,0.1006,-0.0676,8.4,1044.5,736.7,1,2,1.5,1.2,0.17,40.0,1.84,0.029,0.0858,0
NER-SIM-02287,Mizoram,Champhai,Champhai-Zokhawthar Border Cut,1220.5,32.0,335.1,0.0028,-0.0464,5.39,3403.6,612.9,1,1,6.7,10.3,0.62,35.6,1.91,0.0,0.028,0
NER-SIM-02288,Mizoram,Aizawl,Aizawl-Lunglei Road Slopes,1462.7,38.66,347.0,0.0508,-0.0156,4.46,1625.7,78.6,2,3,79.5,201.4,18.52,79.0,16.75,0.0,0.6972,1
NER-SIM-02289,Tripura,North Tripura,Jampui Hills Ridge Corridor,419.6,21.22,329.1,0.0235,-0.1129,6.56,552.2,1648.9,1,3,6.8,7.8,0.67,38.4,0.57,0.039,0.0671,0
NER-SIM-02290,Assam,Dima Hasao,NH-27 Lumding-Haflong Hill Cut,810.5,36.19,237.3,0.0171,-0.0085,5.62,1373.0,238.2,2,2,7.7,8.8,0.65,44.1,2.05,0.057,0.089,0
NER-SIM-02291,Meghalaya,South West Khasi Hills,Mawsynram Valley Slopes,1176.8,42.84,90.8,0.0415,0.0452,6.69,396.7,101.2,1,1,190.8,532.7,25.92,77.9,11.26,0.0,0.9421,1
NER-SIM-02292,Meghalaya,East Khasi Hills,NH-6 Shillong-Tamabil Highway,1753.4,37.93,30.3,0.005,0.0403,2.0,1427.2,221.9,2,3,2.4,1.7,0.33,39.9,4.17,0.078,0.1122,0
NER-SIM-02293,Nagaland,Phek,Phek-Meluri Road Corridor,1793.9,22.63,113.8,0.0375,0.0075,7.93,875.1,51.2,4,1,11.6,7.2,1.6,38.9,0.79,0.028,0.0806,0
NER-SIM-02294,Manipur,Chandel,NH-102 Imphal-Moreh Corridor,729.1,28.13,120.7,0.0326,0.0817,9.04,542.4,675.5,2,2,0.5,0.7,0.05,25.3,2.25,0.005,0.0529,0
NER-SIM-02295,Manipur,Noney,Tupul Railway Corridor Section,745.4,45.84,141.3,-0.0176,0.1104,3.16,1851.1,336.7,3,1,141.7,334.3,21.92,80.7,14.57,0.042,0.8333,1
NER-SIM-02296,Mizoram,Aizawl,Aizawl-Lunglei Road Slopes,1449.8,33.65,13.2,0.0751,-0.0686,3.51,305.6,1063.2,2,4,121.9,282.9,29.97,78.7,16.9,0.099,0.7212,1
NER-SIM-02297,Nagaland,Kohima,NH-29 Dimapur-Kohima By-pass,1889.9,32.51,174.7,-0.0956,-0.0325,3.62,3266.5,251.5,3,4,6.1,5.8,0.42,34.0,3.31,0.114,0.0531,0
NER-SIM-02298,Assam,Karbi Anglong,Diphu-Bokajan Escarpment,805.6,28.34,306.4,-0.061,-0.0292,4.84,791.3,218.7,1,1,1.1,1.2,0.08,33.9,1.73,0.019,0.0499,0
NER-SIM-02299,Nagaland,Phek,Phek-Meluri Road Corridor,2166.3,48.76,190.2,0.006,0.0351,4.56,1768.4,3.7,3,2,7.0,7.2,0.56,38.7,0.6,0.103,0.1882,0
NER-SIM-02300,Mizoram,Champhai,Champhai-Zokhawthar Border Cut,1362.2,36.62,26.5,0.0585,0.037,4.31,610.0,80.9,1,2,63.4,123.3,14.46,66.0,2.6,0.06,0.3435,0
NER-SIM-02301,Meghalaya,East Khasi Hills,NH-6 Shillong-Tamabil Highway,1670.9,10.05,278.1,-0.0285,0.006,6.24,381.8,584.0,1,2,12.5,11.1,0.99,27.5,1.86,0.004,0.031,0
NER-SIM-02302,Nagaland,Kohima,NH-29 Dimapur-Kohima By-pass,1446.5,41.75,100.9,-0.0715,-0.0068,5.68,517.5,32.3,3,2,60.5,133.6,11.92,72.9,0.0,0.043,0.3918,0
NER-SIM-02303,Arunachal Pradesh,West Kameng,Bhalukpong-Bomdila-Tawang Route,1917.0,31.07,269.7,0.0251,-0.0328,6.44,1315.6,1503.9,4,1,10.9,10.2,1.79,40.2,2.36,0.048,0.0993,0
NER-SIM-02304,Mizoram,Champhai,Champhai-Zokhawthar Border Cut,1853.7,33.06,3.0,-0.008,-0.0305,5.92,874.8,77.3,1,1,119.0,364.0,18.65,81.2,24.17,0.008,0.7108,1
NER-SIM-02305,Mizoram,Champhai,Champhai-Zokhawthar Border Cut,1550.5,41.77,296.7,-0.0583,-0.0439,4.96,1078.8,378.3,1,2,130.9,278.5,19.76,79.1,15.66,0.026,0.8016,1
NER-SIM-02306,Sikkim,Mangan,North Sikkim Highway (Chungthang),1921.2,43.14,111.0,-0.0769,-0.0031,3.39,1072.8,240.6,5,3,11.3,11.7,1.45,41.0,0.0,0.0,0.3496,0
NER-SIM-02307,Meghalaya,East Khasi Hills,NH-6 Shillong-Tamabil Highway,1265.3,28.42,30.1,-0.0227,0.0103,6.09,1281.2,1679.8,2,2,30.6,25.6,2.27,39.6,3.04,0.079,0.0495,0
NER-SIM-02308,Nagaland,Kohima,NH-29 Dimapur-Kohima By-pass,1510.2,28.88,304.0,-0.0212,0.0081,3.34,701.2,642.5,3,3,17.8,26.4,1.76,53.1,1.68,0.02,0.1635,0
NER-SIM-02309,Meghalaya,East Khasi Hills,NH-6 Shillong-Tamabil Highway,1144.2,21.59,26.0,0.0286,-0.0429,10.98,4051.3,291.8,1,3,8.1,6.5,0.73,44.6,5.12,0.025,0.0824,0
NER-SIM-02310,Arunachal Pradesh,West Kameng,Bhalukpong-Bomdila-Tawang Route,2201.2,37.59,167.5,-0.0114,-0.0136,5.47,364.9,633.5,5,1,78.3,150.9,13.82,62.7,3.9,0.044,0.3842,0
NER-SIM-02311,Meghalaya,East Khasi Hills,NH-6 Shillong-Tamabil Highway,1223.8,28.2,61.8,-0.0597,0.0081,5.04,1643.6,728.9,2,1,83.5,144.9,11.69,64.0,1.82,0.086,0.2473,0
NER-SIM-02312,Sikkim,Mangan,North Sikkim Highway (Chungthang),2064.6,41.57,77.7,-0.0346,-0.0229,4.87,679.9,330.5,5,1,52.5,146.6,7.58,66.8,0.06,0.0,0.4269,0
NER-SIM-02313,Assam,Karbi Anglong,Diphu-Bokajan Escarpment,686.0,9.92,97.8,-0.0189,0.0609,6.89,1932.3,428.2,1,3,10.1,17.6,0.75,25.4,2.02,0.07,0.0323,0
NER-SIM-02314,Sikkim,Pakyong,NH-10 Sevoke-Gangtok Corridor,604.3,34.04,107.9,0.0685,0.0006,6.38,1398.7,109.9,3,1,10.1,17.4,0.88,38.6,0.0,0.047,0.0639,0
NER-SIM-02315,Nagaland,Phek,Phek-Meluri Road Corridor,1880.7,32.59,329.8,0.1087,0.04,7.01,166.4,304.9,3,4,7.2,11.1,0.69,44.3,1.45,0.035,0.0496,0
NER-SIM-02316,Sikkim,Pakyong,NH-10 Sevoke-Gangtok Corridor,861.4,50.06,244.0,0.0463,-0.0183,3.59,3.5,136.2,4,3,7.3,10.3,0.61,48.1,3.15,0.059,0.5318,1
NER-SIM-02317,Sikkim,Mangan,North Sikkim Highway (Chungthang),1914.7,50.42,321.5,0.0147,-0.0066,5.22,2120.2,413.5,4,2,139.3,316.3,29.13,79.2,11.78,0.039,0.8726,1
NER-SIM-02318,Assam,Dima Hasao,NH-27 Lumding-Haflong Hill Cut,442.1,25.24,178.6,-0.179,0.0136,7.73,247.6,41.7,1,3,73.2,220.6,13.71,75.0,0.32,0.067,0.5078,1
NER-SIM-02319,Mizoram,Aizawl,Aizawl-Lunglei Road Slopes,839.5,28.41,7.6,0.0335,0.0376,6.05,579.7,27.3,1,4,100.7,208.0,26.57,71.7,2.97,0.025,0.4186,0
NER-SIM-02320,Manipur,Chandel,NH-102 Imphal-Moreh Corridor,1439.0,35.33,343.9,-0.0601,-0.0929,6.63,676.2,210.6,2,1,45.1,78.6,6.79,44.2,2.29,0.072,0.1774,0
NER-SIM-02321,Sikkim,Mangan,North Sikkim Highway (Chungthang),1744.7,39.22,76.4,0.0168,-0.0947,4.53,1344.7,499.7,4,1,107.3,295.0,22.66,87.0,29.39,0.46,0.6142,1
NER-SIM-02322,Sikkim,Pakyong,NH-10 Sevoke-Gangtok Corridor,741.3,42.87,335.0,-0.0309,-0.0041,5.24,27.2,48.9,3,4,4.1,2.3,0.65,39.5,0.61,0.047,0.1812,0
NER-SIM-02323,Meghalaya,South West Khasi Hills,Mawsynram Valley Slopes,1543.8,39.56,138.1,-0.004,0.0274,8.12,86.1,22.7,1,4,10.5,18.1,0.87,40.2,2.53,0.041,0.113,0
NER-SIM-02324,Arunachal Pradesh,Lower Subansiri,Ziro Foothill Section,1306.6,35.89,225.9,-0.0539,0.0112,10.26,3124.7,199.9,2,3,0.1,0.1,0.01,50.9,5.22,0.093,0.0984,0
NER-SIM-02325,Manipur,Chandel,NH-102 Imphal-Moreh Corridor,891.8,28.2,66.0,-0.0078,-0.0137,3.94,28.0,211.1,2,2,15.4,12.2,1.27,35.0,2.47,0.047,0.0895,0
NER-SIM-02326,Mizoram,Aizawl,Aizawl-Lunglei Road Slopes,1108.2,40.46,235.0,-0.0846,0.0083,4.8,5304.7,93.5,2,1,161.2,377.1,21.55,75.7,7.67,0.071,0.8316,1
NER-SIM-02327,Meghalaya,South West Khasi Hills,Mawsynram Valley Slopes,347.5,28.51,75.0,0.0533,0.0166,7.29,84.2,42.2,2,3,2.0,3.0,0.21,29.5,2.95,0.062,0.1874,0
NER-SIM-02328,Nagaland,Kohima,NH-29 Dimapur-Kohima By-pass,1419.7,35.65,192.6,0.0538,0.0303,5.41,1840.7,427.4,1,3,1.7,1.3,0.12,27.6,0.63,0.061,0.0664,0
NER-SIM-02329,Sikkim,Pakyong,NH-10 Sevoke-Gangtok Corridor,965.7,32.99,15.0,0.0195,-0.0935,4.22,21.6,602.6,4,3,119.1,280.6,27.79,83.1,25.71,0.041,0.8098,1
NER-SIM-02330,Nagaland,Kohima,NH-29 Dimapur-Kohima By-pass,1499.0,38.52,268.7,0.0082,-0.0108,7.14,782.0,545.0,3,3,2.6,3.2,0.22,35.3,1.7,0.048,0.13,0
NER-SIM-02331,Sikkim,Pakyong,NH-10 Sevoke-Gangtok Corridor,1322.0,33.32,267.3,0.0339,0.0428,5.87,672.1,270.3,4,1,85.2,193.0,18.97,78.8,15.66,0.079,0.3624,0
NER-SIM-02332,Mizoram,Aizawl,Aizawl-Lunglei Road Slopes,1478.7,54.51,96.2,-0.0416,0.0582,4.06,4277.2,355.7,1,3,19.1,29.8,3.02,47.6,1.69,0.124,0.1848,0
NER-SIM-02333,Meghalaya,East Khasi Hills,NH-6 Shillong-Tamabil Highway,1598.7,49.52,121.1,0.0373,0.0148,4.12,679.8,274.9,1,4,135.7,284.6,21.03,71.3,1.0,0.027,0.7467,1
NER-SIM-02334,Mizoram,Aizawl,Aizawl-Lunglei Road Slopes,996.8,48.69,31.7,0.2043,-0.0529,8.54,74.8,320.4,2,2,57.2,159.8,12.51,77.5,12.54,0.033,0.6607,1
NER-SIM-02335,Arunachal Pradesh,West Kameng,Bhalukpong-Bomdila-Tawang Route,2472.7,40.86,220.5,0.0584,0.0652,5.36,338.0,214.8,4,2,1.0,1.4,0.12,31.1,0.01,0.027,0.1028,0
NER-SIM-02336,Arunachal Pradesh,West Kameng,Bhalukpong-Bomdila-Tawang Route,2341.6,33.48,15.2,0.0002,0.0906,4.28,219.7,298.9,4,3,26.9,22.7,2.94,37.0,1.38,0.031,0.2878,0
NER-SIM-02337,Assam,Dima Hasao,NH-27 Lumding-Haflong Hill Cut,732.5,45.06,6.2,0.0454,-0.0908,2.0,477.4,27.5,1,1,133.1,222.5,32.14,79.7,17.95,0.073,0.7552,1
NER-SIM-02338,Mizoram,Aizawl,Aizawl-Lunglei Road Slopes,722.3,45.09,242.2,-0.0153,0.111,4.54,2187.3,145.3,2,2,11.0,9.2,0.88,36.9,0.97,0.0,0.1307,0
NER-SIM-02339,Sikkim,Pakyong,NH-10 Sevoke-Gangtok Corridor,1174.0,45.85,341.3,0.1034,-0.0291,4.87,296.4,998.4,3,2,144.4,455.9,32.05,81.4,15.26,0.031,0.9265,1
NER-SIM-02340,Sikkim,Mangan,North Sikkim Highway (Chungthang),1882.8,36.28,282.1,-0.0287,-0.0211,6.92,204.9,125.5,4,1,2.3,1.2,0.26,35.4,4.04,0.0,0.1568,0
NER-SIM-02341,Assam,Dima Hasao,NH-27 Lumding-Haflong Hill Cut,1048.6,30.43,136.7,0.0068,0.0367,4.47,4267.8,200.4,1,4,97.9,199.7,24.58,70.8,3.77,0.064,0.3446,0
NER-SIM-02342,Meghalaya,South West Khasi Hills,Mawsynram Valley Slopes,1081.5,34.4,298.4,-0.0014,0.0167,4.43,588.8,259.9,2,2,28.6,25.0,2.66,51.1,2.04,0.067,0.1639,0
NER-SIM-02343,Arunachal Pradesh,West Kameng,Bhalukpong-Bomdila-Tawang Route,2419.4,40.22,197.3,0.0487,0.0461,6.69,820.1,764.6,5,3,167.8,463.9,29.4,77.8,12.73,0.109,0.9701,1
NER-SIM-02344,Manipur,Chandel,NH-102 Imphal-Moreh Corridor,720.3,23.37,116.1,-0.0058,0.0403,7.58,156.9,106.9,4,3,127.0,298.9,18.45,78.2,13.95,0.124,0.8512,1
NER-SIM-02345,Arunachal Pradesh,West Kameng,Bhalukpong-Bomdila-Tawang Route,2250.3,48.28,97.0,0.0018,0.0251,2.87,880.2,462.6,5,1,17.6,27.6,2.01,39.2,1.8,0.151,0.1822,0
NER-SIM-02346,Nagaland,Phek,Phek-Meluri Road Corridor,1610.8,12.94,308.1,-0.0347,-0.0426,5.82,852.0,447.2,2,2,3.8,4.5,0.56,35.6,1.91,0.0,0.0247,0
NER-SIM-02347,Meghalaya,East Khasi Hills,NH-6 Shillong-Tamabil Highway,1570.7,29.75,144.1,0.0373,-0.0969,5.71,2670.2,207.0,1,2,17.9,30.3,2.99,38.7,3.48,0.029,0.1247,0
NER-SIM-02348,Manipur,Chandel,NH-102 Imphal-Moreh Corridor,882.8,22.36,118.0,0.0046,-0.0535,6.43,254.8,42.6,2,1,0.9,1.5,0.1,38.5,3.22,0.089,0.0498,0
NER-SIM-02349,Nagaland,Phek,Phek-Meluri Road Corridor,1390.3,35.57,141.0,0.001,-0.0178,5.43,779.1,366.9,3,1,226.1,647.4,28.75,92.2,31.81,0.564,0.9905,1
NER-SIM-02350,Assam,Karbi Anglong,Diphu-Bokajan Escarpment,626.5,5.03,84.5,0.0892,0.0387,8.13,431.0,9.1,1,4,2.1,3.7,0.31,41.8,3.42,0.0,0.0864,0
NER-SIM-02351,Arunachal Pradesh,West Kameng,Bhalukpong-Bomdila-Tawang Route,2491.6,43.65,137.1,0.0395,0.0267,4.1,294.9,1913.6,4,3,139.3,301.2,26.16,71.0,1.64,0.029,0.8885,1
NER-SIM-02352,Manipur,Chandel,NH-102 Imphal-Moreh Corridor,1048.3,30.78,322.1,0.0032,-0.0082,5.49,1389.6,178.8,3,4,0.6,0.8,0.04,26.4,1.05,0.075,0.084,0
NER-SIM-02353,Manipur,Noney,Tupul Railway Corridor Section,1090.2,38.16,254.7,0.0404,0.1125,4.04,1421.0,90.2,3,3,50.4,35.8,8.04,51.3,0.0,0.043,0.2043,0
NER-SIM-02354,Assam,Dima Hasao,NH-27 Lumding-Haflong Hill Cut,976.3,44.36,283.4,-0.0352,-0.0808,7.37,499.6,1952.4,1,1,2.8,3.6,0.19,30.4,3.34,0.092,0.0901,0
NER-SIM-02355,Meghalaya,East Khasi Hills,NH-6 Shillong-Tamabil Highway,1999.1,39.64,126.5,-0.0574,0.0373,7.1,288.2,75.3,1,2,12.8,16.8,1.12,38.4,1.9,0.025,0.1906,0
NER-SIM-02356,Meghalaya,South West Khasi Hills,Mawsynram Valley Slopes,1645.1,25.81,138.7,-0.0715,-0.0876,7.49,2473.4,123.1,3,3,29.0,49.5,2.38,45.3,0.92,0.03,0.081,0
NER-SIM-02357,Assam,Dima Hasao,NH-27 Lumding-Haflong Hill Cut,1065.3,34.81,238.7,-0.0346,0.0156,6.54,2460.5,30.9,1,1,27.3,16.4,3.28,39.3,1.67,0.098,0.0973,0
NER-SIM-02358,Nagaland,Phek,Phek-Meluri Road Corridor,1621.2,35.96,230.1,0.0263,0.0026,4.89,451.3,761.3,3,1,64.8,203.1,14.77,82.6,23.3,5.45,0.7471,1
NER-SIM-02359,Arunachal Pradesh,Lower Subansiri,Ziro Foothill Section,1485.0,35.02,8.7,0.0148,0.0173,4.41,98.8,376.4,5,1,2.8,1.9,0.2,28.6,1.37,0.064,0.1268,0
NER-SIM-02360,Nagaland,Phek,Phek-Meluri Road Corridor,1558.2,32.45,253.6,0.0254,0.022,6.76,428.1,838.7,2,1,88.6,261.9,18.28,79.3,13.08,0.093,0.5752,1
NER-SIM-02361,Arunachal Pradesh,Lower Subansiri,Ziro Foothill Section,1494.7,34.61,279.2,0.1129,-0.1033,4.81,1461.1,515.4,4,2,0.3,0.2,0.04,37.0,1.81,0.011,0.1331,0
NER-SIM-02362,Manipur,Chandel,NH-102 Imphal-Moreh Corridor,759.5,26.17,17.7,0.0201,-0.0239,8.18,55.1,7.9,2,4,0.3,0.3,0.03,48.5,1.7,0.0,0.0678,0
NER-SIM-02363,Tripura,North Tripura,Jampui Hills Ridge Corridor,564.0,43.56,185.2,-0.0187,0.0422,5.89,970.4,641.6,1,2,4.8,4.3,0.33,37.7,1.01,0.036,0.0748,0
NER-SIM-02364,Sikkim,Mangan,North Sikkim Highway (Chungthang),1792.0,46.92,31.7,0.0227,0.0132,4.87,1405.2,3.6,4,3,67.8,163.5,13.05,71.6,2.63,0.033,0.7685,1
NER-SIM-02365,Manipur,Chandel,NH-102 Imphal-Moreh Corridor,833.4,23.45,0.1,0.0218,0.016,6.93,2207.3,367.7,2,2,58.9,187.1,10.25,82.8,16.02,0.032,0.4486,0
NER-SIM-02366,Sikkim,Mangan,North Sikkim Highway (Chungthang),2073.9,40.18,143.8,-0.0009,0.0642,5.07,1230.1,66.6,4,3,112.8,178.3,35.57,74.7,0.0,0.109,0.6496,1
NER-SIM-02367,Meghalaya,South West Khasi Hills,Mawsynram Valley Slopes,1478.4,23.59,264.2,-0.0676,0.0021,7.93,816.7,42.3,1,2,70.9,198.8,10.67,75.0,7.55,0.001,0.5113,1
NER-SIM-02368,Nagaland,Kohima,NH-29 Dimapur-Kohima By-pass,1381.0,24.83,114.4,-0.0435,0.0462,6.7,369.1,36.3,2,1,0.3,0.2,0.02,27.7,3.21,0.02,0.1336,0
NER-SIM-02369,Nagaland,Kohima,NH-29 Dimapur-Kohima By-pass,1574.3,20.37,251.9,0.0343,0.0329,7.25,1325.7,148.3,3,1,4.9,5.6,0.64,32.0,2.82,0.0,0.0563,0
NER-SIM-02370,Nagaland,Kohima,NH-29 Dimapur-Kohima By-pass,1241.4,34.24,187.7,-0.025,0.0607,4.7,281.9,201.9,2,1,13.1,10.0,2.15,34.1,4.6,0.015,0.0949,0
NER-SIM-02371,Sikkim,Pakyong,NH-10 Sevoke-Gangtok Corridor,1225.5,27.55,343.7,-0.0229,0.0431,5.14,217.7,257.0,3,3,13.2,8.3,1.06,37.1,1.61,0.08,0.184,0
NER-SIM-02372,Mizoram,Aizawl,Aizawl-Lunglei Road Slopes,903.3,30.21,198.6,0.0135,0.0304,4.24,1252.7,65.6,1,1,2.3,2.9,0.17,35.4,5.06,0.006,0.0692,0
NER-SIM-02373,Sikkim,Pakyong,NH-10 Sevoke-Gangtok Corridor,922.3,41.21,268.9,0.0396,0.0076,3.28,1041.4,81.9,3,3,4.2,3.3,0.34,37.0,0.0,0.018,0.0799,0
NER-SIM-02374,Meghalaya,South West Khasi Hills,Mawsynram Valley Slopes,1858.5,36.58,317.6,0.0268,0.1266,4.42,2311.0,422.0,1,2,27.1,25.8,2.15,39.2,0.95,0.072,0.0725,0
NER-SIM-02375,Manipur,Noney,Tupul Railway Corridor Section,926.1,28.91,321.3,-0.0302,-0.0392,4.28,710.6,129.3,2,3,174.8,456.2,37.58,78.7,11.19,0.013,0.939,1
NER-SIM-02376,Tripura,North Tripura,Jampui Hills Ridge Corridor,745.2,37.76,129.1,0.0708,0.026,4.62,1382.7,92.6,1,4,4.0,3.5,0.43,34.5,1.86,0.024,0.049,0
NER-SIM-02377,Mizoram,Aizawl,Aizawl-Lunglei Road Slopes,770.1,32.04,357.4,0.0243,-0.0334,4.85,1790.7,1147.3,1,1,7.3,7.2,0.5,35.6,1.7,0.107,0.0544,0
NER-SIM-02378,Nagaland,Kohima,NH-29 Dimapur-Kohima By-pass,1359.0,15.69,296.1,0.0316,-0.016,6.58,2108.4,627.2,2,2,201.0,367.2,61.91,80.1,14.13,0.015,0.7923,1
NER-SIM-02379,Tripura,North Tripura,Jampui Hills Ridge Corridor,334.7,28.88,289.1,-0.021,-0.1102,5.51,140.3,320.5,1,1,8.1,14.0,0.72,39.8,0.65,0.065,0.0715,0
NER-SIM-02380,Arunachal Pradesh,Lower Subansiri,Ziro Foothill Section,2069.2,30.38,27.1,0.0041,-0.0333,3.99,579.4,378.0,4,4,205.8,459.6,60.52,69.2,1.3,0.016,0.9354,1
NER-SIM-02381,Nagaland,Kohima,NH-29 Dimapur-Kohima By-pass,1296.3,30.36,291.9,0.078,-0.0031,4.86,27.9,288.2,2,3,6.3,8.1,0.83,43.5,0.0,0.072,0.1251,0
NER-SIM-02382,Assam,Dima Hasao,NH-27 Lumding-Haflong Hill Cut,484.2,35.75,126.8,0.0749,0.0142,5.03,578.3,45.1,1,3,9.9,14.4,1.06,40.0,2.82,0.014,0.143,0
NER-SIM-02383,Mizoram,Champhai,Champhai-Zokhawthar Border Cut,1189.5,35.66,337.4,-0.03,0.1014,5.11,2514.8,150.1,1,1,6.1,8.2,0.41,48.0,3.35,0.097,0.0727,0
NER-SIM-02384,Meghalaya,South West Khasi Hills,Mawsynram Valley Slopes,1192.1,48.15,72.7,0.0484,-0.0255,3.47,1205.8,431.3,2,1,145.5,368.9,29.57,73.7,1.67,0.0,0.6995,1
NER-SIM-02385,Nagaland,Kohima,NH-29 Dimapur-Kohima By-pass,1070.2,29.57,101.1,-0.0407,-0.0433,6.23,2175.6,166.1,3,2,33.0,49.6,4.1,39.6,3.89,0.057,0.1074,0
NER-SIM-02386,Mizoram,Champhai,Champhai-Zokhawthar Border Cut,1227.9,46.72,254.0,0.0237,0.0436,6.43,2085.8,185.7,1,4,1.1,1.7,0.14,32.6,0.75,0.037,0.0579,0
NER-SIM-02387,Tripura,North Tripura,Jampui Hills Ridge Corridor,474.5,37.77,291.6,-0.0794,0.0293,3.55,311.9,201.7,1,3,19.1,10.9,2.38,36.7,4.42,0.075,0.1562,0
NER-SIM-02388,Tripura,North Tripura,Jampui Hills Ridge Corridor,767.5,33.02,16.2,0.0629,0.0082,4.89,552.4,601.9,1,1,4.1,3.9,0.66,35.6,3.27,0.041,0.0728,0
NER-SIM-02389,Tripura,North Tripura,Jampui Hills Ridge Corridor,443.0,27.35,231.8,0.0838,0.0416,6.12,726.9,26.6,1,2,91.7,203.1,28.57,83.1,25.64,0.126,0.6976,1
NER-SIM-02390,Mizoram,Champhai,Champhai-Zokhawthar Border Cut,1371.7,37.85,257.5,-0.0086,0.0011,6.42,2164.1,205.7,1,2,28.8,47.7,1.95,38.3,3.89,0.044,0.1781,0
NER-SIM-02391,Assam,Dima Hasao,NH-27 Lumding-Haflong Hill Cut,387.8,37.03,217.8,0.1223,-0.0865,7.73,652.2,292.6,1,1,13.0,10.8,1.01,49.3,2.98,0.019,0.0999,0
NER-SIM-02392,Nagaland,Kohima,NH-29 Dimapur-Kohima By-pass,1265.5,28.15,241.3,-0.0505,0.0023,6.76,2961.8,227.6,2,1,61.6,128.9,9.41,67.9,2.97,0.049,0.137,0
NER-SIM-02393,Arunachal Pradesh,Lower Subansiri,Ziro Foothill Section,1103.2,24.32,276.9,-0.0592,0.0491,4.55,910.2,70.2,4,1,2.1,2.9,0.27,39.8,4.03,0.0,0.0626,0
NER-SIM-02394,Nagaland,Phek,Phek-Meluri Road Corridor,1513.8,41.01,123.9,0.0037,-0.0146,5.39,687.4,897.1,3,2,0.8,1.3,0.1,50.5,2.72,0.089,0.0822,0
NER-SIM-02395,Assam,Karbi Anglong,Diphu-Bokajan Escarpment,169.2,33.9,207.6,0.0078,0.0715,6.36,449.6,916.6,1,2,2.7,3.1,0.36,42.2,1.54,0.053,0.0909,0
NER-SIM-02396,Arunachal Pradesh,Lower Subansiri,Ziro Foothill Section,1602.4,43.4,262.5,0.0034,0.1069,5.87,5903.3,719.0,3,3,30.6,21.1,2.29,43.1,2.48,0.073,0.1984,0
NER-SIM-02397,Tripura,North Tripura,Jampui Hills Ridge Corridor,469.7,24.35,144.8,0.0048,-0.0125,7.71,556.0,417.4,2,2,10.0,15.5,1.58,37.2,2.53,0.019,0.0708,0
NER-SIM-02398,Meghalaya,East Khasi Hills,NH-6 Shillong-Tamabil Highway,1490.7,40.81,187.4,-0.0488,-0.0272,5.29,226.1,186.4,2,3,28.7,49.7,4.17,38.4,2.52,0.043,0.1799,0
NER-SIM-02399,Nagaland,Phek,Phek-Meluri Road Corridor,1495.9,41.22,221.1,-0.0642,0.1081,3.26,667.1,693.6,2,2,77.6,248.2,20.2,86.8,25.29,6.726,0.8255,1
NER-SIM-02400,Manipur,Chandel,NH-102 Imphal-Moreh Corridor,1291.1,29.15,107.3,-0.0791,-0.0647,6.55,153.7,57.4,2,4,6.9,7.4,0.5,22.4,1.22,0.033,0.0938,0
NER-SIM-02401,Sikkim,Pakyong,NH-10 Sevoke-Gangtok Corridor,1020.5,25.85,153.3,-0.0102,-0.0498,4.66,498.2,992.8,4,3,14.0,21.9,2.08,35.8,1.87,0.086,0.1893,0
NER-SIM-02402,Arunachal Pradesh,West Kameng,Bhalukpong-Bomdila-Tawang Route,2037.8,40.75,296.3,0.0256,0.0517,6.5,2667.3,563.7,4,2,10.4,18.7,1.1,40.7,2.28,0.01,0.1607,0
NER-SIM-02403,Manipur,Chandel,NH-102 Imphal-Moreh Corridor,758.2,27.72,177.1,0.0443,-0.0425,4.16,506.3,273.7,2,3,9.0,9.8,0.65,39.6,1.33,0.091,0.0935,0
NER-SIM-02404,Arunachal Pradesh,West Kameng,Bhalukpong-Bomdila-Tawang Route,1868.4,40.82,231.2,-0.0406,-0.0524,4.11,599.9,68.7,5,2,32.6,84.8,4.42,66.3,1.44,0.0,0.2885,0
NER-SIM-02405,Meghalaya,South West Khasi Hills,Mawsynram Valley Slopes,1343.2,35.95,48.0,-0.0643,0.1013,7.32,325.0,413.8,2,1,21.9,29.9,1.53,43.4,0.0,0.006,0.1181,0
NER-SIM-02406,Mizoram,Aizawl,Aizawl-Lunglei Road Slopes,1210.0,25.95,303.5,-0.0669,-0.0244,5.03,75.0,33.7,1,2,4.3,4.5,0.31,40.3,3.11,0.138,0.0795,0
NER-SIM-02407,Meghalaya,South West Khasi Hills,Mawsynram Valley Slopes,1358.7,37.77,195.4,-0.0316,0.0249,5.58,612.0,652.1,1,2,49.9,127.0,6.8,62.1,1.62,0.017,0.2654,0
NER-SIM-02408,Manipur,Noney,Tupul Railway Corridor Section,394.7,37.28,148.9,-0.0724,0.0114,2.0,220.8,212.7,1,2,4.1,6.3,0.31,46.3,1.54,0.047,0.1509,0
NER-SIM-02409,Assam,Dima Hasao,NH-27 Lumding-Haflong Hill Cut,886.0,34.23,325.5,-0.0775,-0.0751,7.23,64.0,5.7,1,3,3.7,6.0,0.49,38.0,4.37,0.034,0.2029,0
NER-SIM-02410,Sikkim,Pakyong,NH-10 Sevoke-Gangtok Corridor,1285.3,46.17,168.3,0.0202,0.0073,4.76,455.2,869.0,3,2,5.0,3.1,0.8,37.5,1.32,0.09,0.1355,0
NER-SIM-02411,Assam,Karbi Anglong,Diphu-Bokajan Escarpment,425.9,15.36,265.8,-0.0024,0.0819,5.84,1933.3,182.4,2,2,0.6,1.0,0.04,33.0,2.24,0.087,0.0243,0
NER-SIM-02412,Sikkim,Pakyong,NH-10 Sevoke-Gangtok Corridor,1386.5,46.19,285.7,-0.1096,0.0167,2.6,1586.3,498.3,4,2,1.7,1.3,0.19,41.8,1.16,0.083,0.1081,0
NER-SIM-02413,Mizoram,Champhai,Champhai-Zokhawthar Border Cut,1530.3,36.43,234.3,0.0347,-0.108,3.46,367.1,822.5,1,1,26.1,17.6,2.16,37.9,3.46,0.022,0.0404,0
NER-SIM-02414,Arunachal Pradesh,Lower Subansiri,Ziro Foothill Section,1666.5,42.97,292.9,0.068,0.026,2.83,5265.6,1221.7,4,4,150.8,285.4,37.71,76.9,11.41,0.084,0.6612,1
NER-SIM-02415,Meghalaya,South West Khasi Hills,Mawsynram Valley Slopes,744.6,34.09,330.7,0.0033,-0.0044,3.81,563.6,242.1,1,1,9.4,7.4,1.16,28.1,0.0,0.05,0.071,0
NER-SIM-02416,Assam,Karbi Anglong,Diphu-Bokajan Escarpment,367.4,29.76,64.8,-0.018,0.0214,5.32,280.5,147.7,1,1,68.5,175.2,9.07,73.9,0.61,0.089,0.3212,0
NER-SIM-02417,Arunachal Pradesh,Lower Subansiri,Ziro Foothill Section,1242.3,39.11,283.5,-0.0597,-0.067,2.0,2529.4,170.4,4,2,4.3,4.8,0.33,40.8,2.97,0.08,0.131,0
NER-SIM-02418,Nagaland,Phek,Phek-Meluri Road Corridor,1839.2,24.15,124.1,-0.0903,0.0156,6.0,510.2,18.5,3,3,6.8,5.2,0.56,36.0,1.69,0.149,0.1138,0
NER-SIM-02419,Meghalaya,East Khasi Hills,NH-6 Shillong-Tamabil Highway,1707.9,18.41,208.8,-0.0155,-0.0065,6.12,225.8,944.9,2,2,20.3,17.9,1.71,39.4,4.51,0.035,0.2449,0
NER-SIM-02420,Assam,Dima Hasao,NH-27 Lumding-Haflong Hill Cut,942.0,35.75,20.4,-0.0859,0.0586,3.16,315.8,471.6,2,2,160.9,335.6,53.53,72.4,3.23,0.071,0.7074,1
NER-SIM-02421,Nagaland,Phek,Phek-Meluri Road Corridor,1634.1,38.39,237.4,-0.0092,0.0372,5.78,5.0,279.4,3,1,44.6,52.7,3.31,47.2,4.0,0.042,0.2286,0
NER-SIM-02422,Manipur,Chandel,NH-102 Imphal-Moreh Corridor,892.8,40.45,252.0,-0.0235,0.0364,7.9,4422.2,115.4,1,4,6.7,11.6,0.92,32.3,2.49,0.086,0.0368,0
NER-SIM-02423,Sikkim,Mangan,North Sikkim Highway (Chungthang),1012.9,43.66,193.8,0.0669,-0.0185,4.97,2940.7,390.9,5,3,24.2,33.5,2.8,41.0,2.43,0.0,0.2099,0
NER-SIM-02424,Mizoram,Aizawl,Aizawl-Lunglei Road Slopes,1029.7,38.61,326.6,0.0078,-0.0495,4.95,1830.0,285.8,2,1,39.7,59.4,3.1,49.3,0.0,0.017,0.1095,0
NER-SIM-02425,Meghalaya,South West Khasi Hills,Mawsynram Valley Slopes,1600.4,19.87,305.2,-0.0949,0.0163,8.19,1917.2,779.8,1,1,2.5,3.8,0.19,40.9,1.75,0.061,0.0545,0
NER-SIM-02426,Arunachal Pradesh,West Kameng,Bhalukpong-Bomdila-Tawang Route,2324.4,36.0,191.8,0.0437,0.0521,5.06,2487.1,97.7,5,1,18.7,50.7,2.34,47.6,3.14,0.0,0.1183,0
NER-SIM-02427,Nagaland,Kohima,NH-29 Dimapur-Kohima By-pass,1540.1,29.82,112.6,0.011,-0.0585,4.01,2735.2,420.7,3,3,32.4,33.0,2.35,43.6,2.38,0.066,0.1146,0
NER-SIM-02428,Meghalaya,South West Khasi Hills,Mawsynram Valley Slopes,1106.0,27.8,54.7,0.1035,0.0911,5.28,4315.9,98.3,1,2,37.0,56.6,5.64,51.2,3.33,0.032,0.1446,0
NER-SIM-02429,Manipur,Chandel,NH-102 Imphal-Moreh Corridor,1063.4,41.74,165.8,0.0427,-0.0265,6.45,1844.1,48.1,3,1,49.9,121.4,12.13,76.6,10.32,0.065,0.2939,0
NER-SIM-02430,Meghalaya,East Khasi Hills,NH-6 Shillong-Tamabil Highway,1484.1,51.7,94.0,0.0151,-0.0081,3.25,1056.4,183.8,1,2,1.2,0.6,0.13,38.1,1.93,0.14,0.2043,0
NER-SIM-02431,Sikkim,Mangan,North Sikkim Highway (Chungthang),1958.8,39.77,323.9,0.0151,0.0178,3.76,227.5,186.3,5,1,195.2,504.5,52.74,81.7,19.49,0.065,0.973,1
NER-SIM-02432,Assam,Karbi Anglong,Diphu-Bokajan Escarpment,157.9,25.8,334.7,0.0336,0.0656,8.06,243.1,10.4,1,2,2.1,3.4,0.18,34.4,1.47,0.044,0.0766,0
NER-SIM-02433,Nagaland,Kohima,NH-29 Dimapur-Kohima By-pass,1468.7,11.63,14.1,0.0034,0.1251,7.08,17.7,26.9,4,3,5.5,7.7,0.52,33.6,3.51,0.103,0.1584,0
NER-SIM-02434,Meghalaya,East Khasi Hills,NH-6 Shillong-Tamabil Highway,1494.0,28.7,9.6,-0.0547,-0.1347,2.9,3785.6,1420.6,1,1,1.3,2.0,0.21,44.9,2.15,0.0,0.0233,0
NER-SIM-02435,Assam,Dima Hasao,NH-27 Lumding-Haflong Hill Cut,778.8,34.94,199.2,-0.0398,-0.0304,4.99,984.0,39.8,1,1,59.1,132.9,18.43,64.4,2.7,0.003,0.1843,0
NER-SIM-02436,Arunachal Pradesh,West Kameng,Bhalukpong-Bomdila-Tawang Route,2037.8,44.48,218.6,-0.0009,-0.1005,5.37,3172.8,278.3,5,4,80.0,181.0,11.96,86.6,34.79,1.544,0.7093,1
NER-SIM-02437,Arunachal Pradesh,Lower Subansiri,Ziro Foothill Section,1716.2,28.03,155.0,0.0993,-0.0076,2.71,61.9,167.3,4,1,1.4,1.3,0.1,40.5,0.0,0.051,0.069,0
NER-SIM-02438,Manipur,Noney,Tupul Railway Corridor Section,698.0,60.76,328.6,-0.0186,-0.0572,2.68,673.1,15.5,3,1,4.2,5.7,0.34,32.1,0.12,0.088,0.1806,0
NER-SIM-02439,Mizoram,Aizawl,Aizawl-Lunglei Road Slopes,1472.0,38.13,252.5,-0.0251,0.0876,4.97,628.3,1068.5,2,1,10.7,10.6,0.83,40.3,0.5,0.02,0.0759,0
NER-SIM-02440,Sikkim,Pakyong,NH-10 Sevoke-Gangtok Corridor,1412.6,38.74,191.8,0.0485,0.0065,5.17,110.1,592.2,3,3,4.8,8.4,0.54,34.9,2.03,0.118,0.1557,0
NER-SIM-02441,Meghalaya,South West Khasi Hills,Mawsynram Valley Slopes,1231.4,29.86,227.5,0.0156,-0.0344,7.79,810.4,403.5,1,3,32.8,90.4,6.56,58.3,1.5,0.116,0.1242,0
NER-SIM-02442,Sikkim,Pakyong,NH-10 Sevoke-Gangtok Corridor,1409.3,26.18,134.0,-0.0543,-0.0064,4.83,279.9,173.0,3,3,53.4,87.1,4.17,61.3,1.58,0.0,0.4,0
NER-SIM-02443,Sikkim,Pakyong,NH-10 Sevoke-Gangtok Corridor,756.9,35.43,4.6,-0.0392,0.054,6.03,931.1,19.4,3,4,201.0,570.5,33.75,83.4,20.13,3.844,0.9798,1
NER-SIM-02444,Nagaland,Phek,Phek-Meluri Road Corridor,1717.8,34.42,141.5,0.0619,0.0576,3.87,678.6,95.2,2,1,3.0,1.7,0.29,42.1,2.82,0.008,0.1036,0
NER-SIM-02445,Arunachal Pradesh,West Kameng,Bhalukpong-Bomdila-Tawang Route,1984.5,45.29,68.7,0.0662,0.0366,3.34,79.5,637.3,4,1,41.5,80.5,9.26,45.6,1.25,0.018,0.1938,0
NER-SIM-02446,Mizoram,Champhai,Champhai-Zokhawthar Border Cut,1598.9,26.88,68.8,0.044,0.0626,6.21,82.3,165.5,2,4,3.5,2.6,0.25,35.6,1.23,0.077,0.0835,0
NER-SIM-02447,Manipur,Chandel,NH-102 Imphal-Moreh Corridor,490.5,15.75,84.8,0.0485,0.0583,7.88,2384.2,674.6,2,3,75.0,169.6,18.08,77.8,13.47,0.0,0.3059,0
NER-SIM-02448,Arunachal Pradesh,Lower Subansiri,Ziro Foothill Section,1737.0,34.51,81.2,0.037,-0.0235,3.53,122.7,616.8,4,3,2.3,2.4,0.16,37.3,2.21,0.0,0.1454,0
NER-SIM-02449,Manipur,Chandel,NH-102 Imphal-Moreh Corridor,1006.8,34.05,1.8,-0.0276,-0.0667,6.41,183.8,180.0,2,1,96.0,195.9,24.68,78.5,16.47,0.0,0.6068,1
NER-SIM-02450,Nagaland,Kohima,NH-29 Dimapur-Kohima By-pass,870.6,20.62,267.6,-0.018,0.0713,5.14,2671.5,334.4,4,1,5.7,4.8,0.88,30.8,2.85,0.103,0.0471,0
NER-SIM-02451,Mizoram,Aizawl,Aizawl-Lunglei Road Slopes,1334.9,33.6,37.1,0.0119,0.1017,3.86,1047.4,24.6,2,2,15.7,19.5,1.22,38.8,1.21,0.075,0.0887,0
NER-SIM-02452,Mizoram,Champhai,Champhai-Zokhawthar Border Cut,812.7,28.43,215.1,0.0255,-0.0423,6.39,577.6,213.1,2,3,206.7,579.1,48.32,76.6,12.81,0.101,0.9804,1
NER-SIM-02453,Sikkim,Mangan,North Sikkim Highway (Chungthang),1941.5,36.9,331.6,-0.0641,-0.0125,6.52,4826.7,135.0,5,3,68.7,123.1,9.82,54.1,1.45,0.051,0.3536,0
NER-SIM-02454,Assam,Karbi Anglong,Diphu-Bokajan Escarpment,329.6,26.16,93.7,-0.0817,0.035,6.99,170.9,75.1,1,3,45.9,73.9,14.13,51.3,2.9,0.062,0.2805,0
NER-SIM-02455,Mizoram,Aizawl,Aizawl-Lunglei Road Slopes,1165.6,35.6,43.5,0.1045,0.0146,7.07,2449.8,218.8,1,3,153.7,489.5,19.61,80.0,18.73,0.034,0.9304,1
NER-SIM-02456,Assam,Karbi Anglong,Diphu-Bokajan Escarpment,788.7,23.77,78.0,-0.0043,0.0039,3.79,762.6,12.0,2,4,0.3,0.5,0.02,41.7,4.1,0.108,0.1033,0
NER-SIM-02457,Mizoram,Aizawl,Aizawl-Lunglei Road Slopes,1197.7,41.68,141.2,-0.1111,0.0128,4.42,1294.0,380.8,1,3,9.0,5.4,1.1,40.9,1.21,0.016,0.0979,0
NER-SIM-02458,Tripura,North Tripura,Jampui Hills Ridge Corridor,574.8,32.61,343.3,-0.0535,0.0233,4.5,215.5,79.5,1,1,0.3,0.3,0.02,42.1,2.32,0.012,0.0394,0
NER-SIM-02459,Assam,Karbi Anglong,Diphu-Bokajan Escarpment,485.0,38.06,10.4,-0.047,-0.0158,6.61,1039.7,50.4,1,1,2.9,3.4,0.29,42.6,3.54,0.073,0.121,0
NER-SIM-02460,Sikkim,Pakyong,NH-10 Sevoke-Gangtok Corridor,867.1,41.1,88.8,-0.0918,-0.0267,3.16,3052.7,699.1,4,2,36.7,48.7,3.07,57.7,2.67,0.059,0.3185,0
NER-SIM-02461,Meghalaya,South West Khasi Hills,Mawsynram Valley Slopes,811.0,34.26,37.8,-0.0119,0.0302,6.73,721.1,181.0,1,3,0.7,1.0,0.04,31.6,0.0,0.0,0.0778,0
NER-SIM-02462,Nagaland,Phek,Phek-Meluri Road Corridor,1701.8,33.91,300.4,0.0893,0.0331,7.93,1377.9,90.8,2,4,7.6,5.3,0.94,24.5,4.25,0.066,0.0638,0
NER-SIM-02463,Assam,Karbi Anglong,Diphu-Bokajan Escarpment,683.9,28.91,9.8,-0.0386,0.075,3.47,920.2,322.9,1,3,52.0,79.5,8.53,50.6,2.24,0.098,0.2607,0
NER-SIM-02464,Arunachal Pradesh,West Kameng,Bhalukpong-Bomdila-Tawang Route,2086.3,49.99,97.1,-0.1561,0.072,4.69,1134.1,293.9,5,3,0.8,0.8,0.06,28.4,2.4,0.089,0.1734,0
NER-SIM-02465,Assam,Dima Hasao,NH-27 Lumding-Haflong Hill Cut,594.4,19.43,116.2,-0.0639,0.0487,3.84,403.8,513.2,1,3,18.8,23.7,2.29,36.9,0.0,0.045,0.0997,0
NER-SIM-02466,Nagaland,Kohima,NH-29 Dimapur-Kohima By-pass,911.6,34.49,262.5,0.0773,0.0239,4.01,512.7,407.2,3,3,25.1,17.0,2.05,37.1,2.36,0.01,0.3025,0
NER-SIM-02467,Meghalaya,East Khasi Hills,NH-6 Shillong-Tamabil Highway,1571.3,21.93,329.8,-0.0537,0.0342,7.79,280.8,96.0,2,4,3.2,4.8,0.23,40.9,1.16,0.069,0.0641,0
NER-SIM-02468,Manipur,Noney,Tupul Railway Corridor Section,664.3,33.29,189.5,0.0685,-0.0365,5.41,2337.3,382.7,1,1,24.8,19.0,3.95,34.0,0.0,0.065,0.0536,0
NER-SIM-02469,Sikkim,Pakyong,NH-10 Sevoke-Gangtok Corridor,1289.4,32.16,183.5,0.04,-0.0657,4.43,3277.8,36.2,3,2,17.5,17.4,2.9,29.7,2.75,0.017,0.073,0
NER-SIM-02470,Nagaland,Phek,Phek-Meluri Road Corridor,1213.4,23.69,265.4,-0.0513,-0.0217,7.7,2945.4,186.6,3,4,13.9,22.6,0.93,37.2,0.6,0.0,0.1147,0
NER-SIM-02471,Mizoram,Champhai,Champhai-Zokhawthar Border Cut,1208.5,40.42,196.2,-0.072,-0.0263,4.86,694.1,592.8,3,4,4.6,3.5,0.7,26.4,1.09,0.0,0.0523,0
NER-SIM-02472,Sikkim,Mangan,North Sikkim Highway (Chungthang),1825.0,39.57,116.4,0.0152,0.0182,2.94,3199.6,337.9,5,2,109.5,167.4,15.39,77.4,14.01,0.094,0.6354,1
NER-SIM-02473,Assam,Dima Hasao,NH-27 Lumding-Haflong Hill Cut,776.5,29.91,28.7,-0.0207,0.0175,7.16,895.6,32.6,1,1,3.2,2.1,0.25,30.3,0.91,0.051,0.0557,0
NER-SIM-02474,Nagaland,Phek,Phek-Meluri Road Corridor,1950.8,38.27,186.7,-0.0295,-0.0764,6.99,966.2,413.7,3,4,33.4,79.7,4.52,65.1,1.57,0.019,0.1725,0
NER-SIM-02475,Sikkim,Mangan,North Sikkim Highway (Chungthang),1450.8,45.24,31.0,0.0113,-0.009,4.17,167.5,124.3,5,3,61.6,130.0,17.57,63.2,2.68,0.059,0.74,1
NER-SIM-02476,Assam,Dima Hasao,NH-27 Lumding-Haflong Hill Cut,825.4,35.11,208.9,0.0396,-0.0695,5.33,537.8,132.7,1,2,82.5,209.3,13.96,72.5,4.88,0.084,0.5067,1
NER-SIM-02477,Assam,Karbi Anglong,Diphu-Bokajan Escarpment,345.3,20.89,323.4,-0.0394,-0.0059,4.7,1135.5,19.4,1,3,0.9,1.6,0.08,36.4,1.33,0.074,0.0988,0
NER-SIM-02478,Nagaland,Kohima,NH-29 Dimapur-Kohima By-pass,1138.6,44.46,266.1,0.0545,-0.0082,5.93,559.8,180.3,2,1,0.4,0.6,0.03,32.3,3.13,0.077,0.0893,0
NER-SIM-02479,Sikkim,Mangan,North Sikkim Highway (Chungthang),1815.6,41.57,128.9,-0.0508,0.0479,6.47,179.0,223.7,4,2,78.6,220.1,17.09,71.3,2.19,0.089,0.6468,1
NER-SIM-02480,Nagaland,Kohima,NH-29 Dimapur-Kohima By-pass,1263.3,27.19,308.0,0.0747,-0.0147,7.59,965.7,359.8,2,4,9.9,13.6,1.24,37.7,0.51,0.024,0.0864,0
NER-SIM-02481,Arunachal Pradesh,Lower Subansiri,Ziro Foothill Section,1707.3,42.38,68.2,-0.0329,0.041,3.26,751.3,8.3,2,2,75.2,155.3,9.65,66.1,0.79,0.041,0.5568,1
NER-SIM-02482,Mizoram,Aizawl,Aizawl-Lunglei Road Slopes,1449.0,41.11,242.3,0.0369,0.0409,6.26,297.4,30.2,2,1,176.0,330.8,34.93,78.6,15.66,0.068,0.8662,1
NER-SIM-02483,Nagaland,Kohima,NH-29 Dimapur-Kohima By-pass,1619.0,35.57,0.1,0.0137,-0.001,5.82,1603.6,221.8,1,1,219.5,364.4,27.55,85.8,30.92,0.122,0.9058,1
NER-SIM-02484,Meghalaya,East Khasi Hills,NH-6 Shillong-Tamabil Highway,1474.5,22.18,55.7,-0.1461,-0.015,6.41,293.3,596.2,2,2,1.2,1.2,0.09,46.1,2.75,0.06,0.0996,0
NER-SIM-02485,Meghalaya,South West Khasi Hills,Mawsynram Valley Slopes,1312.0,28.17,220.6,0.0085,-0.0109,6.56,1465.9,256.3,1,1,17.0,10.9,1.72,32.9,0.0,0.027,0.0421,0
NER-SIM-02486,Meghalaya,South West Khasi Hills,Mawsynram Valley Slopes,1141.3,55.34,122.4,0.0026,-0.0065,3.2,4742.7,1.5,2,4,17.6,25.5,1.77,56.4,3.59,0.0,0.2131,0
NER-SIM-02487,Nagaland,Phek,Phek-Meluri Road Corridor,1388.1,32.55,163.6,0.0479,-0.076,4.25,285.3,148.2,3,2,55.2,139.7,10.9,65.7,3.7,0.093,0.4022,0
NER-SIM-02488,Sikkim,Pakyong,NH-10 Sevoke-Gangtok Corridor,1035.5,52.1,125.9,-0.0757,0.0597,6.42,74.1,9.5,3,2,128.2,212.7,42.33,81.1,15.94,0.09,0.8803,1
NER-SIM-02489,Assam,Karbi Anglong,Diphu-Bokajan Escarpment,257.7,23.13,154.6,-0.0061,0.0482,7.9,1060.2,48.5,1,2,49.0,147.1,12.19,76.0,8.2,0.067,0.3134,0
NER-SIM-02490,Meghalaya,South West Khasi Hills,Mawsynram Valley Slopes,1562.2,13.16,208.6,-0.0272,-0.0585,4.36,1508.3,403.5,2,1,29.4,23.7,2.13,40.0,0.0,0.016,0.0461,0
NER-SIM-02491,Meghalaya,South West Khasi Hills,Mawsynram Valley Slopes,1618.1,35.08,74.9,-0.0911,0.006,4.25,1873.7,36.0,1,4,116.0,328.9,14.99,87.8,28.32,5.271,0.9156,1
NER-SIM-02492,Nagaland,Phek,Phek-Meluri Road Corridor,2350.3,23.28,288.0,-0.0157,0.0224,5.21,688.6,1020.8,3,4,4.0,6.0,0.28,38.6,1.44,0.095,0.0296,0
NER-SIM-02493,Mizoram,Champhai,Champhai-Zokhawthar Border Cut,1565.7,42.66,62.4,0.0456,-0.0325,3.34,593.1,767.1,2,2,110.4,168.6,19.39,82.1,21.1,1.637,0.734,1
NER-SIM-02494,Arunachal Pradesh,Lower Subansiri,Ziro Foothill Section,1464.0,26.07,47.5,0.0241,0.0264,6.13,1224.8,50.2,3,1,53.3,114.3,12.49,67.6,2.34,0.002,0.256,0
NER-SIM-02495,Assam,Dima Hasao,NH-27 Lumding-Haflong Hill Cut,623.2,22.09,43.9,-0.0593,-0.0177,6.67,1204.2,446.5,1,1,86.3,234.5,13.41,76.1,11.47,0.104,0.4005,0
NER-SIM-02496,Nagaland,Phek,Phek-Meluri Road Corridor,1377.9,18.62,210.6,-0.0251,-0.0804,5.59,2022.7,259.8,3,3,228.9,445.7,36.17,85.3,24.7,0.032,0.9721,1
NER-SIM-02497,Mizoram,Aizawl,Aizawl-Lunglei Road Slopes,841.5,34.55,104.3,0.018,-0.0422,2.76,45.9,456.5,2,1,16.4,12.7,1.19,33.8,2.94,0.0,0.0712,0
NER-SIM-02498,Mizoram,Champhai,Champhai-Zokhawthar Border Cut,1126.3,36.81,231.6,-0.0555,0.0357,5.8,965.8,29.5,2,1,0.4,0.7,0.03,35.0,2.05,0.033,0.1129,0
NER-SIM-02499,Sikkim,Pakyong,NH-10 Sevoke-Gangtok Corridor,1398.0,39.27,259.4,-0.0082,-0.0032,4.18,98.6,24.1,4,2,60.9,107.3,8.58,64.2,2.77,0.077,0.4443,0
NER-SIM-02500,Mizoram,Champhai,Champhai-Zokhawthar Border Cut,1457.8,42.42,62.3,0.1104,-0.009,2.03,135.2,320.9,2,2,111.1,246.7,22.64,77.3,8.38,0.102,0.7143,1
NER-SIM-02501,Manipur,Noney,Tupul Railway Corridor Section,757.4,42.44,204.1,-0.0417,-0.0011,3.95,618.0,340.9,2,3,0.3,0.2,0.03,42.0,1.29,0.017,0.1079,0
NER-SIM-02502,Sikkim,Mangan,North Sikkim Highway (Chungthang),1214.1,39.13,145.1,-0.0681,0.0854,2.0,1265.7,455.3,5,1,3.4,4.7,0.35,32.1,1.16,0.047,0.0707,0
NER-SIM-02503,Manipur,Chandel,NH-102 Imphal-Moreh Corridor,512.6,19.35,213.1,-0.0364,0.0045,6.53,450.4,689.9,2,3,2.5,3.0,0.34,33.5,2.89,0.11,0.1059,0
NER-SIM-02504,Sikkim,Mangan,North Sikkim Highway (Chungthang),1762.8,58.21,173.2,-0.0549,0.0027,3.02,941.6,190.1,3,3,13.9,12.5,1.87,46.9,4.59,0.126,0.3207,0
NER-SIM-02505,Sikkim,Pakyong,NH-10 Sevoke-Gangtok Corridor,1235.2,34.16,89.2,-0.1081,-0.0638,4.62,1156.1,248.0,4,3,1.5,2.5,0.16,32.0,2.83,0.111,0.1958,0
NER-SIM-02506,Sikkim,Mangan,North Sikkim Highway (Chungthang),2072.4,39.44,319.1,0.0212,-0.0385,3.83,1429.8,286.0,5,1,0.4,0.3,0.03,42.6,3.86,0.061,0.1068,0
NER-SIM-02507,Assam,Dima Hasao,NH-27 Lumding-Haflong Hill Cut,899.1,25.79,3.9,0.0445,-0.0894,6.64,541.7,69.6,1,3,13.9,21.6,1.23,36.4,3.64,0.036,0.1763,0
NER-SIM-02508,Arunachal Pradesh,Lower Subansiri,Ziro Foothill Section,1287.7,28.23,215.7,0.0274,-0.0103,6.84,613.5,725.0,3,2,128.8,253.1,17.56,81.3,18.5,0.053,0.5646,1
NER-SIM-02509,Assam,Dima Hasao,NH-27 Lumding-Haflong Hill Cut,766.6,32.13,315.0,-0.0806,-0.0606,6.22,449.6,445.4,1,3,73.1,183.1,9.43,81.6,19.72,0.033,0.5694,1
NER-SIM-02510,Sikkim,Mangan,North Sikkim Highway (Chungthang),1438.4,51.64,86.2,0.0429,0.0438,7.36,944.6,636.3,5,1,40.7,87.1,5.3,47.0,5.7,0.083,0.3318,0
NER-SIM-02511,Nagaland,Kohima,NH-29 Dimapur-Kohima By-pass,1371.3,39.52,34.5,0.01,0.0121,3.3,3727.3,464.1,2,4,168.2,346.9,40.87,79.8,11.18,0.028,0.8257,1
NER-SIM-02512,Mizoram,Aizawl,Aizawl-Lunglei Road Slopes,906.2,31.07,27.7,-0.1704,0.0164,6.47,57.1,33.0,1,2,81.1,157.7,16.04,73.8,0.98,0.032,0.3301,0
NER-SIM-02513,Tripura,North Tripura,Jampui Hills Ridge Corridor,850.6,19.82,61.3,-0.053,0.0285,5.6,967.8,404.5,1,3,0.9,0.8,0.1,41.1,2.12,0.049,0.0432,0
NER-SIM-02514,Manipur,Chandel,NH-102 Imphal-Moreh Corridor,1137.5,37.02,241.3,0.0077,0.0294,8.37,625.4,0.0,2,1,51.5,95.4,7.3,64.5,3.21,0.061,0.3096,0
NER-SIM-02515,Sikkim,Mangan,North Sikkim Highway (Chungthang),1699.9,35.0,274.9,0.0034,0.0462,4.99,930.9,950.7,5,3,4.0,2.2,0.63,44.4,0.0,0.099,0.1337,0
NER-SIM-02516,Mizoram,Aizawl,Aizawl-Lunglei Road Slopes,936.1,33.5,82.1,0.0254,-0.0517,7.13,1501.7,150.9,1,1,91.9,251.9,22.89,85.0,22.57,3.377,0.7771,1
NER-SIM-02517,Manipur,Noney,Tupul Railway Corridor Section,698.8,47.75,128.2,0.0659,-0.0016,3.45,220.7,366.9,2,1,71.7,197.8,10.59,77.3,13.74,0.029,0.6389,1
NER-SIM-02518,Assam,Karbi Anglong,Diphu-Bokajan Escarpment,1086.0,30.14,39.5,-0.0357,0.0342,7.47,3605.4,1.9,1,3,48.8,100.7,6.31,72.6,3.58,0.0,0.3621,0
NER-SIM-02519,Nagaland,Kohima,NH-29 Dimapur-Kohima By-pass,927.7,33.27,62.3,0.0319,-0.0412,4.15,727.1,1193.6,3,3,3.1,5.6,0.32,35.6,1.61,0.093,0.0731,0
NER-SIM-02520,Tripura,North Tripura,Jampui Hills Ridge Corridor,780.9,31.22,199.4,0.0522,-0.0012,5.58,98.9,363.8,1,2,25.1,30.0,2.99,40.9,3.28,0.085,0.0614,0
NER-SIM-02521,Assam,Dima Hasao,NH-27 Lumding-Haflong Hill Cut,391.7,13.76,276.9,-0.0168,0.0075,8.16,2248.4,222.8,1,4,10.1,17.7,0.89,32.0,0.0,0.013,0.0371,0
NER-SIM-02522,Sikkim,Pakyong,NH-10 Sevoke-Gangtok Corridor,1314.7,40.29,97.2,0.0427,-0.023,6.36,1094.3,436.2,3,1,117.6,300.6,20.1,81.3,16.46,0.053,0.8401,1
NER-SIM-02523,Nagaland,Phek,Phek-Meluri Road Corridor,1484.5,32.1,338.6,-0.045,0.0359,2.74,662.4,10.1,2,2,13.6,13.9,1.15,41.0,1.97,0.0,0.1036,0
NER-SIM-02524,Assam,Dima Hasao,NH-27 Lumding-Haflong Hill Cut,147.0,34.48,58.0,-0.0352,-0.0058,3.78,315.6,247.2,1,3,15.7,25.5,1.84,51.2,2.19,0.023,0.1689,0
NER-SIM-02525,Sikkim,Pakyong,NH-10 Sevoke-Gangtok Corridor,963.6,53.71,196.4,0.045,0.1078,5.72,1183.5,1162.3,5,3,46.6,72.3,11.36,49.3,2.92,0.05,0.5241,1
NER-SIM-02526,Meghalaya,East Khasi Hills,NH-6 Shillong-Tamabil Highway,1537.7,33.43,152.2,0.0973,-0.0212,6.7,85.3,741.0,3,1,9.5,9.1,1.56,35.6,0.83,0.037,0.1329,0
NER-SIM-02527,Assam,Karbi Anglong,Diphu-Bokajan Escarpment,275.0,21.18,68.4,-0.052,-0.0467,6.31,1.0,226.3,1,2,9.4,16.1,1.02,51.5,1.9,0.024,0.1565,0
NER-SIM-02528,Tripura,North Tripura,Jampui Hills Ridge Corridor,440.2,43.14,156.3,-0.0313,0.1183,5.09,1130.9,306.9,1,3,117.1,347.8,21.23,74.3,2.54,0.042,0.8556,1
NER-SIM-02529,Sikkim,Mangan,North Sikkim Highway (Chungthang),1729.9,40.25,22.2,-0.0442,-0.0261,5.43,1074.1,390.9,5,4,12.6,15.3,1.61,32.1,0.69,0.061,0.0979,0
NER-SIM-02530,Arunachal Pradesh,West Kameng,Bhalukpong-Bomdila-Tawang Route,1943.6,19.75,107.0,0.0439,0.0482,4.97,1985.3,294.1,5,3,5.4,9.4,0.51,38.5,0.0,0.098,0.1234,0
NER-SIM-02531,Mizoram,Champhai,Champhai-Zokhawthar Border Cut,1436.3,28.18,271.8,0.0733,0.0181,9.69,978.0,187.4,1,2,37.2,66.6,3.05,54.5,3.92,0.112,0.1001,0
NER-SIM-02532,Mizoram,Aizawl,Aizawl-Lunglei Road Slopes,1305.0,27.46,60.1,-0.0653,-0.031,3.63,347.6,290.2,2,2,12.0,7.6,0.89,40.4,1.99,0.017,0.1046,0
NER-SIM-02533,Mizoram,Champhai,Champhai-Zokhawthar Border Cut,1181.9,30.63,175.6,0.0062,0.0307,4.77,305.7,116.2,1,2,16.3,13.0,1.61,24.5,4.59,0.076,0.154,0
NER-SIM-02534,Nagaland,Kohima,NH-29 Dimapur-Kohima By-pass,1357.3,22.05,176.7,0.0854,-0.0814,4.07,2563.0,30.5,3,1,3.6,2.5,0.44,27.0,3.68,0.082,0.0508,0
NER-SIM-02535,Mizoram,Aizawl,Aizawl-Lunglei Road Slopes,1191.6,39.85,291.9,-0.0816,0.0453,2.94,1344.6,1485.5,2,1,37.4,26.9,5.74,44.1,2.09,0.051,0.1076,0
NER-SIM-02536,Tripura,North Tripura,Jampui Hills Ridge Corridor,615.6,34.76,305.9,0.0621,-0.0457,2.76,2872.2,45.2,1,1,47.0,83.6,3.32,68.2,0.4,0.014,0.15,0
NER-SIM-02537,Meghalaya,East Khasi Hills,NH-6 Shillong-Tamabil Highway,1886.1,29.12,339.2,0.0182,0.0144,6.4,459.3,1310.8,2,3,0.1,0.1,0.01,31.9,3.12,0.015,0.1444,0
NER-SIM-02538,Assam,Karbi Anglong,Diphu-Bokajan Escarpment,702.0,23.66,230.1,0.0066,-0.0086,8.09,295.3,839.5,1,2,0.0,0.0,0.0,21.2,0.72,0.07,0.048,0
NER-SIM-02539,Assam,Karbi Anglong,Diphu-Bokajan Escarpment,372.9,34.85,248.1,-0.0433,0.0165,4.14,114.8,84.5,1,2,13.0,23.2,1.25,36.0,1.63,0.067,0.2646,0
NER-SIM-02540,Assam,Karbi Anglong,Diphu-Bokajan Escarpment,347.6,18.64,250.9,0.1044,0.0068,6.08,423.3,190.7,1,3,2.7,2.2,0.21,39.3,1.71,0.0,0.127,0
NER-SIM-02541,Meghalaya,East Khasi Hills,NH-6 Shillong-Tamabil Highway,1974.3,35.2,203.6,-0.0171,0.0217,5.32,2627.6,76.0,2,4,7.9,10.7,0.55,28.3,1.66,0.049,0.0554,0
NER-SIM-02542,Tripura,North Tripura,Jampui Hills Ridge Corridor,1000.7,37.86,16.4,0.0885,0.0439,5.17,1506.2,692.2,1,1,4.3,7.0,0.56,42.9,0.0,0.106,0.0608,0
NER-SIM-02543,Tripura,North Tripura,Jampui Hills Ridge Corridor,591.4,30.3,38.7,0.0017,0.0474,6.85,763.6,175.2,1,1,4.3,7.0,0.57,29.1,2.17,0.036,0.0499,0
NER-SIM-02544,Meghalaya,South West Khasi Hills,Mawsynram Valley Slopes,1371.1,49.59,98.0,0.0679,0.0698,5.19,4440.9,197.9,1,1,7.6,13.7,0.67,39.2,3.63,0.007,0.1302,0
NER-SIM-02545,Mizoram,Aizawl,Aizawl-Lunglei Road Slopes,1134.1,33.12,190.5,0.0709,0.0026,3.69,516.8,104.5,1,4,3.9,3.0,0.31,26.8,3.5,0.097,0.1032,0
NER-SIM-02546,Meghalaya,South West Khasi Hills,Mawsynram Valley Slopes,1126.8,36.61,13.2,-0.0854,0.0079,5.28,2062.8,252.2,2,4,142.8,451.5,23.9,89.6,30.77,1.714,0.9275,1
NER-SIM-02547,Manipur,Chandel,NH-102 Imphal-Moreh Corridor,613.7,26.26,340.0,0.0373,-0.0184,8.3,2161.3,281.7,2,3,61.3,100.4,18.64,60.4,0.0,0.088,0.1953,0
NER-SIM-02548,Arunachal Pradesh,West Kameng,Bhalukpong-Bomdila-Tawang Route,2277.1,41.02,295.8,0.1029,-0.023,2.7,732.9,904.0,4,1,121.6,318.4,23.02,79.0,14.76,0.0,0.7826,1
NER-SIM-02549,Assam,Karbi Anglong,Diphu-Bokajan Escarpment,359.5,17.89,143.7,0.0578,0.0404,6.71,993.1,512.1,1,1,60.8,96.9,12.77,59.9,3.13,0.058,0.1353,0
NER-SIM-02550,Sikkim,Mangan,North Sikkim Highway (Chungthang),1734.1,43.48,271.0,0.0092,-0.029,6.16,2284.1,1457.8,4,3,131.1,341.7,18.49,68.1,1.25,0.116,0.8496,1
NER-SIM-02551,Arunachal Pradesh,Lower Subansiri,Ziro Foothill Section,1656.1,38.24,89.9,-0.0038,-0.042,5.28,964.4,384.5,4,4,40.5,27.8,2.79,43.0,0.74,0.052,0.1863,0
NER-SIM-02552,Meghalaya,East Khasi Hills,NH-6 Shillong-Tamabil Highway,1493.0,18.81,328.4,0.001,0.0107,7.96,305.0,796.8,1,2,14.4,10.2,1.15,38.3,2.9,0.028,0.0408,0
NER-SIM-02553,Nagaland,Phek,Phek-Meluri Road Corridor,1226.2,37.24,167.2,-0.0305,0.0226,2.0,2744.8,763.3,2,1,15.6,24.3,1.43,50.0,2.44,0.001,0.0694,0
NER-SIM-02554,Nagaland,Kohima,NH-29 Dimapur-Kohima By-pass,940.6,31.35,83.3,-0.0706,-0.0412,8.27,2402.6,1345.3,3,1,35.2,77.1,5.94,48.1,1.92,0.043,0.0809,0
NER-SIM-02555,Tripura,North Tripura,Jampui Hills Ridge Corridor,702.6,19.08,162.0,0.0234,-0.0087,6.67,3407.4,200.0,1,1,3.9,6.9,0.43,33.4,0.56,0.08,0.0341,0
NER-SIM-02556,Sikkim,Mangan,North Sikkim Highway (Chungthang),1644.6,34.86,344.4,0.0196,0.0843,4.89,907.3,144.5,4,4,1.5,2.6,0.11,39.2,1.98,0.028,0.075,0
NER-SIM-02557,Manipur,Chandel,NH-102 Imphal-Moreh Corridor,887.3,30.7,153.0,-0.0033,-0.0389,8.82,606.6,446.3,2,1,100.3,242.8,18.99,80.5,18.44,0.052,0.5076,1
NER-SIM-02558,Mizoram,Aizawl,Aizawl-Lunglei Road Slopes,964.7,43.35,20.2,0.1133,0.0229,4.71,355.4,712.0,2,1,15.5,11.8,1.78,31.2,2.81,0.077,0.117,0
NER-SIM-02559,Sikkim,Pakyong,NH-10 Sevoke-Gangtok Corridor,1137.3,46.05,211.8,-0.0301,-0.1475,3.82,1059.8,157.4,3,3,45.9,75.9,11.74,53.6,3.18,0.042,0.4446,0
NER-SIM-02560,Arunachal Pradesh,West Kameng,Bhalukpong-Bomdila-Tawang Route,2469.6,45.16,245.9,0.0658,-0.0134,3.99,699.2,635.5,4,1,105.0,314.8,16.0,77.6,13.41,0.078,0.7878,1
NER-SIM-02561,Arunachal Pradesh,West Kameng,Bhalukpong-Bomdila-Tawang Route,1661.0,51.58,6.9,-0.0285,-0.0235,2.0,53.7,582.6,4,3,179.6,287.9,42.9,85.5,30.65,8.983,0.9918,1
NER-SIM-02562,Meghalaya,South West Khasi Hills,Mawsynram Valley Slopes,1054.7,38.39,171.0,0.017,0.0134,5.17,534.5,96.8,2,2,71.4,185.8,18.14,79.6,14.56,0.039,0.5464,1
NER-SIM-02563,Manipur,Noney,Tupul Railway Corridor Section,918.4,29.52,44.6,-0.0313,0.0281,4.42,1147.0,49.2,1,1,91.1,165.8,22.36,84.3,27.5,0.03,0.5239,1
NER-SIM-02564,Assam,Dima Hasao,NH-27 Lumding-Haflong Hill Cut,1036.3,34.33,326.9,0.0439,0.0354,6.82,341.2,61.8,1,4,9.3,7.5,1.5,29.7,1.56,0.075,0.0674,0
NER-SIM-02565,Assam,Dima Hasao,NH-27 Lumding-Haflong Hill Cut,505.5,21.97,94.9,0.0806,-0.0266,7.56,684.2,728.5,1,1,127.5,389.5,32.24,85.6,19.06,0.012,0.6934,1
NER-SIM-02566,Assam,Dima Hasao,NH-27 Lumding-Haflong Hill Cut,806.7,31.7,83.8,0.0339,-0.0231,4.57,257.7,332.8,1,2,4.0,4.6,0.44,40.7,4.87,0.058,0.1278,0
NER-SIM-02567,Mizoram,Aizawl,Aizawl-Lunglei Road Slopes,1007.2,24.55,232.2,-0.0063,0.1292,6.04,118.1,80.6,1,4,49.6,93.7,9.86,68.9,1.43,0.082,0.2328,0
NER-SIM-02568,Arunachal Pradesh,Lower Subansiri,Ziro Foothill Section,1390.5,26.14,166.6,0.053,0.0445,4.97,1146.6,636.7,5,1,148.3,294.4,36.09,82.8,26.78,0.023,0.7673,1
NER-SIM-02569,Meghalaya,South West Khasi Hills,Mawsynram Valley Slopes,1181.6,14.13,234.3,0.1086,0.016,11.31,2327.4,280.9,1,4,19.6,11.8,2.75,51.6,3.92,0.0,0.0254,0
NER-SIM-02570,Mizoram,Champhai,Champhai-Zokhawthar Border Cut,1360.2,41.95,157.7,0.0334,0.0989,4.66,489.6,571.5,2,3,16.0,17.4,2.09,33.1,0.77,0.002,0.1483,0
NER-SIM-02571,Mizoram,Aizawl,Aizawl-Lunglei Road Slopes,1156.5,28.2,193.0,0.0081,-0.0785,4.6,862.4,12.4,2,3,54.8,135.1,7.86,72.8,2.21,0.019,0.5087,1
NER-SIM-02572,Mizoram,Champhai,Champhai-Zokhawthar Border Cut,1169.5,27.71,349.6,-0.0212,-0.0148,6.22,3827.5,134.7,1,2,46.0,79.0,6.34,50.9,2.89,0.085,0.1448,0
NER-SIM-02573,Manipur,Noney,Tupul Railway Corridor Section,1344.5,42.93,352.9,0.1261,-0.0836,6.29,1961.3,86.0,2,1,5.7,6.7,0.42,30.4,0.0,0.098,0.0822,0
NER-SIM-02574,Meghalaya,South West Khasi Hills,Mawsynram Valley Slopes,1427.3,35.02,22.8,-0.0198,0.0148,5.61,98.7,93.1,1,3,4.9,3.3,0.78,34.9,1.97,0.111,0.1538,0
NER-SIM-02575,Manipur,Chandel,NH-102 Imphal-Moreh Corridor,1015.5,24.84,358.2,-0.0456,-0.0036,7.49,109.1,8.1,1,3,309.9,733.4,69.7,73.5,0.0,0.119,0.9975,1
NER-SIM-02576,Meghalaya,East Khasi Hills,NH-6 Shillong-Tamabil Highway,1388.7,32.46,37.6,-0.0065,0.0072,8.46,708.9,157.6,1,1,5.7,6.3,0.54,37.7,3.74,0.006,0.0478,0
NER-SIM-02577,Meghalaya,East Khasi Hills,NH-6 Shillong-Tamabil Highway,1375.7,25.8,129.6,-0.0473,0.0209,5.21,1509.9,97.8,1,1,8.1,4.2,1.22,36.4,2.14,0.003,0.0796,0
NER-SIM-02578,Assam,Dima Hasao,NH-27 Lumding-Haflong Hill Cut,576.1,33.53,340.0,-0.0171,0.0118,2.03,745.3,708.8,1,3,10.6,6.9,0.87,41.9,1.32,0.159,0.0849,0
NER-SIM-02579,Tripura,North Tripura,Jampui Hills Ridge Corridor,631.5,29.27,224.8,0.0949,-0.0121,4.16,881.5,452.5,1,4,39.2,36.6,3.28,44.3,2.84,0.016,0.0642,0
NER-SIM-02580,Arunachal Pradesh,West Kameng,Bhalukpong-Bomdila-Tawang Route,2194.5,49.44,229.6,-0.0159,-0.1054,3.0,1391.8,736.1,5,3,10.3,13.6,0.72,33.8,0.43,0.132,0.1708,0
NER-SIM-02581,Meghalaya,South West Khasi Hills,Mawsynram Valley Slopes,800.0,36.96,52.2,0.0298,0.0784,5.6,203.0,115.4,3,1,10.9,19.4,0.95,39.5,1.25,0.054,0.0882,0
NER-SIM-02582,Assam,Dima Hasao,NH-27 Lumding-Haflong Hill Cut,973.8,44.13,298.3,-0.0225,-0.0528,5.17,360.6,57.3,2,1,158.0,396.9,20.79,82.7,17.41,0.495,0.9448,1
NER-SIM-02583,Meghalaya,East Khasi Hills,NH-6 Shillong-Tamabil Highway,1834.1,31.6,242.7,-0.0114,0.0271,6.01,1577.9,55.3,1,4,3.4,4.6,0.3,31.9,3.38,0.018,0.0833,0
NER-SIM-02584,Arunachal Pradesh,Lower Subansiri,Ziro Foothill Section,1882.5,30.92,214.9,-0.0348,-0.0547,4.14,1559.0,65.7,3,4,75.3,188.4,9.62,79.8,19.61,0.07,0.4944,0
NER-SIM-02585,Meghalaya,South West Khasi Hills,Mawsynram Valley Slopes,1324.7,41.11,163.0,0.0692,-0.0416,5.09,1815.5,236.8,1,2,137.3,336.3,26.31,84.1,15.88,0.471,0.7914,1
NER-SIM-02586,Arunachal Pradesh,West Kameng,Bhalukpong-Bomdila-Tawang Route,2248.3,32.97,270.2,-0.1435,-0.0017,4.05,1773.3,122.2,4,3,7.4,8.5,0.52,44.5,4.14,0.089,0.1276,0
NER-SIM-02587,Meghalaya,South West Khasi Hills,Mawsynram Valley Slopes,1313.1,33.38,65.8,-0.0005,-0.0122,7.82,267.7,83.6,1,1,5.7,8.5,0.45,30.7,1.58,0.063,0.0578,0
NER-SIM-02588,Meghalaya,East Khasi Hills,NH-6 Shillong-Tamabil Highway,1246.2,29.5,165.4,-0.1076,-0.1326,8.24,3045.3,264.1,1,1,219.0,538.4,36.09,83.0,22.89,0.097,0.9024,1
NER-SIM-02589,Tripura,North Tripura,Jampui Hills Ridge Corridor,558.4,33.05,299.0,0.0649,-0.0506,5.25,2553.1,172.5,1,3,127.4,299.9,26.04,76.9,9.63,0.078,0.8323,1
NER-SIM-02590,Meghalaya,South West Khasi Hills,Mawsynram Valley Slopes,1265.4,35.49,130.8,-0.0186,-0.0948,4.79,904.6,201.9,2,3,95.0,169.1,12.54,75.4,8.3,0.073,0.6543,1
NER-SIM-02591,Sikkim,Mangan,North Sikkim Highway (Chungthang),1780.8,41.2,129.7,-0.0548,0.0305,5.59,803.2,244.1,5,3,28.8,15.9,2.17,32.7,5.33,0.001,0.2817,0
NER-SIM-02592,Meghalaya,South West Khasi Hills,Mawsynram Valley Slopes,1300.5,31.69,61.9,0.0681,0.0283,5.24,145.2,298.0,2,1,140.1,329.0,28.09,75.8,8.87,0.084,0.8162,1
NER-SIM-02593,Assam,Karbi Anglong,Diphu-Bokajan Escarpment,443.1,20.08,59.6,-0.0556,0.0182,2.18,2423.8,364.4,1,4,42.1,130.5,9.92,72.8,0.54,0.107,0.1307,0
NER-SIM-02594,Sikkim,Mangan,North Sikkim Highway (Chungthang),1915.7,52.62,262.6,0.0402,-0.0329,2.12,5871.0,165.2,4,1,24.1,28.0,2.53,44.6,3.12,0.165,0.1947,0
NER-SIM-02595,Meghalaya,East Khasi Hills,NH-6 Shillong-Tamabil Highway,1339.0,16.75,309.7,-0.0379,0.0345,6.07,524.9,793.5,2,3,23.6,16.4,2.58,42.4,2.62,0.074,0.1343,0
NER-SIM-02596,Nagaland,Kohima,NH-29 Dimapur-Kohima By-pass,1337.8,32.6,190.1,0.0173,-0.0069,5.58,3357.8,627.8,2,1,67.9,211.6,14.83,73.5,3.42,0.051,0.2768,0
NER-SIM-02597,Assam,Karbi Anglong,Diphu-Bokajan Escarpment,704.4,23.9,300.6,0.008,0.1622,5.89,219.9,6.2,1,1,17.6,20.9,1.71,35.5,0.0,0.065,0.0709,0
NER-SIM-02598,Manipur,Noney,Tupul Railway Corridor Section,1368.9,35.22,260.1,0.0572,-0.0123,4.08,3246.0,522.9,4,2,44.5,60.5,5.75,45.5,0.0,0.058,0.1778,0
NER-SIM-02599,Tripura,North Tripura,Jampui Hills Ridge Corridor,544.7,22.55,94.0,-0.0675,0.0211,5.67,2343.4,189.6,1,3,86.4,149.4,12.37,80.9,17.41,0.0,0.4103,0
NER-SIM-02600,Meghalaya,South West Khasi Hills,Mawsynram Valley Slopes,1038.2,24.62,82.4,0.0569,0.0468,4.11,1489.0,260.5,2,2,16.1,22.0,2.18,24.2,1.66,0.0,0.0673,0
NER-SIM-02601,Mizoram,Aizawl,Aizawl-Lunglei Road Slopes,1667.5,44.21,305.3,-0.0209,-0.0445,6.41,712.2,1451.5,1,2,29.4,73.5,4.73,52.3,1.06,0.05,0.1579,0
NER-SIM-02602,Nagaland,Phek,Phek-Meluri Road Corridor,1466.3,24.79,90.8,-0.0299,-0.0235,7.01,43.0,301.7,4,2,48.7,56.9,4.79,45.7,1.94,0.025,0.2012,0
NER-SIM-02603,Manipur,Chandel,NH-102 Imphal-Moreh Corridor,630.7,31.68,319.3,0.0707,0.0022,4.3,528.6,27.2,3,2,72.9,72.6,11.84,54.9,3.57,0.086,0.3738,0
NER-SIM-02604,Arunachal Pradesh,West Kameng,Bhalukpong-Bomdila-Tawang Route,1751.3,37.95,262.3,0.0505,-0.0096,4.64,987.5,557.3,5,3,9.3,5.1,0.7,43.4,2.03,0.016,0.1775,0
NER-SIM-02605,Manipur,Chandel,NH-102 Imphal-Moreh Corridor,783.5,40.85,253.5,0.0325,-0.0615,3.93,407.2,45.8,2,3,7.7,13.2,1.23,36.1,0.0,0.061,0.1759,0
NER-SIM-02606,Manipur,Chandel,NH-102 Imphal-Moreh Corridor,880.7,24.93,74.1,0.0325,-0.0062,8.25,334.0,121.8,2,1,3.8,2.2,0.42,33.9,4.62,0.072,0.0243,0
NER-SIM-02607,Assam,Karbi Anglong,Diphu-Bokajan Escarpment,448.1,22.63,321.3,0.0298,0.0133,5.12,2378.0,389.8,1,3,0.9,0.8,0.11,34.9,0.34,0.08,0.0926,0
NER-SIM-02608,Nagaland,Phek,Phek-Meluri Road Corridor,1595.6,38.45,185.1,0.0664,0.0951,4.33,1083.0,276.3,3,4,9.9,16.5,0.7,32.6,1.07,0.122,0.0555,0
NER-SIM-02609,Assam,Karbi Anglong,Diphu-Bokajan Escarpment,361.4,21.55,219.8,-0.0756,-0.0412,6.31,240.5,828.9,1,1,161.1,475.4,42.48,85.3,22.14,0.066,0.8985,1
NER-SIM-02610,Mizoram,Aizawl,Aizawl-Lunglei Road Slopes,1527.7,41.67,39.1,0.0253,0.0402,3.7,2460.2,75.9,1,2,9.4,6.3,0.97,40.1,2.6,0.011,0.1106,0
NER-SIM-02611,Tripura,North Tripura,Jampui Hills Ridge Corridor,777.6,31.35,335.5,-0.0524,-0.0091,2.11,128.6,269.0,1,3,1.2,2.0,0.08,37.9,0.0,0.022,0.1354,0
NER-SIM-02612,Mizoram,Champhai,Champhai-Zokhawthar Border Cut,1658.5,43.87,81.1,0.05,0.0517,5.11,783.0,85.5,2,1,12.8,11.6,0.89,40.8,2.78,0.035,0.1188,0
NER-SIM-02613,Nagaland,Kohima,NH-29 Dimapur-Kohima By-pass,1379.0,41.31,67.8,-0.0379,0.0481,5.93,591.1,154.5,4,1,149.3,330.0,28.42,81.6,23.64,0.077,0.9077,1
NER-SIM-02614,Arunachal Pradesh,West Kameng,Bhalukpong-Bomdila-Tawang Route,2148.5,43.73,306.0,0.0283,0.0216,7.37,129.0,771.3,4,1,13.4,19.9,0.95,37.8,0.54,0.069,0.1301,0
NER-SIM-02615,Sikkim,Mangan,North Sikkim Highway (Chungthang),1895.7,45.36,310.4,0.0531,0.0048,5.66,381.2,657.5,4,3,195.0,369.1,54.22,79.5,15.49,0.075,0.9744,1
NER-SIM-02616,Manipur,Noney,Tupul Railway Corridor Section,443.9,52.98,336.2,-0.0175,-0.0303,2.91,2499.1,138.8,3,1,164.3,522.0,30.17,79.9,20.08,0.045,0.973,1
NER-SIM-02617,Tripura,North Tripura,Jampui Hills Ridge Corridor,686.3,30.85,336.3,-0.0514,0.0371,4.74,1589.4,147.5,1,2,74.0,174.4,10.9,73.4,0.0,0.0,0.5044,1
NER-SIM-02618,Sikkim,Pakyong,NH-10 Sevoke-Gangtok Corridor,1109.5,26.51,294.9,0.0005,0.0224,5.53,4035.4,144.0,4,3,36.1,87.5,10.66,53.4,2.86,0.0,0.1799,0
NER-SIM-02619,Arunachal Pradesh,Lower Subansiri,Ziro Foothill Section,1433.5,38.8,354.8,0.0189,-0.158,3.22,377.0,310.4,4,4,3.4,1.9,0.3,48.7,0.0,0.027,0.145,0
NER-SIM-02620,Tripura,North Tripura,Jampui Hills Ridge Corridor,511.7,31.89,345.3,0.0089,-0.0556,4.27,1827.8,519.6,1,2,69.3,185.5,11.24,83.0,20.09,0.046,0.5298,1
NER-SIM-02621,Mizoram,Aizawl,Aizawl-Lunglei Road Slopes,1226.0,36.2,40.5,0.0271,-0.0695,4.84,1238.7,187.6,1,4,0.4,0.5,0.07,33.2,2.25,0.09,0.0689,0
NER-SIM-02622,Meghalaya,South West Khasi Hills,Mawsynram Valley Slopes,976.6,41.14,87.1,0.0353,-0.1207,5.11,509.7,1349.1,3,2,2.3,3.1,0.17,29.5,1.14,0.073,0.052,0
NER-SIM-02623,Sikkim,Mangan,North Sikkim Highway (Chungthang),2026.3,43.09,102.3,0.0423,0.1865,6.65,1362.4,323.1,3,2,14.3,21.8,1.02,48.2,1.28,0.045,0.2326,0
NER-SIM-02624,Mizoram,Champhai,Champhai-Zokhawthar Border Cut,1592.0,31.64,291.9,0.0936,-0.0692,3.84,546.7,16.0,2,1,36.6,96.3,7.62,55.7,0.43,0.043,0.3056,0
NER-SIM-02625,Mizoram,Champhai,Champhai-Zokhawthar Border Cut,951.6,41.11,338.3,0.0482,0.0171,6.68,71.3,167.7,2,1,5.1,7.1,0.61,37.4,0.0,0.016,0.1254,0
NER-SIM-02626,Arunachal Pradesh,West Kameng,Bhalukpong-Bomdila-Tawang Route,2176.5,42.13,136.0,-0.0058,-0.0383,5.28,139.8,38.5,5,2,3.6,5.5,0.25,36.0,2.49,0.084,0.2426,0
NER-SIM-02627,Tripura,North Tripura,Jampui Hills Ridge Corridor,676.1,25.17,266.5,0.0017,-0.0633,5.14,335.3,91.4,1,2,99.8,209.9,26.57,85.4,27.95,0.0,0.4419,0
NER-SIM-02628,Sikkim,Pakyong,NH-10 Sevoke-Gangtok Corridor,571.5,33.0,266.9,0.0128,-0.0195,6.21,820.3,181.0,4,2,88.9,270.6,14.88,76.4,10.84,0.11,0.7832,1
NER-SIM-02629,Arunachal Pradesh,Lower Subansiri,Ziro Foothill Section,1289.4,28.31,269.6,0.005,0.0407,4.13,1552.9,84.4,4,3,8.3,8.9,0.79,22.6,2.69,0.102,0.2036,0
NER-SIM-02630,Sikkim,Pakyong,NH-10 Sevoke-Gangtok Corridor,1091.2,44.64,78.8,-0.038,-0.0448,4.36,4358.4,85.5,3,3,6.8,4.1,0.63,34.8,1.8,0.016,0.1074,0
NER-SIM-02631,Tripura,North Tripura,Jampui Hills Ridge Corridor,710.1,26.36,254.6,-0.0825,0.0858,5.77,561.6,182.5,1,3,26.5,39.0,2.17,45.2,2.76,0.0,0.1587,0
NER-SIM-02632,Manipur,Noney,Tupul Railway Corridor Section,1129.4,47.32,337.3,0.0093,-0.0561,4.45,172.2,302.0,3,2,1.4,1.3,0.19,26.1,0.0,0.097,0.1423,0
NER-SIM-02633,Mizoram,Champhai,Champhai-Zokhawthar Border Cut,1170.7,39.81,134.4,0.0126,0.051,3.99,456.4,144.3,2,3,16.8,22.6,1.36,42.0,2.33,0.052,0.1858,0
NER-SIM-02634,Arunachal Pradesh,West Kameng,Bhalukpong-Bomdila-Tawang Route,2536.9,43.73,100.2,0.0033,0.0372,4.82,872.7,88.1,5,2,1.9,2.0,0.19,39.2,2.96,0.05,0.1073,0
NER-SIM-02635,Sikkim,Mangan,North Sikkim Highway (Chungthang),1625.3,50.36,107.4,-0.0098,-0.0274,4.23,851.0,1.8,5,2,6.6,6.9,1.1,46.0,2.81,0.066,0.3003,0
NER-SIM-02636,Sikkim,Pakyong,NH-10 Sevoke-Gangtok Corridor,1621.0,37.65,231.0,0.0052,-0.0983,5.13,1329.2,541.9,4,2,0.3,0.2,0.02,34.3,0.0,0.114,0.0819,0
NER-SIM-02637,Meghalaya,South West Khasi Hills,Mawsynram Valley Slopes,1039.1,32.07,258.6,0.0036,0.0128,8.56,1544.5,197.0,1,1,136.4,384.9,21.4,69.6,2.19,0.049,0.7149,1
NER-SIM-02638,Manipur,Chandel,NH-102 Imphal-Moreh Corridor,1076.1,31.22,107.2,-0.0565,-0.0794,5.68,470.4,11.9,3,3,32.9,95.3,5.45,57.7,3.3,0.107,0.2898,0
NER-SIM-02639,Nagaland,Kohima,NH-29 Dimapur-Kohima By-pass,1479.4,35.52,342.9,-0.0418,0.0158,4.77,372.7,235.8,3,3,68.8,211.0,9.14,74.5,0.0,0.0,0.5948,1
NER-SIM-02640,Mizoram,Aizawl,Aizawl-Lunglei Road Slopes,1077.4,40.29,13.5,0.113,-0.0385,2.0,1293.1,419.0,2,3,67.5,204.6,9.99,85.2,26.53,0.071,0.6858,1
NER-SIM-02641,Nagaland,Phek,Phek-Meluri Road Corridor,1646.1,30.44,196.8,-0.0138,0.0832,4.38,1479.2,291.1,3,2,41.2,108.4,6.3,61.5,1.82,0.072,0.1745,0
NER-SIM-02642,Assam,Karbi Anglong,Diphu-Bokajan Escarpment,50.0,17.21,166.5,-0.0024,0.0279,6.41,486.6,409.5,1,2,3.2,5.6,0.27,37.1,3.98,0.051,0.0614,0
NER-SIM-02643,Nagaland,Phek,Phek-Meluri Road Corridor,2049.1,21.51,358.7,-0.128,-0.0413,5.44,366.4,157.4,2,2,13.5,20.9,1.68,38.3,2.18,0.025,0.0642,0
NER-SIM-02644,Assam,Dima Hasao,NH-27 Lumding-Haflong Hill Cut,857.0,21.01,275.3,-0.1149,0.0035,5.23,998.1,143.3,1,4,1.6,1.4,0.15,32.0,1.81,0.028,0.0458,0
NER-SIM-02645,Assam,Dima Hasao,NH-27 Lumding-Haflong Hill Cut,307.6,21.01,78.6,-0.0217,-0.0507,6.28,90.8,40.3,1,2,0.6,0.6,0.07,32.1,1.6,0.109,0.0835,0
NER-SIM-02646,Sikkim,Pakyong,NH-10 Sevoke-Gangtok Corridor,1927.2,35.85,35.5,0.0176,0.0524,5.84,854.7,1140.3,3,3,73.3,212.6,11.78,87.5,32.64,0.314,0.6215,1
NER-SIM-02647,Arunachal Pradesh,West Kameng,Bhalukpong-Bomdila-Tawang Route,2375.3,36.41,49.4,0.0104,0.0128,3.5,604.4,1325.1,5,1,20.0,19.4,3.02,39.1,1.2,0.005,0.1141,0
NER-SIM-02648,Manipur,Chandel,NH-102 Imphal-Moreh Corridor,956.1,29.66,210.8,0.018,-0.0191,4.9,88.6,31.5,2,4,6.7,8.7,0.45,36.9,0.41,0.023,0.1036,0
NER-SIM-02649,Tripura,North Tripura,Jampui Hills Ridge Corridor,97.8,31.36,40.5,0.0445,0.0577,4.32,1738.8,266.9,1,3,23.1,28.2,2.08,44.1,2.49,0.06,0.108,0
NER-SIM-02650,Meghalaya,East Khasi Hills,NH-6 Shillong-Tamabil Highway,1938.7,27.02,352.0,-0.0712,-0.0191,6.99,196.4,164.9,2,3,13.6,12.7,1.6,35.6,1.46,0.061,0.1523,0
NER-SIM-02651,Mizoram,Champhai,Champhai-Zokhawthar Border Cut,1254.9,45.67,134.9,-0.0686,-0.0123,6.5,208.0,390.4,2,2,4.7,5.6,0.34,36.8,0.83,0.023,0.2777,0
NER-SIM-02652,Mizoram,Champhai,Champhai-Zokhawthar Border Cut,880.1,23.48,181.4,-0.0308,0.0409,7.22,1255.5,697.0,1,2,36.8,109.0,6.73,60.2,3.42,0.039,0.1352,0
NER-SIM-02653,Tripura,North Tripura,Jampui Hills Ridge Corridor,697.0,30.5,88.5,0.0383,0.0128,3.84,231.4,162.6,1,3,128.4,398.4,42.29,84.2,17.36,0.053,0.9273,1
NER-SIM-02654,Meghalaya,South West Khasi Hills,Mawsynram Valley Slopes,1230.8,40.1,108.6,-0.1024,0.1162,2.9,495.5,1061.3,2,3,51.5,141.7,16.2,64.0,0.86,0.044,0.3396,0
NER-SIM-02655,Mizoram,Aizawl,Aizawl-Lunglei Road Slopes,1073.0,39.78,164.3,-0.043,-0.0348,6.91,2423.0,263.0,2,1,121.5,352.5,21.29,73.5,2.58,0.108,0.6703,1
NER-SIM-02656,Arunachal Pradesh,West Kameng,Bhalukpong-Bomdila-Tawang Route,2273.0,45.63,230.2,-0.0498,0.0112,4.63,1459.0,184.4,4,1,80.1,145.8,13.32,64.8,0.0,0.097,0.4995,0
NER-SIM-02657,Sikkim,Pakyong,NH-10 Sevoke-Gangtok Corridor,1196.2,23.6,56.1,0.0517,0.1078,5.69,61.7,231.4,4,1,2.7,2.3,0.25,34.5,3.65,0.095,0.0925,0
NER-SIM-02658,Meghalaya,East Khasi Hills,NH-6 Shillong-Tamabil Highway,1566.3,36.41,51.7,0.0681,-0.0226,5.73,1878.8,67.9,1,3,157.8,257.9,25.68,82.1,17.54,5.086,0.9403,1
NER-SIM-02659,Manipur,Noney,Tupul Railway Corridor Section,810.9,37.56,173.1,0.025,0.0421,6.44,542.7,154.4,2,1,52.9,97.8,7.75,61.3,1.39,0.04,0.2448,0
NER-SIM-02660,Nagaland,Kohima,NH-29 Dimapur-Kohima By-pass,1791.7,32.67,224.4,-0.0342,0.0904,7.54,1721.3,519.4,3,2,1.0,0.6,0.14,33.2,1.04,0.09,0.0727,0
NER-SIM-02661,Assam,Dima Hasao,NH-27 Lumding-Haflong Hill Cut,848.0,37.6,267.5,0.0441,-0.027,4.32,10.2,394.0,1,2,140.6,280.1,37.37,79.3,17.46,0.032,0.8178,1
NER-SIM-02662,Manipur,Chandel,NH-102 Imphal-Moreh Corridor,957.7,27.88,341.5,-0.0063,-0.0395,6.86,764.1,111.0,3,1,10.5,9.5,0.96,31.8,2.94,0.06,0.0645,0
NER-SIM-02663,Nagaland,Kohima,NH-29 Dimapur-Kohima By-pass,1272.7,27.02,179.2,-0.0111,0.0156,5.82,803.7,19.6,3,2,44.0,68.1,12.1,41.6,2.93,0.063,0.1743,0
NER-SIM-02664,Assam,Karbi Anglong,Diphu-Bokajan Escarpment,220.9,20.51,28.0,-0.017,-0.009,7.74,105.1,91.3,1,1,1.3,1.6,0.09,25.9,1.87,0.031,0.0682,0
NER-SIM-02665,Nagaland,Phek,Phek-Meluri Road Corridor,1888.4,33.4,233.8,0.0379,-0.0383,5.42,230.5,169.5,2,4,37.5,62.7,4.84,56.5,1.59,0.047,0.1966,0
NER-SIM-02666,Arunachal Pradesh,West Kameng,Bhalukpong-Bomdila-Tawang Route,2320.0,53.03,79.7,-0.0691,-0.0798,2.94,729.1,102.2,4,1,46.0,29.2,3.5,53.7,4.11,0.05,0.1758,0
NER-SIM-02667,Nagaland,Phek,Phek-Meluri Road Corridor,1564.9,54.29,74.2,-0.0084,-0.0306,4.99,633.5,36.8,3,2,28.8,70.7,9.58,61.7,5.08,0.066,0.4841,0
NER-SIM-02668,Tripura,North Tripura,Jampui Hills Ridge Corridor,272.2,24.62,16.1,-0.0318,0.029,5.35,726.6,22.0,1,2,0.8,0.8,0.06,30.7,5.02,0.088,0.0857,0
NER-SIM-02669,Sikkim,Mangan,North Sikkim Highway (Chungthang),2478.6,54.21,325.9,-0.0512,-0.0212,3.51,659.2,1015.2,5,3,97.8,291.4,21.5,73.9,2.46,0.048,0.8627,1
NER-SIM-02670,Tripura,North Tripura,Jampui Hills Ridge Corridor,279.1,21.94,206.1,-0.0297,0.0591,5.72,1556.6,78.1,1,4,19.6,47.8,3.22,45.8,3.64,0.036,0.0752,0
NER-SIM-02671,Manipur,Chandel,NH-102 Imphal-Moreh Corridor,686.3,19.0,253.8,0.0002,-0.064,7.7,549.5,808.1,2,1,0.0,0.0,0.0,39.2,3.2,0.039,0.0521,0
NER-SIM-02672,Mizoram,Aizawl,Aizawl-Lunglei Road Slopes,986.1,33.78,350.7,0.0838,-0.0497,7.41,56.1,838.0,2,1,1.4,1.5,0.12,47.3,1.09,0.068,0.0279,0
NER-SIM-02673,Mizoram,Aizawl,Aizawl-Lunglei Road Slopes,1132.3,41.83,320.6,-0.0049,-0.0106,5.96,1341.7,938.8,2,2,3.6,4.8,0.26,30.5,2.04,0.053,0.0667,0
NER-SIM-02674,Nagaland,Kohima,NH-29 Dimapur-Kohima By-pass,1295.9,28.82,269.4,0.0463,0.0597,3.07,1073.4,36.2,2,2,0.9,1.2,0.1,42.3,0.16,0.116,0.1088,0
NER-SIM-02675,Mizoram,Champhai,Champhai-Zokhawthar Border Cut,1312.3,38.41,85.8,-0.0379,0.0417,4.28,391.6,454.6,1,2,8.3,11.7,0.72,35.3,0.73,0.116,0.0981,0
NER-SIM-02676,Arunachal Pradesh,West Kameng,Bhalukpong-Bomdila-Tawang Route,2063.7,44.9,25.7,-0.0134,0.1287,2.93,873.3,639.2,4,3,18.3,22.2,1.33,51.9,0.81,0.113,0.3556,0
NER-SIM-02677,Tripura,North Tripura,Jampui Hills Ridge Corridor,527.6,26.48,229.9,0.076,0.009,6.68,1783.9,336.2,1,3,82.2,203.6,15.85,86.4,30.68,0.022,0.6275,1
NER-SIM-02678,Mizoram,Champhai,Champhai-Zokhawthar Border Cut,969.8,34.19,75.9,-0.0034,0.069,7.87,969.8,680.4,2,1,14.7,10.7,1.73,42.0,1.85,0.021,0.0499,0
NER-SIM-02679,Arunachal Pradesh,West Kameng,Bhalukpong-Bomdila-Tawang Route,2200.3,35.21,88.7,0.0598,0.0487,9.55,166.4,553.1,5,3,8.4,7.1,0.57,30.9,3.7,0.083,0.3076,0
NER-SIM-02680,Meghalaya,South West Khasi Hills,Mawsynram Valley Slopes,1201.8,31.11,80.4,0.0528,-0.0446,5.46,1854.6,249.5,2,3,88.5,243.6,28.76,79.9,9.33,0.094,0.6263,1
NER-SIM-02681,Sikkim,Mangan,North Sikkim Highway (Chungthang),1581.2,60.88,157.6,-0.0103,0.0509,3.68,1014.9,222.6,5,1,21.5,44.1,4.77,46.3,3.44,0.024,0.2971,0
NER-SIM-02682,Sikkim,Mangan,North Sikkim Highway (Chungthang),1538.3,53.26,317.4,0.0116,0.0217,3.38,1608.5,704.8,5,2,0.3,0.5,0.04,28.9,3.25,0.049,0.1314,0
NER-SIM-02683,Meghalaya,South West Khasi Hills,Mawsynram Valley Slopes,1235.0,23.71,281.3,-0.0152,0.0266,5.8,918.0,325.4,1,2,91.0,211.6,26.58,79.7,18.32,0.069,0.6159,1
NER-SIM-02684,Mizoram,Aizawl,Aizawl-Lunglei Road Slopes,1261.3,39.46,282.6,-0.0771,0.0237,5.68,182.6,18.3,1,1,0.0,0.0,0.0,47.0,2.08,0.115,0.0522,0
NER-SIM-02685,Assam,Karbi Anglong,Diphu-Bokajan Escarpment,571.6,26.19,165.6,-0.0008,-0.0619,5.13,70.8,2.1,1,1,108.9,287.3,16.09,70.5,3.04,0.102,0.7645,1
NER-SIM-02686,Assam,Karbi Anglong,Diphu-Bokajan Escarpment,622.3,23.85,69.3,0.0893,-0.0112,4.3,1812.9,448.4,1,4,122.0,384.1,28.13,79.1,18.19,0.072,0.7256,1
NER-SIM-02687,Nagaland,Phek,Phek-Meluri Road Corridor,1425.5,26.03,240.6,-0.0265,-0.0493,3.14,2340.6,667.9,3,1,7.0,8.2,0.47,26.4,5.37,0.052,0.0366,0
NER-SIM-02688,Arunachal Pradesh,West Kameng,Bhalukpong-Bomdila-Tawang Route,1999.8,50.4,182.8,-0.0432,-0.0152,4.44,281.9,156.6,5,1,53.5,135.0,6.91,60.7,0.79,0.053,0.6166,1
NER-SIM-02689,Arunachal Pradesh,Lower Subansiri,Ziro Foothill Section,1336.4,29.51,278.6,-0.0336,-0.006,3.25,274.5,39.0,4,2,6.7,10.9,0.52,35.3,1.33,0.044,0.1719,0
NER-SIM-02690,Tripura,North Tripura,Jampui Hills Ridge Corridor,390.3,35.66,358.3,0.11,0.0148,7.36,2576.7,96.8,1,3,237.3,735.1,32.93,81.5,24.1,0.099,0.9963,1
NER-SIM-02691,Manipur,Noney,Tupul Railway Corridor Section,731.3,24.49,9.5,-0.0039,0.0204,3.0,67.9,148.2,3,2,7.1,5.5,0.87,44.5,3.87,0.054,0.1014,0
NER-SIM-02692,Arunachal Pradesh,Lower Subansiri,Ziro Foothill Section,1566.3,35.37,289.0,-0.0429,0.0247,5.46,1236.7,152.7,4,3,117.2,334.3,32.18,77.1,11.47,0.061,0.8271,1
NER-SIM-02693,Mizoram,Champhai,Champhai-Zokhawthar Border Cut,1875.0,34.99,188.4,0.0125,-0.0066,3.27,111.2,396.7,2,4,132.9,411.0,35.87,80.9,20.35,0.024,0.9029,1
NER-SIM-02694,Assam,Dima Hasao,NH-27 Lumding-Haflong Hill Cut,629.2,31.01,13.6,-0.0311,-0.0896,3.93,476.3,275.1,1,1,56.3,92.9,9.2,58.1,3.2,0.083,0.1629,0
NER-SIM-02695,Tripura,North Tripura,Jampui Hills Ridge Corridor,227.6,48.07,270.5,0.0044,0.0631,3.56,843.4,446.8,2,2,14.1,10.9,1.39,29.3,3.05,0.105,0.1532,0
NER-SIM-02696,Meghalaya,South West Khasi Hills,Mawsynram Valley Slopes,1382.5,47.47,111.6,-0.0329,-0.0307,5.04,1225.0,1048.8,2,4,160.0,382.4,21.37,81.9,21.34,0.058,0.8212,1
NER-SIM-02697,Sikkim,Mangan,North Sikkim Highway (Chungthang),1504.5,42.09,257.1,-0.0363,0.0326,3.48,90.3,28.5,4,1,82.5,251.6,13.4,80.1,11.9,0.068,0.7004,1
NER-SIM-02698,Assam,Dima Hasao,NH-27 Lumding-Haflong Hill Cut,844.1,38.61,57.8,-0.0442,0.0158,4.59,1615.2,605.2,1,3,18.9,18.2,2.48,31.2,2.14,0.055,0.1023,0
NER-SIM-02699,Sikkim,Mangan,North Sikkim Highway (Chungthang),2156.0,43.7,129.6,0.0758,-0.0574,5.33,253.8,2.3,5,1,60.7,58.3,7.44,54.2,3.95,0.152,0.3805,0
NER-SIM-02700,Sikkim,Mangan,North Sikkim Highway (Chungthang),1776.8,31.19,141.6,-0.0134,-0.0171,7.16,1556.6,610.5,4,3,251.3,436.1,35.49,78.7,18.13,0.031,0.9636,1
NER-SIM-02701,Mizoram,Champhai,Champhai-Zokhawthar Border Cut,1342.1,29.54,79.8,0.0361,0.0285,4.52,600.3,39.7,2,4,119.1,373.3,32.32,74.8,0.88,0.032,0.7238,1
NER-SIM-02702,Manipur,Chandel,NH-102 Imphal-Moreh Corridor,942.6,13.47,196.3,0.0785,-0.0004,7.76,9.3,231.3,3,1,24.6,29.7,1.82,39.9,1.52,0.053,0.0871,0
NER-SIM-02703,Nagaland,Phek,Phek-Meluri Road Corridor,1415.4,35.89,69.0,0.0182,0.0112,6.22,2377.9,203.3,3,1,122.9,361.1,32.71,90.7,44.01,0.207,0.7638,1
NER-SIM-02704,Mizoram,Aizawl,Aizawl-Lunglei Road Slopes,1191.5,34.03,267.8,-0.0383,0.0693,6.64,752.8,1310.4,2,1,22.9,44.0,3.16,43.7,2.48,0.0,0.0815,0
NER-SIM-02705,Sikkim,Mangan,North Sikkim Highway (Chungthang),1920.4,27.45,105.1,-0.0062,0.0458,5.45,280.6,124.2,4,1,10.7,10.4,1.45,28.5,2.52,0.073,0.1198,0
NER-SIM-02706,Meghalaya,East Khasi Hills,NH-6 Shillong-Tamabil Highway,1424.4,26.4,84.3,-0.0046,-0.0255,8.3,2424.6,183.4,1,2,6.4,8.1,0.58,35.0,1.02,0.099,0.0427,0
NER-SIM-02707,Manipur,Noney,Tupul Railway Corridor Section,394.2,42.8,285.6,-0.0642,-0.0546,5.2,1463.0,89.1,3,2,36.8,61.0,6.63,56.9,1.05,0.157,0.2748,0
NER-SIM-02708,Meghalaya,East Khasi Hills,NH-6 Shillong-Tamabil Highway,1455.9,21.32,215.8,-0.0124,0.038,5.4,1921.5,2.5,2,4,2.9,2.2,0.3,37.2,2.61,0.114,0.0542,0
NER-SIM-02709,Manipur,Noney,Tupul Railway Corridor Section,1002.2,33.59,254.2,0.0225,-0.0173,5.21,27.9,0.3,3,2,40.3,51.6,3.02,47.6,3.36,0.052,0.2832,0
NER-SIM-02710,Mizoram,Champhai,Champhai-Zokhawthar Border Cut,1288.2,43.01,234.5,-0.0018,-0.0218,4.08,322.0,326.8,2,1,82.9,156.1,17.69,75.0,9.62,0.014,0.4029,0
NER-SIM-02711,Sikkim,Pakyong,NH-10 Sevoke-Gangtok Corridor,1233.6,36.63,85.6,-0.0003,0.0904,5.89,4542.1,163.1,4,3,23.3,26.0,1.8,40.2,1.38,0.105,0.2519,0
NER-SIM-02712,Sikkim,Pakyong,NH-10 Sevoke-Gangtok Corridor,1024.4,29.86,72.9,0.0387,-0.0008,6.59,656.4,237.8,3,3,24.2,41.3,2.54,38.6,2.64,0.059,0.1707,0
NER-SIM-02713,Tripura,North Tripura,Jampui Hills Ridge Corridor,767.3,32.74,147.5,0.0018,-0.0339,4.35,826.0,136.1,1,2,21.6,36.5,2.45,35.2,2.28,0.017,0.0584,0
NER-SIM-02714,Assam,Karbi Anglong,Diphu-Bokajan Escarpment,429.7,16.76,206.1,0.1298,0.0271,7.51,680.0,177.6,1,1,237.7,589.8,64.73,71.7,0.59,0.111,0.9346,1
NER-SIM-02715,Assam,Karbi Anglong,Diphu-Bokajan Escarpment,445.5,26.83,44.9,-0.0432,-0.0087,5.05,355.3,470.9,1,1,0.7,0.5,0.07,36.9,1.49,0.087,0.0578,0
NER-SIM-02716,Assam,Dima Hasao,NH-27 Lumding-Haflong Hill Cut,879.1,20.89,190.6,-0.0056,0.0869,4.21,1563.7,220.9,1,1,115.8,362.5,15.3,80.5,16.12,0.119,0.5921,1
NER-SIM-02717,Assam,Dima Hasao,NH-27 Lumding-Haflong Hill Cut,1005.8,37.05,282.8,0.0242,0.0064,2.39,214.3,60.2,1,3,15.8,12.3,1.31,50.2,6.54,0.13,0.1458,0
NER-SIM-02718,Manipur,Noney,Tupul Railway Corridor Section,475.8,30.48,264.9,0.1054,0.0452,5.85,309.5,330.8,2,4,153.4,234.2,31.02,80.6,17.18,0.046,0.6519,1
NER-SIM-02719,Arunachal Pradesh,West Kameng,Bhalukpong-Bomdila-Tawang Route,2421.1,54.6,8.0,-0.0023,0.0379,3.91,208.9,397.2,5,4,2.5,2.8,0.2,34.5,3.25,0.111,0.1603,0
NER-SIM-02720,Nagaland,Kohima,NH-29 Dimapur-Kohima By-pass,1393.2,34.02,182.6,-0.0608,0.025,3.36,1095.1,493.4,2,2,66.7,158.1,20.17,84.5,23.59,1.354,0.5249,1
NER-SIM-02721,Arunachal Pradesh,Lower Subansiri,Ziro Foothill Section,1662.6,32.09,142.3,-0.0246,-0.0203,4.42,993.5,419.5,4,1,69.9,134.5,10.62,80.7,24.11,0.06,0.364,0
NER-SIM-02722,Manipur,Noney,Tupul Railway Corridor Section,558.5,34.33,335.7,0.0611,-0.1362,6.02,262.3,226.5,3,2,10.2,6.5,0.78,32.5,4.36,0.064,0.1182,0
NER-SIM-02723,Sikkim,Mangan,North Sikkim Highway (Chungthang),1730.9,46.92,285.8,-0.0584,-0.0074,4.24,67.4,354.3,4,4,34.7,22.9,2.73,38.4,0.0,0.0,0.1489,0
NER-SIM-02724,Meghalaya,South West Khasi Hills,Mawsynram Valley Slopes,1164.0,36.37,328.1,-0.0129,-0.0705,4.52,3119.1,261.8,3,1,76.5,179.8,11.49,84.9,27.76,0.639,0.6006,1
NER-SIM-02725,Manipur,Chandel,NH-102 Imphal-Moreh Corridor,496.5,17.57,56.7,0.0151,-0.0682,5.78,642.3,101.1,2,1,13.3,18.0,1.76,34.8,1.23,0.069,0.049,0
NER-SIM-02726,Arunachal Pradesh,Lower Subansiri,Ziro Foothill Section,1318.4,33.31,308.3,-0.0105,0.0446,5.55,1322.2,444.2,3,4,74.9,168.5,10.26,63.4,0.0,0.094,0.3469,0
NER-SIM-02727,Nagaland,Kohima,NH-29 Dimapur-Kohima By-pass,1490.1,18.06,71.1,-0.049,-0.0049,7.17,44.1,164.7,3,1,1.5,2.6,0.11,39.4,0.0,0.0,0.0525,0
NER-SIM-02728,Sikkim,Pakyong,NH-10 Sevoke-Gangtok Corridor,1438.2,39.9,176.0,-0.0078,-0.0421,2.29,1688.2,750.4,2,2,25.7,33.9,2.15,33.7,0.3,0.087,0.0977,0
NER-SIM-02729,Arunachal Pradesh,West Kameng,Bhalukpong-Bomdila-Tawang Route,2411.7,40.87,96.5,0.0264,-0.0278,3.73,548.5,265.7,5,4,0.6,0.7,0.07,42.3,1.97,0.065,0.1089,0
NER-SIM-02730,Assam,Dima Hasao,NH-27 Lumding-Haflong Hill Cut,1054.8,35.78,238.1,-0.0209,-0.0601,4.28,310.4,564.8,1,4,0.7,0.5,0.06,35.2,4.55,0.057,0.0434,0
NER-SIM-02731,Tripura,North Tripura,Jampui Hills Ridge Corridor,698.5,16.26,285.1,-0.0544,-0.0102,7.07,36.6,843.1,1,2,19.8,56.4,5.05,57.5,2.7,0.046,0.0966,0
NER-SIM-02732,Assam,Karbi Anglong,Diphu-Bokajan Escarpment,290.6,19.69,122.4,0.0137,-0.0524,8.37,685.4,1430.5,2,4,93.3,215.5,22.0,80.2,19.38,0.018,0.3193,0
NER-SIM-02733,Mizoram,Champhai,Champhai-Zokhawthar Border Cut,1283.4,27.94,28.3,0.0483,-0.0497,5.39,1062.7,1165.1,1,4,109.5,294.0,33.0,80.6,21.27,0.0,0.6272,1
NER-SIM-02734,Nagaland,Phek,Phek-Meluri Road Corridor,1993.3,35.95,162.5,0.0547,0.0152,5.91,272.0,990.2,3,1,128.7,353.1,16.29,86.6,22.49,4.43,0.9164,1
NER-SIM-02735,Assam,Dima Hasao,NH-27 Lumding-Haflong Hill Cut,924.2,37.34,133.7,-0.0155,-0.018,5.02,200.4,674.8,1,1,12.3,6.9,0.89,42.6,2.01,0.0,0.0576,0
NER-SIM-02736,Nagaland,Kohima,NH-29 Dimapur-Kohima By-pass,1025.1,49.42,306.9,-0.1075,-0.0505,2.0,1005.7,942.5,2,2,13.8,20.3,1.5,55.0,2.91,0.112,0.2082,0
NER-SIM-02737,Arunachal Pradesh,West Kameng,Bhalukpong-Bomdila-Tawang Route,1948.9,39.02,58.7,0.0576,-0.0003,5.71,150.9,987.6,4,2,26.0,22.8,2.0,44.7,1.72,0.093,0.2828,0
NER-SIM-02738,Nagaland,Kohima,NH-29 Dimapur-Kohima By-pass,1328.3,41.79,330.9,-0.065,-0.0472,3.36,1472.6,420.7,2,2,36.4,81.5,6.12,63.3,2.54,0.041,0.2048,0
NER-SIM-02739,Assam,Karbi Anglong,Diphu-Bokajan Escarpment,551.9,25.63,228.2,-0.0467,0.0335,6.4,1017.1,196.6,1,3,40.5,43.0,5.63,50.9,1.91,0.075,0.0974,0
NER-SIM-02740,Meghalaya,South West Khasi Hills,Mawsynram Valley Slopes,1024.2,35.26,208.3,-0.0102,0.0373,3.97,2822.4,377.4,1,1,1.1,1.1,0.11,39.4,1.76,0.099,0.0243,0
NER-SIM-02741,Nagaland,Kohima,NH-29 Dimapur-Kohima By-pass,1415.8,34.34,187.6,0.0702,-0.0682,3.16,822.6,321.4,4,1,2.6,4.4,0.27,33.9,2.51,0.03,0.054,0
NER-SIM-02742,Sikkim,Mangan,North Sikkim Highway (Chungthang),1667.6,47.05,240.8,-0.0635,-0.0095,4.15,1771.8,369.4,4,3,127.4,253.3,19.1,86.7,23.65,1.635,0.8861,1
NER-SIM-02743,Assam,Karbi Anglong,Diphu-Bokajan Escarpment,636.7,6.45,145.0,-0.0699,-0.0143,5.18,32.1,135.2,1,1,2.8,1.7,0.29,38.6,2.39,0.0,0.0528,0
NER-SIM-02744,Tripura,North Tripura,Jampui Hills Ridge Corridor,628.3,24.06,302.5,0.0643,-0.0381,7.03,317.8,53.3,1,4,0.2,0.1,0.01,44.0,4.22,0.109,0.0659,0
NER-SIM-02745,Nagaland,Kohima,NH-29 Dimapur-Kohima By-pass,1066.3,31.42,183.4,-0.0315,-0.019,3.75,26.9,82.3,4,4,91.2,263.0,11.93,87.2,21.51,0.044,0.8633,1
NER-SIM-02746,Assam,Dima Hasao,NH-27 Lumding-Haflong Hill Cut,930.4,28.95,117.0,0.0357,-0.0155,4.56,5253.6,403.7,1,3,148.8,441.5,40.4,70.1,3.31,0.086,0.8408,1
NER-SIM-02747,Nagaland,Phek,Phek-Meluri Road Corridor,1854.2,44.11,2.9,-0.0072,-0.0664,3.94,126.0,303.8,2,2,3.9,5.7,0.28,39.4,3.19,0.056,0.224,0
NER-SIM-02748,Mizoram,Aizawl,Aizawl-Lunglei Road Slopes,1022.6,36.84,186.7,0.1009,-0.0316,6.98,216.5,912.0,2,1,19.9,14.5,3.16,36.6,0.55,0.086,0.0884,0
NER-SIM-02749,Assam,Dima Hasao,NH-27 Lumding-Haflong Hill Cut,832.8,41.75,303.7,-0.1143,-0.0054,2.14,1928.5,45.0,1,2,171.3,507.0,35.85,78.7,17.54,0.067,0.9285,1
NER-SIM-02750,Tripura,North Tripura,Jampui Hills Ridge Corridor,414.3,30.73,308.6,-0.0443,0.0019,4.38,1356.4,607.8,1,3,117.1,176.2,17.83,75.7,8.07,0.025,0.5836,1
NER-SIM-02751,Nagaland,Phek,Phek-Meluri Road Corridor,1499.2,42.29,8.7,0.0074,-0.0016,5.67,1743.9,118.3,4,2,22.2,39.3,2.71,49.1,0.0,0.083,0.1844,0
NER-SIM-02752,Sikkim,Mangan,North Sikkim Highway (Chungthang),1706.4,38.47,232.3,-0.0177,-0.0745,3.75,90.0,18.1,4,2,135.6,317.2,36.99,78.6,15.39,0.034,0.8614,1
NER-SIM-02753,Arunachal Pradesh,West Kameng,Bhalukpong-Bomdila-Tawang Route,2653.5,58.68,233.4,0.0382,0.035,3.59,3932.1,71.4,4,4,27.8,61.1,5.32,46.3,1.18,0.021,0.2998,0
NER-SIM-02754,Arunachal Pradesh,Lower Subansiri,Ziro Foothill Section,1398.9,22.95,25.2,-0.0436,-0.0636,7.27,875.4,1104.6,3,1,94.1,160.2,12.12,71.8,2.71,0.077,0.2412,0
NER-SIM-02755,Tripura,North Tripura,Jampui Hills Ridge Corridor,470.9,26.61,0.0,-0.0002,-0.0217,5.32,3023.1,198.7,1,1,22.0,21.9,1.49,37.2,0.86,0.0,0.0365,0
NER-SIM-02756,Mizoram,Champhai,Champhai-Zokhawthar Border Cut,1167.8,21.84,27.8,0.0305,-0.0025,6.83,582.1,20.4,3,3,0.5,0.3,0.04,42.6,2.27,0.017,0.108,0
NER-SIM-02757,Mizoram,Champhai,Champhai-Zokhawthar Border Cut,1387.2,33.64,129.7,0.0417,-0.0784,5.06,608.4,15.6,1,1,11.2,17.9,0.87,42.9,2.8,0.0,0.1022,0
NER-SIM-02758,Arunachal Pradesh,Lower Subansiri,Ziro Foothill Section,1787.4,35.1,64.3,0.0024,0.0076,7.29,147.9,207.3,4,1,105.6,218.0,13.9,87.8,39.17,0.083,0.8018,1
NER-SIM-02759,Meghalaya,South West Khasi Hills,Mawsynram Valley Slopes,1208.9,46.09,232.3,-0.0515,-0.0483,3.6,968.7,49.7,1,2,11.6,11.1,1.09,41.1,3.12,0.027,0.1038,0
NER-SIM-02760,Assam,Dima Hasao,NH-27 Lumding-Haflong Hill Cut,603.2,39.57,284.5,0.004,0.0474,5.05,4577.5,1765.6,1,1,11.7,6.2,1.44,42.5,1.46,0.069,0.0766,0
NER-SIM-02761,Nagaland,Kohima,NH-29 Dimapur-Kohima By-pass,1486.9,34.97,310.2,0.0623,-0.0514,2.4,494.6,277.3,3,1,5.6,7.1,0.4,25.6,1.14,0.0,0.048,0
NER-SIM-02762,Assam,Dima Hasao,NH-27 Lumding-Haflong Hill Cut,907.5,19.5,221.1,-0.0879,0.0388,8.9,393.9,10.2,1,2,4.1,2.8,0.29,24.2,0.67,0.057,0.0412,0
NER-SIM-02763,Meghalaya,South West Khasi Hills,Mawsynram Valley Slopes,1374.1,23.67,190.8,-0.068,0.0222,7.33,248.6,346.7,2,2,10.0,5.9,1.38,29.2,3.46,0.0,0.1621,0
NER-SIM-02764,Sikkim,Pakyong,NH-10 Sevoke-Gangtok Corridor,801.1,29.16,10.0,0.0275,-0.0487,8.21,1930.6,456.2,4,3,18.1,31.6,2.24,34.4,1.04,0.052,0.1329,0
NER-SIM-02765,Nagaland,Phek,Phek-Meluri Road Corridor,1931.7,19.41,135.2,0.023,-0.1404,7.13,251.1,126.2,3,3,4.4,2.5,0.64,38.4,4.44,0.094,0.1387,0
NER-SIM-02766,Arunachal Pradesh,West Kameng,Bhalukpong-Bomdila-Tawang Route,2231.3,39.49,269.3,0.0693,0.0488,3.96,112.8,384.0,5,2,4.2,4.3,0.68,30.9,3.57,0.015,0.2038,0
NER-SIM-02767,Meghalaya,South West Khasi Hills,Mawsynram Valley Slopes,1624.7,22.76,284.8,-0.0249,0.0136,4.76,203.7,214.3,1,1,62.2,44.1,10.34,42.5,0.23,0.066,0.2658,0
NER-SIM-02768,Tripura,North Tripura,Jampui Hills Ridge Corridor,624.9,22.19,13.1,0.0467,-0.0438,8.17,633.6,148.2,1,4,0.2,0.2,0.01,31.2,1.4,0.109,0.0511,0
NER-SIM-02769,Assam,Karbi Anglong,Diphu-Bokajan Escarpment,620.5,24.57,69.2,-0.0776,-0.0204,5.71,1123.5,519.9,1,3,11.8,15.4,1.53,46.7,1.37,0.065,0.0589,0
NER-SIM-02770,Tripura,North Tripura,Jampui Hills Ridge Corridor,346.0,32.65,355.9,-0.0608,0.0383,4.77,2269.3,143.3,2,3,209.7,460.1,30.69,71.3,2.85,0.037,0.9459,1
NER-SIM-02771,Arunachal Pradesh,Lower Subansiri,Ziro Foothill Section,1560.5,24.22,46.9,-0.068,-0.0241,4.39,1085.7,116.8,3,3,170.0,405.8,40.37,79.5,19.26,0.04,0.9148,1
NER-SIM-02772,Sikkim,Pakyong,NH-10 Sevoke-Gangtok Corridor,851.8,35.69,177.5,0.0287,0.0716,5.69,6671.4,73.5,4,3,4.2,2.3,0.32,26.5,1.1,0.037,0.1579,0
NER-SIM-02773,Nagaland,Phek,Phek-Meluri Road Corridor,1375.6,48.06,249.9,-0.0044,0.0006,4.6,49.9,44.5,2,2,7.5,7.9,0.86,28.0,1.32,0.011,0.1936,0
NER-SIM-02774,Manipur,Noney,Tupul Railway Corridor Section,613.5,34.85,105.6,-0.0197,-0.0147,3.82,11.4,1349.9,2,3,63.3,77.5,4.91,47.1,2.74,0.0,0.2434,0
NER-SIM-02775,Arunachal Pradesh,West Kameng,Bhalukpong-Bomdila-Tawang Route,2022.5,54.08,24.3,0.0167,-0.1031,3.71,61.2,285.2,3,2,182.4,528.5,37.06,75.8,8.9,0.05,0.9856,1
NER-SIM-02776,Meghalaya,East Khasi Hills,NH-6 Shillong-Tamabil Highway,1754.4,29.75,179.2,-0.0418,-0.0009,7.44,1009.7,306.2,1,2,4.3,2.9,0.34,31.7,0.0,0.0,0.0461,0
NER-SIM-02777,Assam,Karbi Anglong,Diphu-Bokajan Escarpment,745.3,35.34,256.4,-0.0079,0.0066,4.09,2224.5,835.1,1,3,10.3,17.4,1.06,34.9,1.02,0.07,0.1228,0
NER-SIM-02778,Mizoram,Champhai,Champhai-Zokhawthar Border Cut,1781.2,27.12,228.9,-0.1047,-0.1231,6.62,568.5,546.3,1,3,4.6,3.9,0.4,35.9,0.59,0.049,0.0892,0
NER-SIM-02779,Meghalaya,South West Khasi Hills,Mawsynram Valley Slopes,1250.2,35.81,201.0,-0.0236,0.0327,4.82,190.4,118.2,2,1,120.5,235.0,25.99,84.1,27.94,11.834,0.8641,1
NER-SIM-02780,Sikkim,Pakyong,NH-10 Sevoke-Gangtok Corridor,1105.4,42.02,259.5,-0.0126,-0.0195,5.95,300.4,458.4,3,4,106.3,218.3,20.85,74.6,2.17,0.071,0.7564,1
NER-SIM-02781,Meghalaya,East Khasi Hills,NH-6 Shillong-Tamabil Highway,2237.4,27.21,356.8,-0.0407,-0.0062,4.52,496.8,146.6,2,2,118.8,319.7,18.27,70.3,2.29,0.017,0.7771,1
NER-SIM-02782,Tripura,North Tripura,Jampui Hills Ridge Corridor,710.2,13.32,147.4,-0.1061,-0.0572,6.2,249.7,600.1,1,3,48.0,108.6,9.99,66.3,2.44,0.074,0.3605,0
NER-SIM-02783,Manipur,Chandel,NH-102 Imphal-Moreh Corridor,1063.9,31.01,69.7,0.0105,-0.024,5.33,742.4,2.3,3,2,7.4,7.6,0.68,37.7,1.46,0.009,0.1458,0
NER-SIM-02784,Mizoram,Aizawl,Aizawl-Lunglei Road Slopes,987.2,40.0,124.5,0.0068,0.0312,5.33,355.3,654.4,2,2,94.6,208.8,12.41,81.5,23.51,0.08,0.6364,1
NER-SIM-02785,Mizoram,Champhai,Champhai-Zokhawthar Border Cut,1090.5,34.06,39.3,-0.0419,-0.0253,6.21,600.9,996.3,3,2,8.5,5.4,0.65,20.1,1.14,0.031,0.0837,0
NER-SIM-02786,Sikkim,Mangan,North Sikkim Highway (Chungthang),1920.7,57.21,225.9,-0.0502,-0.0098,4.39,835.3,66.0,5,4,119.2,344.9,27.95,79.7,17.99,0.013,0.9576,1
NER-SIM-02787,Meghalaya,East Khasi Hills,NH-6 Shillong-Tamabil Highway,1399.7,36.86,109.4,-0.0177,-0.0484,6.15,349.2,71.3,2,1,67.6,201.8,14.95,75.1,9.29,0.011,0.4569,0
NER-SIM-02788,Sikkim,Pakyong,NH-10 Sevoke-Gangtok Corridor,1025.5,30.95,153.2,-0.0357,-0.0058,5.7,870.1,69.9,5,1,21.2,27.5,1.64,49.3,3.27,0.02,0.136,0
NER-SIM-02789,Sikkim,Pakyong,NH-10 Sevoke-Gangtok Corridor,1089.8,29.75,319.5,0.004,0.0187,5.72,1674.3,625.7,4,3,208.7,537.3,65.75,76.6,9.94,0.0,0.9632,1
NER-SIM-02790,Mizoram,Aizawl,Aizawl-Lunglei Road Slopes,1053.5,44.05,220.3,-0.0256,-0.0375,5.59,491.6,75.0,1,2,20.0,30.9,1.47,43.9,0.05,0.078,0.1861,0
NER-SIM-02791,Tripura,North Tripura,Jampui Hills Ridge Corridor,682.1,26.23,223.1,0.0273,0.0294,5.27,1039.6,704.5,1,1,75.5,123.8,10.9,72.5,0.62,0.039,0.247,0
NER-SIM-02792,Nagaland,Kohima,NH-29 Dimapur-Kohima By-pass,1586.7,37.62,322.1,0.0187,-0.0115,6.64,1688.6,121.1,2,1,58.3,152.0,7.97,76.3,15.6,0.032,0.3412,0
NER-SIM-02793,Manipur,Noney,Tupul Railway Corridor Section,633.4,29.63,101.2,-0.0388,-0.0592,5.98,509.3,608.5,3,4,5.5,2.8,0.37,25.4,4.36,0.103,0.0991,0
NER-SIM-02794,Arunachal Pradesh,West Kameng,Bhalukpong-Bomdila-Tawang Route,2664.3,53.0,208.6,0.028,-0.0342,4.12,701.8,285.0,4,3,4.6,5.7,0.53,33.4,3.0,0.001,0.3562,0
NER-SIM-02795,Sikkim,Mangan,North Sikkim Highway (Chungthang),1565.6,55.81,219.3,0.0302,-0.0466,3.52,983.7,269.5,4,1,52.5,138.3,10.75,69.5,0.8,0.027,0.4431,0
NER-SIM-02796,Mizoram,Champhai,Champhai-Zokhawthar Border Cut,1554.3,27.59,258.6,-0.0161,-0.0218,3.37,22.5,493.0,1,3,125.7,351.7,33.82,78.8,9.95,0.095,0.8551,1
NER-SIM-02797,Mizoram,Champhai,Champhai-Zokhawthar Border Cut,1214.3,41.51,313.3,-0.075,-0.0019,5.68,5956.5,394.4,1,3,0.7,0.5,0.08,29.4,1.49,0.006,0.0658,0
NER-SIM-02798,Arunachal Pradesh,West Kameng,Bhalukpong-Bomdila-Tawang Route,2436.2,43.34,135.3,0.0218,-0.053,5.08,71.3,580.7,5,1,224.6,690.6,60.62,80.1,10.28,0.047,0.9943,1
NER-SIM-02799,Manipur,Noney,Tupul Railway Corridor Section,1058.1,41.26,125.5,0.0087,-0.0099,5.01,623.2,174.8,2,2,32.7,103.1,6.2,59.6,1.44,0.127,0.3213,0
NER-SIM-02800,Meghalaya,South West Khasi Hills,Mawsynram Valley Slopes,1363.0,36.58,20.7,0.0924,-0.0187,5.33,932.2,81.8,3,3,6.0,7.6,0.65,46.3,3.23,0.025,0.1156,0
NER-SIM-02801,Manipur,Chandel,NH-102 Imphal-Moreh Corridor,1110.3,21.36,250.5,0.0105,0.0368,5.79,705.4,74.5,2,1,17.6,11.2,2.11,44.9,1.61,0.0,0.1416,0
NER-SIM-02802,Assam,Dima Hasao,NH-27 Lumding-Haflong Hill Cut,538.6,40.58,57.8,0.0594,-0.0034,3.01,4049.1,45.3,1,1,16.4,16.0,1.56,52.3,0.82,0.022,0.1198,0
NER-SIM-02803,Tripura,North Tripura,Jampui Hills Ridge Corridor,678.7,43.17,234.0,0.0034,0.0158,2.93,463.5,186.9,1,2,65.8,108.0,20.32,52.5,0.97,0.12,0.3108,0
NER-SIM-02804,Sikkim,Pakyong,NH-10 Sevoke-Gangtok Corridor,1422.0,56.84,61.5,-0.0333,-0.108,3.89,969.5,8.4,4,2,6.3,6.4,0.59,32.0,0.2,0.058,0.2093,0
NER-SIM-02805,Nagaland,Kohima,NH-29 Dimapur-Kohima By-pass,1344.9,30.7,39.9,-0.09,-0.1584,6.8,3730.0,492.8,3,3,4.4,2.6,0.33,46.1,3.5,0.017,0.0942,0
NER-SIM-02806,Tripura,North Tripura,Jampui Hills Ridge Corridor,746.4,40.15,11.5,-0.0316,-0.0827,6.1,1813.8,811.4,1,2,36.2,106.2,7.38,60.9,0.0,0.063,0.1468,0
NER-SIM-02807,Meghalaya,East Khasi Hills,NH-6 Shillong-Tamabil Highway,1920.9,40.03,143.7,-0.1246,-0.0278,3.85,147.5,14.6,2,3,14.1,12.2,1.48,40.7,1.95,0.081,0.2206,0
NER-SIM-02808,Meghalaya,East Khasi Hills,NH-6 Shillong-Tamabil Highway,1725.9,32.37,333.4,-0.0598,-0.0137,6.08,1370.6,423.6,1,1,80.7,239.7,16.54,84.5,24.9,3.54,0.6859,1
NER-SIM-02809,Manipur,Chandel,NH-102 Imphal-Moreh Corridor,869.8,21.01,344.9,-0.0769,-0.0317,6.79,218.3,457.8,3,1,5.1,6.9,0.46,33.7,1.64,0.063,0.0684,0
NER-SIM-02810,Nagaland,Kohima,NH-29 Dimapur-Kohima By-pass,1494.3,39.79,186.4,-0.0313,-0.0223,3.65,1510.0,50.6,2,2,18.2,19.8,2.15,28.9,2.2,0.02,0.0862,0
NER-SIM-02811,Assam,Karbi Anglong,Diphu-Bokajan Escarpment,505.7,16.01,274.2,0.0728,0.0151,6.37,243.5,212.1,1,3,51.0,92.7,15.81,62.0,0.57,0.018,0.283,0
NER-SIM-02812,Meghalaya,East Khasi Hills,NH-6 Shillong-Tamabil Highway,1535.1,30.57,338.8,0.0506,-0.0019,4.7,1861.1,285.8,2,2,6.7,11.2,0.51,32.5,0.79,0.035,0.0795,0
NER-SIM-02813,Nagaland,Kohima,NH-29 Dimapur-Kohima By-pass,1581.8,36.1,64.7,0.0581,0.0079,3.91,691.2,517.3,3,1,88.6,137.7,19.87,65.6,0.35,0.064,0.2419,0
NER-SIM-02814,Tripura,North Tripura,Jampui Hills Ridge Corridor,1098.7,38.3,206.2,0.0314,0.0569,4.06,1000.8,133.2,1,2,85.4,211.5,20.46,66.0,0.0,0.064,0.4328,0
NER-SIM-02815,Nagaland,Kohima,NH-29 Dimapur-Kohima By-pass,1069.7,31.01,40.6,-0.0665,0.0443,4.38,2166.7,144.0,2,2,43.9,85.6,6.15,60.2,1.0,0.044,0.096,0
NER-SIM-02816,Sikkim,Mangan,North Sikkim Highway (Chungthang),1820.5,62.02,259.6,-0.0086,-0.0579,5.49,841.0,1348.4,4,4,121.5,286.4,27.41,88.5,28.07,6.422,0.9589,1
NER-SIM-02817,Manipur,Noney,Tupul Railway Corridor Section,915.3,36.35,287.1,0.0447,0.093,2.3,1008.5,223.3,2,4,68.3,154.4,9.92,70.7,0.0,0.014,0.4186,0
NER-SIM-02818,Mizoram,Champhai,Champhai-Zokhawthar Border Cut,1502.9,43.3,73.1,0.0181,0.0524,5.4,857.9,154.5,1,1,131.8,346.7,26.95,70.5,0.0,0.071,0.8239,1
NER-SIM-02819,Sikkim,Mangan,North Sikkim Highway (Chungthang),2125.4,47.51,173.4,-0.0196,0.0449,2.22,2280.1,351.8,4,2,14.0,20.5,1.41,35.5,0.0,0.007,0.2172,0
NER-SIM-02820,Manipur,Noney,Tupul Railway Corridor Section,694.1,44.43,102.3,-0.0028,-0.0043,3.45,476.7,494.8,3,2,5.7,8.3,0.8,32.4,2.55,0.086,0.1484,0
NER-SIM-02821,Arunachal Pradesh,West Kameng,Bhalukpong-Bomdila-Tawang Route,2264.9,50.34,307.4,-0.1103,-0.0774,5.36,1764.0,0.8,4,4,0.2,0.1,0.02,43.8,3.9,0.036,0.12,0
NER-SIM-02822,Mizoram,Aizawl,Aizawl-Lunglei Road Slopes,1198.9,52.8,90.9,0.0419,0.0392,4.93,475.2,1143.1,1,1,26.6,13.4,3.53,35.8,0.76,0.0,0.1234,0
NER-SIM-02823,Sikkim,Mangan,North Sikkim Highway (Chungthang),1713.3,52.03,60.7,0.0027,0.0029,3.21,1463.9,395.4,5,2,19.5,14.7,1.53,41.2,2.43,0.049,0.2264,0
NER-SIM-02824,Tripura,North Tripura,Jampui Hills Ridge Corridor,807.2,33.66,106.0,-0.1638,0.0576,5.61,1034.1,91.0,1,1,50.5,77.5,4.17,50.6,2.14,0.08,0.134,0
NER-SIM-02825,Arunachal Pradesh,Lower Subansiri,Ziro Foothill Section,1744.4,41.84,246.7,0.03,0.0427,5.25,1059.7,124.6,3,1,321.9,946.5,65.73,85.0,32.53,4.126,0.9996,1
NER-SIM-02826,Mizoram,Aizawl,Aizawl-Lunglei Road Slopes,1000.4,45.78,87.4,-0.042,-0.0653,3.68,1237.4,203.5,2,2,77.4,220.6,15.05,80.0,19.01,0.0,0.5862,1
NER-SIM-02827,Meghalaya,South West Khasi Hills,Mawsynram Valley Slopes,1128.2,35.96,256.4,-0.0048,-0.0322,4.92,173.0,428.5,2,1,2.9,2.7,0.35,46.9,3.13,0.012,0.0677,0
NER-SIM-02828,Tripura,North Tripura,Jampui Hills Ridge Corridor,687.7,35.04,3.6,-0.0486,0.0395,3.52,360.2,295.7,1,2,56.5,38.0,5.56,46.7,3.29,0.158,0.1944,0
NER-SIM-02829,Arunachal Pradesh,Lower Subansiri,Ziro Foothill Section,1385.3,32.65,45.0,-0.0201,0.072,6.14,1213.6,198.2,4,1,18.7,13.7,2.32,49.6,0.94,0.054,0.0873,0
NER-SIM-02830,Sikkim,Mangan,North Sikkim Highway (Chungthang),1848.4,44.56,114.3,0.0299,-0.034,3.37,187.8,65.5,4,1,108.8,245.9,15.56,71.6,2.19,0.013,0.6315,1
NER-SIM-02831,Mizoram,Champhai,Champhai-Zokhawthar Border Cut,1234.3,28.85,169.1,0.0488,0.0392,5.08,690.2,608.9,1,4,23.9,16.8,1.72,33.9,3.16,0.005,0.0732,0
NER-SIM-02832,Manipur,Chandel,NH-102 Imphal-Moreh Corridor,1057.4,37.18,101.9,0.0195,0.0513,2.91,3332.6,203.9,3,4,76.9,225.0,11.33,75.3,10.1,0.032,0.423,0
NER-SIM-02833,Meghalaya,East Khasi Hills,NH-6 Shillong-Tamabil Highway,1650.2,24.0,234.8,-0.0084,0.0107,3.05,66.0,865.9,2,3,1.4,1.3,0.21,34.9,3.14,0.04,0.0949,0
NER-SIM-02834,Arunachal Pradesh,West Kameng,Bhalukpong-Bomdila-Tawang Route,2363.4,37.7,293.2,0.0232,-0.0482,7.11,1398.9,512.1,5,1,171.7,468.4,49.75,74.8,0.0,0.07,0.9164,1
NER-SIM-02835,Meghalaya,South West Khasi Hills,Mawsynram Valley Slopes,1003.6,33.86,211.6,-0.0231,-0.0218,6.4,1034.2,386.7,3,2,12.2,7.7,1.02,39.7,2.19,0.032,0.1242,0
NER-SIM-02836,Arunachal Pradesh,West Kameng,Bhalukpong-Bomdila-Tawang Route,2133.8,42.94,157.6,0.0227,-0.0507,4.87,808.0,200.0,5,1,20.5,35.8,1.57,37.2,3.8,0.007,0.1215,0
NER-SIM-02837,Tripura,North Tripura,Jampui Hills Ridge Corridor,838.7,41.44,312.6,-0.0177,-0.0495,4.04,2126.1,834.1,1,3,54.3,139.2,6.87,64.7,0.5,0.131,0.228,0
NER-SIM-02838,Mizoram,Champhai,Champhai-Zokhawthar Border Cut,960.6,23.49,242.7,-0.0137,0.0207,5.06,18.7,38.0,2,1,2.0,3.3,0.18,38.1,3.1,0.084,0.0992,0
NER-SIM-02839,Nagaland,Phek,Phek-Meluri Road Corridor,1684.2,44.34,48.5,-0.0288,-0.0777,5.09,167.0,754.1,2,3,2.7,2.1,0.2,37.8,0.38,0.064,0.1134,0
NER-SIM-02840,Tripura,North Tripura,Jampui Hills Ridge Corridor,325.8,23.97,12.8,0.0026,-0.0395,7.4,2194.4,382.4,1,2,3.7,6.2,0.5,38.5,0.0,0.026,0.044,0
NER-SIM-02841,Assam,Dima Hasao,NH-27 Lumding-Haflong Hill Cut,492.4,44.48,200.8,0.0891,0.0395,2.35,1088.9,243.7,1,3,7.8,13.2,0.67,49.6,2.41,0.035,0.1835,0
NER-SIM-02842,Manipur,Noney,Tupul Railway Corridor Section,1107.2,47.9,21.1,0.054,0.0345,3.65,252.6,122.2,3,3,6.9,9.1,0.61,42.1,1.66,0.056,0.3285,0
NER-SIM-02843,Manipur,Chandel,NH-102 Imphal-Moreh Corridor,1136.9,43.44,164.0,0.0624,-0.0382,3.47,811.6,44.7,2,3,2.5,1.6,0.39,26.7,0.99,0.085,0.2868,0
NER-SIM-02844,Assam,Karbi Anglong,Diphu-Bokajan Escarpment,827.7,24.66,306.1,-0.0676,0.0792,6.87,746.2,134.4,1,4,90.8,223.5,12.25,73.0,2.75,0.096,0.3607,0
NER-SIM-02845,Assam,Dima Hasao,NH-27 Lumding-Haflong Hill Cut,858.4,32.89,18.9,0.048,0.0232,6.73,2759.6,175.5,1,3,92.1,147.2,19.32,72.7,0.88,0.129,0.378,0
NER-SIM-02846,Assam,Dima Hasao,NH-27 Lumding-Haflong Hill Cut,952.9,27.68,1.9,-0.0536,-0.0583,6.28,2316.5,368.2,1,3,4.0,2.3,0.32,27.4,0.0,0.034,0.0646,0
NER-SIM-02847,Mizoram,Aizawl,Aizawl-Lunglei Road Slopes,1057.1,22.67,266.9,0.0005,0.0395,6.56,143.7,5.7,2,1,4.6,5.7,0.37,38.6,4.37,0.068,0.0972,0
NER-SIM-02848,Meghalaya,South West Khasi Hills,Mawsynram Valley Slopes,1675.6,29.28,119.5,-0.0487,-0.0133,2.9,1983.4,155.9,1,4,81.6,209.4,13.4,77.0,10.9,0.034,0.3906,0
NER-SIM-02849,Meghalaya,East Khasi Hills,NH-6 Shillong-Tamabil Highway,1404.8,35.34,318.4,-0.0703,-0.09,2.0,508.9,204.8,1,2,19.9,19.6,1.62,53.1,0.8,0.0,0.0954,0
NER-SIM-02850,Meghalaya,South West Khasi Hills,Mawsynram Valley Slopes,1318.7,30.41,321.4,-0.0365,-0.0294,4.51,2750.0,465.3,2,1,17.1,22.3,2.39,34.1,0.97,0.077,0.0727,0
NER-SIM-02851,Nagaland,Kohima,NH-29 Dimapur-Kohima By-pass,1573.3,36.56,123.1,0.0011,0.057,6.07,2700.7,358.9,2,3,28.0,47.3,3.07,50.4,2.59,0.106,0.1292,0
NER-SIM-02852,Meghalaya,South West Khasi Hills,Mawsynram Valley Slopes,1661.5,36.05,100.1,-0.0225,-0.0587,7.32,111.8,26.0,2,3,38.1,29.8,3.24,52.0,1.04,0.082,0.2725,0
NER-SIM-02853,Sikkim,Mangan,North Sikkim Highway (Chungthang),1794.9,36.98,161.9,0.0673,0.0096,5.85,3364.6,76.0,5,1,50.0,89.0,16.07,55.8,2.27,0.094,0.3474,0
NER-SIM-02854,Sikkim,Mangan,North Sikkim Highway (Chungthang),1557.7,51.46,97.4,-0.0612,0.0247,6.66,1898.4,63.8,4,3,2.3,1.8,0.23,37.3,5.35,0.057,0.249,0
NER-SIM-02855,Manipur,Noney,Tupul Railway Corridor Section,1031.7,42.91,196.6,0.0281,-0.0738,5.35,1045.7,112.8,3,2,4.8,5.8,0.36,31.1,0.0,0.088,0.1461,0
NER-SIM-02856,Sikkim,Mangan,North Sikkim Highway (Chungthang),1923.3,57.45,84.5,0.0902,-0.0281,4.64,2019.4,197.8,4,1,15.7,19.3,1.18,44.3,2.1,0.075,0.2264,0
NER-SIM-02857,Arunachal Pradesh,West Kameng,Bhalukpong-Bomdila-Tawang Route,2082.1,44.02,243.8,0.0393,0.0753,3.53,287.4,78.9,4,1,11.5,9.6,1.42,31.6,0.0,0.077,0.1572,0
NER-SIM-02858,Manipur,Chandel,NH-102 Imphal-Moreh Corridor,953.6,29.51,136.9,-0.0241,0.0478,2.99,2896.4,30.4,3,2,6.4,7.0,0.63,49.3,1.55,0.001,0.0834,0
NER-SIM-02859,Manipur,Noney,Tupul Railway Corridor Section,690.6,42.08,169.0,-0.0003,-0.0507,3.86,3718.5,39.0,3,1,90.6,226.5,21.17,73.3,3.03,0.048,0.5341,1
NER-SIM-02860,Assam,Dima Hasao,NH-27 Lumding-Haflong Hill Cut,598.3,36.61,287.5,-0.044,-0.0262,4.79,152.3,21.1,1,1,34.1,61.5,7.13,51.5,3.95,0.038,0.2456,0
NER-SIM-02861,Nagaland,Kohima,NH-29 Dimapur-Kohima By-pass,1677.6,36.15,132.2,0.0325,0.0051,4.86,382.3,284.0,2,4,3.7,2.4,0.44,48.3,4.52,0.013,0.1051,0
NER-SIM-02862,Mizoram,Champhai,Champhai-Zokhawthar Border Cut,1053.2,35.14,293.3,-0.0303,0.0312,4.51,644.4,223.5,1,2,9.3,12.0,0.64,37.4,4.68,0.043,0.1342,0
NER-SIM-02863,Mizoram,Aizawl,Aizawl-Lunglei Road Slopes,970.0,36.84,102.3,0.0033,0.012,6.19,292.9,104.3,2,1,0.4,0.7,0.05,29.4,2.11,0.035,0.0517,0
NER-SIM-02864,Arunachal Pradesh,Lower Subansiri,Ziro Foothill Section,1464.9,36.96,157.0,-0.0756,0.0863,3.55,1151.7,65.4,4,3,17.3,30.8,1.55,49.4,0.17,0.001,0.2035,0
NER-SIM-02865,Sikkim,Mangan,North Sikkim Highway (Chungthang),2029.9,39.22,271.5,-0.0251,0.0393,3.91,778.8,280.3,4,3,48.8,96.0,12.61,52.9,0.84,0.055,0.2785,0
NER-SIM-02866,Sikkim,Pakyong,NH-10 Sevoke-Gangtok Corridor,1023.5,45.08,39.4,-0.0532,0.0528,4.26,312.0,37.8,3,4,53.1,167.2,8.64,87.3,25.86,4.698,0.7777,1
NER-SIM-02867,Meghalaya,East Khasi Hills,NH-6 Shillong-Tamabil Highway,1422.7,34.7,44.7,0.0059,-0.0285,5.08,1462.1,52.5,1,4,79.2,181.6,14.79,83.0,18.72,4.092,0.7044,1
NER-SIM-02868,Nagaland,Kohima,NH-29 Dimapur-Kohima By-pass,1504.2,25.42,143.5,-0.0037,-0.0221,5.83,798.6,1834.3,3,2,144.6,457.8,42.25,80.4,17.54,0.0,0.9091,1
NER-SIM-02869,Mizoram,Aizawl,Aizawl-Lunglei Road Slopes,1296.3,23.74,221.8,-0.0214,-0.0062,5.89,116.8,120.3,1,1,52.8,145.5,8.37,65.1,1.12,0.01,0.2126,0
NER-SIM-02870,Nagaland,Phek,Phek-Meluri Road Corridor,1203.3,16.44,15.8,-0.0768,0.0867,6.15,73.6,556.4,2,2,137.5,335.8,19.97,76.4,12.19,0.0,0.785,1
NER-SIM-02871,Meghalaya,East Khasi Hills,NH-6 Shillong-Tamabil Highway,1226.2,38.62,264.2,0.0161,0.0369,5.01,56.3,232.8,1,4,12.0,19.3,0.83,37.0,2.38,0.069,0.1453,0
NER-SIM-02872,Tripura,North Tripura,Jampui Hills Ridge Corridor,886.1,18.97,106.5,0.0096,0.0104,8.55,2112.6,20.7,1,4,27.5,43.0,4.33,49.6,2.16,0.0,0.0679,0
NER-SIM-02873,Mizoram,Aizawl,Aizawl-Lunglei Road Slopes,1319.6,29.16,175.8,-0.0306,-0.016,5.98,4638.0,332.0,2,3,5.8,5.3,0.46,43.3,0.0,0.075,0.0627,0
NER-SIM-02874,Nagaland,Phek,Phek-Meluri Road Corridor,1765.0,37.97,47.1,0.0293,-0.0248,4.06,164.8,334.4,2,3,17.8,24.3,1.76,50.2,2.34,0.0,0.2289,0
NER-SIM-02875,Meghalaya,South West Khasi Hills,Mawsynram Valley Slopes,1067.4,34.78,65.4,0.0339,0.0333,5.55,1167.4,459.8,2,1,0.8,1.2,0.1,32.3,1.32,0.062,0.0423,0
NER-SIM-02876,Assam,Karbi Anglong,Diphu-Bokajan Escarpment,269.4,17.71,153.1,-0.032,-0.0308,6.74,2199.2,486.5,2,2,5.9,5.5,0.68,37.9,2.26,0.008,0.0364,0
NER-SIM-02877,Arunachal Pradesh,Lower Subansiri,Ziro Foothill Section,1788.9,34.17,290.3,-0.0642,-0.0036,5.08,649.7,258.7,3,1,6.5,9.8,0.71,38.6,3.21,0.0,0.0827,0
NER-SIM-02878,Tripura,North Tripura,Jampui Hills Ridge Corridor,556.9,33.79,145.6,0.0788,-0.0466,4.23,2659.6,67.9,1,3,121.5,344.4,16.36,81.0,20.04,0.068,0.8422,1
NER-SIM-02879,Mizoram,Champhai,Champhai-Zokhawthar Border Cut,1533.3,20.7,79.0,0.0627,-0.0284,3.79,715.9,213.4,2,1,0.9,1.4,0.13,36.2,1.61,0.0,0.0547,0
NER-SIM-02880,Tripura,North Tripura,Jampui Hills Ridge Corridor,225.4,27.1,110.0,0.0128,0.01,5.12,380.3,45.4,1,1,14.3,13.7,1.38,45.9,1.05,0.122,0.0598,0
NER-SIM-02881,Sikkim,Pakyong,NH-10 Sevoke-Gangtok Corridor,817.9,37.6,74.3,-0.0176,0.0472,6.85,644.9,360.8,3,3,0.5,0.4,0.06,39.3,2.51,0.101,0.1054,0
NER-SIM-02882,Nagaland,Phek,Phek-Meluri Road Corridor,1486.5,28.88,156.0,0.0021,-0.0532,6.13,1530.4,729.9,2,3,161.3,356.9,38.52,87.3,31.14,0.0,0.8802,1
NER-SIM-02883,Arunachal Pradesh,West Kameng,Bhalukpong-Bomdila-Tawang Route,1826.5,51.12,143.2,-0.0043,-0.0309,2.0,1171.0,48.6,5,3,7.7,7.2,0.61,39.3,1.89,0.041,0.2976,0
NER-SIM-02884,Sikkim,Pakyong,NH-10 Sevoke-Gangtok Corridor,951.0,26.7,354.8,0.0013,0.0656,7.52,3009.5,252.1,5,2,36.0,98.4,5.39,54.6,1.09,0.024,0.1697,0
NER-SIM-02885,Meghalaya,South West Khasi Hills,Mawsynram Valley Slopes,1467.6,35.02,46.7,0.036,-0.0759,6.32,4.8,1175.1,2,1,196.0,565.3,40.32,88.1,27.43,2.336,0.9846,1
NER-SIM-02886,Nagaland,Kohima,NH-29 Dimapur-Kohima By-pass,1133.8,29.48,65.4,0.0328,0.0142,4.67,203.3,169.6,3,3,0.1,0.1,0.01,27.1,2.63,0.089,0.1357,0
NER-SIM-02887,Mizoram,Champhai,Champhai-Zokhawthar Border Cut,963.5,31.31,83.6,-0.0966,-0.0274,7.93,2255.7,109.2,2,3,246.1,705.4,41.46,68.3,1.82,0.006,0.9925,1
NER-SIM-02888,Sikkim,Pakyong,NH-10 Sevoke-Gangtok Corridor,745.8,38.21,283.6,0.0213,-0.025,2.27,1017.7,1036.3,3,3,6.1,6.8,0.65,36.4,0.9,0.051,0.1174,0
NER-SIM-02889,Nagaland,Kohima,NH-29 Dimapur-Kohima By-pass,1349.2,39.18,169.7,0.0326,0.0196,4.57,1698.7,632.6,3,2,1.4,2.3,0.2,38.4,2.4,0.022,0.0741,0
NER-SIM-02890,Nagaland,Kohima,NH-29 Dimapur-Kohima By-pass,1154.8,41.55,215.5,0.0881,0.0219,5.27,623.1,333.8,2,4,38.8,100.1,5.98,63.1,5.19,0.0,0.2139,0
NER-SIM-02891,Nagaland,Kohima,NH-29 Dimapur-Kohima By-pass,1814.6,27.78,120.6,0.0196,0.0329,8.53,234.3,23.7,2,3,77.5,211.6,18.34,71.7,3.84,0.009,0.6511,1
NER-SIM-02892,Arunachal Pradesh,West Kameng,Bhalukpong-Bomdila-Tawang Route,2692.0,48.36,358.1,-0.0169,-0.0013,5.68,1833.5,523.8,5,4,9.8,17.3,0.98,30.1,1.91,0.088,0.2091,0
NER-SIM-02893,Meghalaya,South West Khasi Hills,Mawsynram Valley Slopes,1618.4,29.32,51.2,0.0201,-0.078,4.34,456.6,156.9,2,3,11.8,13.8,1.34,42.9,4.1,0.099,0.1361,0
NER-SIM-02894,Mizoram,Champhai,Champhai-Zokhawthar Border Cut,1308.7,30.53,246.3,-0.0194,-0.0962,6.28,224.9,126.9,3,1,11.0,14.6,0.74,38.2,3.14,0.027,0.0817,0
NER-SIM-02895,Nagaland,Phek,Phek-Meluri Road Corridor,1594.4,66.08,230.9,0.0072,0.0217,2.0,1545.3,121.9,1,1,42.9,94.8,8.02,57.1,1.66,0.0,0.3374,0
NER-SIM-02896,Arunachal Pradesh,West Kameng,Bhalukpong-Bomdila-Tawang Route,1941.7,39.14,195.8,0.0071,-0.0016,2.13,1856.5,584.9,3,2,123.3,98.9,17.98,56.1,1.2,0.021,0.404,0
NER-SIM-02897,Arunachal Pradesh,Lower Subansiri,Ziro Foothill Section,1510.1,25.39,75.1,-0.0021,-0.0325,8.56,732.4,274.0,3,1,130.6,356.8,19.86,82.6,23.79,0.188,0.6883,1
NER-SIM-02898,Arunachal Pradesh,Lower Subansiri,Ziro Foothill Section,1527.4,29.63,271.7,-0.0507,0.0113,3.94,50.6,266.4,3,1,11.0,12.7,0.77,38.4,2.83,0.026,0.1892,0
NER-SIM-02899,Manipur,Chandel,NH-102 Imphal-Moreh Corridor,997.0,52.61,310.0,-0.0252,0.012,4.34,187.4,94.1,3,2,0.8,0.9,0.09,40.5,0.34,0.023,0.2879,0
NER-SIM-02900,Nagaland,Phek,Phek-Meluri Road Corridor,1956.1,31.48,358.5,-0.0407,0.0557,7.24,199.4,612.4,2,2,103.1,197.8,25.09,71.8,1.98,0.068,0.6339,1
NER-SIM-02901,Assam,Karbi Anglong,Diphu-Bokajan Escarpment,713.4,35.11,192.8,0.1162,0.0544,4.66,1171.8,113.8,1,2,19.4,27.5,3.04,45.7,1.6,0.096,0.149,0
NER-SIM-02902,Mizoram,Aizawl,Aizawl-Lunglei Road Slopes,895.3,37.35,341.8,-0.0162,0.0573,5.95,39.0,273.8,1,2,9.0,13.0,0.76,39.4,3.53,0.054,0.0846,0
NER-SIM-02903,Mizoram,Aizawl,Aizawl-Lunglei Road Slopes,1604.7,27.5,122.3,0.038,0.093,7.09,572.2,223.3,1,2,23.8,30.5,2.07,33.2,1.43,0.037,0.1,0
NER-SIM-02904,Arunachal Pradesh,Lower Subansiri,Ziro Foothill Section,1333.2,40.08,4.6,-0.0009,-0.0325,5.62,211.4,786.9,3,4,17.6,24.2,2.1,48.5,1.38,0.013,0.1824,0
NER-SIM-02905,Arunachal Pradesh,Lower Subansiri,Ziro Foothill Section,1727.7,21.96,229.3,-0.0427,0.053,6.43,1123.9,129.6,4,4,64.6,129.3,21.44,62.3,1.25,0.003,0.1348,0
NER-SIM-02906,Mizoram,Aizawl,Aizawl-Lunglei Road Slopes,1409.7,41.57,44.0,0.1262,-0.0563,5.75,753.1,504.5,2,1,10.9,19.2,1.71,38.5,2.53,0.049,0.0996,0
NER-SIM-02907,Arunachal Pradesh,Lower Subansiri,Ziro Foothill Section,1307.1,12.01,72.7,-0.0007,0.0286,6.01,2416.1,690.3,3,3,115.7,211.8,25.81,82.6,21.26,0.076,0.7046,1
NER-SIM-02908,Tripura,North Tripura,Jampui Hills Ridge Corridor,63.6,33.61,177.2,-0.0384,0.0523,5.3,674.6,697.2,1,2,4.6,5.2,0.49,45.5,2.7,0.033,0.0586,0
NER-SIM-02909,Sikkim,Mangan,North Sikkim Highway (Chungthang),1604.9,42.62,79.3,0.0162,-0.0403,3.66,2073.3,136.7,4,1,40.1,101.9,7.32,56.3,2.07,0.068,0.1674,0
NER-SIM-02910,Meghalaya,South West Khasi Hills,Mawsynram Valley Slopes,1088.8,29.96,346.9,0.0916,0.0928,7.51,850.5,479.6,2,1,7.5,10.2,0.6,33.2,0.0,0.082,0.0419,0
NER-SIM-02911,Sikkim,Mangan,North Sikkim Highway (Chungthang),1475.4,51.02,307.4,0.0227,-0.0223,6.32,1439.7,1125.0,4,3,132.8,386.3,17.58,73.7,2.7,0.057,0.9434,1
NER-SIM-02912,Sikkim,Mangan,North Sikkim Highway (Chungthang),1568.5,38.69,189.6,0.0707,-0.01,5.8,1337.8,473.6,5,1,2.9,2.0,0.26,34.1,2.09,0.061,0.0573,0
NER-SIM-02913,Assam,Karbi Anglong,Diphu-Bokajan Escarpment,344.9,23.03,28.4,-0.029,0.045,8.2,499.4,164.4,1,1,11.0,19.0,1.57,32.0,3.35,0.11,0.0535,0
NER-SIM-02914,Nagaland,Phek,Phek-Meluri Road Corridor,1760.0,22.59,273.0,0.058,0.006,6.25,385.9,298.7,3,1,116.3,208.0,38.27,80.3,17.25,0.0,0.4843,0
NER-SIM-02915,Assam,Dima Hasao,NH-27 Lumding-Haflong Hill Cut,474.3,32.63,32.0,-0.0238,0.0965,5.28,5.9,146.9,1,2,65.7,206.1,11.03,89.6,26.71,0.474,0.5756,1
NER-SIM-02916,Assam,Dima Hasao,NH-27 Lumding-Haflong Hill Cut,183.8,21.43,83.2,-0.024,-0.0069,4.28,3332.7,269.0,1,3,14.4,18.6,1.77,34.2,2.98,0.093,0.0686,0
NER-SIM-02917,Arunachal Pradesh,Lower Subansiri,Ziro Foothill Section,1424.6,26.37,10.8,0.0441,-0.0072,5.33,425.1,152.5,3,3,7.7,8.0,0.68,42.3,4.61,0.028,0.2602,0
NER-SIM-02918,Tripura,North Tripura,Jampui Hills Ridge Corridor,711.1,26.93,219.5,-0.051,0.0017,5.61,2316.5,745.4,1,4,97.9,187.1,13.72,77.2,9.51,0.052,0.2761,0
NER-SIM-02919,Mizoram,Aizawl,Aizawl-Lunglei Road Slopes,1093.8,41.67,248.2,0.071,-0.0296,5.69,708.4,265.1,3,3,7.3,9.1,0.5,36.6,2.66,0.113,0.1857,0
NER-SIM-02920,Meghalaya,South West Khasi Hills,Mawsynram Valley Slopes,1310.1,35.53,340.8,-0.019,-0.0076,5.3,3645.1,571.6,1,3,11.4,5.9,1.12,51.1,3.16,0.03,0.0954,0
NER-SIM-02921,Meghalaya,East Khasi Hills,NH-6 Shillong-Tamabil Highway,1294.6,47.93,314.7,0.0164,-0.0036,2.62,1328.5,33.0,2,2,8.4,13.4,0.6,44.8,2.85,0.049,0.232,0
NER-SIM-02922,Manipur,Chandel,NH-102 Imphal-Moreh Corridor,1996.3,20.95,185.3,-0.0647,0.0207,6.66,1968.2,867.7,3,1,3.4,5.9,0.33,32.9,2.81,0.036,0.0365,0
NER-SIM-02923,Sikkim,Mangan,North Sikkim Highway (Chungthang),1902.8,35.97,245.2,0.0434,-0.0339,7.04,3025.4,215.9,5,1,28.5,44.3,2.18,41.1,5.25,0.036,0.0971,0
NER-SIM-02924,Arunachal Pradesh,West Kameng,Bhalukpong-Bomdila-Tawang Route,2403.2,44.11,305.1,0.0042,0.0478,7.55,5389.5,438.5,4,4,14.0,23.1,1.09,41.9,1.65,0.065,0.1071,0
NER-SIM-02925,Assam,Dima Hasao,NH-27 Lumding-Haflong Hill Cut,884.7,31.18,53.2,0.0309,-0.0163,5.38,36.9,307.1,1,1,114.1,211.3,28.42,83.6,19.33,0.049,0.589,1
NER-SIM-02926,Nagaland,Kohima,NH-29 Dimapur-Kohima By-pass,1350.2,44.31,119.5,-0.0171,0.0044,4.45,999.0,823.1,3,4,9.5,14.6,1.05,30.3,1.33,0.104,0.0725,0
NER-SIM-02927,Arunachal Pradesh,Lower Subansiri,Ziro Foothill Section,1387.9,27.23,253.8,-0.0659,-0.0131,3.72,792.0,290.0,4,1,8.0,12.3,0.8,36.4,0.94,0.053,0.0605,0
NER-SIM-02928,Meghalaya,East Khasi Hills,NH-6 Shillong-Tamabil Highway,1245.4,34.46,180.9,-0.0554,-0.0316,4.96,656.2,496.7,2,1,169.9,312.2,35.22,78.3,14.02,0.141,0.7956,1
NER-SIM-02929,Nagaland,Kohima,NH-29 Dimapur-Kohima By-pass,1671.0,52.31,357.4,0.0079,0.0574,4.01,1533.9,259.4,3,2,68.4,132.6,12.11,73.1,0.0,0.054,0.4933,0
NER-SIM-02930,Arunachal Pradesh,Lower Subansiri,Ziro Foothill Section,1535.6,40.96,350.2,0.0508,0.0047,4.44,1174.0,421.2,4,1,13.1,14.9,1.65,37.6,6.57,0.034,0.1312,0
NER-SIM-02931,Nagaland,Kohima,NH-29 Dimapur-Kohima By-pass,1271.4,33.01,22.3,-0.046,0.0309,6.11,343.5,257.1,3,3,12.2,16.3,1.73,45.7,1.14,0.063,0.193,0
NER-SIM-02932,Manipur,Noney,Tupul Railway Corridor Section,872.5,30.97,118.4,-0.0364,-0.1228,6.8,536.9,130.4,2,3,6.4,9.1,0.59,36.4,0.37,0.04,0.1823,0
NER-SIM-02933,Nagaland,Kohima,NH-29 Dimapur-Kohima By-pass,1678.7,35.63,9.2,0.0867,0.0062,6.11,5674.1,3.4,3,1,19.9,20.4,2.88,46.0,4.54,0.083,0.1455,0
NER-SIM-02934,Assam,Dima Hasao,NH-27 Lumding-Haflong Hill Cut,511.2,25.13,35.8,-0.0227,-0.0271,2.53,137.7,124.4,1,3,11.8,14.3,1.24,33.9,0.01,0.02,0.1013,0
NER-SIM-02935,Mizoram,Aizawl,Aizawl-Lunglei Road Slopes,842.3,49.34,69.2,-0.0944,-0.1032,4.71,2622.4,422.2,3,2,5.4,6.2,0.63,38.4,4.49,0.033,0.1006,0
NER-SIM-02936,Nagaland,Phek,Phek-Meluri Road Corridor,1631.1,43.68,51.0,0.0133,0.0256,7.73,264.5,1831.6,1,4,68.2,196.5,13.38,79.3,14.8,0.071,0.4886,0
NER-SIM-02937,Manipur,Chandel,NH-102 Imphal-Moreh Corridor,951.1,29.6,160.3,0.0718,0.1016,7.49,2321.3,371.4,3,1,4.9,3.6,0.52,38.3,0.77,0.0,0.0697,0
NER-SIM-02938,Manipur,Noney,Tupul Railway Corridor Section,924.2,28.32,200.5,0.0063,0.058,6.84,1626.0,17.1,3,1,3.5,3.9,0.4,37.0,0.43,0.098,0.0505,0
NER-SIM-02939,Mizoram,Champhai,Champhai-Zokhawthar Border Cut,1907.8,30.66,272.3,-0.0232,-0.0358,4.75,313.2,163.2,1,3,93.0,149.5,16.22,65.4,1.49,0.065,0.4621,0
NER-SIM-02940,Nagaland,Kohima,NH-29 Dimapur-Kohima By-pass,1116.5,36.89,26.5,0.0307,-0.062,7.1,531.4,20.9,3,4,53.4,135.2,6.71,62.6,2.53,0.044,0.2774,0
NER-SIM-02941,Manipur,Noney,Tupul Railway Corridor Section,586.1,48.02,147.8,-0.0348,-0.028,2.94,1220.2,55.5,3,1,7.3,12.2,0.94,39.4,2.08,0.025,0.1133,0
NER-SIM-02942,Tripura,North Tripura,Jampui Hills Ridge Corridor,519.2,29.78,14.6,-0.0912,0.0399,6.4,68.1,167.8,1,3,58.9,136.7,16.62,69.7,2.19,0.052,0.483,0
NER-SIM-02943,Manipur,Chandel,NH-102 Imphal-Moreh Corridor,810.8,38.21,216.1,-0.0011,-0.0313,6.45,1263.5,48.2,3,2,115.8,325.8,14.93,80.7,22.13,0.089,0.8786,1
NER-SIM-02944,Nagaland,Kohima,NH-29 Dimapur-Kohima By-pass,1354.3,39.92,266.4,0.0773,0.0448,4.54,197.7,251.0,2,1,85.9,177.5,19.46,90.7,28.63,0.964,0.7414,1
NER-SIM-02945,Mizoram,Aizawl,Aizawl-Lunglei Road Slopes,871.4,39.31,172.2,0.0026,-0.0495,6.27,68.8,1596.5,1,4,6.8,5.5,0.89,30.3,2.75,0.104,0.0555,0
NER-SIM-02946,Sikkim,Mangan,North Sikkim Highway (Chungthang),1725.3,47.45,220.3,-0.0455,-0.0058,7.15,719.9,76.8,5,2,6.6,6.3,0.65,44.9,2.84,0.079,0.1606,0
NER-SIM-02947,Arunachal Pradesh,West Kameng,Bhalukpong-Bomdila-Tawang Route,2026.9,31.62,306.8,0.0188,0.0053,7.79,1712.5,795.4,5,3,160.8,359.8,25.37,87.7,32.27,0.022,0.8905,1
NER-SIM-02948,Assam,Karbi Anglong,Diphu-Bokajan Escarpment,407.8,30.72,78.2,-0.0403,0.018,5.58,1622.6,183.1,1,3,0.6,0.3,0.05,32.4,1.39,0.025,0.0848,0
NER-SIM-02949,Assam,Karbi Anglong,Diphu-Bokajan Escarpment,162.3,20.69,105.2,-0.0176,-0.0875,5.78,228.6,410.9,1,3,114.1,293.7,31.81,90.5,42.74,0.102,0.8082,1
NER-SIM-02950,Assam,Karbi Anglong,Diphu-Bokajan Escarpment,290.5,24.27,192.9,-0.043,-0.0318,7.67,3056.3,194.5,1,2,17.9,21.5,1.79,34.4,0.42,0.065,0.0402,0
NER-SIM-02951,Sikkim,Pakyong,NH-10 Sevoke-Gangtok Corridor,711.9,25.17,317.6,-0.1018,-0.0202,2.0,214.0,570.8,3,4,16.6,10.6,1.12,41.8,1.6,0.0,0.0997,0
NER-SIM-02952,Assam,Karbi Anglong,Diphu-Bokajan Escarpment,466.7,25.54,179.1,0.0266,-0.0031,5.15,592.3,5.4,1,2,53.6,74.8,4.94,51.3,4.58,0.061,0.1562,0
NER-SIM-02953,Tripura,North Tripura,Jampui Hills Ridge Corridor,257.7,34.28,119.7,0.0458,-0.027,5.62,1725.5,187.0,1,3,42.6,38.0,3.84,44.6,1.61,0.0,0.1005,0
NER-SIM-02954,Assam,Dima Hasao,NH-27 Lumding-Haflong Hill Cut,806.8,35.83,292.1,-0.0004,-0.0599,3.59,1177.8,292.8,2,4,8.9,4.6,1.27,37.7,1.84,0.043,0.1184,0
NER-SIM-02955,Meghalaya,East Khasi Hills,NH-6 Shillong-Tamabil Highway,1474.7,46.58,110.9,-0.0755,-0.0405,6.03,1574.4,836.1,2,1,3.4,4.9,0.51,31.2,0.75,0.068,0.0268,0
NER-SIM-02956,Tripura,North Tripura,Jampui Hills Ridge Corridor,833.2,42.31,26.5,-0.0521,-0.0362,4.71,1341.9,509.2,1,2,22.6,30.6,2.79,43.1,2.0,0.135,0.1426,0
NER-SIM-02957,Sikkim,Mangan,North Sikkim Highway (Chungthang),1286.8,43.73,342.0,-0.0135,0.0631,4.01,1462.6,471.4,5,1,150.6,481.3,35.91,74.6,1.22,0.041,0.8755,1
NER-SIM-02958,Assam,Karbi Anglong,Diphu-Bokajan Escarpment,354.4,33.84,187.9,0.1067,-0.0337,4.62,199.1,967.6,1,1,153.0,350.5,35.71,82.9,16.79,5.204,0.9208,1
NER-SIM-02959,Assam,Karbi Anglong,Diphu-Bokajan Escarpment,422.5,32.71,127.5,-0.0087,0.0605,6.25,550.6,162.4,1,1,100.1,197.0,30.89,85.6,22.92,3.335,0.6653,1
NER-SIM-02960,Assam,Karbi Anglong,Diphu-Bokajan Escarpment,50.0,37.42,165.5,0.0105,-0.0092,6.26,1324.3,472.0,1,3,131.6,236.9,22.12,93.4,51.93,1.254,0.8159,1
NER-SIM-02961,Mizoram,Champhai,Champhai-Zokhawthar Border Cut,1553.7,22.2,268.3,0.09,-0.0388,5.53,1495.4,305.3,2,1,1.6,2.3,0.14,43.5,2.47,0.0,0.0483,0
NER-SIM-02962,Assam,Dima Hasao,NH-27 Lumding-Haflong Hill Cut,1342.8,29.85,329.3,0.0291,0.0503,6.84,248.6,434.6,1,1,9.9,8.4,0.77,37.5,2.03,0.08,0.0818,0
NER-SIM-02963,Tripura,North Tripura,Jampui Hills Ridge Corridor,645.7,26.37,226.8,-0.0392,0.0543,5.05,2286.9,199.7,1,2,222.4,626.9,30.67,75.3,4.84,0.034,0.9362,1
NER-SIM-02964,Sikkim,Mangan,North Sikkim Highway (Chungthang),1459.5,47.62,101.6,-0.0304,0.0817,5.89,31.6,403.3,5,1,16.1,19.0,2.39,37.5,2.81,0.08,0.2654,0
NER-SIM-02965,Manipur,Chandel,NH-102 Imphal-Moreh Corridor,1386.1,23.42,109.0,-0.0161,0.1522,8.15,1904.9,17.5,2,3,12.2,20.7,1.1,52.2,1.8,0.041,0.1157,0
NER-SIM-02966,Arunachal Pradesh,West Kameng,Bhalukpong-Bomdila-Tawang Route,2130.8,44.95,242.5,0.0863,-0.0354,4.94,1932.3,924.5,5,1,25.9,22.7,3.06,41.7,1.77,0.081,0.052,0
NER-SIM-02967,Nagaland,Phek,Phek-Meluri Road Corridor,1405.0,51.16,350.7,-0.0178,0.0306,3.84,1260.7,64.0,3,2,2.2,4.0,0.17,46.3,2.07,0.011,0.1779,0
NER-SIM-02968,Nagaland,Phek,Phek-Meluri Road Corridor,1953.0,28.85,344.2,0.023,-0.0222,9.06,2446.7,236.1,2,4,196.5,392.9,55.51,75.7,9.1,0.037,0.8362,1
NER-SIM-02969,Manipur,Noney,Tupul Railway Corridor Section,653.0,47.96,290.9,0.0415,0.0366,2.0,115.8,353.1,3,2,112.0,336.4,15.72,76.3,10.29,0.029,0.8539,1
NER-SIM-02970,Arunachal Pradesh,Lower Subansiri,Ziro Foothill Section,1659.5,29.53,174.0,-0.0413,-0.019,3.96,2541.1,104.8,3,2,83.2,265.1,13.32,80.7,20.42,0.093,0.5736,1
NER-SIM-02971,Arunachal Pradesh,Lower Subansiri,Ziro Foothill Section,1741.9,23.59,235.1,0.0857,0.0373,3.18,293.7,56.8,5,4,69.9,173.1,22.98,81.1,21.46,0.053,0.4881,0
NER-SIM-02972,Sikkim,Pakyong,NH-10 Sevoke-Gangtok Corridor,1029.9,33.97,216.8,0.1275,0.0121,5.67,3857.4,159.0,5,3,18.0,25.1,1.2,51.1,1.28,0.0,0.1671,0
NER-SIM-02973,Arunachal Pradesh,West Kameng,Bhalukpong-Bomdila-Tawang Route,2040.1,28.84,200.2,0.0002,0.025,6.79,524.6,346.0,5,1,0.3,0.2,0.03,33.0,1.52,0.102,0.0471,0
NER-SIM-02974,Tripura,North Tripura,Jampui Hills Ridge Corridor,1336.8,25.59,52.5,0.0185,0.0266,4.97,1819.4,251.0,1,1,83.6,202.5,11.3,85.2,27.68,0.006,0.4766,0
NER-SIM-02975,Sikkim,Pakyong,NH-10 Sevoke-Gangtok Corridor,932.9,42.15,324.4,-0.0852,-0.0035,2.85,3348.3,423.5,4,3,9.7,14.2,0.69,41.0,0.0,0.06,0.1177,0
NER-SIM-02976,Assam,Karbi Anglong,Diphu-Bokajan Escarpment,460.7,17.69,145.6,0.0319,-0.0116,5.29,2789.4,850.5,2,2,3.4,2.3,0.43,42.7,2.04,0.0,0.0465,0
NER-SIM-02977,Assam,Karbi Anglong,Diphu-Bokajan Escarpment,410.9,22.41,8.7,-0.0009,-0.0011,3.99,31.2,40.7,1,4,245.3,633.8,50.61,81.4,18.49,0.03,0.9854,1
NER-SIM-02978,Mizoram,Champhai,Champhai-Zokhawthar Border Cut,1211.0,35.45,116.0,0.072,0.006,5.55,454.0,96.8,1,4,1.5,1.2,0.12,33.8,1.53,0.06,0.1353,0
NER-SIM-02979,Meghalaya,East Khasi Hills,NH-6 Shillong-Tamabil Highway,995.7,39.83,107.6,-0.0309,-0.0217,6.49,617.1,465.7,1,2,153.6,287.2,24.38,75.1,8.32,0.058,0.7969,1
NER-SIM-02980,Assam,Karbi Anglong,Diphu-Bokajan Escarpment,592.7,31.68,226.4,-0.0508,-0.0077,5.55,206.5,553.6,1,4,55.8,102.4,7.44,63.2,3.42,0.037,0.0891,0
NER-SIM-02981,Manipur,Noney,Tupul Railway Corridor Section,383.9,42.99,230.3,0.0348,0.1421,4.89,684.7,17.0,2,2,226.3,484.0,66.92,73.6,2.93,0.037,0.9834,1
NER-SIM-02982,Sikkim,Pakyong,NH-10 Sevoke-Gangtok Corridor,967.3,34.86,309.7,-0.0675,-0.0392,2.0,1159.7,126.4,4,4,82.9,247.7,16.82,77.9,13.17,0.023,0.5981,1
NER-SIM-02983,Mizoram,Aizawl,Aizawl-Lunglei Road Slopes,830.7,38.45,37.7,-0.0013,0.0233,3.54,1077.6,90.6,1,1,26.5,30.8,3.1,48.1,1.63,0.068,0.0836,0
NER-SIM-02984,Mizoram,Aizawl,Aizawl-Lunglei Road Slopes,1387.9,28.03,126.2,0.0038,-0.1177,5.85,2872.0,112.0,1,1,113.5,192.2,21.52,78.0,16.1,0.085,0.495,0
NER-SIM-02985,Manipur,Noney,Tupul Railway Corridor Section,1084.4,43.41,242.3,0.0284,-0.0084,6.14,305.4,277.7,3,2,26.7,58.2,4.11,46.0,0.0,0.03,0.2131,0
NER-SIM-02986,Arunachal Pradesh,Lower Subansiri,Ziro Foothill Section,1708.3,32.18,120.3,0.0139,0.0917,7.18,1163.7,327.7,4,3,6.7,11.6,0.47,41.1,4.45,0.037,0.2215,0
NER-SIM-02987,Manipur,Chandel,NH-102 Imphal-Moreh Corridor,1125.6,15.13,131.4,0.0554,-0.0516,8.41,124.9,23.4,2,2,5.2,4.9,0.38,37.8,1.26,0.03,0.0492,0
NER-SIM-02988,Manipur,Chandel,NH-102 Imphal-Moreh Corridor,647.1,32.71,288.3,-0.0213,0.0478,6.72,989.8,1026.2,2,4,153.8,445.7,44.57,68.1,1.49,0.019,0.8621,1
NER-SIM-02989,Mizoram,Champhai,Champhai-Zokhawthar Border Cut,1787.4,36.39,152.0,0.0861,-0.0349,3.01,5432.8,456.0,1,1,8.5,9.3,1.07,47.3,0.0,0.0,0.0823,0
NER-SIM-02990,Assam,Dima Hasao,NH-27 Lumding-Haflong Hill Cut,50.0,23.28,228.9,-0.0665,0.0106,4.41,1971.7,291.5,1,1,13.9,19.5,0.95,41.8,0.69,0.113,0.0423,0
NER-SIM-02991,Assam,Dima Hasao,NH-27 Lumding-Haflong Hill Cut,1099.7,43.95,125.8,-0.0635,-0.029,9.87,855.0,1012.3,1,4,1.9,2.7,0.22,34.2,2.24,0.049,0.0423,0
NER-SIM-02992,Arunachal Pradesh,Lower Subansiri,Ziro Foothill Section,1916.1,40.14,129.5,0.0238,-0.0245,6.41,1661.2,91.0,3,1,5.1,8.9,0.76,28.6,2.95,0.0,0.0984,0
NER-SIM-02993,Nagaland,Kohima,NH-29 Dimapur-Kohima By-pass,1405.1,31.61,126.2,0.0588,-0.0261,7.5,11.4,11.7,3,3,278.3,827.7,62.23,88.9,35.31,0.053,0.9996,1
NER-SIM-02994,Mizoram,Aizawl,Aizawl-Lunglei Road Slopes,888.3,29.77,29.5,0.0172,0.0261,6.1,28.6,704.0,2,1,6.3,9.6,0.48,29.6,3.03,0.039,0.0678,0
NER-SIM-02995,Manipur,Chandel,NH-102 Imphal-Moreh Corridor,905.7,34.03,258.0,0.0902,0.0524,5.4,987.2,102.0,3,3,13.5,8.3,1.86,39.4,3.44,0.117,0.1559,0
NER-SIM-02996,Arunachal Pradesh,Lower Subansiri,Ziro Foothill Section,1265.5,37.58,134.0,0.0428,0.0644,6.9,16.6,42.7,3,4,14.5,33.4,4.83,37.8,2.19,0.076,0.1917,0
NER-SIM-02997,Meghalaya,East Khasi Hills,NH-6 Shillong-Tamabil Highway,1465.6,41.62,61.3,-0.0121,-0.0275,5.65,640.4,563.1,2,3,19.1,23.4,1.57,26.0,0.0,0.082,0.1191,0
NER-SIM-02998,Meghalaya,South West Khasi Hills,Mawsynram Valley Slopes,1589.0,29.28,342.2,-0.0127,0.0325,5.28,1614.8,83.6,2,2,4.3,4.6,0.33,30.9,2.23,0.076,0.1176,0
NER-SIM-02999,Assam,Dima Hasao,NH-27 Lumding-Haflong Hill Cut,693.5,52.66,217.8,0.0084,0.0131,5.87,148.8,472.8,1,3,17.9,9.2,1.54,45.5,3.79,0.032,0.3837,0
NER-SIM-03000,Arunachal Pradesh,Lower Subansiri,Ziro Foothill Section,1647.1,39.79,37.6,-0.0168,0.0314,4.57,652.0,117.4,4,1,21.1,31.8,1.43,35.5,1.48,0.057,0.2216,0
NER-SIM-03001,Manipur,Chandel,NH-102 Imphal-Moreh Corridor,984.1,36.06,174.2,-0.1378,0.004,4.46,1360.1,29.2,3,3,5.8,4.8,0.74,29.8,3.56,0.035,0.1881,0
NER-SIM-03002,Manipur,Noney,Tupul Railway Corridor Section,427.1,41.16,277.5,-0.0023,-0.0884,4.76,870.3,278.2,3,1,94.9,204.8,16.08,76.5,13.72,0.045,0.7318,1
NER-SIM-03003,Mizoram,Champhai,Champhai-Zokhawthar Border Cut,1832.5,33.56,98.3,0.1133,0.0373,5.97,182.5,853.8,1,1,14.7,14.0,1.16,38.1,2.26,0.0,0.0521,0
NER-SIM-03004,Tripura,North Tripura,Jampui Hills Ridge Corridor,480.9,36.68,192.2,-0.0897,-0.055,7.65,1487.8,1026.4,1,2,14.2,15.9,1.02,36.7,2.44,0.032,0.0371,0
NER-SIM-03005,Manipur,Noney,Tupul Railway Corridor Section,947.8,33.95,251.6,-0.0447,0.0776,7.23,383.2,265.1,3,2,18.0,32.0,2.53,31.4,0.71,0.019,0.1549,0
NER-SIM-03006,Meghalaya,South West Khasi Hills,Mawsynram Valley Slopes,958.3,42.55,334.5,0.051,-0.033,5.19,66.4,282.0,1,1,15.9,16.8,1.9,46.4,3.68,0.017,0.1185,0
NER-SIM-03007,Arunachal Pradesh,West Kameng,Bhalukpong-Bomdila-Tawang Route,1812.3,51.81,49.9,0.0101,-0.0138,2.4,1300.9,144.8,5,1,8.4,5.7,0.8,43.9,6.18,0.058,0.0859,0
NER-SIM-03008,Assam,Dima Hasao,NH-27 Lumding-Haflong Hill Cut,768.0,29.96,279.9,0.0892,-0.0271,4.36,2524.8,172.6,1,1,136.6,298.7,21.55,69.5,1.29,0.0,0.5866,1
NER-SIM-03009,Arunachal Pradesh,Lower Subansiri,Ziro Foothill Section,1551.9,25.33,215.0,0.0697,-0.0284,7.62,2065.8,115.8,4,1,189.0,583.4,27.47,79.7,12.52,0.145,0.9586,1
NER-SIM-03010,Mizoram,Aizawl,Aizawl-Lunglei Road Slopes,1146.0,40.55,31.6,0.0062,0.0325,4.31,229.0,30.9,1,4,250.2,385.7,32.82,79.3,17.21,0.067,0.9701,1
NER-SIM-03011,Meghalaya,South West Khasi Hills,Mawsynram Valley Slopes,1271.9,28.43,169.3,0.0238,-0.0151,4.54,3278.2,4.9,2,1,68.5,122.2,11.84,71.2,3.85,0.037,0.2063,0
NER-SIM-03012,Assam,Karbi Anglong,Diphu-Bokajan Escarpment,50.0,34.81,160.6,-0.0024,-0.0863,7.92,993.1,340.5,2,1,53.7,88.7,7.52,51.1,5.79,0.006,0.2174,0
NER-SIM-03013,Sikkim,Pakyong,NH-10 Sevoke-Gangtok Corridor,1419.0,27.28,282.9,-0.0115,0.1741,5.45,738.9,27.8,3,3,24.1,33.5,2.47,49.9,2.43,0.051,0.1181,0
NER-SIM-03014,Manipur,Chandel,NH-102 Imphal-Moreh Corridor,1105.5,26.23,13.4,-0.0922,0.0139,6.19,4158.9,662.2,3,2,166.9,446.7,32.66,83.8,22.2,0.053,0.8923,1
NER-SIM-03015,Assam,Karbi Anglong,Diphu-Bokajan Escarpment,545.3,19.53,333.0,0.0357,-0.0206,5.69,2820.4,382.3,1,4,44.1,102.5,10.56,68.8,0.37,0.044,0.1905,0
NER-SIM-03016,Assam,Dima Hasao,NH-27 Lumding-Haflong Hill Cut,812.3,28.91,80.6,0.0083,-0.0384,6.52,313.4,56.7,1,2,13.3,14.4,0.97,48.7,2.21,0.073,0.1105,0
NER-SIM-03017,Assam,Karbi Anglong,Diphu-Bokajan Escarpment,461.6,18.84,261.3,0.0897,0.1073,3.84,895.6,27.3,1,4,14.2,17.9,2.29,44.2,1.1,0.105,0.0332,0
NER-SIM-03018,Nagaland,Phek,Phek-Meluri Road Corridor,1642.3,22.51,116.5,-0.0247,-0.0277,8.11,996.5,458.0,2,2,1.9,1.2,0.24,30.4,1.58,0.051,0.0247,0
NER-SIM-03019,Arunachal Pradesh,West Kameng,Bhalukpong-Bomdila-Tawang Route,2091.9,49.94,131.3,-0.025,0.0107,4.7,676.7,25.1,4,3,29.5,36.9,3.1,42.9,3.19,0.065,0.4971,0
NER-SIM-03020,Manipur,Chandel,NH-102 Imphal-Moreh Corridor,1345.0,32.64,26.6,0.0362,-0.0358,4.25,2631.2,913.1,3,3,4.4,6.1,0.59,40.1,1.99,0.034,0.0813,0
NER-SIM-03021,Meghalaya,South West Khasi Hills,Mawsynram Valley Slopes,1161.9,32.75,45.4,0.0333,0.0755,6.23,58.1,227.3,3,1,58.4,168.6,7.33,79.4,14.4,0.052,0.3709,0
NER-SIM-03022,Sikkim,Mangan,North Sikkim Highway (Chungthang),1769.1,52.21,227.6,0.1749,0.0046,2.03,164.6,817.8,5,4,53.1,100.3,10.27,54.9,0.54,0.125,0.373,0
NER-SIM-03023,Meghalaya,South West Khasi Hills,Mawsynram Valley Slopes,1507.9,39.4,162.3,0.002,-0.0501,7.02,1637.3,3.7,1,3,66.6,189.4,10.4,80.9,22.07,0.086,0.5551,1
NER-SIM-03024,Nagaland,Kohima,NH-29 Dimapur-Kohima By-pass,1699.6,31.62,39.5,-0.1227,-0.0154,4.29,2361.0,3.0,4,3,64.5,202.6,11.9,80.1,14.57,0.053,0.6046,1
NER-SIM-03025,Meghalaya,South West Khasi Hills,Mawsynram Valley Slopes,1782.5,37.01,3.8,0.0058,0.0654,5.01,1816.2,96.0,2,4,3.2,5.1,0.4,36.8,1.12,0.052,0.0755,0
NER-SIM-03026,Arunachal Pradesh,Lower Subansiri,Ziro Foothill Section,1861.3,19.92,15.9,-0.0445,-0.0303,4.35,1268.7,53.6,3,4,102.5,215.5,14.75,88.3,36.05,0.072,0.5912,1
NER-SIM-03027,Sikkim,Mangan,North Sikkim Highway (Chungthang),1987.5,45.67,128.3,-0.0202,-0.0188,6.51,1456.6,249.8,4,1,1.8,1.3,0.28,42.7,0.04,0.06,0.0615,0
NER-SIM-03028,Manipur,Chandel,NH-102 Imphal-Moreh Corridor,1023.3,38.54,152.4,-0.059,-0.0574,4.83,1089.6,230.9,3,1,161.9,292.8,40.14,75.9,8.75,0.011,0.7554,1
NER-SIM-03029,Nagaland,Phek,Phek-Meluri Road Corridor,2142.0,26.67,77.6,0.042,-0.0092,5.04,434.8,84.9,2,2,35.5,57.6,10.49,49.8,2.41,0.104,0.1788,0
NER-SIM-03030,Mizoram,Champhai,Champhai-Zokhawthar Border Cut,1376.8,31.08,339.7,-0.0566,-0.0219,5.51,920.8,46.1,2,4,4.9,7.6,0.36,38.5,2.3,0.098,0.0783,0
NER-SIM-03031,Manipur,Noney,Tupul Railway Corridor Section,917.6,39.74,267.4,0.0206,0.0126,4.25,569.1,107.1,2,4,3.3,4.5,0.27,35.6,2.41,0.047,0.1165,0
NER-SIM-03032,Meghalaya,East Khasi Hills,NH-6 Shillong-Tamabil Highway,1198.0,32.8,313.7,0.0351,0.0163,5.52,2510.6,30.2,1,2,8.9,4.5,0.68,23.4,1.24,0.047,0.0434,0
NER-SIM-03033,Arunachal Pradesh,West Kameng,Bhalukpong-Bomdila-Tawang Route,2240.1,27.19,353.7,0.0113,-0.0095,6.97,523.7,261.3,5,1,52.3,143.1,16.41,71.7,3.13,0.1,0.4675,0
NER-SIM-03034,Sikkim,Mangan,North Sikkim Highway (Chungthang),1664.6,52.37,139.8,-0.0805,0.0419,6.01,637.9,685.0,5,1,3.2,4.6,0.26,36.3,1.24,0.056,0.081,0
NER-SIM-03035,Sikkim,Mangan,North Sikkim Highway (Chungthang),2282.1,37.76,338.4,0.0041,-0.0689,4.48,29.7,1111.2,5,2,15.0,12.6,1.06,29.9,2.79,0.026,0.2586,0
NER-SIM-03036,Tripura,North Tripura,Jampui Hills Ridge Corridor,766.1,29.0,338.7,-0.0049,-0.0107,5.86,649.6,236.0,1,1,196.7,610.9,27.21,81.4,18.01,0.067,0.9607,1
NER-SIM-03037,Mizoram,Aizawl,Aizawl-Lunglei Road Slopes,878.9,33.5,11.3,0.0417,0.072,4.63,2869.4,53.1,2,3,29.9,47.9,3.96,45.1,6.15,0.025,0.182,0
NER-SIM-03038,Nagaland,Kohima,NH-29 Dimapur-Kohima By-pass,1654.3,40.26,354.4,-0.014,-0.0573,8.78,534.0,175.6,3,4,45.5,134.0,10.31,75.6,10.26,0.058,0.339,0
NER-SIM-03039,Meghalaya,East Khasi Hills,NH-6 Shillong-Tamabil Highway,1612.1,31.12,27.3,-0.0308,0.0396,3.82,667.2,217.1,1,2,9.1,10.6,0.73,30.3,2.83,0.079,0.0558,0
NER-SIM-03040,Nagaland,Kohima,NH-29 Dimapur-Kohima By-pass,1087.3,33.85,273.8,0.0467,0.0331,5.17,3347.8,130.3,2,2,161.6,312.3,25.47,85.4,19.42,1.145,0.8329,1
NER-SIM-03041,Meghalaya,South West Khasi Hills,Mawsynram Valley Slopes,623.3,30.41,206.8,0.0207,0.0206,7.71,631.9,389.3,2,2,83.6,164.7,17.98,72.1,0.0,0.013,0.4652,0
NER-SIM-03042,Meghalaya,East Khasi Hills,NH-6 Shillong-Tamabil Highway,1758.9,30.66,250.4,-0.0081,-0.0256,3.43,490.0,215.6,2,1,13.8,17.1,0.93,41.0,2.32,0.0,0.0873,0
NER-SIM-03043,Meghalaya,East Khasi Hills,NH-6 Shillong-Tamabil Highway,1788.5,14.97,291.8,-0.1143,-0.0709,6.66,259.7,175.1,2,3,90.2,275.5,17.28,86.5,35.37,0.067,0.743,1
NER-SIM-03044,Assam,Karbi Anglong,Diphu-Bokajan Escarpment,50.0,34.6,94.1,-0.0638,0.0389,8.25,1350.1,1005.8,1,3,8.9,10.8,1.49,37.5,1.69,0.058,0.1084,0
NER-SIM-03045,Nagaland,Kohima,NH-29 Dimapur-Kohima By-pass,1637.9,32.99,252.5,-0.062,0.0519,4.95,759.8,222.8,2,1,31.9,52.8,3.13,53.4,3.67,0.097,0.125,0
NER-SIM-03046,Mizoram,Champhai,Champhai-Zokhawthar Border Cut,1932.9,38.89,267.7,0.0676,0.0599,3.95,713.6,92.6,1,3,82.5,184.9,11.96,79.7,16.09,0.058,0.5945,1
NER-SIM-03047,Manipur,Noney,Tupul Railway Corridor Section,837.6,38.22,56.0,-0.0226,0.0224,4.99,293.7,1233.3,2,3,2.0,1.9,0.23,48.5,2.26,0.015,0.1287,0
NER-SIM-03048,Manipur,Chandel,NH-102 Imphal-Moreh Corridor,869.0,24.66,28.9,-0.0912,0.0136,7.96,120.3,65.7,2,1,200.6,521.2,26.82,94.2,51.6,0.0,0.9805,1
NER-SIM-03049,Nagaland,Kohima,NH-29 Dimapur-Kohima By-pass,1489.2,28.86,241.6,-0.066,0.0226,4.99,97.4,243.1,3,1,17.1,28.1,1.16,38.4,1.71,0.064,0.1692,0
NER-SIM-03050,Manipur,Noney,Tupul Railway Corridor Section,667.0,31.92,7.9,0.0604,0.0406,5.48,444.1,29.0,3,3,7.9,9.3,1.28,35.0,4.54,0.064,0.1962,0
NER-SIM-03051,Mizoram,Aizawl,Aizawl-Lunglei Road Slopes,1527.4,32.98,326.3,0.0469,0.0887,5.43,1121.7,253.3,2,3,3.9,2.4,0.34,28.2,2.15,0.11,0.1552,0
NER-SIM-03052,Nagaland,Kohima,NH-29 Dimapur-Kohima By-pass,1495.5,35.25,153.3,0.0663,0.0059,5.41,284.4,991.3,2,3,22.7,38.6,2.2,33.0,1.38,0.035,0.1277,0
NER-SIM-03053,Manipur,Chandel,NH-102 Imphal-Moreh Corridor,762.3,25.82,63.7,0.0624,0.0276,4.56,1065.3,275.4,1,1,103.4,176.9,28.01,83.9,26.6,0.071,0.4342,0
NER-SIM-03054,Meghalaya,South West Khasi Hills,Mawsynram Valley Slopes,976.7,34.51,158.3,-0.0349,0.058,5.37,351.1,243.5,1,1,1.1,1.7,0.1,37.8,0.0,0.063,0.0819,0
NER-SIM-03055,Manipur,Chandel,NH-102 Imphal-Moreh Corridor,669.3,30.12,50.3,0.1445,0.129,6.07,1407.2,490.7,3,2,42.0,95.9,9.6,65.6,1.73,0.039,0.2164,0
NER-SIM-03056,Assam,Karbi Anglong,Diphu-Bokajan Escarpment,877.8,29.29,48.8,0.0201,0.0711,5.12,82.2,799.6,1,2,32.0,75.6,4.35,59.7,1.47,0.029,0.1415,0
NER-SIM-03057,Mizoram,Aizawl,Aizawl-Lunglei Road Slopes,869.4,49.93,241.2,0.086,0.005,3.88,2546.8,76.2,1,3,0.7,0.5,0.05,38.3,0.0,0.106,0.1675,0
NER-SIM-03058,Nagaland,Kohima,NH-29 Dimapur-Kohima By-pass,1262.6,36.95,14.0,0.0039,0.0043,6.93,421.6,386.7,3,3,40.6,97.0,5.35,59.0,1.04,0.0,0.254,0
NER-SIM-03059,Meghalaya,South West Khasi Hills,Mawsynram Valley Slopes,1140.3,30.98,62.0,-0.0746,-0.0277,7.19,1903.2,65.2,2,2,154.2,435.5,23.01,75.8,12.67,0.035,0.8707,1
NER-SIM-03060,Meghalaya,East Khasi Hills,NH-6 Shillong-Tamabil Highway,1334.4,16.54,221.4,-0.0021,0.0535,6.42,2136.6,256.4,2,4,0.3,0.2,0.02,35.1,1.53,0.126,0.0353,0
NER-SIM-03061,Nagaland,Phek,Phek-Meluri Road Corridor,1601.0,33.1,193.8,-0.0304,-0.0412,6.25,495.2,1102.4,3,3,36.7,81.9,8.46,48.5,0.0,0.0,0.2221,0
NER-SIM-03062,Meghalaya,East Khasi Hills,NH-6 Shillong-Tamabil Highway,1301.9,27.37,236.4,-0.0411,-0.004,9.02,248.3,123.7,2,2,6.5,6.7,0.67,40.0,4.32,0.0,0.1212,0
NER-SIM-03063,Meghalaya,South West Khasi Hills,Mawsynram Valley Slopes,1277.2,32.62,264.1,0.069,0.0129,6.83,5.2,102.9,1,2,18.4,27.1,1.26,48.9,4.09,0.0,0.1435,0
NER-SIM-03064,Sikkim,Mangan,North Sikkim Highway (Chungthang),1613.0,46.03,3.4,0.034,-0.0676,4.84,1609.5,225.3,5,1,4.7,7.1,0.6,37.2,4.92,0.0,0.1198,0
NER-SIM-03065,Manipur,Noney,Tupul Railway Corridor Section,542.1,31.58,238.6,0.0461,-0.0203,3.76,584.0,505.8,4,4,252.2,715.3,58.93,80.0,20.82,0.103,0.9814,1
NER-SIM-03066,Arunachal Pradesh,West Kameng,Bhalukpong-Bomdila-Tawang Route,1968.9,37.58,30.1,0.0321,-0.0303,5.12,1359.6,265.9,5,4,50.6,140.4,10.29,74.3,0.36,0.0,0.1897,0
NER-SIM-03067,Mizoram,Aizawl,Aizawl-Lunglei Road Slopes,1185.3,43.05,207.6,-0.0631,0.0944,6.47,481.5,4.4,1,3,6.3,5.2,0.61,35.3,2.91,0.046,0.2186,0
NER-SIM-03068,Manipur,Noney,Tupul Railway Corridor Section,1012.7,49.65,327.8,0.097,-0.0117,6.01,1805.1,1546.9,3,2,15.3,14.7,1.2,42.6,0.77,0.041,0.1252,0
NER-SIM-03069,Nagaland,Kohima,NH-29 Dimapur-Kohima By-pass,1641.0,46.55,116.4,0.0039,-0.0262,4.32,1756.3,351.9,2,3,24.6,18.7,2.3,43.2,1.45,0.012,0.2699,0
NER-SIM-03070,Sikkim,Mangan,North Sikkim Highway (Chungthang),1970.9,51.9,201.8,-0.0415,-0.0266,2.0,1758.6,668.5,4,4,63.7,119.9,8.32,65.8,0.0,0.107,0.43,0
NER-SIM-03071,Assam,Dima Hasao,NH-27 Lumding-Haflong Hill Cut,494.6,35.12,229.0,0.0132,0.0086,6.2,332.1,42.1,1,1,30.6,18.0,2.95,34.7,4.26,0.0,0.1315,0
NER-SIM-03072,Assam,Karbi Anglong,Diphu-Bokajan Escarpment,89.4,29.28,260.3,-0.0506,-0.1052,6.19,861.7,1171.5,1,1,91.8,257.0,14.67,79.9,18.44,0.059,0.43,0
NER-SIM-03073,Nagaland,Phek,Phek-Meluri Road Corridor,1466.0,44.41,187.7,0.019,-0.0473,4.08,2218.5,260.3,4,2,2.5,2.4,0.19,36.2,1.3,0.103,0.1561,0
NER-SIM-03074,Manipur,Chandel,NH-102 Imphal-Moreh Corridor,1166.0,27.98,154.5,0.0512,0.0798,4.95,860.2,93.0,4,3,9.0,13.9,0.65,44.0,2.41,0.118,0.1766,0
NER-SIM-03075,Arunachal Pradesh,West Kameng,Bhalukpong-Bomdila-Tawang Route,2019.4,46.14,315.2,-0.0493,0.019,3.38,315.4,248.2,3,3,23.6,34.3,1.84,46.5,1.55,0.039,0.2682,0
NER-SIM-03076,Manipur,Chandel,NH-102 Imphal-Moreh Corridor,1105.2,23.42,223.3,-0.0134,0.0627,5.4,1062.1,67.9,3,1,65.5,40.6,6.32,47.8,1.32,0.0,0.0948,0
NER-SIM-03077,Sikkim,Mangan,North Sikkim Highway (Chungthang),1560.6,39.51,97.4,-0.0683,-0.0264,2.94,1800.5,626.9,5,1,44.3,111.0,11.26,61.6,1.96,0.0,0.2264,0
NER-SIM-03078,Mizoram,Aizawl,Aizawl-Lunglei Road Slopes,1090.2,29.35,320.9,-0.0199,0.0147,6.58,1263.8,253.2,2,2,17.6,27.5,1.66,35.1,0.54,0.031,0.0388,0
NER-SIM-03079,Nagaland,Phek,Phek-Meluri Road Corridor,1402.6,33.34,359.4,-0.0322,0.033,5.04,244.8,486.8,2,2,206.4,416.8,45.01,89.6,31.67,0.562,0.9698,1
NER-SIM-03080,Assam,Dima Hasao,NH-27 Lumding-Haflong Hill Cut,1269.4,42.32,32.9,0.0651,-0.0961,5.77,917.1,428.4,2,4,1.3,2.1,0.12,35.0,0.56,0.067,0.0444,0
NER-SIM-03081,Assam,Dima Hasao,NH-27 Lumding-Haflong Hill Cut,640.7,38.04,239.6,-0.0198,-0.0453,5.34,482.1,402.7,1,3,14.6,16.9,1.49,36.0,2.91,0.088,0.1729,0
NER-SIM-03082,Mizoram,Aizawl,Aizawl-Lunglei Road Slopes,1202.5,25.59,299.8,0.0029,0.0156,4.9,1488.8,110.2,2,3,11.6,12.1,1.69,37.2,3.64,0.063,0.0741,0
NER-SIM-03083,Meghalaya,East Khasi Hills,NH-6 Shillong-Tamabil Highway,1906.0,29.67,273.7,-0.0356,-0.0558,5.97,686.7,316.9,2,4,3.1,4.1,0.31,44.7,1.29,0.019,0.0531,0
NER-SIM-03084,Nagaland,Phek,Phek-Meluri Road Corridor,1454.6,37.89,122.6,0.0004,-0.0461,4.73,2572.4,48.3,4,3,19.4,16.5,1.83,53.4,1.71,0.027,0.2118,0
NER-SIM-03085,Meghalaya,South West Khasi Hills,Mawsynram Valley Slopes,1429.2,7.14,13.4,-0.1271,0.0736,4.84,1693.2,56.7,3,2,4.1,4.6,0.44,32.0,0.0,0.057,0.0893,0
NER-SIM-03086,Meghalaya,South West Khasi Hills,Mawsynram Valley Slopes,1397.2,32.04,153.1,0.0224,-0.0739,4.59,687.0,91.2,2,3,42.9,57.2,3.21,63.9,0.19,0.101,0.3085,0
NER-SIM-03087,Nagaland,Kohima,NH-29 Dimapur-Kohima By-pass,999.7,33.22,237.4,-0.0001,0.0524,8.3,110.4,103.7,3,3,4.8,7.8,0.68,40.7,0.0,0.034,0.2756,0
NER-SIM-03088,Nagaland,Kohima,NH-29 Dimapur-Kohima By-pass,1171.5,48.37,44.0,0.0522,-0.0692,3.84,5.8,606.3,2,4,39.2,94.0,8.4,63.5,1.2,0.05,0.3149,0
NER-SIM-03089,Nagaland,Phek,Phek-Meluri Road Corridor,1893.4,31.78,44.4,-0.0405,0.0569,5.98,484.9,244.9,2,3,30.0,27.9,3.82,36.5,0.65,0.146,0.2035,0
NER-SIM-03090,Assam,Karbi Anglong,Diphu-Bokajan Escarpment,867.3,33.14,287.7,-0.1068,-0.0611,6.32,1717.0,1271.8,1,3,2.4,1.9,0.23,43.1,0.56,0.059,0.0897,0
NER-SIM-03091,Meghalaya,South West Khasi Hills,Mawsynram Valley Slopes,1273.6,33.22,221.6,-0.0018,-0.0804,5.14,58.8,6.1,1,1,92.1,241.1,26.28,74.5,5.21,0.076,0.5703,1
NER-SIM-03092,Meghalaya,South West Khasi Hills,Mawsynram Valley Slopes,1391.7,40.69,158.3,-0.0195,-0.0298,4.0,354.1,81.9,2,1,29.6,37.4,2.68,37.5,3.39,0.095,0.125,0
NER-SIM-03093,Manipur,Noney,Tupul Railway Corridor Section,646.0,44.33,107.3,0.0709,-0.0601,6.07,958.7,85.6,2,2,12.5,15.6,1.04,39.7,4.33,0.124,0.1544,0
NER-SIM-03094,Nagaland,Phek,Phek-Meluri Road Corridor,1372.9,37.12,96.7,0.0593,-0.0222,3.55,2747.5,559.1,2,1,11.1,8.4,1.0,42.0,0.0,0.034,0.0593,0
NER-SIM-03095,Mizoram,Champhai,Champhai-Zokhawthar Border Cut,1627.0,28.56,337.0,-0.0326,0.0411,8.24,134.3,110.4,2,2,64.6,114.4,14.68,68.4,2.0,0.142,0.3336,0
NER-SIM-03096,Manipur,Chandel,NH-102 Imphal-Moreh Corridor,1068.5,28.79,75.4,0.0795,0.006,4.52,775.0,751.8,3,2,96.2,270.6,18.21,78.4,15.81,0.028,0.6213,1
NER-SIM-03097,Nagaland,Kohima,NH-29 Dimapur-Kohima By-pass,1262.6,35.36,103.6,0.0404,0.0308,3.78,325.6,50.1,2,2,99.0,200.1,19.01,81.8,19.89,0.052,0.7861,1
NER-SIM-03098,Meghalaya,East Khasi Hills,NH-6 Shillong-Tamabil Highway,1264.6,11.78,298.9,-0.0329,-0.0287,6.24,859.5,220.1,1,3,11.4,6.7,0.9,28.7,3.67,0.016,0.0838,0
NER-SIM-03099,Nagaland,Kohima,NH-29 Dimapur-Kohima By-pass,1221.6,40.5,230.9,-0.0726,-0.0585,2.53,434.1,51.4,2,2,25.9,37.4,3.67,38.0,0.0,0.067,0.2282,0
NER-SIM-03100,Meghalaya,East Khasi Hills,NH-6 Shillong-Tamabil Highway,1232.0,42.44,92.7,0.0424,0.0388,4.4,467.7,141.9,2,1,1.0,0.6,0.11,32.1,2.56,0.026,0.0746,0
NER-SIM-03101,Meghalaya,South West Khasi Hills,Mawsynram Valley Slopes,890.6,52.65,232.1,-0.0565,0.0302,4.07,2974.8,35.4,2,2,4.8,4.9,0.39,30.9,5.35,0.051,0.0969,0
NER-SIM-03102,Sikkim,Mangan,North Sikkim Highway (Chungthang),1976.3,61.76,307.9,0.0357,-0.0495,2.98,3414.3,43.2,4,4,14.8,24.2,1.61,52.6,5.27,0.111,0.2494,0
NER-SIM-03103,Sikkim,Pakyong,NH-10 Sevoke-Gangtok Corridor,1089.0,40.33,193.9,-0.0548,-0.0573,2.77,957.8,393.1,3,2,52.5,107.9,13.91,64.0,0.6,0.052,0.2483,0
NER-SIM-03104,Assam,Dima Hasao,NH-27 Lumding-Haflong Hill Cut,565.0,35.96,285.8,-0.0053,-0.0135,3.36,303.9,87.6,1,4,155.8,245.2,21.62,80.6,20.16,0.029,0.7167,1
NER-SIM-03105,Manipur,Noney,Tupul Railway Corridor Section,940.4,41.87,45.9,-0.0318,-0.0654,5.66,259.9,1059.3,4,1,46.0,43.8,3.21,48.2,5.5,0.053,0.2416,0
NER-SIM-03106,Meghalaya,East Khasi Hills,NH-6 Shillong-Tamabil Highway,1293.2,33.67,182.5,-0.0473,0.0669,5.11,276.8,67.4,1,2,23.5,21.0,2.15,38.4,2.88,0.058,0.0975,0
NER-SIM-03107,Mizoram,Aizawl,Aizawl-Lunglei Road Slopes,1191.4,54.33,278.8,0.0464,0.0149,4.84,1374.6,809.5,2,3,13.0,13.0,1.56,54.1,1.42,0.067,0.1258,0
NER-SIM-03108,Meghalaya,South West Khasi Hills,Mawsynram Valley Slopes,1008.0,37.45,57.7,-0.0122,-0.0162,4.73,2219.7,432.1,1,2,238.9,622.6,31.2,84.4,24.05,0.72,0.9877,1
NER-SIM-03109,Mizoram,Champhai,Champhai-Zokhawthar Border Cut,1404.1,36.15,58.5,-0.0158,0.067,7.89,73.3,525.0,1,1,192.6,564.4,33.64,77.2,12.53,0.101,0.9669,1
NER-SIM-03110,Nagaland,Phek,Phek-Meluri Road Corridor,1414.3,35.13,8.6,0.0154,0.0245,5.31,241.3,121.7,2,1,8.6,7.3,1.08,35.0,2.52,0.081,0.0694,0
NER-SIM-03111,Arunachal Pradesh,West Kameng,Bhalukpong-Bomdila-Tawang Route,2101.8,36.66,182.0,-0.0266,0.0053,4.95,3558.4,505.5,4,2,57.9,80.7,6.75,54.0,2.02,0.034,0.3585,0
NER-SIM-03112,Manipur,Chandel,NH-102 Imphal-Moreh Corridor,991.4,25.45,310.7,0.0857,-0.0701,4.77,215.4,1273.5,3,3,3.4,2.2,0.29,38.9,0.99,0.038,0.1552,0
NER-SIM-03113,Sikkim,Pakyong,NH-10 Sevoke-Gangtok Corridor,548.7,44.11,53.3,0.0208,0.0832,3.75,292.4,598.2,3,4,67.4,193.7,14.19,75.0,1.79,0.023,0.5878,1
NER-SIM-03114,Mizoram,Champhai,Champhai-Zokhawthar Border Cut,1353.2,21.45,61.2,0.0257,-0.0575,4.95,438.1,241.7,1,2,140.5,321.3,22.11,85.9,34.97,0.07,0.8226,1
NER-SIM-03115,Meghalaya,South West Khasi Hills,Mawsynram Valley Slopes,1354.7,27.6,221.3,-0.0229,-0.055,4.64,893.1,555.2,2,1,15.2,23.6,2.13,33.8,2.71,0.087,0.0445,0
NER-SIM-03116,Assam,Karbi Anglong,Diphu-Bokajan Escarpment,622.4,28.04,33.9,0.0822,0.0391,5.67,462.6,197.7,1,1,163.4,334.7,40.85,86.1,30.4,0.029,0.7751,1
NER-SIM-03117,Arunachal Pradesh,Lower Subansiri,Ziro Foothill Section,1939.2,25.12,196.4,-0.0667,0.009,5.75,5653.2,42.4,3,2,16.0,29.1,3.05,44.2,0.1,0.024,0.19,0
NER-SIM-03118,Arunachal Pradesh,Lower Subansiri,Ziro Foothill Section,1322.0,37.59,206.2,-0.0502,-0.0271,7.2,1307.0,435.2,4,3,1.3,0.9,0.2,34.3,2.16,0.035,0.1482,0
NER-SIM-03119,Sikkim,Pakyong,NH-10 Sevoke-Gangtok Corridor,906.6,30.71,135.4,0.0114,0.0656,6.22,738.4,321.5,3,3,6.3,10.4,0.6,47.5,2.41,0.073,0.1516,0
NER-SIM-03120,Mizoram,Champhai,Champhai-Zokhawthar Border Cut,1306.4,37.3,180.6,-0.0625,-0.029,8.01,772.5,344.4,2,2,86.1,194.2,15.46,63.6,2.39,0.09,0.6107,1
NER-SIM-03121,Arunachal Pradesh,Lower Subansiri,Ziro Foothill Section,1670.2,28.08,161.9,-0.0238,-0.0799,5.38,3806.3,272.5,3,3,7.6,13.2,0.98,37.9,5.3,0.078,0.1034,0
NER-SIM-03122,Tripura,North Tripura,Jampui Hills Ridge Corridor,960.9,23.94,337.0,0.0464,0.0265,7.65,503.1,866.6,1,1,77.8,175.7,12.03,80.6,18.86,0.06,0.3651,0
NER-SIM-03123,Assam,Karbi Anglong,Diphu-Bokajan Escarpment,613.0,29.47,164.5,0.0026,0.0085,4.14,472.7,39.7,1,4,7.4,10.0,1.22,39.9,1.46,0.11,0.0703,0
NER-SIM-03124,Arunachal Pradesh,Lower Subansiri,Ziro Foothill Section,1359.7,33.78,246.3,0.0117,0.0824,5.23,783.7,238.0,4,4,11.7,12.0,1.16,47.7,1.42,0.051,0.1332,0
NER-SIM-03125,Assam,Dima Hasao,NH-27 Lumding-Haflong Hill Cut,782.8,38.1,268.2,0.0002,-0.0311,2.42,173.4,196.1,1,1,11.3,16.5,0.85,45.8,0.74,0.047,0.1045,0
NER-SIM-03126,Mizoram,Champhai,Champhai-Zokhawthar Border Cut,1003.7,35.66,165.9,-0.0009,-0.0135,3.41,116.3,68.3,1,1,29.9,31.2,3.58,50.7,1.77,0.015,0.1768,0
NER-SIM-03127,Mizoram,Aizawl,Aizawl-Lunglei Road Slopes,1067.1,41.44,346.9,0.0018,-0.0124,3.25,206.9,339.4,1,4,9.8,9.9,0.77,37.5,0.57,0.081,0.1039,0
NER-SIM-03128,Mizoram,Champhai,Champhai-Zokhawthar Border Cut,1275.0,34.15,9.4,0.0031,0.0071,2.11,744.9,224.2,2,3,130.6,252.7,19.96,75.7,12.19,0.044,0.7239,1
NER-SIM-03129,Assam,Karbi Anglong,Diphu-Bokajan Escarpment,416.6,37.53,125.7,0.0386,0.019,4.82,858.9,570.3,1,4,10.2,9.2,0.73,29.5,5.47,0.079,0.1064,0
NER-SIM-03130,Manipur,Chandel,NH-102 Imphal-Moreh Corridor,1025.3,29.85,169.7,0.0488,0.0749,7.17,3592.4,388.2,2,4,36.1,53.4,3.4,51.3,2.2,0.058,0.102,0
NER-SIM-03131,Meghalaya,South West Khasi Hills,Mawsynram Valley Slopes,1492.2,31.04,258.4,-0.0519,0.0231,4.42,431.1,3.9,2,1,41.3,33.3,2.85,47.6,0.0,0.021,0.1506,0
NER-SIM-03132,Assam,Dima Hasao,NH-27 Lumding-Haflong Hill Cut,629.9,34.08,293.3,0.0469,0.0026,2.57,1615.4,339.5,1,3,2.0,1.7,0.16,26.8,2.01,0.058,0.0831,0
NER-SIM-03133,Manipur,Chandel,NH-102 Imphal-Moreh Corridor,897.7,24.04,68.9,0.0093,-0.0468,6.74,205.0,368.5,2,3,10.1,16.4,1.37,29.5,1.47,0.079,0.1071,0
NER-SIM-03134,Sikkim,Mangan,North Sikkim Highway (Chungthang),1785.2,47.55,337.0,0.0519,0.0282,4.73,656.6,101.9,5,1,21.4,35.3,3.15,46.5,3.19,0.005,0.1817,0
NER-SIM-03135,Manipur,Noney,Tupul Railway Corridor Section,496.6,41.07,274.4,-0.0097,-0.034,3.45,1451.8,87.4,3,4,13.5,8.3,1.9,33.3,2.91,0.073,0.1103,0
NER-SIM-03136,Sikkim,Pakyong,NH-10 Sevoke-Gangtok Corridor,823.4,30.05,95.6,0.0521,0.0455,5.0,505.2,140.5,4,1,8.8,9.4,0.82,34.8,5.3,0.0,0.0768,0
NER-SIM-03137,Arunachal Pradesh,West Kameng,Bhalukpong-Bomdila-Tawang Route,2055.2,42.85,257.5,0.0414,0.0063,2.58,2091.2,619.3,4,3,0.7,0.9,0.07,34.8,0.0,0.061,0.1038,0
NER-SIM-03138,Assam,Karbi Anglong,Diphu-Bokajan Escarpment,540.1,28.36,303.7,-0.0195,0.0308,5.59,329.3,113.9,1,2,120.4,243.4,30.15,84.2,26.99,0.0,0.7609,1
NER-SIM-03139,Assam,Karbi Anglong,Diphu-Bokajan Escarpment,517.4,30.42,139.4,0.0358,-0.0479,8.56,380.1,234.8,1,2,7.6,10.5,0.54,38.0,0.39,0.061,0.0863,0
NER-SIM-03140,Assam,Karbi Anglong,Diphu-Bokajan Escarpment,936.0,37.87,42.2,-0.0071,-0.0347,4.59,255.3,106.8,1,1,2.5,4.0,0.28,43.8,0.15,0.0,0.0761,0
NER-SIM-03141,Assam,Karbi Anglong,Diphu-Bokajan Escarpment,453.1,20.14,223.3,0.0464,0.0381,5.5,259.9,53.6,1,3,67.5,53.1,5.26,38.7,2.6,0.057,0.2861,0
NER-SIM-03142,Assam,Dima Hasao,NH-27 Lumding-Haflong Hill Cut,266.5,30.6,111.8,-0.0081,-0.0849,3.88,551.3,105.1,1,3,108.0,249.0,15.3,83.7,27.05,0.055,0.8262,1
NER-SIM-03143,Assam,Dima Hasao,NH-27 Lumding-Haflong Hill Cut,521.4,34.91,189.7,-0.0116,-0.1337,5.46,1682.3,619.3,1,3,1.5,2.0,0.15,39.6,0.36,0.018,0.1024,0
NER-SIM-03144,Arunachal Pradesh,West Kameng,Bhalukpong-Bomdila-Tawang Route,1665.9,29.15,72.5,0.0042,-0.0997,5.01,1336.7,282.1,4,2,1.2,2.0,0.1,43.2,0.0,0.09,0.0842,0
NER-SIM-03145,Manipur,Chandel,NH-102 Imphal-Moreh Corridor,1424.9,57.09,320.6,-0.0152,-0.0192,3.54,1391.5,625.4,3,3,53.7,93.6,8.77,60.3,3.33,0.031,0.5257,1
NER-SIM-03146,Arunachal Pradesh,West Kameng,Bhalukpong-Bomdila-Tawang Route,2828.5,43.59,150.7,0.0034,0.0321,5.14,865.9,62.3,3,1,18.5,29.4,2.09,35.8,0.53,0.041,0.2078,0
NER-SIM-03147,Arunachal Pradesh,Lower Subansiri,Ziro Foothill Section,1892.4,36.12,312.5,-0.0651,-0.085,4.55,1300.4,631.2,3,1,104.6,172.9,16.65,71.1,0.52,0.012,0.4635,0
NER-SIM-03148,Mizoram,Aizawl,Aizawl-Lunglei Road Slopes,1147.6,50.41,58.6,-0.0105,0.0167,3.03,1582.9,118.5,1,1,29.1,22.5,4.15,52.2,2.07,0.077,0.1472,0
NER-SIM-03149,Tripura,North Tripura,Jampui Hills Ridge Corridor,1108.5,17.91,34.7,0.0556,-0.0259,5.44,317.0,17.8,2,1,24.5,33.6,2.32,40.7,1.08,0.07,0.1007,0
NER-SIM-03150,Sikkim,Mangan,North Sikkim Highway (Chungthang),2167.1,41.93,75.4,-0.0731,-0.0384,2.49,297.8,183.8,4,2,71.0,140.0,11.91,73.1,2.87,0.032,0.4642,0
NER-SIM-03151,Manipur,Noney,Tupul Railway Corridor Section,1420.1,29.16,30.6,0.0017,0.043,5.44,855.9,160.4,4,1,26.2,83.1,4.78,55.1,2.83,0.0,0.1545,0
NER-SIM-03152,Nagaland,Phek,Phek-Meluri Road Corridor,1646.5,44.15,171.8,-0.0611,0.0115,2.13,3608.4,388.9,1,2,10.6,6.3,1.1,41.5,2.09,0.043,0.1494,0
NER-SIM-03153,Nagaland,Kohima,NH-29 Dimapur-Kohima By-pass,1453.2,25.54,275.0,-0.0067,-0.0219,3.44,1.1,8.6,3,4,64.8,150.0,20.32,67.7,1.83,0.103,0.3132,0
NER-SIM-03154,Manipur,Chandel,NH-102 Imphal-Moreh Corridor,1019.8,32.41,40.4,-0.0096,-0.0448,5.56,202.7,39.1,2,2,1.3,2.2,0.11,30.9,0.81,0.027,0.0903,0
NER-SIM-03155,Sikkim,Mangan,North Sikkim Highway (Chungthang),1803.9,33.61,289.1,0.0021,0.0811,6.01,964.0,522.5,5,1,4.2,3.2,0.42,29.0,0.87,0.052,0.0638,0
NER-SIM-03156,Mizoram,Aizawl,Aizawl-Lunglei Road Slopes,1281.3,28.28,333.2,0.0077,-0.0482,3.69,348.3,103.1,1,3,111.7,186.3,23.69,75.6,12.94,0.121,0.7471,1
NER-SIM-03157,Manipur,Chandel,NH-102 Imphal-Moreh Corridor,1047.0,32.32,352.2,-0.0669,0.0634,5.61,1262.0,692.0,1,3,67.6,126.0,9.71,74.0,0.54,0.076,0.4772,0
NER-SIM-03158,Tripura,North Tripura,Jampui Hills Ridge Corridor,387.5,25.43,121.9,0.0375,0.063,4.94,2071.0,26.5,1,3,101.6,287.0,28.71,74.0,3.69,0.018,0.6132,1
NER-SIM-03159,Manipur,Noney,Tupul Railway Corridor Section,799.5,42.72,308.1,-0.0272,0.0515,6.12,430.4,121.4,3,1,10.0,7.4,0.79,32.6,1.22,0.088,0.0947,0
NER-SIM-03160,Mizoram,Champhai,Champhai-Zokhawthar Border Cut,1016.7,39.48,79.0,-0.0519,0.0354,3.15,1174.4,108.9,1,1,54.1,140.5,16.21,72.3,3.11,0.053,0.2313,0
NER-SIM-03161,Sikkim,Mangan,North Sikkim Highway (Chungthang),1840.5,53.72,355.3,-0.1291,0.0314,2.96,337.5,711.4,4,2,6.1,7.1,0.88,33.7,0.68,0.105,0.1254,0
NER-SIM-03162,Mizoram,Champhai,Champhai-Zokhawthar Border Cut,1398.3,37.02,218.8,-0.0545,-0.0683,6.29,277.5,135.5,1,4,81.4,181.0,17.53,69.3,3.53,0.085,0.4416,0
NER-SIM-03163,Nagaland,Kohima,NH-29 Dimapur-Kohima By-pass,1646.4,43.62,37.4,-0.061,0.0282,3.29,528.8,241.1,3,4,78.5,126.7,10.85,65.8,0.86,0.041,0.354,0
NER-SIM-03164,Meghalaya,East Khasi Hills,NH-6 Shillong-Tamabil Highway,1494.3,29.51,251.0,0.0566,-0.0107,8.54,2535.2,441.4,1,4,3.8,6.8,0.58,41.4,2.77,0.0,0.0462,0
NER-SIM-03165,Sikkim,Mangan,North Sikkim Highway (Chungthang),2010.1,46.02,167.9,-0.0669,-0.0024,7.14,827.5,505.9,4,1,13.6,22.2,1.82,41.2,0.96,0.03,0.2189,0
NER-SIM-03166,Assam,Dima Hasao,NH-27 Lumding-Haflong Hill Cut,603.4,34.41,231.7,-0.0025,0.0333,2.0,372.4,902.3,1,1,1.1,1.1,0.08,29.5,4.16,0.0,0.0485,0
NER-SIM-03167,Manipur,Chandel,NH-102 Imphal-Moreh Corridor,1027.7,22.54,312.6,-0.014,0.0448,6.32,945.3,442.2,2,1,79.0,221.8,24.81,78.2,15.94,0.053,0.3655,0
NER-SIM-03168,Meghalaya,East Khasi Hills,NH-6 Shillong-Tamabil Highway,1251.4,31.97,188.7,0.0901,0.0285,7.57,539.2,530.7,1,3,70.4,208.5,8.92,85.9,31.36,0.017,0.6877,1
NER-SIM-03169,Mizoram,Aizawl,Aizawl-Lunglei Road Slopes,1306.3,28.15,148.1,0.0086,0.0316,7.56,1273.4,2081.3,1,3,8.6,5.6,0.76,39.9,2.43,0.068,0.0642,0
NER-SIM-03170,Arunachal Pradesh,Lower Subansiri,Ziro Foothill Section,1887.8,36.34,270.4,0.0563,-0.0258,5.27,973.5,316.5,5,1,10.6,7.9,0.8,46.0,1.9,0.063,0.0608,0
NER-SIM-03171,Arunachal Pradesh,Lower Subansiri,Ziro Foothill Section,1282.3,30.27,277.8,-0.0023,0.0262,5.49,123.7,96.4,3,4,100.6,233.6,17.51,79.8,16.45,0.047,0.7045,1
NER-SIM-03172,Tripura,North Tripura,Jampui Hills Ridge Corridor,914.4,23.37,156.6,0.0643,0.0797,6.0,1685.8,92.2,2,3,101.1,156.2,18.61,69.5,0.0,0.074,0.3194,0
NER-SIM-03173,Assam,Dima Hasao,NH-27 Lumding-Haflong Hill Cut,357.0,19.92,43.5,0.0529,0.0069,9.49,698.4,210.4,1,1,11.1,13.6,0.87,37.0,1.97,0.056,0.05,0
NER-SIM-03174,Meghalaya,South West Khasi Hills,Mawsynram Valley Slopes,1633.3,29.23,13.3,0.0049,-0.0452,4.99,604.1,113.0,3,3,130.3,394.0,28.77,81.0,16.66,0.035,0.912,1
NER-SIM-03175,Tripura,North Tripura,Jampui Hills Ridge Corridor,811.3,44.09,315.1,0.0289,0.0193,4.35,200.7,270.8,1,1,27.6,41.3,3.62,57.9,2.26,0.125,0.2071,0
NER-SIM-03176,Arunachal Pradesh,West Kameng,Bhalukpong-Bomdila-Tawang Route,2032.9,42.95,39.2,0.0423,-0.024,4.03,1936.2,743.1,5,4,27.5,50.4,8.39,49.2,0.94,0.044,0.1293,0
NER-SIM-03177,Arunachal Pradesh,Lower Subansiri,Ziro Foothill Section,1378.3,40.89,249.1,0.032,0.1022,2.76,630.0,73.4,4,3,4.7,6.6,0.37,29.9,1.45,0.098,0.2992,0
NER-SIM-03178,Meghalaya,East Khasi Hills,NH-6 Shillong-Tamabil Highway,1143.1,35.01,215.7,-0.0005,0.0718,4.38,709.7,244.0,2,3,6.9,4.7,0.49,31.5,3.6,0.08,0.1557,0
NER-SIM-03179,Nagaland,Phek,Phek-Meluri Road Corridor,1408.2,48.79,122.4,0.0397,0.0097,5.18,1147.0,634.2,3,1,30.0,79.2,5.83,47.5,3.81,0.007,0.2782,0
NER-SIM-03180,Nagaland,Kohima,NH-29 Dimapur-Kohima By-pass,1278.1,46.23,122.0,-0.0439,-0.0021,3.27,24.4,367.3,2,3,3.4,6.1,0.54,42.8,1.98,0.075,0.3591,0
NER-SIM-03181,Nagaland,Phek,Phek-Meluri Road Corridor,1580.5,39.77,342.4,0.0545,-0.0809,4.45,286.7,713.9,1,1,5.2,9.2,0.79,30.2,2.08,0.114,0.0968,0
NER-SIM-03182,Nagaland,Kohima,NH-29 Dimapur-Kohima By-pass,1285.4,40.68,261.2,-0.0404,-0.0917,4.65,412.1,1502.5,2,1,47.1,94.8,8.47,55.8,2.55,0.152,0.4052,0
NER-SIM-03183,Manipur,Chandel,NH-102 Imphal-Moreh Corridor,907.5,33.74,26.9,0.0653,0.0343,7.04,1596.8,628.0,3,3,36.9,103.4,11.21,71.9,3.25,0.045,0.2214,0
NER-SIM-03184,Sikkim,Pakyong,NH-10 Sevoke-Gangtok Corridor,1425.0,40.97,41.1,0.0547,0.0213,2.0,2853.7,193.5,3,1,70.7,123.1,9.53,69.5,1.72,0.035,0.3195,0
NER-SIM-03185,Arunachal Pradesh,Lower Subansiri,Ziro Foothill Section,1453.2,30.47,219.3,-0.0217,-0.0063,4.42,282.8,300.5,3,1,1.4,2.0,0.16,34.8,0.06,0.017,0.0927,0
NER-SIM-03186,Tripura,North Tripura,Jampui Hills Ridge Corridor,585.3,27.76,275.4,-0.0784,-0.0779,6.35,237.0,163.2,1,2,6.1,6.5,0.97,32.8,4.54,0.052,0.1114,0
NER-SIM-03187,Manipur,Chandel,NH-102 Imphal-Moreh Corridor,497.7,19.69,287.0,-0.012,-0.0193,5.0,1212.8,71.4,2,3,59.4,94.2,11.54,58.9,1.36,0.088,0.2223,0
NER-SIM-03188,Assam,Dima Hasao,NH-27 Lumding-Haflong Hill Cut,1131.8,28.41,165.5,0.1002,-0.0533,5.67,109.4,29.1,1,1,2.6,4.0,0.28,26.8,3.65,0.058,0.043,0
NER-SIM-03189,Sikkim,Pakyong,NH-10 Sevoke-Gangtok Corridor,864.6,33.61,216.4,0.0044,0.0128,5.67,383.5,90.3,3,3,142.7,320.2,44.14,85.1,28.6,0.531,0.9264,1
NER-SIM-03190,Mizoram,Aizawl,Aizawl-Lunglei Road Slopes,1270.3,41.21,21.7,0.0355,0.0171,6.82,1370.7,171.4,1,1,0.9,0.9,0.12,51.3,3.82,0.037,0.0675,0
NER-SIM-03191,Sikkim,Pakyong,NH-10 Sevoke-Gangtok Corridor,1155.5,33.67,238.1,-0.076,-0.1198,8.27,548.5,233.8,4,1,15.8,14.4,1.1,46.2,1.73,0.091,0.0653,0
NER-SIM-03192,Manipur,Noney,Tupul Railway Corridor Section,1145.3,31.87,167.5,-0.065,0.0101,8.88,214.5,2.7,3,2,13.4,21.4,1.83,44.9,0.93,0.004,0.2161,0
NER-SIM-03193,Manipur,Noney,Tupul Railway Corridor Section,883.2,47.24,117.3,-0.0046,-0.0644,3.48,611.9,6.3,3,2,4.3,3.0,0.33,28.0,0.0,0.053,0.29,0
NER-SIM-03194,Nagaland,Kohima,NH-29 Dimapur-Kohima By-pass,1351.5,37.17,228.7,0.0373,-0.0147,4.92,356.7,236.5,2,3,42.7,119.1,10.79,67.8,0.0,0.003,0.4495,0
NER-SIM-03195,Manipur,Chandel,NH-102 Imphal-Moreh Corridor,1425.2,32.02,26.3,-0.0557,-0.0188,7.34,227.8,25.0,3,3,7.7,5.6,0.62,31.6,4.61,0.036,0.1115,0
NER-SIM-03196,Nagaland,Kohima,NH-29 Dimapur-Kohima By-pass,1551.6,42.5,227.9,0.0275,-0.0414,3.9,648.4,734.9,3,4,17.6,30.2,1.69,38.0,1.12,0.066,0.1067,0
NER-SIM-03197,Nagaland,Phek,Phek-Meluri Road Corridor,1236.0,33.29,159.4,0.0232,-0.0123,7.96,713.3,1167.3,2,2,70.3,214.1,10.63,83.8,20.07,4.643,0.6383,1
NER-SIM-03198,Mizoram,Aizawl,Aizawl-Lunglei Road Slopes,1098.3,36.26,318.9,-0.074,-0.0106,2.77,960.2,171.3,2,1,1.5,1.5,0.11,40.9,2.53,0.02,0.0645,0
NER-SIM-03199,Tripura,North Tripura,Jampui Hills Ridge Corridor,454.0,32.63,124.5,-0.07,-0.0456,4.8,1269.8,78.9,1,2,63.7,191.4,13.59,74.6,1.42,0.08,0.4968,0
NER-SIM-03200,Nagaland,Phek,Phek-Meluri Road Corridor,1375.5,29.54,110.5,-0.025,0.0159,5.29,729.5,331.9,3,2,21.6,29.3,1.54,47.8,2.62,0.082,0.17,0
NER-SIM-03201,Mizoram,Champhai,Champhai-Zokhawthar Border Cut,976.4,28.93,30.3,0.0135,0.0492,2.0,359.3,37.5,1,1,34.3,82.4,8.93,59.3,0.0,0.023,0.1169,0
NER-SIM-03202,Mizoram,Champhai,Champhai-Zokhawthar Border Cut,1487.8,24.98,103.8,-0.0383,0.0664,4.94,546.6,11.5,1,1,103.6,204.2,32.08,83.6,21.66,0.039,0.3926,0
NER-SIM-03203,Manipur,Chandel,NH-102 Imphal-Moreh Corridor,740.8,26.04,115.5,-0.0125,0.0827,6.47,648.2,128.3,3,1,4.6,6.8,0.69,41.8,1.59,0.105,0.0924,0
NER-SIM-03204,Nagaland,Kohima,NH-29 Dimapur-Kohima By-pass,1586.3,42.67,198.2,-0.0197,0.0932,3.94,1087.0,808.5,3,2,11.4,17.5,0.85,41.8,2.26,0.001,0.1158,0
NER-SIM-03205,Meghalaya,East Khasi Hills,NH-6 Shillong-Tamabil Highway,1524.6,24.31,191.0,-0.0385,-0.0237,7.09,414.2,112.9,1,1,30.2,49.7,3.33,43.3,0.17,0.061,0.0833,0
NER-SIM-03206,Manipur,Noney,Tupul Railway Corridor Section,1280.3,34.67,161.2,0.0199,-0.0737,6.0,115.7,886.1,2,1,1.8,2.7,0.13,38.3,2.28,0.008,0.0672,0
NER-SIM-03207,Tripura,North Tripura,Jampui Hills Ridge Corridor,396.1,34.28,358.1,0.0332,-0.0398,5.32,842.7,5.6,2,1,272.0,703.6,44.57,71.7,1.77,0.004,0.989,1
NER-SIM-03208,Mizoram,Aizawl,Aizawl-Lunglei Road Slopes,775.6,37.2,137.9,-0.0049,-0.1166,6.08,260.0,54.3,1,1,37.3,77.1,9.5,59.0,2.32,0.058,0.143,0
NER-SIM-03209,Assam,Dima Hasao,NH-27 Lumding-Haflong Hill Cut,992.8,24.75,266.7,0.0185,-0.0107,5.66,22.2,23.6,1,2,14.6,9.9,1.27,47.4,0.2,0.0,0.1932,0
NER-SIM-03210,Nagaland,Phek,Phek-Meluri Road Corridor,1916.3,47.84,245.8,-0.008,-0.0889,4.39,1353.2,286.7,3,1,4.6,2.7,0.52,29.8,2.68,0.118,0.1108,0
NER-SIM-03211,Tripura,North Tripura,Jampui Hills Ridge Corridor,653.9,40.02,230.0,-0.0398,0.0003,5.36,423.8,52.4,1,2,91.5,159.9,21.87,83.4,22.25,0.759,0.6397,1
NER-SIM-03212,Meghalaya,East Khasi Hills,NH-6 Shillong-Tamabil Highway,1317.9,32.14,194.3,0.0322,-0.1184,3.98,433.2,1441.2,1,2,151.7,291.3,34.35,72.6,2.88,0.093,0.7485,1
NER-SIM-03213,Meghalaya,South West Khasi Hills,Mawsynram Valley Slopes,1622.4,36.9,140.9,-0.0424,0.1017,3.48,1644.5,6.1,1,1,5.1,5.3,0.35,34.8,2.72,0.107,0.0322,0
NER-SIM-03214,Tripura,North Tripura,Jampui Hills Ridge Corridor,900.5,46.99,35.7,0.0386,0.0612,2.97,2070.5,166.3,1,1,6.5,5.8,0.47,40.6,1.39,0.0,0.0595,0
NER-SIM-03215,Arunachal Pradesh,West Kameng,Bhalukpong-Bomdila-Tawang Route,1971.2,33.78,219.2,0.0364,-0.0691,6.62,5419.0,612.8,4,3,87.3,223.4,15.62,91.3,42.86,0.066,0.8243,1
NER-SIM-03216,Nagaland,Phek,Phek-Meluri Road Corridor,1779.7,33.07,245.6,0.0323,0.002,3.51,1861.3,335.4,2,3,131.1,270.7,31.42,77.5,17.12,0.06,0.7079,1
NER-SIM-03217,Sikkim,Pakyong,NH-10 Sevoke-Gangtok Corridor,1131.8,36.49,273.2,0.0359,0.0416,2.07,1178.1,98.4,3,1,8.8,11.1,0.63,47.2,0.97,0.062,0.1049,0
NER-SIM-03218,Assam,Dima Hasao,NH-27 Lumding-Haflong Hill Cut,851.5,37.97,197.1,0.001,-0.0971,6.26,463.3,540.8,1,1,1.8,2.0,0.14,22.0,0.28,0.025,0.089,0
NER-SIM-03219,Tripura,North Tripura,Jampui Hills Ridge Corridor,911.4,29.91,169.3,0.0382,0.0636,4.64,202.2,391.2,1,3,3.6,2.6,0.39,32.4,3.9,0.0,0.128,0
NER-SIM-03220,Assam,Dima Hasao,NH-27 Lumding-Haflong Hill Cut,638.6,20.36,267.4,0.007,-0.048,6.95,2381.1,1811.2,1,3,11.1,18.5,0.9,37.3,4.01,0.063,0.0982,0
NER-SIM-03221,Manipur,Noney,Tupul Railway Corridor Section,938.9,40.88,157.5,0.0079,0.0511,4.85,977.3,537.7,2,1,4.9,8.1,0.33,37.3,0.61,0.092,0.0574,0
NER-SIM-03222,Nagaland,Phek,Phek-Meluri Road Corridor,1816.2,24.05,57.8,-0.064,0.0597,4.91,382.5,648.3,2,1,20.7,48.9,3.15,45.6,2.87,0.017,0.041,0
NER-SIM-03223,Manipur,Chandel,NH-102 Imphal-Moreh Corridor,919.2,36.09,118.0,0.0201,0.0478,7.49,963.0,316.3,3,1,40.2,32.3,3.33,44.3,4.69,0.054,0.1551,0
NER-SIM-03224,Manipur,Chandel,NH-102 Imphal-Moreh Corridor,1092.8,27.31,279.2,0.0591,-0.0004,4.3,462.8,117.5,3,4,0.0,0.0,0.0,34.9,0.57,0.021,0.0828,0
NER-SIM-03225,Arunachal Pradesh,Lower Subansiri,Ziro Foothill Section,1605.7,44.5,301.2,-0.0577,0.015,4.31,2427.0,427.5,4,3,15.9,9.5,1.19,34.0,4.45,0.008,0.193,0
NER-SIM-03226,Manipur,Chandel,NH-102 Imphal-Moreh Corridor,940.0,30.03,217.2,-0.0549,-0.0084,2.64,733.1,97.9,3,1,18.2,9.8,1.99,45.2,3.37,0.028,0.0925,0
NER-SIM-03227,Arunachal Pradesh,West Kameng,Bhalukpong-Bomdila-Tawang Route,2217.8,40.27,83.6,0.0721,0.0216,6.08,1985.9,358.4,4,1,110.9,340.4,19.7,81.2,17.7,0.091,0.7263,1
NER-SIM-03228,Meghalaya,South West Khasi Hills,Mawsynram Valley Slopes,1155.2,39.62,39.4,-0.0041,-0.0067,5.77,718.3,365.8,1,2,188.4,322.1,29.06,87.5,26.6,5.517,0.9779,1
NER-SIM-03229,Manipur,Chandel,NH-102 Imphal-Moreh Corridor,1060.1,44.91,354.1,-0.1024,0.0761,4.69,1034.1,159.1,2,3,16.0,19.6,2.25,38.7,3.75,0.017,0.1142,0
NER-SIM-03230,Mizoram,Aizawl,Aizawl-Lunglei Road Slopes,654.5,33.24,171.6,-0.0381,-0.0144,5.42,2759.9,9.0,1,1,10.5,12.4,0.77,33.7,2.98,0.002,0.136,0
NER-SIM-03231,Mizoram,Aizawl,Aizawl-Lunglei Road Slopes,1314.8,32.32,277.3,-0.0644,-0.0737,4.84,2188.6,1460.0,2,1,171.2,519.3,32.84,84.9,24.66,0.4,0.9539,1
NER-SIM-03232,Nagaland,Phek,Phek-Meluri Road Corridor,1726.6,24.77,192.3,-0.0077,0.0671,5.73,1204.6,456.6,3,4,11.6,34.5,1.47,44.0,4.57,0.037,0.0641,0
NER-SIM-03233,Manipur,Noney,Tupul Railway Corridor Section,789.2,44.75,25.1,-0.05,-0.0282,5.3,1684.0,204.2,3,2,88.8,280.9,15.1,87.2,37.02,2.574,0.9247,1
NER-SIM-03234,Sikkim,Pakyong,NH-10 Sevoke-Gangtok Corridor,1334.8,33.21,107.5,0.0817,0.0208,5.8,878.7,401.8,4,2,44.5,55.5,5.5,56.3,0.0,0.071,0.2914,0
NER-SIM-03235,Arunachal Pradesh,West Kameng,Bhalukpong-Bomdila-Tawang Route,2020.3,57.91,300.1,0.0479,0.0479,2.0,756.4,37.7,4,2,62.5,193.9,13.78,75.7,10.14,0.036,0.7826,1
NER-SIM-03236,Arunachal Pradesh,West Kameng,Bhalukpong-Bomdila-Tawang Route,2248.2,40.22,97.5,-0.0525,0.005,4.9,779.7,193.7,5,1,21.8,29.1,3.16,29.2,1.13,0.011,0.2154,0
NER-SIM-03237,Meghalaya,South West Khasi Hills,Mawsynram Valley Slopes,1489.4,26.33,240.0,-0.0623,0.0226,6.37,3798.8,225.3,2,2,186.2,458.2,30.58,80.5,18.55,0.058,0.9103,1
NER-SIM-03238,Tripura,North Tripura,Jampui Hills Ridge Corridor,846.9,42.03,120.3,-0.0573,0.0768,4.01,393.8,216.6,1,1,19.9,12.6,2.45,42.5,1.18,0.072,0.1138,0
NER-SIM-03239,Mizoram,Champhai,Champhai-Zokhawthar Border Cut,1337.8,29.04,87.3,-0.0254,0.0409,6.55,2728.9,240.6,2,3,19.3,26.1,1.66,38.6,0.0,0.018,0.1534,0
NER-SIM-03240,Sikkim,Pakyong,NH-10 Sevoke-Gangtok Corridor,853.9,51.1,119.2,0.0267,0.0191,3.67,474.4,92.6,5,4,12.6,22.4,1.35,44.7,2.2,0.0,0.4382,0
NER-SIM-03241,Nagaland,Phek,Phek-Meluri Road Corridor,988.9,33.45,25.5,-0.0269,0.0498,6.31,315.8,332.7,3,1,6.5,9.3,0.68,38.8,2.16,0.003,0.0731,0
NER-SIM-03242,Nagaland,Phek,Phek-Meluri Road Corridor,1885.1,39.19,34.5,0.0447,-0.013,6.1,3175.7,188.6,3,2,10.0,16.7,1.17,35.7,0.93,0.149,0.058,0
NER-SIM-03243,Mizoram,Champhai,Champhai-Zokhawthar Border Cut,1377.9,48.1,309.8,-0.0182,0.0526,2.56,77.7,156.8,2,1,11.5,8.7,1.41,41.2,2.81,0.066,0.1563,0
NER-SIM-03244,Assam,Karbi Anglong,Diphu-Bokajan Escarpment,294.0,27.41,140.4,0.0407,-0.0365,5.34,36.2,18.4,1,1,111.0,348.0,31.02,88.5,27.0,0.066,0.8411,1
NER-SIM-03245,Manipur,Noney,Tupul Railway Corridor Section,883.5,49.77,235.8,0.0506,-0.0517,4.89,1111.3,628.9,2,1,8.4,10.8,1.11,35.9,3.39,0.0,0.113,0
NER-SIM-03246,Mizoram,Aizawl,Aizawl-Lunglei Road Slopes,1108.9,46.29,295.3,0.0725,0.025,2.61,1937.4,21.8,1,3,20.3,20.3,1.84,34.5,1.36,0.07,0.2171,0
NER-SIM-03247,Manipur,Chandel,NH-102 Imphal-Moreh Corridor,882.7,20.71,288.7,-0.0388,-0.0082,7.36,1905.9,133.0,3,1,26.8,59.1,4.4,52.6,1.37,0.0,0.0887,0
NER-SIM-03248,Sikkim,Mangan,North Sikkim Highway (Chungthang),1759.2,34.67,323.0,0.0283,0.0041,4.83,1855.0,665.5,4,3,2.4,1.3,0.22,40.7,0.48,0.078,0.1228,0
NER-SIM-03249,Nagaland,Kohima,NH-29 Dimapur-Kohima By-pass,1361.7,44.88,298.7,0.0001,-0.0608,2.0,440.3,232.9,3,2,19.1,16.7,1.67,33.9,0.57,0.049,0.242,0
NER-SIM-03250,Meghalaya,South West Khasi Hills,Mawsynram Valley Slopes,1118.6,34.2,321.8,-0.0397,0.0193,6.91,244.1,725.2,1,1,3.1,5.1,0.5,42.5,1.12,0.066,0.0534,0
NER-SIM-03251,Meghalaya,South West Khasi Hills,Mawsynram Valley Slopes,1072.3,39.85,145.6,-0.03,-0.1563,6.49,709.9,134.7,2,1,11.5,13.5,1.05,33.7,0.0,0.009,0.059,0
NER-SIM-03252,Manipur,Chandel,NH-102 Imphal-Moreh Corridor,1198.2,38.93,292.5,0.0612,0.0051,7.09,233.6,31.9,3,4,8.4,12.4,0.56,42.6,0.73,0.047,0.1257,0
NER-SIM-03253,Nagaland,Kohima,NH-29 Dimapur-Kohima By-pass,1390.2,23.51,122.8,-0.0198,0.0327,5.21,647.2,51.2,1,4,22.7,38.7,3.11,42.0,0.0,0.054,0.0498,0
NER-SIM-03254,Meghalaya,South West Khasi Hills,Mawsynram Valley Slopes,1449.9,41.55,81.1,0.0256,-0.0207,4.39,195.3,104.3,2,1,11.6,10.4,0.96,39.1,0.77,0.0,0.0855,0
NER-SIM-03255,Nagaland,Phek,Phek-Meluri Road Corridor,1795.8,27.09,99.9,0.0445,0.056,4.36,404.9,510.7,3,4,24.4,73.9,4.51,54.1,2.97,0.094,0.1044,0
NER-SIM-03256,Nagaland,Kohima,NH-29 Dimapur-Kohima By-pass,1425.1,36.02,331.4,-0.0064,0.0522,6.77,1219.1,313.4,3,1,0.8,1.3,0.11,38.5,0.0,0.115,0.0313,0
NER-SIM-03257,Nagaland,Kohima,NH-29 Dimapur-Kohima By-pass,1142.7,42.0,181.5,0.0092,-0.0344,4.45,279.9,347.5,2,1,143.2,309.7,34.69,87.1,26.78,7.131,0.9437,1
NER-SIM-03258,Nagaland,Kohima,NH-29 Dimapur-Kohima By-pass,1559.0,32.43,190.9,-0.0141,0.0945,5.71,70.1,217.7,3,1,28.3,40.2,3.35,42.4,2.49,0.106,0.1821,0
NER-SIM-03259,Arunachal Pradesh,West Kameng,Bhalukpong-Bomdila-Tawang Route,2692.1,48.99,76.8,0.063,-0.0872,6.11,162.5,500.8,5,3,40.9,89.1,10.59,53.8,2.24,0.079,0.637,1
NER-SIM-03260,Assam,Dima Hasao,NH-27 Lumding-Haflong Hill Cut,678.8,30.06,128.2,0.0732,-0.0679,6.32,1656.1,239.8,1,2,5.3,3.0,0.53,44.7,1.34,0.04,0.1413,0
NER-SIM-03261,Assam,Dima Hasao,NH-27 Lumding-Haflong Hill Cut,980.7,42.17,133.9,-0.078,0.0767,7.13,149.6,40.7,1,1,11.6,15.0,1.61,42.1,0.0,0.066,0.1935,0
NER-SIM-03262,Assam,Karbi Anglong,Diphu-Bokajan Escarpment,226.4,21.82,13.4,-0.0577,-0.0648,7.8,2319.9,214.9,1,1,49.4,59.7,6.4,55.4,3.87,0.069,0.0512,0
NER-SIM-03263,Manipur,Chandel,NH-102 Imphal-Moreh Corridor,731.2,40.03,88.5,-0.0044,-0.0088,3.3,2912.4,43.8,4,4,26.3,32.6,4.16,41.2,2.01,0.105,0.1688,0
NER-SIM-03264,Mizoram,Aizawl,Aizawl-Lunglei Road Slopes,1198.7,46.13,340.8,0.0357,0.0347,6.56,297.6,486.0,1,4,2.4,2.4,0.18,37.0,2.83,0.065,0.0739,0
NER-SIM-03265,Assam,Karbi Anglong,Diphu-Bokajan Escarpment,579.5,26.61,270.9,0.0247,-0.0051,3.83,1906.0,37.4,1,2,274.4,857.3,46.1,75.1,9.51,0.031,0.9948,1
NER-SIM-03266,Arunachal Pradesh,Lower Subansiri,Ziro Foothill Section,1754.8,39.74,47.1,0.0084,-0.0562,5.0,2466.6,7.1,4,4,10.7,17.5,1.09,41.0,5.26,0.0,0.0661,0
NER-SIM-03267,Manipur,Chandel,NH-102 Imphal-Moreh Corridor,905.8,32.62,78.4,0.0226,-0.0818,6.31,2955.3,128.2,2,1,124.3,371.6,17.31,79.2,21.21,0.067,0.8232,1
NER-SIM-03268,Manipur,Noney,Tupul Railway Corridor Section,638.2,49.83,98.8,-0.0633,0.0576,4.15,1331.2,475.3,2,2,12.2,12.7,1.25,26.0,3.75,0.036,0.1191,0
NER-SIM-03269,Nagaland,Kohima,NH-29 Dimapur-Kohima By-pass,1521.0,26.92,117.4,0.0097,-0.0466,5.73,916.7,825.2,2,3,17.2,19.8,1.51,36.7,3.23,0.03,0.0795,0
NER-SIM-03270,Tripura,North Tripura,Jampui Hills Ridge Corridor,852.4,31.46,284.2,-0.0744,0.0515,6.5,431.3,43.6,1,3,77.8,173.8,10.21,81.9,27.06,0.046,0.5495,1
NER-SIM-03271,Nagaland,Kohima,NH-29 Dimapur-Kohima By-pass,1432.4,44.41,322.0,-0.0186,0.0392,5.03,674.6,755.9,2,2,113.5,348.1,36.94,80.4,17.01,0.045,0.7862,1
NER-SIM-03272,Assam,Dima Hasao,NH-27 Lumding-Haflong Hill Cut,682.5,16.96,181.0,0.0308,-0.0033,8.02,307.2,3.8,1,1,22.0,16.1,1.79,37.2,0.9,0.064,0.0557,0
NER-SIM-03273,Arunachal Pradesh,Lower Subansiri,Ziro Foothill Section,1739.0,33.25,7.6,-0.0021,-0.0537,3.82,1404.3,16.1,3,1,1.4,2.0,0.15,42.4,3.1,0.113,0.0988,0
NER-SIM-03274,Assam,Dima Hasao,NH-27 Lumding-Haflong Hill Cut,617.8,16.34,256.1,-0.0251,0.0496,8.51,758.2,83.3,1,1,114.0,231.5,15.76,84.4,22.8,0.055,0.5787,1
NER-SIM-03275,Nagaland,Phek,Phek-Meluri Road Corridor,1560.4,32.68,214.6,0.0904,-0.0525,4.87,77.5,73.1,2,4,199.9,624.1,53.21,75.2,8.99,0.134,0.9787,1
NER-SIM-03276,Mizoram,Champhai,Champhai-Zokhawthar Border Cut,980.5,38.95,301.5,0.0444,-0.0497,5.07,724.1,695.0,2,2,3.5,5.7,0.44,42.3,3.71,0.066,0.0971,0
NER-SIM-03277,Sikkim,Mangan,North Sikkim Highway (Chungthang),1904.5,32.94,60.5,-0.0165,-0.0007,4.39,326.1,122.5,5,1,23.1,40.3,3.52,56.3,5.33,0.051,0.2118,0
NER-SIM-03278,Nagaland,Phek,Phek-Meluri Road Corridor,1646.8,44.06,170.3,-0.0888,-0.0413,5.06,1175.6,291.3,1,1,39.0,28.5,3.35,47.5,1.87,0.072,0.1231,0
NER-SIM-03279,Tripura,North Tripura,Jampui Hills Ridge Corridor,677.8,21.91,80.7,0.0812,-0.031,3.31,413.1,443.0,1,1,56.3,176.6,14.01,61.9,3.64,0.032,0.227,0
NER-SIM-03280,Manipur,Noney,Tupul Railway Corridor Section,587.7,39.75,45.5,0.046,0.0083,3.14,171.3,65.2,2,4,11.7,12.3,0.89,43.6,3.09,0.08,0.0791,0
NER-SIM-03281,Sikkim,Mangan,North Sikkim Highway (Chungthang),1366.4,37.65,187.3,-0.038,-0.0508,5.35,336.5,346.3,4,1,19.2,33.4,3.13,44.1,0.72,0.073,0.0726,0
NER-SIM-03282,Manipur,Chandel,NH-102 Imphal-Moreh Corridor,1285.0,31.5,5.6,0.0263,-0.0221,7.39,2261.2,709.0,3,4,109.0,257.8,26.74,78.0,12.0,0.025,0.4355,0
NER-SIM-03283,Tripura,North Tripura,Jampui Hills Ridge Corridor,374.5,13.29,163.5,0.0358,-0.0614,7.91,865.5,280.3,1,1,22.5,38.7,1.56,41.4,2.69,0.043,0.0401,0
NER-SIM-03284,Sikkim,Mangan,North Sikkim Highway (Chungthang),2040.1,45.25,191.2,-0.0549,-0.026,5.61,462.8,238.2,4,3,1.0,1.5,0.11,44.8,2.55,0.036,0.2795,0
NER-SIM-03285,Assam,Dima Hasao,NH-27 Lumding-Haflong Hill Cut,569.1,25.11,192.6,0.0549,0.0521,5.25,1763.6,70.8,2,2,11.1,13.9,1.58,39.5,1.96,0.042,0.0898,0
NER-SIM-03286,Assam,Karbi Anglong,Diphu-Bokajan Escarpment,747.0,36.58,126.0,-0.0233,-0.0284,3.83,334.4,376.2,1,1,0.7,1.1,0.08,35.4,0.92,0.054,0.0723,0
NER-SIM-03287,Sikkim,Mangan,North Sikkim Highway (Chungthang),2426.1,56.15,306.7,-0.0533,0.0696,5.84,461.0,9.1,5,4,33.5,63.2,6.78,54.8,0.54,0.069,0.4699,0
NER-SIM-03288,Nagaland,Phek,Phek-Meluri Road Corridor,1736.7,41.44,230.9,0.0666,0.0312,2.8,1461.2,232.4,2,1,3.1,3.9,0.22,37.2,1.24,0.0,0.0473,0
NER-SIM-03289,Nagaland,Kohima,NH-29 Dimapur-Kohima By-pass,1205.2,44.36,132.9,0.0078,0.0699,5.43,543.0,363.4,3,4,154.0,480.0,22.35,79.1,18.99,0.011,0.9257,1
NER-SIM-03290,Nagaland,Kohima,NH-29 Dimapur-Kohima By-pass,1635.5,42.34,280.1,-0.023,-0.0556,3.44,1301.1,367.7,3,1,1.6,2.2,0.15,40.1,0.84,0.0,0.0799,0
NER-SIM-03291,Assam,Dima Hasao,NH-27 Lumding-Haflong Hill Cut,488.7,37.06,44.8,-0.0067,-0.0515,6.0,594.0,266.5,1,2,92.8,253.3,12.06,68.6,0.0,0.106,0.5588,1
NER-SIM-03292,Assam,Dima Hasao,NH-27 Lumding-Haflong Hill Cut,388.3,22.42,239.1,0.006,0.0828,6.09,420.5,310.2,1,2,26.2,22.7,3.84,35.7,3.23,0.04,0.087,0
NER-SIM-03293,Nagaland,Phek,Phek-Meluri Road Corridor,1447.5,47.56,263.1,-0.0114,-0.011,6.11,758.8,642.0,3,1,16.2,22.9,1.27,36.8,0.0,0.028,0.1311,0
NER-SIM-03294,Meghalaya,East Khasi Hills,NH-6 Shillong-Tamabil Highway,1208.1,42.66,220.4,0.0118,0.0304,2.16,1637.9,100.3,1,4,1.2,1.5,0.08,36.0,0.96,0.055,0.065,0
NER-SIM-03295,Nagaland,Kohima,NH-29 Dimapur-Kohima By-pass,949.3,28.57,155.2,0.0419,-0.0616,4.57,94.2,279.1,3,1,2.5,3.7,0.2,41.0,2.28,0.04,0.1081,0
NER-SIM-03296,Manipur,Chandel,NH-102 Imphal-Moreh Corridor,949.0,30.65,205.7,-0.025,-0.0578,6.04,3987.4,137.4,3,4,15.4,9.1,1.18,31.0,2.46,0.105,0.0805,0
NER-SIM-03297,Nagaland,Phek,Phek-Meluri Road Corridor,1233.0,41.17,341.2,0.0109,-0.0374,5.31,350.2,502.3,3,3,2.5,3.2,0.19,44.5,1.13,0.069,0.1554,0
NER-SIM-03298,Mizoram,Champhai,Champhai-Zokhawthar Border Cut,1833.1,28.79,270.9,-0.1011,0.0787,4.9,535.2,284.3,1,3,6.7,3.5,0.47,26.7,2.43,0.0,0.0841,0
NER-SIM-03299,Arunachal Pradesh,West Kameng,Bhalukpong-Bomdila-Tawang Route,1804.9,49.2,28.9,0.0296,-0.0238,2.95,2434.3,37.9,5,3,136.5,309.8,22.59,80.4,15.93,0.052,0.9404,1
NER-SIM-03300,Mizoram,Aizawl,Aizawl-Lunglei Road Slopes,1364.5,36.11,354.9,0.0126,-0.0845,3.84,3446.3,189.6,1,1,17.1,17.5,2.2,47.3,0.98,0.096,0.0605,0
NER-SIM-03301,Arunachal Pradesh,Lower Subansiri,Ziro Foothill Section,1639.0,26.77,349.0,-0.0574,-0.1526,6.25,587.9,392.3,3,1,118.7,331.1,26.15,89.8,26.68,0.05,0.7177,1
NER-SIM-03302,Nagaland,Phek,Phek-Meluri Road Corridor,1338.7,10.41,345.0,-0.0124,0.0678,8.74,52.5,324.4,3,4,38.0,108.2,12.23,61.2,4.45,0.086,0.236,0
NER-SIM-03303,Arunachal Pradesh,Lower Subansiri,Ziro Foothill Section,1530.5,30.01,232.8,0.0216,0.0216,9.08,1001.4,201.4,3,2,161.2,360.3,22.37,88.1,31.31,0.057,0.896,1
NER-SIM-03304,Meghalaya,East Khasi Hills,NH-6 Shillong-Tamabil Highway,1210.2,36.6,211.9,-0.0298,0.0856,5.7,1407.8,123.9,1,1,146.5,351.5,25.85,72.5,3.22,0.044,0.7586,1
NER-SIM-03305,Sikkim,Mangan,North Sikkim Highway (Chungthang),2376.9,41.82,95.4,0.0015,-0.0989,5.57,3115.3,15.1,4,1,36.2,98.3,7.57,58.3,3.84,0.079,0.2237,0
NER-SIM-03306,Nagaland,Phek,Phek-Meluri Road Corridor,1609.1,31.66,120.0,-0.0524,0.0132,4.37,812.4,1397.9,3,4,4.6,3.5,0.32,30.5,2.35,0.036,0.072,0
NER-SIM-03307,Meghalaya,East Khasi Hills,NH-6 Shillong-Tamabil Highway,1736.3,29.55,173.2,0.0505,-0.0306,5.6,235.2,35.3,1,3,149.0,453.7,20.95,83.1,20.62,0.011,0.9532,1
NER-SIM-03308,Nagaland,Kohima,NH-29 Dimapur-Kohima By-pass,1441.5,33.67,310.2,0.0127,0.0081,5.93,44.4,95.2,2,2,41.5,91.9,10.43,64.2,0.13,0.0,0.305,0
NER-SIM-03309,Sikkim,Pakyong,NH-10 Sevoke-Gangtok Corridor,1175.4,44.94,334.4,-0.1125,-0.0485,2.52,896.7,304.3,4,4,5.5,7.6,0.66,37.3,1.01,0.04,0.0936,0
NER-SIM-03310,Tripura,North Tripura,Jampui Hills Ridge Corridor,304.6,33.1,58.3,0.0397,-0.0352,6.41,225.7,589.9,1,1,213.7,592.4,32.54,79.2,16.83,0.0,0.9343,1
NER-SIM-03311,Assam,Karbi Anglong,Diphu-Bokajan Escarpment,515.6,34.29,219.3,0.0068,0.0881,3.83,813.7,623.7,1,2,2.6,2.9,0.22,42.9,3.61,0.072,0.1059,0
NER-SIM-03312,Assam,Dima Hasao,NH-27 Lumding-Haflong Hill Cut,598.2,17.11,266.5,-0.0727,-0.0968,4.59,693.1,709.7,1,1,116.3,332.1,36.84,88.3,42.38,0.0,0.8008,1
NER-SIM-03313,Mizoram,Champhai,Champhai-Zokhawthar Border Cut,1664.4,25.35,141.1,-0.0621,-0.0247,3.63,1385.9,248.4,2,1,4.7,8.4,0.44,47.0,0.0,0.105,0.1292,0
NER-SIM-03314,Nagaland,Phek,Phek-Meluri Road Corridor,1584.1,35.56,68.9,0.0033,0.0093,2.0,2929.0,80.6,2,3,49.7,129.1,9.08,66.5,1.2,0.06,0.371,0
NER-SIM-03315,Assam,Dima Hasao,NH-27 Lumding-Haflong Hill Cut,1158.0,45.64,149.4,-0.0096,-0.0347,3.04,897.7,1105.1,1,3,15.2,24.9,1.56,40.1,2.4,0.064,0.1306,0
NER-SIM-03316,Mizoram,Aizawl,Aizawl-Lunglei Road Slopes,1430.8,38.28,227.6,-0.0337,-0.0065,6.4,253.0,154.6,1,3,153.0,457.5,26.66,75.7,12.69,0.042,0.9448,1
NER-SIM-03317,Arunachal Pradesh,Lower Subansiri,Ziro Foothill Section,1630.3,32.36,250.5,-0.044,-0.0435,5.82,262.3,751.5,4,2,116.2,225.9,21.39,72.9,3.89,0.12,0.5546,1
NER-SIM-03318,Meghalaya,South West Khasi Hills,Mawsynram Valley Slopes,1436.6,22.8,171.6,-0.0008,0.126,5.22,5045.3,26.9,2,4,0.3,0.3,0.02,39.9,0.77,0.067,0.0239,0
NER-SIM-03319,Nagaland,Phek,Phek-Meluri Road Corridor,1825.6,22.66,290.3,-0.002,0.0502,6.26,820.9,202.4,3,3,4.1,4.4,0.57,36.5,2.6,0.022,0.1069,0
NER-SIM-03320,Sikkim,Pakyong,NH-10 Sevoke-Gangtok Corridor,1436.6,41.47,1.2,0.0143,0.0622,4.94,1179.1,86.2,3,1,228.2,620.8,38.6,90.4,31.48,2.835,0.9962,1
NER-SIM-03321,Sikkim,Mangan,North Sikkim Highway (Chungthang),1784.1,50.9,167.6,0.0305,-0.0148,2.0,1133.0,364.0,5,1,11.1,12.1,0.87,31.0,0.12,0.038,0.1413,0
NER-SIM-03322,Nagaland,Kohima,NH-29 Dimapur-Kohima By-pass,1525.6,37.49,213.7,-0.0099,0.0719,7.42,901.9,87.8,2,3,15.9,12.1,1.1,37.0,0.96,0.149,0.2085,0
NER-SIM-03323,Manipur,Chandel,NH-102 Imphal-Moreh Corridor,1189.7,28.31,181.4,-0.0608,0.038,5.17,1508.5,51.3,4,1,2.1,3.1,0.18,38.0,0.63,0.082,0.0391,0
NER-SIM-03324,Arunachal Pradesh,Lower Subansiri,Ziro Foothill Section,1392.0,40.41,44.7,0.0003,-0.0194,4.94,355.5,596.7,4,3,1.8,2.3,0.16,29.0,3.19,0.031,0.1166,0
NER-SIM-03325,Assam,Dima Hasao,NH-27 Lumding-Haflong Hill Cut,800.7,33.69,93.0,0.0794,0.0937,6.74,1986.0,524.2,1,4,55.4,151.3,13.3,70.7,0.0,0.034,0.1925,0
NER-SIM-03326,Manipur,Chandel,NH-102 Imphal-Moreh Corridor,1206.8,25.95,318.0,-0.0747,-0.0608,3.07,272.6,1212.9,3,4,261.3,796.9,49.23,94.2,37.56,0.0,0.9915,1
NER-SIM-03327,Nagaland,Kohima,NH-29 Dimapur-Kohima By-pass,1754.8,32.61,21.1,0.0002,0.1301,5.4,145.9,686.7,3,3,49.3,109.6,9.57,68.8,0.92,0.047,0.3465,0
NER-SIM-03328,Nagaland,Phek,Phek-Meluri Road Corridor,2103.0,40.14,16.1,-0.0139,-0.0291,3.28,2661.4,1208.1,2,1,103.9,223.4,14.98,66.5,2.96,0.01,0.3697,0
NER-SIM-03329,Meghalaya,South West Khasi Hills,Mawsynram Valley Slopes,1312.7,38.01,284.9,0.0395,-0.1234,5.68,223.8,18.9,2,2,1.3,1.0,0.1,27.9,5.23,0.061,0.1536,0
NER-SIM-03330,Mizoram,Champhai,Champhai-Zokhawthar Border Cut,1378.4,37.42,24.9,-0.0013,-0.0621,6.56,4679.5,104.1,1,1,28.2,47.1,2.02,43.9,3.15,0.07,0.1214,0
NER-SIM-03331,Arunachal Pradesh,Lower Subansiri,Ziro Foothill Section,1479.0,33.07,117.5,0.0374,0.0331,5.17,5765.1,308.2,4,4,17.4,17.4,1.34,44.9,4.34,0.048,0.0733,0
NER-SIM-03332,Mizoram,Aizawl,Aizawl-Lunglei Road Slopes,1301.9,26.28,220.0,-0.0677,-0.0687,8.23,216.2,496.4,2,1,29.2,58.2,3.9,52.2,2.49,0.051,0.0744,0
NER-SIM-03333,Nagaland,Phek,Phek-Meluri Road Corridor,1738.0,26.91,50.8,0.0696,-0.0782,5.66,445.2,292.0,3,3,20.4,28.3,1.45,37.4,1.42,0.122,0.108,0
NER-SIM-03334,Mizoram,Aizawl,Aizawl-Lunglei Road Slopes,710.0,31.9,21.3,0.0712,0.0013,3.01,1033.7,640.2,2,1,1.0,0.7,0.1,30.4,2.31,0.057,0.0316,0
NER-SIM-03335,Sikkim,Mangan,North Sikkim Highway (Chungthang),1615.9,43.8,24.9,0.041,-0.021,5.83,716.1,1.1,5,3,3.1,5.4,0.36,23.5,0.92,0.021,0.292,0
NER-SIM-03336,Nagaland,Phek,Phek-Meluri Road Corridor,1170.9,38.24,10.7,0.0318,-0.0042,2.52,405.2,181.6,2,2,12.4,14.9,1.98,35.3,1.38,0.13,0.2047,0
NER-SIM-03337,Assam,Karbi Anglong,Diphu-Bokajan Escarpment,355.6,19.77,43.2,0.1078,0.0512,8.29,4613.2,571.9,1,1,28.9,30.3,3.0,38.9,2.98,0.023,0.0543,0
NER-SIM-03338,Sikkim,Pakyong,NH-10 Sevoke-Gangtok Corridor,1288.7,44.55,50.7,-0.0408,-0.0596,2.0,423.0,680.8,3,4,2.1,1.5,0.15,38.1,1.33,0.039,0.0707,0
NER-SIM-03339,Mizoram,Aizawl,Aizawl-Lunglei Road Slopes,1116.1,37.05,80.1,0.0214,-0.1233,6.66,3841.3,19.6,2,2,17.4,26.2,1.56,46.6,2.98,0.069,0.1562,0
NER-SIM-03340,Mizoram,Champhai,Champhai-Zokhawthar Border Cut,1520.9,33.16,121.9,-0.0038,-0.0846,7.22,2429.5,211.3,2,3,1.3,1.4,0.13,27.5,2.14,0.103,0.0749,0
NER-SIM-03341,Arunachal Pradesh,West Kameng,Bhalukpong-Bomdila-Tawang Route,2291.6,54.28,253.9,0.0199,0.0277,4.19,2622.5,1194.9,3,4,38.0,29.0,2.62,35.5,2.25,0.0,0.1658,0
NER-SIM-03342,Meghalaya,East Khasi Hills,NH-6 Shillong-Tamabil Highway,1605.9,30.18,131.4,-0.0744,0.1271,6.52,686.0,80.2,2,1,75.5,227.0,11.39,80.7,18.71,0.0,0.54,1
NER-SIM-03343,Sikkim,Mangan,North Sikkim Highway (Chungthang),2087.1,37.55,337.3,0.0601,0.0764,2.0,220.1,135.1,4,2,1.8,2.5,0.16,27.6,3.73,0.039,0.1402,0
NER-SIM-03344,Arunachal Pradesh,Lower Subansiri,Ziro Foothill Section,1975.1,37.74,80.8,-0.0039,-0.0374,4.33,1903.5,310.9,3,2,3.9,3.3,0.27,37.4,2.9,0.059,0.0612,0
NER-SIM-03345,Arunachal Pradesh,West Kameng,Bhalukpong-Bomdila-Tawang Route,2106.3,36.65,45.0,0.0726,0.0379,6.35,122.6,24.3,4,2,20.5,36.5,1.54,45.5,2.63,0.005,0.2508,0
NER-SIM-03346,Manipur,Chandel,NH-102 Imphal-Moreh Corridor,1066.9,31.35,91.1,-0.0148,-0.0408,6.51,559.6,56.1,2,2,17.5,14.5,1.63,46.3,0.61,0.086,0.2326,0
NER-SIM-03347,Arunachal Pradesh,Lower Subansiri,Ziro Foothill Section,1182.4,15.4,98.7,0.0323,0.0018,3.58,353.6,110.9,4,1,104.3,234.0,15.31,88.6,35.43,0.053,0.6171,1
NER-SIM-03348,Sikkim,Mangan,North Sikkim Highway (Chungthang),1508.9,41.22,157.5,0.0376,-0.0448,4.75,1908.5,55.0,4,1,13.1,7.9,1.17,36.8,2.52,0.021,0.0845,0
NER-SIM-03349,Sikkim,Mangan,North Sikkim Highway (Chungthang),1708.9,46.17,80.7,-0.004,0.022,2.0,2266.6,404.3,4,4,92.6,282.4,15.17,70.5,1.85,0.08,0.6157,1
NER-SIM-03350,Manipur,Chandel,NH-102 Imphal-Moreh Corridor,1294.1,13.42,4.0,-0.0125,-0.0055,4.55,2436.5,997.4,3,1,119.3,213.4,18.15,84.8,31.46,0.032,0.3844,0
NER-SIM-03351,Nagaland,Kohima,NH-29 Dimapur-Kohima By-pass,914.7,40.8,71.9,-0.005,0.0355,6.27,6154.9,1226.3,3,2,6.4,9.3,0.59,36.5,0.0,0.046,0.0818,0
NER-SIM-03352,Tripura,North Tripura,Jampui Hills Ridge Corridor,630.1,22.11,207.0,0.0321,-0.0869,7.44,1382.1,322.3,1,3,182.3,510.1,55.96,77.8,12.55,0.051,0.917,1
NER-SIM-03353,Sikkim,Mangan,North Sikkim Highway (Chungthang),1639.0,49.02,262.3,-0.0406,-0.0027,2.78,335.3,109.2,5,2,5.4,8.1,0.47,38.2,0.73,0.056,0.1377,0
NER-SIM-03354,Manipur,Noney,Tupul Railway Corridor Section,618.3,35.64,257.1,-0.0924,0.0508,6.14,641.7,192.2,2,1,25.0,34.7,2.06,52.9,1.56,0.043,0.1438,0
NER-SIM-03355,Tripura,North Tripura,Jampui Hills Ridge Corridor,50.0,20.15,118.3,0.0077,-0.0108,4.98,907.2,788.0,1,1,0.6,0.9,0.07,41.3,3.4,0.051,0.0267,0
NER-SIM-03356,Assam,Dima Hasao,NH-27 Lumding-Haflong Hill Cut,756.5,37.05,116.4,0.0125,0.0383,4.95,434.7,654.8,1,2,9.0,15.4,1.12,42.4,2.86,0.0,0.1277,0
NER-SIM-03357,Sikkim,Pakyong,NH-10 Sevoke-Gangtok Corridor,1029.9,39.87,220.0,0.0825,-0.0487,7.74,820.1,743.9,3,3,10.2,13.9,0.73,41.7,3.77,0.092,0.1861,0
NER-SIM-03358,Mizoram,Champhai,Champhai-Zokhawthar Border Cut,1475.1,24.52,278.1,-0.0542,0.0508,6.47,38.9,358.6,2,2,21.0,25.3,3.05,45.5,2.9,0.06,0.0737,0
NER-SIM-03359,Nagaland,Kohima,NH-29 Dimapur-Kohima By-pass,1716.0,23.94,293.1,-0.0165,0.0009,5.61,932.4,128.1,2,2,11.5,20.4,0.91,41.2,0.79,0.0,0.0509,0
NER-SIM-03360,Assam,Karbi Anglong,Diphu-Bokajan Escarpment,175.2,23.12,208.2,-0.0719,-0.0675,3.64,2481.0,56.0,1,1,25.3,42.7,2.79,42.5,1.22,0.029,0.1074,0
NER-SIM-03361,Tripura,North Tripura,Jampui Hills Ridge Corridor,784.7,32.23,99.4,-0.0228,-0.0162,3.97,1102.7,4257.4,1,2,9.2,11.1,1.13,31.0,3.63,0.0,0.0654,0
NER-SIM-03362,Manipur,Chandel,NH-102 Imphal-Moreh Corridor,997.6,24.53,137.8,0.0086,-0.0578,4.85,965.2,578.9,2,1,2.1,1.1,0.15,39.4,3.55,0.0,0.0335,0
NER-SIM-03363,Sikkim,Pakyong,NH-10 Sevoke-Gangtok Corridor,549.9,29.61,33.6,-0.0581,0.0188,6.11,878.1,450.7,4,4,27.2,18.7,2.6,38.9,1.52,0.0,0.0664,0
NER-SIM-03364,Mizoram,Aizawl,Aizawl-Lunglei Road Slopes,1050.9,39.72,176.1,-0.0418,0.0211,5.75,1510.4,569.4,2,2,45.9,109.5,6.9,67.4,1.55,0.082,0.1611,0
NER-SIM-03365,Nagaland,Kohima,NH-29 Dimapur-Kohima By-pass,1438.1,18.1,235.6,0.12,0.0083,5.69,70.1,196.6,2,4,77.5,245.5,16.17,83.9,23.63,0.091,0.6328,1
NER-SIM-03366,Manipur,Chandel,NH-102 Imphal-Moreh Corridor,1077.3,25.59,67.0,0.0673,0.041,10.37,702.9,147.9,3,3,8.5,12.1,0.68,46.3,2.0,0.098,0.0933,0
NER-SIM-03367,Arunachal Pradesh,Lower Subansiri,Ziro Foothill Section,1773.0,33.15,155.5,-0.0048,0.1046,4.17,546.9,31.1,4,1,126.8,192.7,26.22,82.6,22.45,3.925,0.7904,1
NER-SIM-03368,Meghalaya,East Khasi Hills,NH-6 Shillong-Tamabil Highway,1449.0,22.58,209.5,0.0385,0.0816,5.33,1260.3,281.1,2,4,33.5,19.5,3.01,37.6,1.87,0.068,0.0709,0
NER-SIM-03369,Assam,Dima Hasao,NH-27 Lumding-Haflong Hill Cut,572.6,25.01,178.9,-0.0069,-0.0238,6.48,518.1,48.9,1,1,4.9,5.3,0.53,38.4,2.77,0.009,0.066,0
NER-SIM-03370,Sikkim,Mangan,North Sikkim Highway (Chungthang),1520.2,51.32,6.4,-0.0026,0.0253,3.16,2746.7,54.8,5,4,32.8,53.7,3.21,59.2,0.0,0.131,0.2511,0
NER-SIM-03371,Tripura,North Tripura,Jampui Hills Ridge Corridor,440.1,26.7,243.9,-0.0248,0.0058,3.07,2108.6,991.5,1,3,8.3,9.8,0.94,39.4,0.0,0.053,0.0771,0
NER-SIM-03372,Nagaland,Phek,Phek-Meluri Road Corridor,1456.8,29.23,47.7,0.0287,-0.0283,6.02,2122.0,767.1,1,1,13.2,16.0,1.38,30.7,0.23,0.036,0.0367,0
NER-SIM-03373,Meghalaya,East Khasi Hills,NH-6 Shillong-Tamabil Highway,1304.4,22.24,38.7,0.0837,0.0852,4.95,222.1,322.4,1,3,74.7,201.5,9.61,78.5,20.1,0.022,0.5341,1
NER-SIM-03374,Assam,Karbi Anglong,Diphu-Bokajan Escarpment,653.3,35.92,204.1,0.072,-0.0003,4.99,1752.2,111.4,1,4,9.8,16.5,0.76,38.7,2.63,0.041,0.0518,0
NER-SIM-03375,Manipur,Noney,Tupul Railway Corridor Section,1009.7,30.4,251.3,-0.0172,0.0438,7.72,347.7,447.5,3,1,132.2,327.4,30.8,75.6,10.65,0.013,0.8449,1
NER-SIM-03376,Assam,Karbi Anglong,Diphu-Bokajan Escarpment,776.4,16.15,72.6,-0.0484,-0.0417,6.0,4561.5,210.5,1,3,66.3,206.4,20.72,88.4,36.46,0.062,0.6323,1
NER-SIM-03377,Assam,Karbi Anglong,Diphu-Bokajan Escarpment,692.3,28.46,183.1,-0.0454,-0.0096,9.12,3772.4,244.2,1,3,39.3,94.6,5.16,52.5,0.0,0.0,0.119,0
NER-SIM-03378,Arunachal Pradesh,West Kameng,Bhalukpong-Bomdila-Tawang Route,1943.5,38.33,230.6,-0.0193,0.0792,8.39,28.3,226.7,4,2,35.9,95.2,5.49,55.4,0.68,0.034,0.3649,0
NER-SIM-03379,Mizoram,Aizawl,Aizawl-Lunglei Road Slopes,549.2,37.13,289.3,0.0224,0.1054,4.37,1589.2,111.2,2,4,3.2,3.2,0.23,35.6,0.73,0.077,0.122,0
NER-SIM-03380,Meghalaya,South West Khasi Hills,Mawsynram Valley Slopes,847.0,44.43,96.2,0.0522,-0.0294,4.17,1753.6,136.2,2,3,30.2,20.7,3.05,45.1,1.49,0.05,0.2779,0
NER-SIM-03381,Mizoram,Aizawl,Aizawl-Lunglei Road Slopes,1510.7,30.29,261.8,-0.0384,0.0104,6.0,149.3,7.9,1,3,91.0,162.9,24.29,68.8,1.83,0.009,0.6093,1
NER-SIM-03382,Manipur,Chandel,NH-102 Imphal-Moreh Corridor,1120.7,31.54,278.3,0.0529,-0.0409,4.82,374.2,7.9,2,1,4.9,6.6,0.4,41.1,5.44,0.067,0.0978,0
NER-SIM-03383,Tripura,North Tripura,Jampui Hills Ridge Corridor,681.4,31.72,79.9,-0.0213,-0.0355,9.4,2471.2,21.6,1,2,39.3,68.9,7.81,44.3,0.0,0.078,0.1173,0
NER-SIM-03384,Mizoram,Champhai,Champhai-Zokhawthar Border Cut,1283.0,28.18,146.6,0.0195,0.0376,6.93,2801.4,921.1,1,1,1.1,1.1,0.08,35.4,3.45,0.0,0.0525,0
NER-SIM-03385,Manipur,Chandel,NH-102 Imphal-Moreh Corridor,688.5,37.97,38.0,-0.0151,0.0227,3.91,2233.5,68.5,2,1,11.2,19.0,1.29,50.1,1.27,0.041,0.1032,0
NER-SIM-03386,Nagaland,Phek,Phek-Meluri Road Corridor,1654.5,24.88,124.6,0.0799,0.0077,4.1,830.7,788.0,2,1,1.2,1.1,0.13,39.4,1.57,0.043,0.0403,0
NER-SIM-03387,Manipur,Chandel,NH-102 Imphal-Moreh Corridor,983.8,38.1,251.5,-0.0593,-0.0751,5.93,3319.3,186.7,2,3,2.3,3.0,0.17,38.0,4.02,0.124,0.1049,0
NER-SIM-03388,Manipur,Chandel,NH-102 Imphal-Moreh Corridor,861.9,19.15,86.1,-0.1029,-0.0485,6.93,834.3,15.3,2,1,6.9,11.8,0.53,37.6,1.89,0.057,0.0575,0
NER-SIM-03389,Meghalaya,East Khasi Hills,NH-6 Shillong-Tamabil Highway,1415.4,23.96,44.2,0.0503,0.0746,7.99,422.2,118.0,2,1,7.0,5.3,0.68,34.4,1.29,0.025,0.0645,0
NER-SIM-03390,Manipur,Noney,Tupul Railway Corridor Section,528.5,44.94,78.0,-0.0586,-0.0322,4.2,181.3,156.3,2,4,13.4,22.6,1.07,35.5,3.44,0.101,0.157,0
NER-SIM-03391,Nagaland,Phek,Phek-Meluri Road Corridor,1342.8,46.46,339.6,0.0274,-0.0026,6.02,284.7,1517.0,2,4,10.1,9.9,0.78,41.2,5.54,0.034,0.1549,0
NER-SIM-03392,Assam,Karbi Anglong,Diphu-Bokajan Escarpment,611.6,26.98,255.6,0.0695,0.0124,4.96,437.9,2.8,1,2,96.0,236.4,12.76,80.6,16.22,0.031,0.6918,1
NER-SIM-03393,Manipur,Chandel,NH-102 Imphal-Moreh Corridor,1352.2,20.03,14.6,-0.0115,-0.0085,5.67,492.9,77.8,2,1,1.4,1.5,0.1,24.2,2.0,0.072,0.0452,0
NER-SIM-03394,Nagaland,Kohima,NH-29 Dimapur-Kohima By-pass,1376.9,43.86,359.5,0.0125,-0.0025,5.58,1154.0,390.0,2,1,62.2,188.8,18.83,74.0,2.34,0.021,0.4804,0
NER-SIM-03395,Meghalaya,South West Khasi Hills,Mawsynram Valley Slopes,1478.7,34.64,226.0,0.0842,0.038,4.09,155.7,1256.6,2,1,60.1,124.1,16.36,66.4,0.09,0.051,0.2394,0
NER-SIM-03396,Manipur,Chandel,NH-102 Imphal-Moreh Corridor,1256.0,24.33,115.5,-0.0735,0.004,6.59,378.5,786.1,4,3,11.1,14.3,0.76,33.1,2.91,0.103,0.1509,0
NER-SIM-03397,Assam,Dima Hasao,NH-27 Lumding-Haflong Hill Cut,666.2,27.97,142.2,-0.0521,0.0442,6.32,2037.9,674.3,1,2,16.0,16.5,1.46,33.4,2.33,0.083,0.0299,0
NER-SIM-03398,Tripura,North Tripura,Jampui Hills Ridge Corridor,789.0,24.06,321.8,-0.0532,-0.0309,9.06,433.6,425.8,1,3,16.2,25.5,1.2,43.5,1.74,0.045,0.0672,0
NER-SIM-03399,Sikkim,Pakyong,NH-10 Sevoke-Gangtok Corridor,1008.6,33.96,152.3,-0.0106,0.0343,5.43,1627.7,418.3,3,1,2.6,3.7,0.26,40.0,1.67,0.073,0.0368,0
NER-SIM-03400,Manipur,Noney,Tupul Railway Corridor Section,769.4,44.96,15.9,-0.0004,0.0158,6.02,421.1,199.8,2,3,45.1,82.2,6.59,50.7,2.62,0.061,0.5493,1
NER-SIM-03401,Mizoram,Aizawl,Aizawl-Lunglei Road Slopes,1015.9,41.19,224.0,-0.0709,0.0666,6.36,687.3,28.3,1,2,113.1,286.8,26.65,85.8,34.38,0.665,0.8716,1
NER-SIM-03402,Mizoram,Champhai,Champhai-Zokhawthar Border Cut,1510.4,32.24,220.6,-0.0629,0.0809,2.03,2375.8,242.3,2,1,25.1,30.8,4.07,51.9,0.15,0.023,0.101,0
NER-SIM-03403,Nagaland,Kohima,NH-29 Dimapur-Kohima By-pass,1663.2,44.77,14.7,-0.0366,-0.0249,5.47,1677.0,410.2,2,2,57.7,132.6,12.71,69.7,2.03,0.0,0.2696,0
NER-SIM-03404,Tripura,North Tripura,Jampui Hills Ridge Corridor,738.7,37.86,19.6,-0.0443,0.0316,6.17,266.6,49.9,1,3,2.0,1.4,0.16,38.6,0.0,0.104,0.1631,0
NER-SIM-03405,Meghalaya,South West Khasi Hills,Mawsynram Valley Slopes,595.4,36.35,190.9,-0.0521,0.0979,6.35,573.6,240.1,2,4,15.3,14.7,1.06,42.2,0.22,0.0,0.1146,0
NER-SIM-03406,Meghalaya,South West Khasi Hills,Mawsynram Valley Slopes,1348.7,30.76,41.6,-0.0235,0.0137,3.92,24.0,688.8,1,2,43.6,56.3,5.88,49.7,2.91,0.095,0.1658,0
NER-SIM-03407,Meghalaya,South West Khasi Hills,Mawsynram Valley Slopes,628.0,32.95,162.9,0.0716,-0.0185,6.63,402.4,170.5,2,3,186.0,293.0,47.24,75.1,7.2,0.051,0.8915,1
NER-SIM-03408,Arunachal Pradesh,Lower Subansiri,Ziro Foothill Section,1838.4,24.91,74.0,-0.0247,-0.0307,8.22,3555.9,381.9,4,1,31.2,66.3,8.35,48.2,1.32,0.016,0.1094,0
NER-SIM-03409,Arunachal Pradesh,Lower Subansiri,Ziro Foothill Section,1575.9,36.55,246.3,0.0413,0.0258,6.73,534.2,449.1,4,3,21.4,16.6,3.42,44.7,2.06,0.096,0.244,0
NER-SIM-03410,Assam,Karbi Anglong,Diphu-Bokajan Escarpment,248.4,23.14,26.0,-0.054,0.134,8.65,285.4,452.1,1,3,57.9,88.0,8.26,58.5,0.0,0.043,0.2673,0
NER-SIM-03411,Sikkim,Mangan,North Sikkim Highway (Chungthang),1868.7,39.56,56.3,-0.0333,-0.0835,4.79,1058.7,55.9,4,3,1.7,2.6,0.12,37.3,1.33,0.0,0.2372,0
NER-SIM-03412,Tripura,North Tripura,Jampui Hills Ridge Corridor,710.5,40.39,91.1,0.0736,-0.0113,3.86,2215.8,424.6,1,1,38.3,52.7,2.89,50.0,2.3,0.057,0.1716,0
NER-SIM-03413,Nagaland,Phek,Phek-Meluri Road Corridor,1713.1,36.96,321.5,0.0269,0.0223,4.44,271.6,212.2,3,1,12.3,13.8,1.01,40.9,3.73,0.007,0.1106,0
NER-SIM-03414,Sikkim,Mangan,North Sikkim Highway (Chungthang),1638.1,38.71,78.3,0.004,0.047,6.8,595.2,151.5,4,1,3.1,1.7,0.2,34.7,0.0,0.089,0.1042,0
NER-SIM-03415,Arunachal Pradesh,West Kameng,Bhalukpong-Bomdila-Tawang Route,2298.4,45.61,110.7,0.0077,-0.0417,6.62,380.5,39.8,4,1,0.7,1.1,0.08,32.4,2.2,0.142,0.0944,0
NER-SIM-03416,Assam,Dima Hasao,NH-27 Lumding-Haflong Hill Cut,648.5,33.49,245.3,0.0259,0.0448,3.24,1853.5,810.6,1,1,15.6,25.8,2.52,41.5,2.62,0.05,0.0577,0
NER-SIM-03417,Arunachal Pradesh,Lower Subansiri,Ziro Foothill Section,1529.9,23.5,238.6,0.0513,0.0491,7.13,190.3,789.7,4,3,277.6,603.3,50.72,76.0,7.37,0.066,0.9849,1
NER-SIM-03418,Mizoram,Champhai,Champhai-Zokhawthar Border Cut,1194.0,20.41,274.8,-0.085,-0.0042,7.33,133.9,89.4,2,2,111.1,242.1,14.0,82.9,23.98,0.021,0.7169,1
NER-SIM-03419,Sikkim,Mangan,North Sikkim Highway (Chungthang),1364.4,55.0,68.7,-0.0418,0.0382,4.61,589.1,434.8,5,1,98.3,309.4,27.91,73.3,2.05,0.024,0.8409,1
NER-SIM-03420,Meghalaya,East Khasi Hills,NH-6 Shillong-Tamabil Highway,1606.6,33.08,80.0,-0.0236,-0.038,2.77,425.0,7.3,2,1,5.6,7.3,0.55,34.6,3.42,0.06,0.0609,0
NER-SIM-03421,Assam,Karbi Anglong,Diphu-Bokajan Escarpment,416.4,29.02,281.6,-0.0894,-0.0483,6.14,1969.5,84.6,1,1,13.7,10.6,1.27,38.5,2.25,0.041,0.0593,0
NER-SIM-03422,Manipur,Chandel,NH-102 Imphal-Moreh Corridor,218.6,39.95,260.5,0.0887,-0.0475,3.31,52.9,991.1,3,1,13.0,22.4,1.85,41.3,0.0,0.06,0.1224,0
NER-SIM-03423,Arunachal Pradesh,Lower Subansiri,Ziro Foothill Section,1539.8,44.65,264.2,0.0457,0.0446,4.59,255.8,586.7,4,2,119.6,290.0,32.63,80.5,17.75,0.017,0.9117,1
NER-SIM-03424,Meghalaya,South West Khasi Hills,Mawsynram Valley Slopes,964.4,23.03,189.2,0.0199,0.0196,8.1,904.6,128.5,1,2,43.5,124.6,8.09,71.4,0.99,0.036,0.2135,0
NER-SIM-03425,Arunachal Pradesh,Lower Subansiri,Ziro Foothill Section,1888.6,23.46,258.9,-0.0212,-0.046,3.83,3.1,798.0,4,4,167.9,268.8,51.32,84.4,17.73,0.0,0.8085,1
NER-SIM-03426,Tripura,North Tripura,Jampui Hills Ridge Corridor,468.9,30.27,218.9,0.0236,-0.016,2.95,1009.0,1052.2,1,1,47.2,70.6,4.22,45.2,2.86,0.059,0.155,0
NER-SIM-03427,Assam,Karbi Anglong,Diphu-Bokajan Escarpment,554.2,30.42,283.2,-0.107,0.0989,6.31,3736.5,10.4,1,2,12.4,6.6,1.68,41.7,0.81,0.022,0.0787,0
NER-SIM-03428,Mizoram,Champhai,Champhai-Zokhawthar Border Cut,1503.8,33.43,5.9,0.0528,0.0294,4.64,203.5,113.6,1,2,173.7,334.6,24.1,73.6,3.19,0.0,0.8407,1
NER-SIM-03429,Manipur,Chandel,NH-102 Imphal-Moreh Corridor,787.1,33.39,230.7,-0.0285,0.068,7.77,890.5,18.5,2,1,162.0,483.4,24.96,84.2,19.18,1.468,0.945,1
NER-SIM-03430,Meghalaya,East Khasi Hills,NH-6 Shillong-Tamabil Highway,1593.9,28.08,337.9,-0.0563,-0.0188,4.08,885.1,104.7,3,3,1.1,1.4,0.14,37.7,0.35,0.157,0.115,0
NER-SIM-03431,Nagaland,Phek,Phek-Meluri Road Corridor,1858.6,33.48,16.2,0.0343,0.043,7.25,27.3,9.4,2,1,76.8,201.5,20.91,78.4,13.89,0.056,0.6108,1
NER-SIM-03432,Manipur,Chandel,NH-102 Imphal-Moreh Corridor,1144.6,28.27,249.5,-0.0766,-0.0475,6.13,494.4,8.1,3,2,240.9,449.0,39.39,72.2,1.12,0.064,0.9662,1
NER-SIM-03433,Nagaland,Phek,Phek-Meluri Road Corridor,1228.4,28.4,148.2,-0.0109,0.031,8.66,606.9,895.5,4,2,7.6,6.1,0.99,40.3,2.21,0.065,0.0854,0
NER-SIM-03434,Meghalaya,South West Khasi Hills,Mawsynram Valley Slopes,1399.2,50.3,133.7,0.0009,0.0232,3.83,385.6,78.1,1,1,133.5,234.7,20.88,76.3,13.61,0.038,0.7638,1
NER-SIM-03435,Nagaland,Phek,Phek-Meluri Road Corridor,1966.3,43.86,221.2,0.0276,0.0388,4.41,839.2,455.4,1,3,12.1,13.5,1.37,40.4,1.8,0.001,0.1388,0
NER-SIM-03436,Arunachal Pradesh,Lower Subansiri,Ziro Foothill Section,1633.4,26.75,12.8,0.0005,0.0337,6.5,1212.2,620.9,4,2,114.5,202.5,16.01,72.8,0.84,0.025,0.545,1
NER-SIM-03437,Meghalaya,East Khasi Hills,NH-6 Shillong-Tamabil Highway,1184.9,34.76,49.1,0.0457,0.031,6.46,619.7,33.8,1,2,98.2,154.4,15.2,72.0,1.97,0.073,0.4682,0
NER-SIM-03438,Arunachal Pradesh,Lower Subansiri,Ziro Foothill Section,1853.9,44.44,341.1,0.0904,0.0533,5.37,1591.8,634.2,4,1,8.0,10.3,0.56,39.3,1.37,0.014,0.0552,0
NER-SIM-03439,Tripura,North Tripura,Jampui Hills Ridge Corridor,109.2,39.71,194.4,-0.0444,0.0376,3.65,2347.6,276.3,1,2,16.8,22.8,2.3,48.0,0.5,0.04,0.1179,0
NER-SIM-03440,Mizoram,Aizawl,Aizawl-Lunglei Road Slopes,1006.8,44.62,255.9,0.003,0.0191,4.12,2114.5,585.6,1,1,22.3,38.0,1.84,40.6,1.75,0.045,0.092,0
NER-SIM-03441,Tripura,North Tripura,Jampui Hills Ridge Corridor,527.6,41.89,289.4,-0.0758,-0.0059,2.0,389.5,30.7,1,1,55.5,137.1,7.54,71.8,0.0,0.05,0.4154,0
NER-SIM-03442,Sikkim,Pakyong,NH-10 Sevoke-Gangtok Corridor,1176.9,33.04,141.2,-0.0471,0.0691,6.6,906.7,319.2,4,1,222.3,578.8,73.8,83.5,25.38,1.366,0.9779,1
NER-SIM-03443,Assam,Dima Hasao,NH-27 Lumding-Haflong Hill Cut,991.3,27.41,242.7,-0.0458,0.0339,5.86,1295.8,106.1,1,1,36.3,24.0,2.89,28.0,2.1,0.0,0.1174,0
NER-SIM-03444,Nagaland,Phek,Phek-Meluri Road Corridor,1396.4,27.24,136.3,0.0715,0.0616,5.49,904.2,745.5,2,4,132.8,339.4,22.99,76.1,8.95,0.085,0.5655,1
NER-SIM-03445,Mizoram,Champhai,Champhai-Zokhawthar Border Cut,1667.5,30.72,172.1,0.1266,0.0513,6.48,1712.8,1085.6,2,4,25.1,39.0,2.15,47.3,2.2,0.039,0.0896,0
NER-SIM-03446,Manipur,Noney,Tupul Railway Corridor Section,665.6,41.01,31.2,0.0355,-0.0014,2.03,2260.1,161.7,2,1,33.8,47.5,4.42,49.3,0.0,0.0,0.1039,0
NER-SIM-03447,Meghalaya,East Khasi Hills,NH-6 Shillong-Tamabil Highway,1197.3,34.47,282.9,0.0235,0.0242,3.73,3464.3,823.1,2,1,189.7,501.5,46.41,84.3,23.87,6.998,0.9579,1
NER-SIM-03448,Arunachal Pradesh,West Kameng,Bhalukpong-Bomdila-Tawang Route,2424.3,49.32,169.3,0.0181,0.0294,6.61,1352.9,12.0,5,2,9.6,9.1,0.98,36.4,3.05,0.068,0.1961,0
NER-SIM-03449,Arunachal Pradesh,Lower Subansiri,Ziro Foothill Section,1762.4,29.65,51.1,0.0384,0.0446,6.15,918.3,432.3,4,1,94.7,294.8,11.89,68.5,1.7,0.056,0.5828,1
NER-SIM-03450,Assam,Karbi Anglong,Diphu-Bokajan Escarpment,742.5,32.79,178.3,-0.0496,0.0556,5.95,614.8,78.9,1,4,3.5,2.6,0.29,42.1,0.21,0.045,0.0651,0
NER-SIM-03451,Assam,Karbi Anglong,Diphu-Bokajan Escarpment,1132.7,14.4,34.5,-0.028,-0.0316,6.91,1821.5,37.5,1,2,26.8,29.2,3.82,46.6,0.92,0.063,0.0559,0
NER-SIM-03452,Sikkim,Pakyong,NH-10 Sevoke-Gangtok Corridor,1265.6,47.81,89.0,-0.0037,-0.0038,5.56,4354.0,662.6,4,2,154.9,442.3,22.62,83.4,17.58,11.763,0.9829,1
NER-SIM-03453,Assam,Dima Hasao,NH-27 Lumding-Haflong Hill Cut,1297.6,27.77,18.2,0.0636,-0.0572,6.34,3276.6,584.5,1,4,65.7,109.3,14.34,65.8,2.85,0.007,0.1641,0
NER-SIM-03454,Meghalaya,South West Khasi Hills,Mawsynram Valley Slopes,1206.0,33.88,53.0,0.0501,0.0946,4.01,41.9,652.5,2,4,18.9,22.3,1.31,44.2,6.62,0.076,0.0745,0
NER-SIM-03455,Mizoram,Aizawl,Aizawl-Lunglei Road Slopes,1493.0,42.69,46.9,-0.0496,-0.0081,6.52,906.8,324.6,2,3,2.8,2.6,0.24,39.4,1.85,0.034,0.1984,0
NER-SIM-03456,Mizoram,Aizawl,Aizawl-Lunglei Road Slopes,953.8,27.58,120.0,0.011,-0.0351,7.46,1122.2,285.3,1,3,22.6,18.9,3.59,42.8,1.47,0.074,0.1215,0
NER-SIM-03457,Manipur,Chandel,NH-102 Imphal-Moreh Corridor,703.4,20.03,58.7,0.0237,0.0897,4.79,931.9,306.8,3,3,30.9,44.7,2.56,49.1,3.76,0.04,0.1714,0
NER-SIM-03458,Sikkim,Pakyong,NH-10 Sevoke-Gangtok Corridor,964.9,30.75,21.4,0.0486,0.0406,3.61,1699.2,123.3,4,3,11.9,17.0,1.37,33.4,2.12,0.145,0.1606,0
NER-SIM-03459,Mizoram,Aizawl,Aizawl-Lunglei Road Slopes,1137.8,25.65,6.0,-0.0043,-0.0972,4.41,1826.3,248.6,2,4,8.9,16.0,0.88,41.9,1.13,0.044,0.0843,0
NER-SIM-03460,Meghalaya,South West Khasi Hills,Mawsynram Valley Slopes,1328.1,32.95,246.6,0.0315,-0.044,5.61,42.4,160.8,1,3,18.1,32.5,1.49,48.6,0.0,0.128,0.2311,0
NER-SIM-03461,Assam,Dima Hasao,NH-27 Lumding-Haflong Hill Cut,731.2,34.39,340.8,0.0742,0.0122,5.45,2993.7,190.9,1,2,1.4,1.9,0.11,36.8,1.5,0.079,0.0556,0
NER-SIM-03462,Tripura,North Tripura,Jampui Hills Ridge Corridor,282.8,28.47,249.7,-0.0105,-0.0085,5.53,408.7,1691.6,1,2,239.0,468.7,36.3,69.6,2.56,0.018,0.9341,1
NER-SIM-03463,Mizoram,Champhai,Champhai-Zokhawthar Border Cut,1367.2,19.3,36.8,-0.0242,0.0747,4.09,2869.9,343.5,1,1,55.0,124.3,16.36,66.9,3.03,0.047,0.1266,0
NER-SIM-03464,Sikkim,Pakyong,NH-10 Sevoke-Gangtok Corridor,1230.0,25.19,320.1,-0.0171,0.0394,5.19,523.5,45.0,3,1,23.4,24.4,2.7,44.0,1.18,0.122,0.1152,0
NER-SIM-03465,Meghalaya,South West Khasi Hills,Mawsynram Valley Slopes,1238.1,31.87,219.9,0.0365,-0.0384,5.26,503.9,298.3,1,1,22.1,32.1,2.69,55.4,1.79,0.0,0.102,0
NER-SIM-03466,Manipur,Chandel,NH-102 Imphal-Moreh Corridor,1317.1,32.66,302.2,0.0812,0.0304,2.0,308.6,211.4,2,2,50.9,117.1,12.68,65.8,0.0,0.0,0.4068,0
NER-SIM-03467,Arunachal Pradesh,West Kameng,Bhalukpong-Bomdila-Tawang Route,1979.5,37.8,29.9,-0.0867,-0.0517,4.97,694.4,1115.9,4,1,157.5,382.5,20.98,75.1,8.92,0.022,0.8091,1
NER-SIM-03468,Nagaland,Phek,Phek-Meluri Road Corridor,1342.6,52.18,235.6,-0.0613,-0.0884,2.62,606.7,509.7,3,3,2.3,3.7,0.35,38.2,1.49,0.077,0.2365,0
NER-SIM-03469,Assam,Karbi Anglong,Diphu-Bokajan Escarpment,528.7,31.74,88.7,-0.0548,-0.076,5.54,590.7,116.6,1,1,41.9,67.8,10.86,53.7,2.76,0.007,0.1443,0
NER-SIM-03470,Mizoram,Aizawl,Aizawl-Lunglei Road Slopes,1097.3,36.88,79.2,-0.0704,0.061,6.18,575.5,614.5,1,1,55.9,129.4,10.49,70.1,2.5,0.092,0.2799,0
NER-SIM-03471,Nagaland,Phek,Phek-Meluri Road Corridor,1573.1,25.88,167.8,0.0611,0.1232,7.4,162.3,43.5,1,3,2.1,3.4,0.14,54.4,2.37,0.027,0.1344,0
NER-SIM-03472,Manipur,Chandel,NH-102 Imphal-Moreh Corridor,776.9,48.75,314.2,0.081,-0.0467,3.51,1204.3,648.6,3,4,3.5,2.0,0.31,34.2,3.56,0.013,0.1274,0
NER-SIM-03473,Manipur,Chandel,NH-102 Imphal-Moreh Corridor,734.8,29.28,244.0,0.0078,0.0411,8.1,207.3,394.1,3,1,0.8,1.1,0.06,37.7,2.87,0.085,0.0339,0
NER-SIM-03474,Mizoram,Champhai,Champhai-Zokhawthar Border Cut,1251.8,31.78,6.8,-0.0433,-0.0326,6.24,1517.3,298.7,1,1,172.4,292.7,56.02,75.5,10.17,0.058,0.7209,1
NER-SIM-03475,Meghalaya,East Khasi Hills,NH-6 Shillong-Tamabil Highway,1820.6,34.02,35.3,-0.0009,0.045,5.21,290.2,229.6,2,4,13.6,15.7,1.03,35.5,1.6,0.081,0.0678,0
NER-SIM-03476,Nagaland,Phek,Phek-Meluri Road Corridor,1358.4,30.09,352.5,0.0026,0.0055,7.11,566.3,762.0,3,2,108.8,222.8,29.79,68.3,2.49,0.08,0.5251,1
NER-SIM-03477,Arunachal Pradesh,West Kameng,Bhalukpong-Bomdila-Tawang Route,2519.9,36.42,247.5,-0.0139,0.1132,4.66,10487.3,156.1,4,4,255.4,500.4,36.17,87.5,26.47,1.585,0.9765,1
NER-SIM-03478,Assam,Karbi Anglong,Diphu-Bokajan Escarpment,273.2,16.62,229.6,0.0045,0.0571,7.97,176.8,709.7,1,3,1.0,1.1,0.08,39.9,2.98,0.028,0.1211,0
NER-SIM-03479,Assam,Dima Hasao,NH-27 Lumding-Haflong Hill Cut,380.3,41.6,137.0,-0.0536,-0.0092,7.49,453.1,170.3,1,2,11.3,6.0,1.5,33.8,1.72,0.081,0.1283,0
NER-SIM-03480,Manipur,Chandel,NH-102 Imphal-Moreh Corridor,1116.3,38.47,228.7,-0.0035,0.0246,4.0,18.1,240.6,3,2,9.6,10.2,0.99,35.8,0.0,0.095,0.1052,0
NER-SIM-03481,Manipur,Chandel,NH-102 Imphal-Moreh Corridor,616.0,34.65,277.8,0.0072,-0.0641,5.67,2499.5,67.5,3,3,101.9,274.6,27.16,71.3,1.4,0.028,0.7164,1
NER-SIM-03482,Nagaland,Phek,Phek-Meluri Road Corridor,1951.3,24.11,353.4,0.0884,0.0853,8.76,2171.0,13.5,1,3,6.3,4.1,0.49,26.1,4.74,0.073,0.1005,0
NER-SIM-03483,Manipur,Chandel,NH-102 Imphal-Moreh Corridor,1152.3,27.29,4.7,-0.0488,-0.1158,5.77,864.8,77.9,2,1,1.3,0.9,0.14,23.4,0.0,0.055,0.0318,0
NER-SIM-03484,Nagaland,Phek,Phek-Meluri Road Corridor,1784.5,40.7,216.6,0.0024,-0.0469,6.16,482.1,217.9,3,1,25.1,21.4,1.71,41.2,1.55,0.104,0.1103,0
NER-SIM-03485,Assam,Dima Hasao,NH-27 Lumding-Haflong Hill Cut,486.4,24.87,176.5,-0.0092,-0.0842,7.53,1051.6,184.4,1,4,148.0,254.5,40.04,69.8,2.78,0.067,0.5769,1
NER-SIM-03486,Sikkim,Pakyong,NH-10 Sevoke-Gangtok Corridor,1209.7,45.95,183.8,0.0031,-0.0667,5.35,228.1,45.8,3,3,11.9,20.7,1.13,44.2,0.0,0.124,0.277,0
NER-SIM-03487,Meghalaya,South West Khasi Hills,Mawsynram Valley Slopes,1066.3,35.65,70.7,-0.0035,-0.0375,6.84,83.3,23.6,2,1,58.9,98.6,4.1,52.1,1.68,0.011,0.4217,0
NER-SIM-03488,Tripura,North Tripura,Jampui Hills Ridge Corridor,461.5,26.96,173.4,-0.0618,0.0342,5.7,1304.7,248.0,1,4,115.9,226.8,19.83,71.4,0.42,0.103,0.4267,0
NER-SIM-03489,Assam,Dima Hasao,NH-27 Lumding-Haflong Hill Cut,884.3,39.3,277.3,-0.0303,0.101,5.65,1803.4,52.8,1,3,3.5,5.4,0.24,29.3,1.63,0.051,0.1103,0
NER-SIM-03490,Manipur,Noney,Tupul Railway Corridor Section,425.4,42.15,129.9,0.0087,-0.0488,6.5,1580.9,427.6,3,2,208.9,556.8,29.67,90.2,43.75,2.237,0.9925,1
NER-SIM-03491,Sikkim,Mangan,North Sikkim Highway (Chungthang),1843.0,50.11,62.3,-0.0107,0.0171,4.57,264.9,567.2,3,3,7.2,3.6,0.59,32.9,2.55,0.117,0.173,0
NER-SIM-03492,Arunachal Pradesh,Lower Subansiri,Ziro Foothill Section,1992.6,38.77,153.4,-0.1267,0.0695,7.55,961.0,605.3,2,4,10.3,13.8,1.44,31.3,3.01,0.023,0.0595,0
NER-SIM-03493,Meghalaya,South West Khasi Hills,Mawsynram Valley Slopes,1661.7,29.76,134.8,0.0026,0.0054,5.26,2141.1,168.9,1,1,120.4,238.6,16.24,78.2,16.72,0.072,0.5853,1
NER-SIM-03494,Manipur,Chandel,NH-102 Imphal-Moreh Corridor,387.6,37.23,264.3,0.056,-0.068,7.39,2700.4,963.2,2,1,17.9,12.8,1.77,34.5,2.54,0.105,0.0652,0
NER-SIM-03495,Mizoram,Champhai,Champhai-Zokhawthar Border Cut,1203.4,37.12,93.3,0.0255,-0.0264,5.39,1887.6,72.7,2,2,4.1,3.4,0.32,40.2,0.15,0.0,0.0517,0
NER-SIM-03496,Assam,Karbi Anglong,Diphu-Bokajan Escarpment,564.0,34.28,265.5,-0.0251,0.0065,2.0,1713.9,55.4,1,1,82.9,227.7,16.37,83.5,20.52,5.939,0.6503,1
NER-SIM-03497,Sikkim,Mangan,North Sikkim Highway (Chungthang),1377.0,44.27,187.6,-0.0504,-0.02,5.03,1480.1,37.1,5,2,53.9,112.8,8.27,67.2,1.11,0.043,0.5716,1
NER-SIM-03498,Assam,Karbi Anglong,Diphu-Bokajan Escarpment,588.3,26.55,275.8,-0.0099,0.0466,6.32,1741.0,61.2,1,2,0.6,0.5,0.06,46.0,4.29,0.0,0.0633,0
NER-SIM-03499,Sikkim,Mangan,North Sikkim Highway (Chungthang),2042.2,43.33,338.1,-0.0324,-0.0785,5.57,205.5,274.5,5,1,6.0,8.3,0.53,38.9,3.59,0.083,0.2112,0
NER-SIM-03500,Assam,Dima Hasao,NH-27 Lumding-Haflong Hill Cut,1528.9,29.27,221.0,0.0148,-0.0194,5.65,1643.1,69.4,1,1,66.7,135.3,9.13,63.4,2.42,0.139,0.2832,0
NER-SIM-03501,Sikkim,Pakyong,NH-10 Sevoke-Gangtok Corridor,1101.2,37.23,9.4,0.0041,-0.0202,4.64,3161.8,182.5,3,4,215.5,583.5,28.14,85.9,30.41,2.547,0.9855,1
NER-SIM-03502,Arunachal Pradesh,Lower Subansiri,Ziro Foothill Section,1412.9,32.6,149.2,0.007,0.0011,5.45,1469.4,230.8,4,4,9.6,13.4,1.37,33.3,1.72,0.125,0.0481,0
NER-SIM-03503,Meghalaya,East Khasi Hills,NH-6 Shillong-Tamabil Highway,1190.8,21.07,183.2,0.0849,0.0191,8.1,6887.4,48.6,3,4,111.5,237.7,20.79,87.3,24.99,0.073,0.4459,0
NER-SIM-03504,Nagaland,Phek,Phek-Meluri Road Corridor,1568.5,24.4,297.3,0.0001,0.0436,7.19,2191.6,494.1,1,3,96.7,210.7,15.18,93.3,35.0,0.069,0.7328,1
NER-SIM-03505,Sikkim,Pakyong,NH-10 Sevoke-Gangtok Corridor,1374.2,35.6,285.0,0.1043,0.0717,7.06,29.4,46.0,3,3,4.8,3.6,0.52,27.8,1.62,0.025,0.1453,0
NER-SIM-03506,Mizoram,Champhai,Champhai-Zokhawthar Border Cut,1065.7,33.67,289.9,0.0009,-0.0493,4.48,1912.5,785.4,2,4,0.2,0.2,0.01,43.3,3.21,0.098,0.0461,0
NER-SIM-03507,Mizoram,Aizawl,Aizawl-Lunglei Road Slopes,1214.1,36.2,291.8,0.0076,-0.0053,4.56,617.1,47.3,2,4,8.9,14.0,0.63,44.1,3.22,0.107,0.1279,0
NER-SIM-03508,Mizoram,Aizawl,Aizawl-Lunglei Road Slopes,1196.1,43.33,103.4,-0.0759,-0.0133,4.31,146.8,725.3,1,3,95.3,242.5,12.6,75.4,9.23,0.0,0.8173,1
NER-SIM-03509,Sikkim,Pakyong,NH-10 Sevoke-Gangtok Corridor,1885.4,31.54,66.6,-0.0343,-0.0474,8.67,358.1,168.4,4,2,40.8,96.5,10.18,54.6,0.41,0.053,0.334,0
NER-SIM-03510,Meghalaya,South West Khasi Hills,Mawsynram Valley Slopes,871.7,32.36,298.3,0.05,-0.0245,7.21,687.0,343.3,1,2,14.2,16.0,1.68,45.6,1.36,0.077,0.0893,0
NER-SIM-03511,Tripura,North Tripura,Jampui Hills Ridge Corridor,797.5,29.58,1.3,-0.0868,-0.0285,8.47,22.7,342.2,1,1,109.3,237.7,18.55,76.4,9.33,0.031,0.5965,1
NER-SIM-03512,Arunachal Pradesh,West Kameng,Bhalukpong-Bomdila-Tawang Route,2147.3,43.77,319.5,0.0481,0.0032,4.92,534.1,324.9,5,3,136.0,242.8,29.31,79.5,18.48,0.078,0.9018,1
NER-SIM-03513,Sikkim,Mangan,North Sikkim Highway (Chungthang),1920.5,49.08,180.6,0.0189,-0.0562,3.86,1238.5,319.3,5,4,6.3,4.7,0.87,30.8,1.81,0.081,0.1296,0
NER-SIM-03514,Nagaland,Kohima,NH-29 Dimapur-Kohima By-pass,1244.6,42.72,278.3,-0.0349,0.0046,2.0,45.9,332.1,3,2,18.6,10.7,1.6,25.0,1.57,0.029,0.177,0
NER-SIM-03515,Nagaland,Phek,Phek-Meluri Road Corridor,1477.5,41.33,213.3,0.0517,-0.0005,7.05,2135.9,66.9,2,3,285.7,765.0,37.93,84.9,30.65,1.166,0.9986,1
NER-SIM-03516,Tripura,North Tripura,Jampui Hills Ridge Corridor,854.2,39.87,261.3,-0.0699,-0.0329,4.8,405.3,309.8,1,4,122.9,306.4,34.13,70.1,3.63,0.052,0.757,1
NER-SIM-03517,Nagaland,Kohima,NH-29 Dimapur-Kohima By-pass,1386.4,43.5,73.2,-0.003,0.013,5.14,957.5,511.3,3,2,3.2,3.8,0.31,39.4,1.03,0.057,0.107,0
NER-SIM-03518,Mizoram,Champhai,Champhai-Zokhawthar Border Cut,1365.8,40.42,326.0,-0.0095,0.0231,7.28,483.1,715.5,1,1,2.0,2.1,0.18,43.8,1.97,0.062,0.0798,0
NER-SIM-03519,Manipur,Noney,Tupul Railway Corridor Section,840.7,33.66,302.8,-0.0494,0.0208,4.14,2021.9,39.6,2,2,10.3,9.4,1.0,47.1,2.14,0.079,0.0759,0
NER-SIM-03520,Mizoram,Champhai,Champhai-Zokhawthar Border Cut,1312.7,27.67,77.5,-0.0546,-0.031,8.89,1235.1,483.3,2,2,1.1,1.2,0.16,34.6,1.54,0.029,0.0709,0
NER-SIM-03521,Mizoram,Aizawl,Aizawl-Lunglei Road Slopes,1116.4,35.71,286.2,-0.0197,-0.1003,4.67,1045.6,111.7,2,1,3.6,5.4,0.48,35.2,0.0,0.008,0.0842,0
NER-SIM-03522,Meghalaya,East Khasi Hills,NH-6 Shillong-Tamabil Highway,1656.9,21.02,70.8,-0.0191,-0.0641,5.49,470.8,477.7,1,1,17.1,27.2,1.65,33.1,3.65,0.031,0.0499,0
NER-SIM-03523,Mizoram,Aizawl,Aizawl-Lunglei Road Slopes,1308.1,47.32,15.7,-0.043,-0.061,2.61,513.5,210.5,2,3,30.0,27.0,2.84,44.8,1.33,0.009,0.2874,0
NER-SIM-03524,Nagaland,Kohima,NH-29 Dimapur-Kohima By-pass,1463.0,18.85,137.3,-0.0421,0.0238,3.94,2781.9,277.7,3,1,88.2,160.4,27.35,81.9,21.57,0.063,0.3628,0
NER-SIM-03525,Meghalaya,East Khasi Hills,NH-6 Shillong-Tamabil Highway,1654.2,15.83,276.9,-0.0914,-0.0367,4.52,89.3,188.6,2,1,13.6,23.2,1.2,45.1,2.78,0.088,0.0905,0
NER-SIM-03526,Nagaland,Phek,Phek-Meluri Road Corridor,1551.5,46.99,219.3,-0.0009,0.0443,4.22,2093.3,134.9,4,2,40.0,54.6,2.74,45.0,2.03,0.056,0.1794,0
NER-SIM-03527,Sikkim,Mangan,North Sikkim Highway (Chungthang),1590.5,41.16,211.1,0.0237,-0.0517,2.87,1292.0,231.9,4,1,182.5,578.3,41.06,90.0,40.49,1.676,0.9882,1
NER-SIM-03528,Sikkim,Mangan,North Sikkim Highway (Chungthang),1520.1,45.73,260.1,-0.0121,-0.1091,4.22,2324.1,534.8,4,1,94.8,187.0,30.5,77.2,10.77,0.119,0.6838,1
NER-SIM-03529,Nagaland,Kohima,NH-29 Dimapur-Kohima By-pass,1271.9,31.78,14.3,-0.0668,0.0147,5.46,1119.8,36.9,3,2,4.0,5.5,0.62,41.8,0.89,0.037,0.0589,0
NER-SIM-03530,Sikkim,Mangan,North Sikkim Highway (Chungthang),1714.7,35.03,16.6,0.0255,0.0608,7.69,472.1,97.5,5,1,92.4,156.5,13.44,73.9,3.21,0.138,0.5201,1
NER-SIM-03531,Meghalaya,South West Khasi Hills,Mawsynram Valley Slopes,832.0,34.39,248.8,-0.0258,0.0749,4.05,1033.2,317.0,1,1,2.9,3.1,0.28,34.7,1.39,0.15,0.0706,0
NER-SIM-03532,Sikkim,Mangan,North Sikkim Highway (Chungthang),2047.3,42.63,315.0,0.0182,0.0837,2.16,3276.2,203.3,5,3,5.7,8.7,0.77,45.9,0.0,0.065,0.2106,0
NER-SIM-03533,Sikkim,Pakyong,NH-10 Sevoke-Gangtok Corridor,1202.7,29.65,278.4,0.0147,-0.0275,6.8,3600.2,571.9,4,1,169.0,443.9,52.72,70.9,2.8,0.085,0.856,1
NER-SIM-03534,Tripura,North Tripura,Jampui Hills Ridge Corridor,445.7,8.22,247.8,0.0729,-0.0947,6.88,2442.2,129.6,1,3,3.9,5.7,0.55,42.8,2.01,0.032,0.0556,0
NER-SIM-03535,Sikkim,Mangan,North Sikkim Highway (Chungthang),1730.7,43.54,259.0,0.0207,-0.0184,4.55,287.9,510.8,5,3,18.1,18.3,1.41,35.0,1.93,0.084,0.2417,0
NER-SIM-03536,Sikkim,Mangan,North Sikkim Highway (Chungthang),2145.0,38.8,350.7,-0.0116,-0.1016,4.88,694.3,211.0,3,3,1.8,2.7,0.18,23.5,3.67,0.045,0.0984,0
NER-SIM-03537,Sikkim,Pakyong,NH-10 Sevoke-Gangtok Corridor,1081.2,47.37,80.2,0.0052,-0.1001,2.93,1099.9,786.8,4,3,16.6,24.3,2.68,40.9,0.0,0.146,0.1772,0
NER-SIM-03538,Sikkim,Mangan,North Sikkim Highway (Chungthang),1852.6,34.0,359.9,0.0366,0.0856,5.36,148.0,509.5,5,1,15.6,10.6,1.27,37.6,0.0,0.025,0.0858,0
NER-SIM-03539,Assam,Karbi Anglong,Diphu-Bokajan Escarpment,637.1,21.66,307.0,-0.013,-0.0431,8.53,2219.0,558.0,1,3,23.5,14.2,3.1,29.8,3.57,0.088,0.065,0
NER-SIM-03540,Mizoram,Aizawl,Aizawl-Lunglei Road Slopes,1134.0,31.55,176.8,-0.0218,-0.0265,5.28,2517.5,17.4,2,2,14.9,11.5,1.28,26.8,2.49,0.038,0.1039,0
NER-SIM-03541,Manipur,Chandel,NH-102 Imphal-Moreh Corridor,891.9,28.69,37.2,-0.0546,0.0254,3.58,748.2,524.9,2,3,0.5,0.6,0.05,35.4,3.37,0.0,0.0773,0
NER-SIM-03542,Arunachal Pradesh,West Kameng,Bhalukpong-Bomdila-Tawang Route,2097.6,38.28,153.2,-0.0132,-0.0215,4.92,1077.1,534.9,5,3,207.7,588.1,39.3,78.3,15.24,0.119,0.9847,1
NER-SIM-03543,Sikkim,Mangan,North Sikkim Highway (Chungthang),2008.2,50.55,164.5,0.0946,0.0214,3.92,3950.6,385.8,4,1,2.2,1.3,0.16,43.5,1.04,0.071,0.084,0
NER-SIM-03544,Manipur,Chandel,NH-102 Imphal-Moreh Corridor,1206.3,33.94,291.4,-0.0619,-0.0032,6.02,49.2,447.4,3,3,43.9,59.7,3.02,49.2,3.1,0.075,0.1635,0
NER-SIM-03545,Sikkim,Pakyong,NH-10 Sevoke-Gangtok Corridor,1745.0,41.13,115.6,-0.0074,-0.014,6.36,1296.9,30.7,4,3,29.1,40.1,1.98,44.4,3.08,0.004,0.4391,0
NER-SIM-03546,Arunachal Pradesh,Lower Subansiri,Ziro Foothill Section,2273.1,26.19,115.6,-0.0072,-0.0615,7.85,2135.5,378.5,5,3,20.2,23.1,2.83,48.6,1.8,0.035,0.1736,0
NER-SIM-03547,Assam,Dima Hasao,NH-27 Lumding-Haflong Hill Cut,477.8,26.8,138.9,0.0048,0.0029,5.56,1942.6,103.2,1,2,21.1,54.4,2.67,58.4,3.21,0.088,0.1497,0
NER-SIM-03548,Mizoram,Champhai,Champhai-Zokhawthar Border Cut,1294.7,23.81,131.6,-0.0765,-0.0196,5.14,1204.0,100.2,1,1,3.5,3.5,0.29,36.3,2.91,0.094,0.0739,0
NER-SIM-03549,Meghalaya,East Khasi Hills,NH-6 Shillong-Tamabil Highway,1511.3,35.24,96.5,-0.0448,0.0098,2.71,362.3,1720.1,1,4,92.4,289.0,24.37,84.1,19.54,0.308,0.5667,1
NER-SIM-03550,Arunachal Pradesh,Lower Subansiri,Ziro Foothill Section,1483.9,28.65,295.7,0.0307,-0.099,4.59,2474.5,21.7,3,3,97.4,171.8,12.59,76.3,10.42,0.051,0.7538,1
NER-SIM-03551,Assam,Dima Hasao,NH-27 Lumding-Haflong Hill Cut,881.1,27.21,217.9,0.0786,-0.0188,6.32,2279.6,21.7,1,2,359.7,705.2,80.0,86.6,24.2,0.017,0.9985,1
NER-SIM-03552,Assam,Karbi Anglong,Diphu-Bokajan Escarpment,393.5,25.41,254.8,-0.0156,0.0033,7.6,770.8,936.8,1,4,8.0,4.8,0.6,17.6,2.1,0.088,0.0277,0
NER-SIM-03553,Tripura,North Tripura,Jampui Hills Ridge Corridor,659.0,35.41,355.1,-0.078,0.0499,7.73,1622.5,398.1,1,2,10.6,10.2,0.91,32.6,0.49,0.066,0.0666,0
NER-SIM-03554,Manipur,Noney,Tupul Railway Corridor Section,933.9,34.43,216.5,-0.0564,-0.0228,3.59,2708.8,566.4,3,1,8.8,11.0,0.77,27.7,3.63,0.015,0.0434,0
NER-SIM-03555,Assam,Dima Hasao,NH-27 Lumding-Haflong Hill Cut,850.6,28.21,306.6,-0.0119,0.0317,3.43,1555.3,196.0,1,3,29.6,40.2,3.03,39.3,0.0,0.062,0.1495,0
NER-SIM-03556,Assam,Dima Hasao,NH-27 Lumding-Haflong Hill Cut,659.5,20.33,26.5,0.0187,0.0092,7.38,1589.8,420.8,1,2,127.4,312.0,28.53,77.9,13.46,0.033,0.5055,1
NER-SIM-03557,Manipur,Noney,Tupul Railway Corridor Section,1067.5,34.65,226.9,-0.0422,0.0208,6.63,1083.6,37.4,2,1,0.3,0.3,0.03,35.9,0.47,0.045,0.1087,0
NER-SIM-03558,Meghalaya,South West Khasi Hills,Mawsynram Valley Slopes,1243.0,27.92,146.3,0.0447,-0.0384,3.73,623.1,51.5,2,3,2.7,2.4,0.2,39.5,2.14,0.09,0.1593,0
NER-SIM-03559,Nagaland,Kohima,NH-29 Dimapur-Kohima By-pass,1097.9,20.57,201.9,-0.0062,0.1507,7.81,2826.3,517.5,2,1,96.6,178.7,13.26,78.6,11.82,0.045,0.2146,0
NER-SIM-03560,Assam,Karbi Anglong,Diphu-Bokajan Escarpment,640.6,30.72,100.0,-0.0419,-0.0483,7.52,431.8,249.0,1,3,17.4,14.8,1.2,40.6,5.13,0.052,0.1662,0
NER-SIM-03561,Sikkim,Mangan,North Sikkim Highway (Chungthang),1766.3,36.09,17.1,-0.0733,0.0493,3.14,147.7,296.8,5,4,2.4,2.0,0.18,49.5,0.0,0.07,0.1218,0
NER-SIM-03562,Nagaland,Kohima,NH-29 Dimapur-Kohima By-pass,1205.1,37.16,211.6,-0.0537,-0.0573,5.15,536.3,201.4,3,3,14.3,15.2,1.04,37.1,4.32,0.073,0.1061,0
NER-SIM-03563,Assam,Dima Hasao,NH-27 Lumding-Haflong Hill Cut,825.1,32.86,32.2,0.059,-0.0486,6.73,1771.8,295.9,1,1,89.1,204.1,12.31,85.4,24.56,0.825,0.5955,1
NER-SIM-03564,Manipur,Chandel,NH-102 Imphal-Moreh Corridor,874.7,29.9,194.3,0.1006,0.0097,3.74,2142.2,545.6,2,1,167.4,407.6,45.66,90.5,36.62,0.071,0.8649,1
NER-SIM-03565,Manipur,Chandel,NH-102 Imphal-Moreh Corridor,1143.1,22.05,332.8,-0.1016,-0.082,3.33,1945.4,112.8,2,3,126.7,309.5,20.68,75.5,7.42,0.01,0.6083,1
NER-SIM-03566,Nagaland,Phek,Phek-Meluri Road Corridor,1833.6,44.93,291.1,-0.1041,0.0182,4.64,1228.6,115.9,1,2,191.8,582.9,31.85,75.2,10.41,0.092,0.9814,1
NER-SIM-03567,Assam,Dima Hasao,NH-27 Lumding-Haflong Hill Cut,691.8,27.31,170.0,-0.0444,-0.0752,5.16,211.3,439.1,1,2,18.5,10.7,2.57,44.4,5.58,0.015,0.0924,0
NER-SIM-03568,Nagaland,Kohima,NH-29 Dimapur-Kohima By-pass,1358.2,30.04,143.9,0.0701,0.005,9.33,1256.3,849.9,4,1,1.0,1.2,0.09,30.4,1.22,0.03,0.0532,0
NER-SIM-03569,Manipur,Chandel,NH-102 Imphal-Moreh Corridor,1032.0,24.91,137.9,-0.0557,0.0582,7.05,1449.3,121.8,2,2,49.8,122.3,12.06,69.8,0.17,0.081,0.2411,0
NER-SIM-03570,Nagaland,Phek,Phek-Meluri Road Corridor,1519.8,39.57,42.5,-0.0937,0.0569,3.64,239.9,63.0,2,1,0.3,0.5,0.04,31.3,2.05,0.047,0.0633,0
NER-SIM-03571,Manipur,Chandel,NH-102 Imphal-Moreh Corridor,1033.9,27.06,290.1,0.0585,0.0092,7.49,1152.7,102.2,2,3,6.6,7.5,0.44,33.9,0.01,0.011,0.1496,0
NER-SIM-03572,Mizoram,Aizawl,Aizawl-Lunglei Road Slopes,1389.2,27.88,76.2,-0.0296,0.0898,6.4,838.7,16.6,1,1,72.6,191.6,13.96,82.0,18.5,0.035,0.4162,0
NER-SIM-03573,Manipur,Noney,Tupul Railway Corridor Section,845.5,38.41,101.7,0.0061,-0.0454,2.0,684.2,216.1,2,2,7.6,4.1,1.14,32.3,1.25,0.043,0.0858,0
NER-SIM-03574,Meghalaya,East Khasi Hills,NH-6 Shillong-Tamabil Highway,1061.0,30.9,114.7,-0.0327,-0.0622,7.66,472.8,323.8,2,3,42.9,95.5,9.74,67.9,2.5,0.016,0.3829,0
NER-SIM-03575,Tripura,North Tripura,Jampui Hills Ridge Corridor,497.2,31.79,240.5,-0.0664,-0.038,2.0,4498.3,98.9,1,4,16.6,16.8,1.58,29.3,3.57,0.045,0.0471,0
NER-SIM-03576,Manipur,Noney,Tupul Railway Corridor Section,1056.0,28.35,46.9,-0.0507,-0.0628,8.74,484.2,610.8,2,3,1.2,1.7,0.12,27.7,2.7,0.132,0.2128,0
NER-SIM-03577,Arunachal Pradesh,Lower Subansiri,Ziro Foothill Section,1630.1,30.91,160.8,-0.0391,-0.0459,7.75,1596.3,258.8,3,3,6.6,6.6,0.69,34.8,2.83,0.077,0.1389,0
NER-SIM-03578,Mizoram,Aizawl,Aizawl-Lunglei Road Slopes,914.8,39.57,235.5,0.0664,0.0124,5.28,156.6,655.2,2,2,8.2,12.5,1.01,32.6,5.43,0.045,0.0954,0
NER-SIM-03579,Mizoram,Champhai,Champhai-Zokhawthar Border Cut,1132.0,31.91,22.6,-0.0169,-0.0388,2.05,2636.5,795.4,2,3,8.4,4.4,0.6,30.1,3.37,0.118,0.0817,0
NER-SIM-03580,Sikkim,Mangan,North Sikkim Highway (Chungthang),1680.6,55.95,286.0,-0.0608,-0.0097,2.98,335.1,181.3,4,1,98.3,254.8,12.45,85.7,28.2,0.87,0.9092,1
NER-SIM-03581,Mizoram,Champhai,Champhai-Zokhawthar Border Cut,1406.6,41.98,189.6,-0.1086,-0.0051,5.5,6210.4,386.1,1,1,34.6,57.1,2.91,48.1,1.86,0.004,0.0947,0
NER-SIM-03582,Manipur,Chandel,NH-102 Imphal-Moreh Corridor,649.3,29.96,216.0,0.0251,-0.0748,4.21,1274.5,318.7,2,2,5.4,8.4,0.49,29.1,2.74,0.083,0.0409,0
NER-SIM-03583,Nagaland,Phek,Phek-Meluri Road Corridor,1661.1,35.16,293.5,-0.05,-0.038,5.58,1101.9,344.4,2,4,3.8,2.1,0.44,36.8,2.24,0.095,0.0402,0
NER-SIM-03584,Meghalaya,East Khasi Hills,NH-6 Shillong-Tamabil Highway,1434.2,24.15,330.1,-0.0637,-0.0189,6.62,953.9,991.5,1,2,1.0,0.8,0.16,31.8,2.26,0.021,0.0313,0
NER-SIM-03585,Manipur,Chandel,NH-102 Imphal-Moreh Corridor,668.8,31.61,291.0,0.0643,-0.0025,4.45,2355.1,63.1,3,3,8.5,8.5,0.64,43.5,2.77,0.085,0.1138,0
NER-SIM-03586,Nagaland,Phek,Phek-Meluri Road Corridor,1999.6,32.01,177.3,-0.0045,-0.0267,2.45,1304.9,964.2,2,3,182.8,558.8,24.05,71.6,2.6,0.064,0.9812,1
NER-SIM-03587,Assam,Dima Hasao,NH-27 Lumding-Haflong Hill Cut,657.0,36.7,97.5,-0.0186,-0.0069,4.78,435.6,589.6,1,2,86.9,131.4,18.86,66.8,0.0,0.049,0.2872,0
NER-SIM-03588,Manipur,Noney,Tupul Railway Corridor Section,745.0,44.51,127.1,-0.0704,-0.0119,4.47,251.1,21.2,3,1,117.7,336.8,37.85,76.5,8.67,0.048,0.9096,1
NER-SIM-03589,Arunachal Pradesh,Lower Subansiri,Ziro Foothill Section,1648.1,23.38,305.8,-0.0251,0.0794,6.02,673.1,122.9,3,2,6.1,6.0,0.73,40.3,1.82,0.018,0.0695,0
NER-SIM-03590,Mizoram,Champhai,Champhai-Zokhawthar Border Cut,1494.8,15.32,194.6,-0.0719,0.0087,8.78,2865.6,229.2,2,3,21.5,19.6,3.37,47.4,5.42,0.02,0.1135,0
NER-SIM-03591,Sikkim,Mangan,North Sikkim Highway (Chungthang),1679.9,34.97,67.7,-0.0115,0.0043,5.83,595.4,375.2,5,3,17.0,20.2,1.41,31.1,0.0,0.077,0.2269,0
NER-SIM-03592,Meghalaya,East Khasi Hills,NH-6 Shillong-Tamabil Highway,1581.3,30.06,15.3,-0.0686,-0.0326,4.5,1747.9,447.2,1,2,19.8,14.0,1.53,46.7,1.88,0.055,0.0426,0
NER-SIM-03593,Tripura,North Tripura,Jampui Hills Ridge Corridor,454.3,22.79,197.1,0.0482,-0.0285,6.43,3107.4,108.0,1,4,12.6,9.4,1.06,43.1,3.56,0.075,0.0318,0
NER-SIM-03594,Arunachal Pradesh,West Kameng,Bhalukpong-Bomdila-Tawang Route,1821.8,44.8,226.1,0.007,0.0845,5.79,282.0,159.6,5,1,8.0,20.4,1.24,43.6,2.67,0.01,0.2352,0
NER-SIM-03595,Nagaland,Phek,Phek-Meluri Road Corridor,1630.1,34.81,261.1,0.0649,-0.0596,3.41,345.8,276.8,4,4,19.0,10.7,1.33,39.7,4.03,0.0,0.1593,0
NER-SIM-03596,Meghalaya,East Khasi Hills,NH-6 Shillong-Tamabil Highway,1622.8,47.12,235.8,0.0076,0.0342,2.37,152.7,0.7,1,1,14.4,16.2,1.12,31.9,3.73,0.059,0.2577,0
NER-SIM-03597,Meghalaya,South West Khasi Hills,Mawsynram Valley Slopes,1084.7,27.4,232.1,-0.0299,-0.0046,7.59,162.4,205.3,2,4,7.7,6.7,0.68,34.8,2.2,0.083,0.1003,0
NER-SIM-03598,Arunachal Pradesh,West Kameng,Bhalukpong-Bomdila-Tawang Route,2071.4,42.57,180.6,0.0189,0.0097,3.5,1366.2,864.6,5,1,78.1,215.7,15.06,82.8,22.74,0.245,0.4844,0
NER-SIM-03599,Meghalaya,East Khasi Hills,NH-6 Shillong-Tamabil Highway,1336.1,42.74,196.4,-0.0231,0.0167,4.15,1413.9,6.4,3,1,9.8,8.7,1.11,29.1,0.49,0.071,0.0552,0
NER-SIM-03600,Arunachal Pradesh,Lower Subansiri,Ziro Foothill Section,1181.9,30.58,276.7,-0.0168,0.0218,4.26,389.7,356.4,3,3,2.6,2.0,0.22,33.8,0.0,0.017,0.1329,0
NER-SIM-03601,Assam,Dima Hasao,NH-27 Lumding-Haflong Hill Cut,625.5,39.97,28.9,-0.0424,-0.0227,4.12,141.2,144.0,1,1,69.3,189.9,13.27,79.4,18.88,0.038,0.4281,0
NER-SIM-03602,Arunachal Pradesh,Lower Subansiri,Ziro Foothill Section,1639.4,21.11,204.8,-0.0197,-0.0153,2.19,1270.2,1179.3,3,3,295.7,906.8,74.73,77.3,9.48,0.05,0.999,1
NER-SIM-03603,Nagaland,Kohima,NH-29 Dimapur-Kohima By-pass,1416.5,45.21,224.2,0.047,0.0369,4.09,112.9,130.4,3,3,19.2,12.4,1.6,27.1,1.92,0.038,0.1346,0
NER-SIM-03604,Arunachal Pradesh,Lower Subansiri,Ziro Foothill Section,1363.0,51.77,81.7,-0.0577,-0.1217,2.0,908.1,344.6,5,1,2.3,3.1,0.28,32.9,0.57,0.033,0.0835,0
NER-SIM-03605,Mizoram,Champhai,Champhai-Zokhawthar Border Cut,878.5,38.28,54.6,-0.0644,0.0234,5.7,977.9,378.9,2,1,11.9,21.1,1.75,29.6,0.0,0.041,0.0912,0
NER-SIM-03606,Nagaland,Kohima,NH-29 Dimapur-Kohima By-pass,1480.2,29.07,87.8,0.0734,0.0711,3.56,259.3,402.7,3,3,125.4,223.3,28.51,96.4,56.13,0.067,0.8489,1
NER-SIM-03607,Meghalaya,East Khasi Hills,NH-6 Shillong-Tamabil Highway,1619.4,26.7,283.5,0.0297,-0.0632,7.18,1981.4,61.1,2,1,177.1,507.7,22.42,85.1,30.24,0.017,0.8919,1
NER-SIM-03608,Manipur,Noney,Tupul Railway Corridor Section,864.3,38.75,247.5,0.0603,0.0088,6.08,1412.6,142.4,2,2,106.0,292.3,14.05,84.7,26.86,0.079,0.7491,1
NER-SIM-03609,Arunachal Pradesh,Lower Subansiri,Ziro Foothill Section,1658.4,32.2,224.9,-0.005,0.0444,5.32,3399.6,838.1,4,4,8.2,12.5,0.62,41.5,2.15,0.026,0.0731,0
NER-SIM-03610,Manipur,Noney,Tupul Railway Corridor Section,890.4,49.62,335.0,-0.0064,-0.0102,4.25,93.0,214.2,2,1,0.1,0.2,0.01,35.1,2.95,0.082,0.1687,0
NER-SIM-03611,Arunachal Pradesh,West Kameng,Bhalukpong-Bomdila-Tawang Route,2008.9,45.01,91.3,0.0196,0.0912,4.08,514.6,46.5,4,2,11.0,13.9,0.83,38.1,1.19,0.091,0.2315,0
NER-SIM-03612,Manipur,Noney,Tupul Railway Corridor Section,1005.5,46.86,264.3,0.0487,-0.0442,5.54,343.2,239.0,3,1,9.7,15.1,1.01,42.1,0.0,0.069,0.0955,0
NER-SIM-03613,Arunachal Pradesh,Lower Subansiri,Ziro Foothill Section,1688.6,6.03,29.6,0.0026,0.0035,7.14,925.7,30.4,5,4,53.5,145.8,7.18,72.8,3.56,0.064,0.3741,0
NER-SIM-03614,Sikkim,Mangan,North Sikkim Highway (Chungthang),2138.3,44.32,53.5,-0.0762,-0.0271,3.24,671.8,266.0,5,1,117.1,282.1,33.8,85.9,22.42,0.494,0.8344,1
NER-SIM-03615,Manipur,Chandel,NH-102 Imphal-Moreh Corridor,1243.7,37.7,113.3,0.0762,-0.0942,5.68,1336.3,275.8,4,1,177.8,488.9,32.45,74.1,0.67,0.012,0.8941,1
NER-SIM-03616,Assam,Dima Hasao,NH-27 Lumding-Haflong Hill Cut,50.0,23.47,105.5,0.0521,-0.0364,7.16,133.0,160.5,1,3,23.3,15.6,2.01,50.2,4.91,0.078,0.2381,0
NER-SIM-03617,Sikkim,Pakyong,NH-10 Sevoke-Gangtok Corridor,1100.5,44.09,352.9,-0.0032,-0.0413,5.79,404.9,1028.6,4,4,7.0,5.9,0.69,29.2,3.58,0.061,0.0457,0
NER-SIM-03618,Assam,Dima Hasao,NH-27 Lumding-Haflong Hill Cut,808.7,43.21,123.8,-0.0512,-0.0645,4.69,804.7,187.1,1,3,225.4,632.7,45.61,76.8,11.68,0.117,0.9874,1
NER-SIM-03619,Assam,Dima Hasao,NH-27 Lumding-Haflong Hill Cut,907.0,21.2,194.1,0.0902,0.0012,5.44,485.3,342.0,1,3,51.6,125.0,12.67,71.3,0.0,0.047,0.1869,0
NER-SIM-03620,Sikkim,Mangan,North Sikkim Highway (Chungthang),1367.3,42.12,142.8,-0.0772,0.0136,3.32,533.8,626.9,4,2,82.9,230.4,21.99,72.6,3.24,0.103,0.6066,1
NER-SIM-03621,Tripura,North Tripura,Jampui Hills Ridge Corridor,737.7,11.64,136.2,0.0962,0.04,7.3,2272.8,37.7,1,2,15.8,10.4,1.87,30.9,2.24,0.053,0.0647,0
NER-SIM-03622,Nagaland,Phek,Phek-Meluri Road Corridor,1727.1,41.79,132.6,0.0366,-0.0987,4.29,1211.4,25.7,3,3,1.2,2.0,0.09,40.5,0.85,0.096,0.259,0
NER-SIM-03623,Meghalaya,East Khasi Hills,NH-6 Shillong-Tamabil Highway,1619.3,34.44,111.2,0.0473,0.0007,5.04,1654.7,291.6,1,3,141.4,445.6,24.02,81.9,15.65,0.064,0.89,1
NER-SIM-03624,Assam,Dima Hasao,NH-27 Lumding-Haflong Hill Cut,947.7,28.39,58.7,0.0554,-0.0514,3.55,1778.4,107.9,2,2,7.9,12.2,0.85,26.8,2.29,0.085,0.1,0
NER-SIM-03625,Mizoram,Aizawl,Aizawl-Lunglei Road Slopes,1236.6,46.58,275.9,-0.0189,-0.0026,4.72,382.4,707.7,1,3,232.0,740.7,38.23,81.9,17.52,0.021,0.9949,1
NER-SIM-03626,Manipur,Chandel,NH-102 Imphal-Moreh Corridor,941.2,35.78,262.5,0.0652,0.0801,4.84,107.3,412.3,3,2,8.5,10.6,0.86,40.2,0.33,0.11,0.1168,0
NER-SIM-03627,Manipur,Chandel,NH-102 Imphal-Moreh Corridor,869.5,17.17,179.9,0.0161,-0.0098,7.06,1611.7,202.9,3,1,7.8,5.1,0.76,39.6,1.01,0.041,0.0295,0
NER-SIM-03628,Nagaland,Phek,Phek-Meluri Road Corridor,1525.0,39.42,59.7,0.0331,0.0736,2.88,729.5,174.8,3,4,5.2,3.6,0.77,31.2,1.14,0.054,0.1231,0
NER-SIM-03629,Mizoram,Aizawl,Aizawl-Lunglei Road Slopes,1358.8,21.24,349.9,-0.0007,0.0318,5.98,1006.9,416.6,1,1,11.0,15.1,1.02,45.0,3.0,0.131,0.025,0
NER-SIM-03630,Mizoram,Aizawl,Aizawl-Lunglei Road Slopes,1085.8,46.86,325.1,-0.0109,-0.0466,5.29,835.5,12.6,2,1,14.8,10.1,1.93,45.5,4.13,0.03,0.0915,0
NER-SIM-03631,Assam,Dima Hasao,NH-27 Lumding-Haflong Hill Cut,726.6,32.3,173.4,0.0507,-0.0263,5.34,2085.0,272.3,1,3,36.7,32.1,6.02,42.7,3.55,0.097,0.1498,0
NER-SIM-03632,Arunachal Pradesh,West Kameng,Bhalukpong-Bomdila-Tawang Route,2339.2,40.88,116.4,0.0044,0.002,6.23,1310.6,215.3,4,3,12.1,16.6,0.98,39.3,2.79,0.09,0.2637,0
NER-SIM-03633,Sikkim,Pakyong,NH-10 Sevoke-Gangtok Corridor,1256.8,58.97,0.1,-0.0755,-0.0017,4.47,223.1,171.8,3,3,88.1,137.8,15.45,73.7,0.72,0.014,0.8974,1
NER-SIM-03634,Manipur,Chandel,NH-102 Imphal-Moreh Corridor,818.3,15.4,65.4,-0.0997,0.0825,6.66,539.0,930.9,4,3,2.8,4.9,0.19,31.9,1.15,0.092,0.0862,0
NER-SIM-03635,Tripura,North Tripura,Jampui Hills Ridge Corridor,622.4,25.96,335.1,0.009,0.0244,5.59,1075.5,307.5,1,3,18.6,16.4,2.72,24.0,1.16,0.071,0.1107,0
NER-SIM-03636,Assam,Karbi Anglong,Diphu-Bokajan Escarpment,238.8,20.8,1.8,-0.0679,-0.0601,7.65,1358.7,1153.3,1,1,6.1,5.7,0.42,41.3,1.54,0.102,0.0233,0
NER-SIM-03637,Arunachal Pradesh,West Kameng,Bhalukpong-Bomdila-Tawang Route,1915.2,43.65,8.3,0.0074,-0.0037,3.74,1970.7,1017.3,5,3,17.8,39.3,3.77,47.5,2.82,0.03,0.2182,0
NER-SIM-03638,Assam,Karbi Anglong,Diphu-Bokajan Escarpment,398.2,28.38,255.1,-0.0181,0.0008,5.12,273.7,26.7,1,4,48.8,54.8,3.69,53.9,1.96,0.019,0.1997,0
NER-SIM-03639,Sikkim,Mangan,North Sikkim Highway (Chungthang),2067.9,50.65,351.2,0.0184,-0.0977,5.95,963.2,82.8,5,1,9.1,5.7,0.73,38.1,2.35,0.0,0.2186,0
NER-SIM-03640,Arunachal Pradesh,Lower Subansiri,Ziro Foothill Section,1539.5,37.02,54.6,0.0523,0.058,5.34,169.8,852.9,3,1,136.6,285.7,17.18,77.7,14.44,0.088,0.7795,1
NER-SIM-03641,Manipur,Noney,Tupul Railway Corridor Section,613.3,22.96,330.8,-0.0143,0.005,7.51,241.5,3.6,2,1,13.0,16.8,1.02,31.7,2.59,0.0,0.0955,0
NER-SIM-03642,Mizoram,Champhai,Champhai-Zokhawthar Border Cut,1227.4,31.86,25.5,0.0186,0.0435,6.2,1183.3,171.2,1,1,58.6,134.2,7.34,61.1,2.39,0.0,0.1296,0
NER-SIM-03643,Mizoram,Champhai,Champhai-Zokhawthar Border Cut,1878.9,37.5,264.7,-0.0854,0.1042,3.03,1105.8,488.2,2,4,17.5,29.9,1.64,35.6,1.69,0.047,0.0871,0
NER-SIM-03644,Assam,Karbi Anglong,Diphu-Bokajan Escarpment,51.9,21.24,184.6,-0.0199,-0.0549,7.7,291.3,75.6,1,1,22.7,38.9,2.73,48.4,3.0,0.108,0.0448,0
NER-SIM-03645,Tripura,North Tripura,Jampui Hills Ridge Corridor,680.7,35.63,69.2,-0.0226,0.0195,6.25,792.6,334.9,1,1,4.9,5.6,0.34,37.9,1.12,0.02,0.0792,0
NER-SIM-03646,Assam,Karbi Anglong,Diphu-Bokajan Escarpment,733.1,27.96,200.0,0.0107,0.0599,6.9,1133.9,345.0,1,1,52.4,133.5,6.73,65.3,1.52,0.016,0.1895,0
NER-SIM-03647,Arunachal Pradesh,Lower Subansiri,Ziro Foothill Section,1895.2,35.18,53.7,-0.0987,-0.0051,6.16,1031.5,127.8,5,1,0.8,1.2,0.09,23.1,2.17,0.088,0.1147,0
NER-SIM-03648,Arunachal Pradesh,Lower Subansiri,Ziro Foothill Section,1691.2,30.32,129.6,0.1028,0.0306,4.25,30.2,20.5,4,1,124.9,317.9,38.76,79.9,20.84,0.098,0.8961,1
NER-SIM-03649,Tripura,North Tripura,Jampui Hills Ridge Corridor,672.7,18.11,109.8,0.0662,-0.0397,6.5,489.0,384.8,1,4,76.2,172.9,15.98,76.0,9.8,0.007,0.1642,0
NER-SIM-03650,Manipur,Chandel,NH-102 Imphal-Moreh Corridor,1313.7,24.94,175.1,0.0372,-0.0246,5.9,539.8,76.5,3,3,16.0,9.6,2.15,32.0,0.85,0.018,0.1167,0
NER-SIM-03651,Sikkim,Mangan,North Sikkim Highway (Chungthang),1947.6,41.0,171.8,-0.0307,-0.0025,4.31,510.1,27.1,4,3,62.9,160.6,13.04,62.3,2.28,0.044,0.4126,0
NER-SIM-03652,Sikkim,Mangan,North Sikkim Highway (Chungthang),1825.3,44.16,330.3,0.0776,-0.0125,3.84,1506.6,60.7,4,1,154.0,241.3,27.49,88.8,35.9,6.318,0.916,1
NER-SIM-03653,Assam,Dima Hasao,NH-27 Lumding-Haflong Hill Cut,903.4,23.74,159.8,-0.0112,0.0605,4.96,528.0,260.0,1,1,7.0,6.5,0.53,32.7,2.31,0.101,0.0425,0
NER-SIM-03654,Assam,Karbi Anglong,Diphu-Bokajan Escarpment,532.2,24.92,53.9,-0.0506,-0.0029,7.37,2021.2,75.4,1,4,62.8,126.3,13.88,59.2,2.57,0.088,0.1412,0
NER-SIM-03655,Manipur,Noney,Tupul Railway Corridor Section,1009.9,42.03,64.1,0.0416,-0.0458,3.18,3571.6,271.3,2,2,107.1,330.0,14.94,68.3,0.0,0.02,0.7237,1
NER-SIM-03656,Assam,Karbi Anglong,Diphu-Bokajan Escarpment,394.9,28.65,156.2,0.0197,-0.0801,5.92,181.5,477.2,1,4,20.9,36.6,1.76,38.9,2.41,0.04,0.0791,0
NER-SIM-03657,Assam,Karbi Anglong,Diphu-Bokajan Escarpment,298.1,21.18,258.4,0.031,0.0823,9.69,3426.4,923.2,1,4,3.9,5.6,0.59,42.1,2.84,0.012,0.0298,0
NER-SIM-03658,Mizoram,Champhai,Champhai-Zokhawthar Border Cut,1332.4,12.12,216.0,0.054,-0.0364,7.9,1129.4,202.8,2,1,40.1,45.2,3.79,43.1,1.33,0.027,0.1032,0
NER-SIM-03659,Meghalaya,South West Khasi Hills,Mawsynram Valley Slopes,1434.9,36.68,243.0,0.0364,-0.0942,7.86,1407.6,302.7,2,2,191.6,459.1,31.42,80.8,19.1,0.035,0.9537,1
NER-SIM-03660,Assam,Karbi Anglong,Diphu-Bokajan Escarpment,138.8,35.55,181.6,-0.0421,-0.0145,5.45,864.9,61.4,1,1,2.2,1.5,0.27,31.5,2.44,0.007,0.0701,0
NER-SIM-03661,Arunachal Pradesh,West Kameng,Bhalukpong-Bomdila-Tawang Route,2241.0,46.73,346.8,-0.0999,-0.0219,4.05,311.0,114.6,5,4,8.6,6.0,1.07,34.7,1.12,0.086,0.2499,0
NER-SIM-03662,Assam,Karbi Anglong,Diphu-Bokajan Escarpment,291.2,21.51,257.0,0.015,0.0161,6.63,1621.7,104.5,1,1,5.9,9.3,0.85,34.9,3.59,0.009,0.0233,0
NER-SIM-03663,Tripura,North Tripura,Jampui Hills Ridge Corridor,583.8,24.18,194.5,0.0128,0.0356,5.48,1693.4,153.3,1,4,3.5,3.0,0.36,38.2,1.64,0.0,0.0442,0
NER-SIM-03664,Tripura,North Tripura,Jampui Hills Ridge Corridor,936.4,27.65,101.0,0.0131,0.049,5.37,2020.7,1.7,1,1,113.8,279.1,22.37,81.0,15.4,0.058,0.6522,1
NER-SIM-03665,Assam,Karbi Anglong,Diphu-Bokajan Escarpment,589.4,29.85,81.9,0.0343,0.1002,7.16,878.8,221.7,1,3,2.9,1.6,0.42,37.7,0.3,0.0,0.1677,0
NER-SIM-03666,Assam,Dima Hasao,NH-27 Lumding-Haflong Hill Cut,876.2,29.59,83.0,-0.0443,-0.0311,4.82,505.6,39.4,1,1,30.2,67.3,4.41,54.3,2.94,0.038,0.1692,0
NER-SIM-03667,Arunachal Pradesh,West Kameng,Bhalukpong-Bomdila-Tawang Route,1664.2,46.83,1.7,0.0481,-0.134,5.62,4521.6,485.7,4,1,164.2,364.9,34.57,73.8,1.02,0.075,0.8725,1
NER-SIM-03668,Nagaland,Kohima,NH-29 Dimapur-Kohima By-pass,1078.2,27.22,234.2,0.0623,-0.0351,3.68,342.0,264.1,3,4,86.6,195.7,14.41,79.5,12.94,0.019,0.6433,1
NER-SIM-03669,Assam,Dima Hasao,NH-27 Lumding-Haflong Hill Cut,655.8,47.84,62.2,0.0009,-0.0239,2.97,973.9,39.2,1,4,9.9,7.4,1.0,40.7,0.08,0.054,0.1323,0
NER-SIM-03670,Nagaland,Phek,Phek-Meluri Road Corridor,1814.7,25.74,222.9,0.0133,-0.0013,3.91,870.9,613.2,2,1,8.6,8.9,1.23,32.3,2.25,0.094,0.0376,0
NER-SIM-03671,Nagaland,Kohima,NH-29 Dimapur-Kohima By-pass,1050.7,30.44,295.6,0.0019,0.0323,3.55,213.4,117.4,3,1,82.7,224.6,16.84,71.1,1.0,0.0,0.5011,1
NER-SIM-03672,Sikkim,Mangan,North Sikkim Highway (Chungthang),1633.1,54.58,327.1,-0.067,0.0442,3.3,2027.4,259.6,5,4,6.4,10.3,0.78,40.3,5.33,0.026,0.1906,0
NER-SIM-03673,Arunachal Pradesh,West Kameng,Bhalukpong-Bomdila-Tawang Route,2694.9,49.67,162.3,-0.0995,-0.0494,5.29,1500.4,138.5,5,2,142.0,267.9,46.34,72.4,0.07,0.008,0.8598,1
NER-SIM-03674,Sikkim,Pakyong,NH-10 Sevoke-Gangtok Corridor,1287.4,35.35,201.6,-0.0583,-0.0797,6.19,4020.2,5.4,2,3,28.1,48.0,4.68,47.8,0.6,0.063,0.2861,0
NER-SIM-03675,Arunachal Pradesh,Lower Subansiri,Ziro Foothill Section,1766.9,30.43,170.9,0.0074,-0.0087,5.34,4.2,181.7,3,1,36.1,63.0,6.0,45.6,2.9,0.097,0.1832,0
NER-SIM-03676,Assam,Dima Hasao,NH-27 Lumding-Haflong Hill Cut,662.2,28.8,275.9,0.0169,0.0166,7.88,2505.3,378.4,1,3,17.1,24.0,2.7,37.8,0.6,0.031,0.0929,0
NER-SIM-03677,Meghalaya,South West Khasi Hills,Mawsynram Valley Slopes,1337.0,23.36,309.7,0.0065,0.029,4.94,4782.9,2.8,1,1,79.9,253.9,14.52,81.2,17.04,0.039,0.5733,1
NER-SIM-03678,Manipur,Chandel,NH-102 Imphal-Moreh Corridor,745.4,37.32,241.8,-0.0364,0.0146,7.16,515.0,298.4,3,1,15.6,25.3,1.43,33.9,4.03,0.0,0.0972,0
NER-SIM-03679,Arunachal Pradesh,West Kameng,Bhalukpong-Bomdila-Tawang Route,1963.5,53.29,87.5,0.1165,-0.0181,2.89,436.5,342.4,4,3,11.8,8.7,1.64,40.0,1.37,0.076,0.2497,0
NER-SIM-03680,Manipur,Chandel,NH-102 Imphal-Moreh Corridor,719.7,25.93,301.4,-0.0288,-0.0265,6.25,129.1,428.1,2,1,153.5,454.9,22.83,84.8,22.94,0.036,0.8828,1
NER-SIM-03681,Manipur,Noney,Tupul Railway Corridor Section,639.8,41.24,98.4,-0.0232,-0.0356,4.92,42.9,568.3,2,1,0.7,0.9,0.08,51.5,0.21,0.11,0.1219,0
NER-SIM-03682,Sikkim,Pakyong,NH-10 Sevoke-Gangtok Corridor,1673.5,26.41,132.9,0.0819,-0.0079,4.61,2425.5,658.5,4,3,84.1,235.5,12.05,63.8,3.68,0.035,0.572,1
NER-SIM-03683,Nagaland,Phek,Phek-Meluri Road Corridor,1613.2,46.68,219.6,-0.0498,-0.0232,5.14,1399.4,11.3,3,3,51.7,81.4,10.14,66.1,0.63,0.079,0.4996,0
NER-SIM-03684,Arunachal Pradesh,West Kameng,Bhalukpong-Bomdila-Tawang Route,2074.6,34.32,187.1,-0.0292,0.0186,3.75,2473.5,10.6,5,2,28.8,14.8,2.91,36.0,0.41,0.021,0.1864,0
NER-SIM-03685,Tripura,North Tripura,Jampui Hills Ridge Corridor,402.9,42.49,85.6,-0.0075,0.0595,5.03,145.0,141.5,1,2,7.4,7.8,0.55,37.7,2.12,0.054,0.1643,0
NER-SIM-03686,Nagaland,Kohima,NH-29 Dimapur-Kohima By-pass,1432.6,26.55,217.2,0.1044,-0.0324,5.61,976.3,599.7,2,3,131.8,200.8,17.84,81.5,22.66,0.078,0.7378,1
NER-SIM-03687,Sikkim,Mangan,North Sikkim Highway (Chungthang),2018.0,50.17,332.3,-0.0227,-0.0062,2.71,19.8,166.8,5,2,23.3,25.7,2.88,36.9,2.17,0.063,0.3253,0
NER-SIM-03688,Tripura,North Tripura,Jampui Hills Ridge Corridor,778.2,14.9,239.1,0.0897,0.028,6.87,63.0,34.2,1,1,13.1,12.5,1.23,33.0,1.14,0.086,0.0662,0
NER-SIM-03689,Tripura,North Tripura,Jampui Hills Ridge Corridor,488.5,20.12,11.4,-0.027,0.0429,6.34,234.3,1460.2,1,3,80.4,192.1,22.87,85.2,26.08,0.058,0.5879,1
NER-SIM-03690,Nagaland,Kohima,NH-29 Dimapur-Kohima By-pass,1300.4,29.72,77.2,0.0077,0.0235,5.8,4.3,529.5,3,4,60.8,169.4,12.8,73.3,0.0,0.054,0.4838,0
NER-SIM-03691,Assam,Dima Hasao,NH-27 Lumding-Haflong Hill Cut,592.3,37.64,170.1,0.0472,-0.0183,5.39,2612.5,226.9,1,1,121.4,331.4,37.78,72.1,3.28,0.073,0.6618,1
NER-SIM-03692,Arunachal Pradesh,Lower Subansiri,Ziro Foothill Section,1636.2,28.01,337.4,-0.0388,-0.0237,4.23,2542.4,288.2,3,1,46.3,32.9,3.16,52.9,3.42,0.053,0.1163,0
NER-SIM-03693,Nagaland,Kohima,NH-29 Dimapur-Kohima By-pass,1614.6,30.04,238.3,0.0539,0.0571,4.44,863.1,281.4,1,3,0.3,0.3,0.02,24.6,1.33,0.022,0.0576,0
NER-SIM-03694,Meghalaya,East Khasi Hills,NH-6 Shillong-Tamabil Highway,1349.3,27.29,16.5,0.0191,0.0279,6.27,5137.8,470.9,1,3,98.6,182.0,14.4,73.8,0.45,0.017,0.3267,0
NER-SIM-03695,Meghalaya,South West Khasi Hills,Mawsynram Valley Slopes,1346.5,35.5,226.3,0.0634,0.0279,6.41,82.5,71.4,1,3,95.7,169.7,13.18,85.6,26.3,5.312,0.8978,1
NER-SIM-03696,Arunachal Pradesh,Lower Subansiri,Ziro Foothill Section,1825.5,41.73,55.6,-0.026,0.0749,4.51,3313.5,81.3,3,3,6.3,3.6,0.5,31.4,2.48,0.001,0.1056,0
NER-SIM-03697,Meghalaya,East Khasi Hills,NH-6 Shillong-Tamabil Highway,1583.7,36.23,274.3,0.031,0.2014,2.87,3093.6,12.1,1,1,22.9,19.6,1.83,36.2,3.92,0.0,0.0953,0
NER-SIM-03698,Assam,Dima Hasao,NH-27 Lumding-Haflong Hill Cut,871.7,32.39,63.2,0.0022,0.0166,4.35,742.8,56.4,1,1,25.8,12.9,3.78,50.5,1.62,0.026,0.0812,0
NER-SIM-03699,Meghalaya,East Khasi Hills,NH-6 Shillong-Tamabil Highway,1447.3,29.57,262.9,0.043,-0.0557,6.85,2519.3,558.6,1,4,1.0,1.5,0.08,35.3,0.56,0.0,0.0408,0
NER-SIM-03700,Manipur,Chandel,NH-102 Imphal-Moreh Corridor,886.7,30.07,335.3,-0.0359,0.0338,8.15,831.8,540.4,2,4,19.6,35.3,1.36,44.4,2.22,0.066,0.0533,0
NER-SIM-03701,Nagaland,Kohima,NH-29 Dimapur-Kohima By-pass,1508.8,44.96,28.1,-0.0121,0.0328,6.65,1706.0,156.2,2,2,56.9,159.4,8.98,67.7,1.6,0.125,0.3631,0
NER-SIM-03702,Nagaland,Phek,Phek-Meluri Road Corridor,1553.1,34.19,172.1,-0.0789,0.0905,2.52,858.1,290.8,1,4,1.2,1.5,0.11,30.5,1.08,0.044,0.0423,0
NER-SIM-03703,Nagaland,Phek,Phek-Meluri Road Corridor,1793.9,34.8,8.9,-0.0194,0.032,6.54,1875.5,114.0,2,1,100.5,288.1,18.01,75.4,10.71,0.051,0.5494,1
NER-SIM-03704,Mizoram,Champhai,Champhai-Zokhawthar Border Cut,1157.1,46.38,142.8,0.0073,0.0211,2.0,705.9,320.4,1,1,3.2,2.9,0.24,34.7,2.54,0.066,0.063,0
NER-SIM-03705,Tripura,North Tripura,Jampui Hills Ridge Corridor,893.1,29.14,293.9,0.0144,-0.0131,5.31,2768.0,191.4,1,1,24.2,37.7,6.24,42.8,1.98,0.147,0.0611,0
NER-SIM-03706,Assam,Karbi Anglong,Diphu-Bokajan Escarpment,50.0,27.63,64.7,0.0266,0.0232,4.68,1181.6,93.6,1,3,373.8,658.9,80.0,77.4,12.86,0.046,0.9989,1
NER-SIM-03707,Nagaland,Kohima,NH-29 Dimapur-Kohima By-pass,1697.4,40.17,182.5,0.0136,0.1069,8.13,1356.2,142.0,3,2,11.2,15.6,0.91,33.4,1.64,0.05,0.1221,0
NER-SIM-03708,Manipur,Chandel,NH-102 Imphal-Moreh Corridor,1269.8,34.28,351.0,-0.0118,0.1399,3.09,510.4,393.8,3,2,64.7,164.5,11.78,74.9,2.33,0.084,0.5521,1
NER-SIM-03709,Assam,Karbi Anglong,Diphu-Bokajan Escarpment,393.5,18.7,180.9,-0.0066,-0.0279,4.61,693.1,340.2,2,2,30.7,46.4,2.48,49.9,4.12,0.009,0.0995,0
NER-SIM-03710,Mizoram,Aizawl,Aizawl-Lunglei Road Slopes,1099.2,46.11,326.7,0.0117,-0.0129,4.85,4401.6,506.7,1,4,2.3,1.8,0.23,48.5,0.0,0.005,0.069,0
NER-SIM-03711,Meghalaya,South West Khasi Hills,Mawsynram Valley Slopes,899.0,33.95,311.3,-0.0313,-0.0448,2.84,578.2,865.2,3,3,18.6,23.5,1.35,49.5,2.91,0.094,0.1761,0
NER-SIM-03712,Tripura,North Tripura,Jampui Hills Ridge Corridor,939.7,15.65,136.6,0.0258,0.0659,7.37,509.1,93.4,1,3,16.2,27.8,1.22,44.9,1.68,0.101,0.08,0
NER-SIM-03713,Mizoram,Aizawl,Aizawl-Lunglei Road Slopes,1077.3,29.42,78.3,-0.0543,-0.0331,5.93,914.1,166.0,2,3,75.7,111.3,5.85,63.2,2.22,0.078,0.3194,0
NER-SIM-03714,Nagaland,Phek,Phek-Meluri Road Corridor,1401.9,35.67,32.9,0.1349,-0.008,5.1,443.4,122.7,1,1,2.6,1.6,0.27,36.3,1.71,0.085,0.1117,0
NER-SIM-03715,Manipur,Noney,Tupul Railway Corridor Section,786.4,30.44,53.6,0.0055,-0.0725,4.98,1015.0,162.8,2,1,34.3,78.2,5.1,62.0,3.62,0.052,0.1528,0
NER-SIM-03716,Meghalaya,East Khasi Hills,NH-6 Shillong-Tamabil Highway,1433.2,35.57,126.6,-0.0535,0.0175,2.45,508.5,7.4,2,1,31.4,79.6,10.0,51.4,2.18,0.044,0.1819,0
NER-SIM-03717,Meghalaya,South West Khasi Hills,Mawsynram Valley Slopes,1658.7,54.01,14.8,0.1156,-0.0178,4.81,163.9,380.4,1,3,4.8,6.1,0.35,38.4,2.22,0.055,0.2502,0
NER-SIM-03718,Nagaland,Phek,Phek-Meluri Road Corridor,1460.3,37.35,116.7,0.0284,-0.0585,4.51,319.4,176.6,2,2,23.3,32.9,3.63,47.7,1.27,0.003,0.1612,0
NER-SIM-03719,Manipur,Noney,Tupul Railway Corridor Section,882.5,43.88,318.6,0.0422,-0.0671,5.96,343.5,759.0,3,2,55.6,115.0,13.03,55.1,4.81,0.12,0.3864,0
NER-SIM-03720,Nagaland,Phek,Phek-Meluri Road Corridor,1478.3,30.69,97.2,0.0718,0.1323,5.09,696.7,461.2,3,2,80.6,137.1,16.97,76.0,9.97,0.0,0.4491,0
NER-SIM-03721,Arunachal Pradesh,Lower Subansiri,Ziro Foothill Section,1618.7,49.14,142.4,0.0777,-0.0152,3.56,605.9,372.3,4,2,107.4,169.4,15.98,76.5,14.02,0.058,0.8157,1
NER-SIM-03722,Arunachal Pradesh,West Kameng,Bhalukpong-Bomdila-Tawang Route,2196.9,34.52,178.7,-0.0058,0.0473,4.31,376.4,103.6,4,3,73.7,173.1,18.6,83.6,18.93,4.122,0.8912,1
NER-SIM-03723,Manipur,Chandel,NH-102 Imphal-Moreh Corridor,685.8,29.3,46.7,0.0153,0.0322,2.7,845.7,229.1,2,3,136.8,420.9,17.6,79.8,18.83,0.033,0.9379,1
NER-SIM-03724,Tripura,North Tripura,Jampui Hills Ridge Corridor,661.7,35.36,265.9,0.0368,0.0312,4.15,657.4,51.3,1,2,49.0,94.6,13.25,65.5,2.15,0.113,0.2868,0
NER-SIM-03725,Sikkim,Pakyong,NH-10 Sevoke-Gangtok Corridor,723.5,30.91,173.3,0.0056,0.0761,5.81,3654.3,148.3,4,1,23.5,38.1,1.62,40.7,3.79,0.086,0.078,0
NER-SIM-03726,Tripura,North Tripura,Jampui Hills Ridge Corridor,819.5,24.59,336.8,0.0117,0.1273,8.12,1040.2,121.4,1,1,3.9,4.6,0.47,35.2,0.0,0.039,0.0468,0
NER-SIM-03727,Sikkim,Mangan,North Sikkim Highway (Chungthang),2031.3,37.73,37.6,-0.0428,-0.0159,3.29,3705.2,570.1,5,4,8.4,14.6,0.71,38.2,3.91,0.099,0.0583,0
NER-SIM-03728,Assam,Karbi Anglong,Diphu-Bokajan Escarpment,423.5,37.4,157.1,0.0153,0.0269,7.12,595.8,425.3,1,2,236.1,377.6,32.1,79.0,13.89,0.0,0.8522,1
NER-SIM-03729,Meghalaya,South West Khasi Hills,Mawsynram Valley Slopes,1060.8,15.49,301.4,0.0121,0.0723,3.09,951.3,453.2,1,1,25.5,24.4,3.73,34.7,3.39,0.134,0.0727,0
NER-SIM-03730,Arunachal Pradesh,Lower Subansiri,Ziro Foothill Section,1377.7,28.37,222.6,-0.0285,-0.027,6.42,1306.2,529.9,4,1,69.8,176.4,9.16,84.9,25.94,0.037,0.2668,0
NER-SIM-03731,Manipur,Noney,Tupul Railway Corridor Section,708.8,44.87,219.1,0.0933,-0.0465,5.61,719.1,218.3,3,3,26.5,50.6,6.58,52.1,4.6,0.012,0.4464,0
NER-SIM-03732,Mizoram,Aizawl,Aizawl-Lunglei Road Slopes,1084.9,37.63,317.6,0.0127,0.0349,6.55,927.6,1042.8,1,3,1.7,2.0,0.12,43.3,4.38,0.0,0.1329,0
NER-SIM-03733,Assam,Dima Hasao,NH-27 Lumding-Haflong Hill Cut,949.4,44.08,237.0,-0.0167,0.0393,2.0,2898.3,670.9,1,4,65.1,129.9,18.84,64.8,1.86,0.0,0.2198,0
NER-SIM-03734,Mizoram,Champhai,Champhai-Zokhawthar Border Cut,1409.7,39.06,347.6,-0.0076,0.062,2.27,3447.1,190.3,1,1,1.5,0.9,0.12,36.3,3.48,0.006,0.0476,0
NER-SIM-03735,Meghalaya,East Khasi Hills,NH-6 Shillong-Tamabil Highway,1749.8,26.0,180.4,-0.0033,-0.1181,5.82,2457.4,713.8,1,4,66.3,130.8,15.44,68.9,1.19,0.089,0.1345,0
NER-SIM-03736,Nagaland,Phek,Phek-Meluri Road Corridor,1509.7,44.84,145.3,-0.1196,-0.1329,6.8,455.4,1471.1,1,3,76.4,182.5,20.44,82.2,18.15,2.112,0.7367,1
NER-SIM-03737,Meghalaya,South West Khasi Hills,Mawsynram Valley Slopes,1671.5,32.89,161.1,-0.0,-0.0287,2.78,1421.1,416.1,1,2,1.4,1.3,0.1,35.9,2.42,0.04,0.0494,0
NER-SIM-03738,Assam,Karbi Anglong,Diphu-Bokajan Escarpment,565.3,20.94,34.6,-0.0655,0.0823,5.85,419.5,1420.1,1,1,190.6,510.1,47.72,79.2,14.89,0.078,0.9003,1
NER-SIM-03739,Manipur,Noney,Tupul Railway Corridor Section,819.4,51.19,181.6,-0.0678,0.0512,4.22,32.1,386.0,3,1,31.8,47.2,2.93,36.3,1.93,0.0,0.2425,0
NER-SIM-03740,Mizoram,Aizawl,Aizawl-Lunglei Road Slopes,1715.8,25.41,132.3,0.0888,-0.0003,6.74,1344.8,219.7,2,2,10.2,7.7,1.14,41.3,3.68,0.031,0.0998,0
NER-SIM-03741,Nagaland,Phek,Phek-Meluri Road Corridor,2191.7,36.24,95.8,0.0339,-0.1083,3.05,763.4,104.0,3,1,175.9,267.7,34.42,76.3,7.45,0.0,0.7898,1
NER-SIM-03742,Meghalaya,East Khasi Hills,NH-6 Shillong-Tamabil Highway,1931.2,27.45,250.9,0.0282,-0.0239,6.46,2041.5,43.9,2,4,66.4,169.6,12.15,81.4,17.24,0.006,0.3702,0
NER-SIM-03743,Tripura,North Tripura,Jampui Hills Ridge Corridor,649.3,25.44,340.5,0.0185,-0.0286,4.95,1442.7,431.8,1,4,2.8,4.2,0.27,32.2,2.59,0.087,0.0471,0
NER-SIM-03744,Assam,Dima Hasao,NH-27 Lumding-Haflong Hill Cut,921.8,39.39,168.2,-0.0283,-0.0194,5.85,3666.4,65.6,1,3,1.6,1.0,0.14,35.0,4.84,0.049,0.1785,0
NER-SIM-03745,Nagaland,Phek,Phek-Meluri Road Corridor,1375.5,37.67,332.2,-0.0464,-0.0407,5.08,1513.6,110.3,2,4,2.5,1.3,0.19,45.6,0.32,0.006,0.0699,0
NER-SIM-03746,Tripura,North Tripura,Jampui Hills Ridge Corridor,620.2,29.07,244.1,-0.0128,0.0516,4.52,1214.9,1376.5,1,1,0.4,0.7,0.04,20.6,0.45,0.031,0.0457,0
NER-SIM-03747,Assam,Dima Hasao,NH-27 Lumding-Haflong Hill Cut,1201.6,29.29,280.8,0.052,0.1124,7.44,790.5,132.6,1,2,28.6,17.4,3.17,41.7,2.04,0.029,0.127,0
NER-SIM-03748,Tripura,North Tripura,Jampui Hills Ridge Corridor,1200.4,43.27,164.0,-0.1052,-0.0274,4.76,2305.7,509.1,1,4,7.2,7.6,1.16,42.1,3.6,0.0,0.0728,0
NER-SIM-03749,Mizoram,Champhai,Champhai-Zokhawthar Border Cut,1089.5,37.72,172.7,0.0367,-0.0324,4.04,29.0,88.6,2,3,1.6,1.5,0.11,45.2,0.0,0.038,0.178,0
NER-SIM-03750,Mizoram,Champhai,Champhai-Zokhawthar Border Cut,1478.0,25.41,209.7,0.002,-0.0938,2.95,243.5,209.4,2,4,6.4,8.5,0.62,27.7,3.35,0.031,0.0758,0
NER-SIM-03751,Arunachal Pradesh,West Kameng,Bhalukpong-Bomdila-Tawang Route,2464.2,39.54,350.4,-0.0113,-0.0078,5.58,497.6,643.2,4,4,300.3,519.8,50.97,76.3,10.72,0.01,0.9775,1
NER-SIM-03752,Manipur,Chandel,NH-102 Imphal-Moreh Corridor,689.8,37.11,140.4,-0.0681,0.0441,6.82,60.9,1395.3,2,2,9.7,11.1,0.73,37.5,1.7,0.067,0.1637,0
NER-SIM-03753,Tripura,North Tripura,Jampui Hills Ridge Corridor,365.3,17.27,136.0,-0.0018,0.0451,8.52,32.2,237.2,1,4,0.2,0.3,0.01,28.1,2.09,0.038,0.0978,0
NER-SIM-03754,Meghalaya,East Khasi Hills,NH-6 Shillong-Tamabil Highway,1275.8,24.22,300.1,0.0424,0.0119,5.28,1197.3,218.0,1,3,3.6,4.5,0.55,38.2,2.34,0.046,0.095,0
NER-SIM-03755,Sikkim,Pakyong,NH-10 Sevoke-Gangtok Corridor,1197.1,38.48,293.6,-0.1248,0.1076,6.62,401.3,489.0,4,2,0.5,0.6,0.05,39.4,2.95,0.022,0.0801,0
NER-SIM-03756,Meghalaya,East Khasi Hills,NH-6 Shillong-Tamabil Highway,1526.1,25.25,164.6,-0.0397,0.0749,4.95,1279.3,347.4,1,3,106.0,196.8,13.39,74.9,1.3,0.086,0.5585,1
NER-SIM-03757,Arunachal Pradesh,Lower Subansiri,Ziro Foothill Section,1664.1,39.88,91.1,0.0151,-0.0341,7.7,45.5,138.8,4,3,1.2,1.2,0.1,42.8,2.22,0.1,0.2633,0
NER-SIM-03758,Arunachal Pradesh,West Kameng,Bhalukpong-Bomdila-Tawang Route,2262.4,47.59,116.9,0.0512,-0.1076,4.06,1302.6,575.4,4,2,0.5,0.4,0.06,28.0,0.47,0.0,0.0837,0
NER-SIM-03759,Sikkim,Mangan,North Sikkim Highway (Chungthang),1839.5,52.04,343.7,-0.0926,-0.0018,3.43,1692.3,26.1,5,1,3.0,3.6,0.21,30.7,0.37,0.11,0.2328,0
NER-SIM-03760,Arunachal Pradesh,West Kameng,Bhalukpong-Bomdila-Tawang Route,1926.9,34.83,117.1,-0.0742,0.0976,4.11,572.1,9.7,4,1,83.2,226.1,10.75,81.2,21.22,0.051,0.6697,1
NER-SIM-03761,Nagaland,Kohima,NH-29 Dimapur-Kohima By-pass,1372.8,38.13,118.8,-0.1063,0.0091,4.48,2484.7,15.3,1,1,3.4,3.7,0.36,46.6,3.76,0.029,0.1222,0
NER-SIM-03762,Assam,Karbi Anglong,Diphu-Bokajan Escarpment,609.3,5.66,92.1,0.0913,-0.0078,9.83,2819.6,252.7,1,3,152.3,482.0,20.86,78.3,15.81,0.037,0.9269,1
NER-SIM-03763,Arunachal Pradesh,West Kameng,Bhalukpong-Bomdila-Tawang Route,1940.6,43.22,227.3,0.0154,0.0023,6.16,123.2,231.1,4,3,5.6,6.6,0.43,28.4,1.53,0.069,0.3074,0
NER-SIM-03764,Arunachal Pradesh,Lower Subansiri,Ziro Foothill Section,1178.7,43.54,296.7,0.0509,0.0633,3.95,3927.3,86.5,4,2,2.2,3.4,0.3,21.2,0.0,0.046,0.1463,0
NER-SIM-03765,Assam,Dima Hasao,NH-27 Lumding-Haflong Hill Cut,394.5,33.77,146.9,-0.0032,-0.0311,3.07,1650.6,59.3,1,1,31.4,32.3,4.87,37.6,1.27,0.132,0.0671,0
NER-SIM-03766,Assam,Dima Hasao,NH-27 Lumding-Haflong Hill Cut,903.4,31.18,75.4,0.0396,-0.0252,4.84,1312.7,458.8,1,4,2.1,3.1,0.18,40.7,2.17,0.092,0.045,0
NER-SIM-03767,Manipur,Noney,Tupul Railway Corridor Section,1163.1,31.76,153.7,0.0894,0.0414,8.26,125.0,247.7,4,3,19.5,18.8,1.61,37.9,0.55,0.074,0.2001,0
NER-SIM-03768,Manipur,Chandel,NH-102 Imphal-Moreh Corridor,1295.5,24.73,126.7,-0.0235,0.0819,7.59,109.3,158.2,2,1,0.0,0.0,0.0,24.7,3.28,0.105,0.0913,0
NER-SIM-03769,Mizoram,Aizawl,Aizawl-Lunglei Road Slopes,871.8,40.47,100.3,-0.0,0.083,4.11,255.3,88.1,2,1,133.1,406.7,26.36,76.7,13.52,0.076,0.7648,1
NER-SIM-03770,Meghalaya,South West Khasi Hills,Mawsynram Valley Slopes,1220.5,41.74,275.8,-0.0111,0.0468,6.14,28.7,283.8,1,1,8.9,11.7,0.65,38.7,0.94,0.029,0.1552,0
NER-SIM-03771,Assam,Dima Hasao,NH-27 Lumding-Haflong Hill Cut,435.1,17.62,260.7,0.0148,0.0801,8.42,1624.5,5.8,1,2,6.8,10.0,0.84,39.9,3.64,0.085,0.0597,0
NER-SIM-03772,Meghalaya,East Khasi Hills,NH-6 Shillong-Tamabil Highway,1166.1,41.05,89.2,-0.0211,0.0596,4.94,1300.3,71.5,1,1,61.1,94.7,12.77,51.6,3.09,0.074,0.1898,0
NER-SIM-03773,Assam,Karbi Anglong,Diphu-Bokajan Escarpment,239.3,30.75,49.4,-0.0252,0.0236,7.98,1149.9,135.9,1,4,1.1,0.8,0.08,41.7,1.66,0.039,0.0603,0
NER-SIM-03774,Sikkim,Mangan,North Sikkim Highway (Chungthang),1535.6,41.3,219.1,0.0311,0.0116,7.8,638.0,24.3,3,4,10.6,5.6,1.0,23.3,1.2,0.055,0.088,0
NER-SIM-03775,Assam,Dima Hasao,NH-27 Lumding-Haflong Hill Cut,742.9,41.65,278.8,-0.0544,-0.004,7.39,443.4,113.7,1,2,13.0,10.9,1.02,31.0,2.91,0.055,0.1078,0
NER-SIM-03776,Nagaland,Kohima,NH-29 Dimapur-Kohima By-pass,1351.5,39.58,101.2,0.0331,-0.0594,3.77,1469.3,1065.6,2,1,47.1,112.9,7.68,52.6,2.4,0.063,0.2139,0
NER-SIM-03777,Assam,Karbi Anglong,Diphu-Bokajan Escarpment,175.6,28.94,222.5,0.0739,0.0426,7.27,1931.2,428.1,1,3,9.0,5.1,0.75,26.7,1.89,0.025,0.042,0
NER-SIM-03778,Mizoram,Aizawl,Aizawl-Lunglei Road Slopes,1007.1,44.22,180.4,-0.0121,-0.0784,4.19,3776.0,898.2,1,1,27.5,15.2,1.88,44.8,1.41,0.029,0.0551,0
NER-SIM-03779,Tripura,North Tripura,Jampui Hills Ridge Corridor,785.6,35.66,255.2,0.0321,0.055,5.7,874.3,346.6,1,1,3.1,2.2,0.42,30.1,3.89,0.096,0.063,0
NER-SIM-03780,Assam,Dima Hasao,NH-27 Lumding-Haflong Hill Cut,643.0,31.47,343.4,-0.0383,0.0367,4.32,3086.2,1090.3,1,3,195.1,408.6,33.09,87.2,29.38,0.044,0.9568,1
NER-SIM-03781,Sikkim,Pakyong,NH-10 Sevoke-Gangtok Corridor,1283.8,33.29,340.3,-0.0338,0.0412,3.06,867.4,227.5,3,3,10.0,10.8,1.12,27.5,2.24,0.048,0.1121,0
NER-SIM-03782,Nagaland,Phek,Phek-Meluri Road Corridor,1148.2,42.67,261.7,0.0342,0.0319,5.45,17.0,411.1,2,3,3.1,4.7,0.41,36.8,3.23,0.061,0.1279,0
NER-SIM-03783,Sikkim,Mangan,North Sikkim Highway (Chungthang),2151.4,47.61,71.5,0.0162,0.0592,4.72,189.1,145.7,4,3,21.0,19.2,1.79,34.7,4.67,0.004,0.3051,0
NER-SIM-03784,Manipur,Chandel,NH-102 Imphal-Moreh Corridor,773.9,38.49,142.2,0.0823,0.04,3.52,250.4,91.1,3,2,2.3,2.6,0.18,30.7,1.68,0.0,0.1534,0
NER-SIM-03785,Tripura,North Tripura,Jampui Hills Ridge Corridor,671.2,25.97,227.9,-0.0113,-0.0562,4.96,3962.8,22.5,1,4,30.5,65.3,4.1,53.4,0.84,0.006,0.0802,0
NER-SIM-03786,Arunachal Pradesh,West Kameng,Bhalukpong-Bomdila-Tawang Route,2245.7,39.59,261.6,0.1102,-0.0401,2.83,961.2,970.8,5,1,77.1,229.4,10.63,80.2,17.54,0.071,0.7034,1
NER-SIM-03787,Nagaland,Kohima,NH-29 Dimapur-Kohima By-pass,1485.0,37.17,104.0,0.0461,0.0613,2.0,168.4,426.1,3,4,2.1,3.8,0.3,40.5,0.75,0.119,0.1192,0
NER-SIM-03788,Sikkim,Pakyong,NH-10 Sevoke-Gangtok Corridor,653.1,31.62,279.6,-0.0223,-0.0087,3.81,2871.7,64.8,3,3,93.4,172.8,22.52,70.9,2.98,0.0,0.5315,1
NER-SIM-03789,Tripura,North Tripura,Jampui Hills Ridge Corridor,888.4,24.68,276.4,0.0132,-0.1169,6.45,848.8,91.0,1,1,2.7,3.2,0.19,32.4,2.93,0.053,0.0611,0
NER-SIM-03790,Meghalaya,East Khasi Hills,NH-6 Shillong-Tamabil Highway,1395.9,41.26,70.5,-0.0904,0.0267,6.89,1435.9,75.7,1,2,10.9,17.0,0.91,33.2,0.0,0.071,0.127,0
NER-SIM-03791,Sikkim,Mangan,North Sikkim Highway (Chungthang),1264.4,47.73,206.7,-0.1403,-0.0531,7.83,906.5,113.7,5,1,59.1,107.9,11.07,56.1,0.0,0.051,0.4508,0
NER-SIM-03792,Nagaland,Kohima,NH-29 Dimapur-Kohima By-pass,1337.8,31.31,206.6,-0.0811,0.0902,3.46,1025.8,421.3,3,4,15.3,14.6,1.15,27.0,2.55,0.049,0.1123,0
NER-SIM-03793,Nagaland,Phek,Phek-Meluri Road Corridor,1890.2,28.96,73.2,0.0048,0.0356,4.55,180.6,64.9,3,4,5.9,7.2,0.5,26.9,3.32,0.077,0.0727,0
NER-SIM-03794,Arunachal Pradesh,Lower Subansiri,Ziro Foothill Section,1650.4,30.71,340.0,-0.0692,-0.0606,4.45,1158.5,416.2,4,1,64.3,185.6,15.9,78.0,14.78,0.03,0.3232,0
NER-SIM-03795,Mizoram,Champhai,Champhai-Zokhawthar Border Cut,1266.1,47.6,197.6,0.0949,-0.0651,4.78,1002.0,25.1,1,3,154.0,447.4,19.53,80.3,17.11,0.0,0.9264,1
NER-SIM-03796,Meghalaya,East Khasi Hills,NH-6 Shillong-Tamabil Highway,1044.8,38.42,70.8,-0.0132,0.0372,5.45,641.0,41.2,1,1,151.7,261.2,21.69,71.5,0.0,0.11,0.7866,1
NER-SIM-03797,Manipur,Noney,Tupul Railway Corridor Section,1215.7,37.77,308.3,-0.0093,0.0969,3.72,135.4,69.4,3,3,11.5,14.0,0.79,28.0,1.65,0.103,0.2201,0
NER-SIM-03798,Sikkim,Pakyong,NH-10 Sevoke-Gangtok Corridor,1087.0,40.0,186.1,-0.0805,0.0344,5.2,697.4,96.0,4,1,17.2,54.0,4.01,33.8,0.56,0.061,0.2303,0
NER-SIM-03799,Sikkim,Pakyong,NH-10 Sevoke-Gangtok Corridor,1028.1,46.76,10.5,-0.0206,0.0394,5.7,759.4,111.5,3,4,126.5,304.6,34.26,72.3,2.71,0.084,0.8958,1
NER-SIM-03800,Sikkim,Pakyong,NH-10 Sevoke-Gangtok Corridor,951.5,29.62,200.6,-0.0025,0.0401,6.97,319.1,560.4,3,3,0.7,0.4,0.05,37.7,0.89,0.022,0.1159,0
NER-SIM-03801,Mizoram,Champhai,Champhai-Zokhawthar Border Cut,1469.1,38.89,105.5,-0.0025,-0.0521,3.35,2358.5,250.1,2,3,3.5,3.3,0.43,34.6,1.68,0.108,0.1161,0
NER-SIM-03802,Arunachal Pradesh,West Kameng,Bhalukpong-Bomdila-Tawang Route,2829.5,35.35,26.5,-0.0123,0.005,3.85,3829.0,106.4,5,3,21.8,16.5,2.2,38.5,2.47,0.091,0.2847,0
NER-SIM-03803,Mizoram,Aizawl,Aizawl-Lunglei Road Slopes,1198.6,30.23,73.8,0.0092,0.0233,7.39,78.4,292.4,1,1,6.7,3.7,0.71,32.1,0.73,0.061,0.0817,0
NER-SIM-03804,Sikkim,Pakyong,NH-10 Sevoke-Gangtok Corridor,1555.2,35.95,161.5,0.0236,-0.087,7.53,1874.5,120.1,3,1,55.9,175.0,8.43,84.1,20.61,3.64,0.5505,1
NER-SIM-03805,Sikkim,Pakyong,NH-10 Sevoke-Gangtok Corridor,1607.7,30.15,268.0,0.0285,0.0469,5.02,1550.7,111.1,3,1,1.5,1.3,0.21,30.7,3.09,0.0,0.1015,0
NER-SIM-03806,Mizoram,Aizawl,Aizawl-Lunglei Road Slopes,1269.3,34.01,124.8,-0.0261,0.0575,2.91,12.6,393.7,1,1,37.4,113.9,4.98,54.5,0.7,0.066,0.1909,0
NER-SIM-03807,Sikkim,Mangan,North Sikkim Highway (Chungthang),1504.9,40.1,351.8,0.01,-0.0523,5.18,2293.7,1320.6,5,2,166.9,456.1,25.43,86.8,32.84,0.673,0.9373,1
NER-SIM-03808,Nagaland,Kohima,NH-29 Dimapur-Kohima By-pass,1571.6,19.69,290.7,-0.0649,-0.0161,9.21,353.3,69.0,3,2,0.9,1.4,0.07,36.8,2.68,0.0,0.0914,0
NER-SIM-03809,Assam,Karbi Anglong,Diphu-Bokajan Escarpment,415.3,20.46,31.2,-0.0818,0.1514,4.69,1168.8,31.6,1,1,3.3,1.8,0.25,35.6,1.96,0.05,0.0406,0
NER-SIM-03810,Arunachal Pradesh,Lower Subansiri,Ziro Foothill Section,1635.1,37.25,131.7,0.0308,0.0781,3.11,154.4,16.9,4,3,101.3,183.6,24.32,74.7,2.78,0.084,0.8232,1
NER-SIM-03811,Nagaland,Phek,Phek-Meluri Road Corridor,1882.4,35.75,2.5,0.0908,0.0986,7.31,861.7,221.2,3,3,0.8,0.9,0.07,20.3,3.97,0.047,0.1651,0
NER-SIM-03812,Assam,Dima Hasao,NH-27 Lumding-Haflong Hill Cut,665.4,45.98,66.5,-0.0036,0.0008,2.06,638.0,858.6,1,1,15.9,14.3,1.13,45.8,2.26,0.03,0.1498,0
NER-SIM-03813,Manipur,Noney,Tupul Railway Corridor Section,791.1,28.01,70.4,0.0323,0.0119,8.19,357.5,215.1,2,4,138.8,243.6,44.37,79.7,13.78,0.004,0.6669,1
NER-SIM-03814,Assam,Dima Hasao,NH-27 Lumding-Haflong Hill Cut,743.0,33.58,71.2,0.0905,-0.0829,4.76,926.4,327.3,1,2,8.0,5.0,1.11,40.3,1.62,0.086,0.0844,0
NER-SIM-03815,Meghalaya,South West Khasi Hills,Mawsynram Valley Slopes,1252.9,24.94,45.6,-0.0536,-0.0544,5.48,5.8,1291.9,1,4,11.5,20.3,1.35,37.7,2.87,0.047,0.0894,0
NER-SIM-03816,Sikkim,Mangan,North Sikkim Highway (Chungthang),2002.9,42.3,24.5,0.0243,-0.0262,2.27,415.4,50.7,3,2,17.4,14.9,1.46,36.0,1.84,0.086,0.2388,0
NER-SIM-03817,Assam,Dima Hasao,NH-27 Lumding-Haflong Hill Cut,806.6,19.66,28.3,-0.0198,0.0245,4.15,3436.4,658.7,1,4,117.2,266.7,33.26,86.6,16.17,0.09,0.3214,0
NER-SIM-03818,Mizoram,Aizawl,Aizawl-Lunglei Road Slopes,1283.0,31.17,105.4,-0.0504,0.0003,2.95,1315.2,459.8,2,2,11.2,6.1,1.15,41.8,0.24,0.046,0.0779,0
NER-SIM-03819,Arunachal Pradesh,Lower Subansiri,Ziro Foothill Section,2004.8,46.86,165.8,-0.0307,-0.1249,7.55,508.9,95.0,3,2,3.0,3.4,0.25,35.9,2.83,0.051,0.1381,0
NER-SIM-03820,Mizoram,Champhai,Champhai-Zokhawthar Border Cut,1254.8,34.42,159.4,0.05,-0.0137,4.19,4930.6,97.5,1,2,23.2,40.7,1.55,42.5,2.17,0.082,0.1583,0
NER-SIM-03821,Sikkim,Mangan,North Sikkim Highway (Chungthang),1667.6,50.0,138.5,0.0201,0.0618,2.93,247.8,69.4,5,2,152.5,241.4,21.25,76.2,8.65,0.047,0.9352,1
NER-SIM-03822,Sikkim,Pakyong,NH-10 Sevoke-Gangtok Corridor,869.8,34.0,235.3,0.0383,0.009,5.84,55.3,27.2,3,2,0.3,0.2,0.02,33.7,1.26,0.006,0.1092,0
NER-SIM-03823,Arunachal Pradesh,West Kameng,Bhalukpong-Bomdila-Tawang Route,2158.2,35.26,38.8,-0.053,0.0517,4.1,2722.4,785.7,5,4,0.5,0.8,0.05,30.1,1.42,0.055,0.0689,0
NER-SIM-03824,Nagaland,Kohima,NH-29 Dimapur-Kohima By-pass,1243.3,35.6,231.5,-0.0133,-0.0004,7.4,2217.7,23.5,3,2,5.5,5.8,0.39,40.2,0.0,0.0,0.1053,0
NER-SIM-03825,Arunachal Pradesh,West Kameng,Bhalukpong-Bomdila-Tawang Route,1761.0,47.63,2.9,0.0974,0.0187,5.23,381.9,588.1,5,1,34.7,43.8,2.8,46.5,1.8,0.005,0.1586,0
NER-SIM-03826,Mizoram,Champhai,Champhai-Zokhawthar Border Cut,1201.5,34.63,97.1,-0.0258,-0.0652,4.23,203.8,1249.3,2,1,274.4,596.6,69.23,79.7,14.7,0.053,0.9827,1
NER-SIM-03827,Meghalaya,South West Khasi Hills,Mawsynram Valley Slopes,1317.9,38.54,16.4,0.0268,-0.0305,7.22,2283.4,490.8,2,1,7.9,11.9,0.55,32.2,0.0,0.024,0.0444,0
NER-SIM-03828,Arunachal Pradesh,West Kameng,Bhalukpong-Bomdila-Tawang Route,1927.5,46.66,325.6,-0.0296,-0.0156,4.6,401.2,911.3,5,3,13.4,18.8,1.58,39.6,1.7,0.005,0.2808,0
NER-SIM-03829,Manipur,Noney,Tupul Railway Corridor Section,962.3,35.95,112.3,0.0266,0.0193,4.37,1507.2,8.0,2,2,92.2,162.7,24.14,75.8,11.42,0.098,0.5335,1
NER-SIM-03830,Nagaland,Kohima,NH-29 Dimapur-Kohima By-pass,1497.3,31.94,167.0,-0.0834,0.0588,6.64,597.9,299.9,2,3,14.7,14.2,1.47,48.9,4.53,0.0,0.0783,0
NER-SIM-03831,Mizoram,Champhai,Champhai-Zokhawthar Border Cut,1675.7,32.35,308.8,-0.0617,-0.0621,7.37,859.3,184.6,1,4,2.2,3.0,0.17,41.5,1.85,0.105,0.0616,0
NER-SIM-03832,Nagaland,Phek,Phek-Meluri Road Corridor,1077.1,40.28,118.7,-0.0253,0.0197,4.4,14.7,1376.3,2,1,0.4,0.2,0.06,36.3,1.49,0.101,0.0781,0
NER-SIM-03833,Mizoram,Aizawl,Aizawl-Lunglei Road Slopes,1195.2,27.38,339.9,0.0388,-0.0025,5.95,561.6,160.1,1,3,77.7,172.1,11.72,82.2,15.55,0.087,0.6201,1
NER-SIM-03834,Arunachal Pradesh,Lower Subansiri,Ziro Foothill Section,1809.8,30.97,50.5,0.0171,-0.0687,5.23,3016.2,68.6,3,3,40.7,106.8,9.19,51.6,4.57,0.079,0.2007,0
NER-SIM-03835,Nagaland,Kohima,NH-29 Dimapur-Kohima By-pass,1085.2,28.83,54.7,-0.0064,-0.0457,5.57,810.5,117.5,1,1,13.7,10.7,1.66,40.9,0.0,0.034,0.0784,0
NER-SIM-03836,Manipur,Noney,Tupul Railway Corridor Section,1292.1,28.28,52.8,-0.0881,-0.0102,7.3,208.7,173.8,2,2,5.5,9.4,0.83,40.0,2.97,0.075,0.1348,0
NER-SIM-03837,Nagaland,Kohima,NH-29 Dimapur-Kohima By-pass,1250.7,32.67,245.0,-0.0236,-0.0282,6.88,1210.7,979.3,2,3,4.1,5.9,0.54,46.6,2.54,0.006,0.1125,0
NER-SIM-03838,Arunachal Pradesh,West Kameng,Bhalukpong-Bomdila-Tawang Route,2159.9,43.09,211.0,-0.0381,-0.0236,3.39,1745.3,10.3,5,2,23.2,33.2,1.75,42.6,2.62,0.047,0.1268,0
NER-SIM-03839,Tripura,North Tripura,Jampui Hills Ridge Corridor,542.4,21.39,186.5,0.0229,0.1077,6.99,284.5,133.3,1,1,79.9,145.9,10.55,72.8,1.71,0.06,0.344,0
NER-SIM-03840,Tripura,North Tripura,Jampui Hills Ridge Corridor,1133.5,33.24,129.2,0.141,-0.0561,5.93,2401.9,135.1,1,1,196.5,605.0,44.32,94.1,39.17,2.178,0.9796,1
NER-SIM-03841,Mizoram,Champhai,Champhai-Zokhawthar Border Cut,1134.7,43.61,318.4,-0.01,0.0843,3.74,258.2,111.7,1,3,5.7,6.6,0.92,36.4,3.22,0.061,0.1878,0
NER-SIM-03842,Assam,Karbi Anglong,Diphu-Bokajan Escarpment,625.4,28.15,86.4,0.0189,0.1501,7.28,1474.2,260.5,1,3,5.0,4.4,0.41,33.9,2.59,0.039,0.0808,0
NER-SIM-03843,Arunachal Pradesh,West Kameng,Bhalukpong-Bomdila-Tawang Route,2522.6,49.32,350.8,0.0172,-0.0905,3.03,982.0,303.0,5,3,86.3,271.2,23.47,82.6,20.07,1.074,0.8455,1
NER-SIM-03844,Meghalaya,East Khasi Hills,NH-6 Shillong-Tamabil Highway,1433.8,26.55,140.6,-0.0258,-0.0192,7.69,840.4,53.3,1,4,5.2,2.8,0.4,32.9,1.44,0.014,0.0763,0
NER-SIM-03845,Mizoram,Champhai,Champhai-Zokhawthar Border Cut,1577.2,35.77,67.9,0.0554,0.0376,6.23,234.1,53.8,1,4,23.2,38.9,1.67,39.3,0.95,0.045,0.1235,0
NER-SIM-03846,Assam,Karbi Anglong,Diphu-Bokajan Escarpment,586.6,20.57,158.3,0.0436,0.0949,6.48,179.0,1156.7,1,3,2.1,1.8,0.19,32.0,1.28,0.076,0.0596,0
NER-SIM-03847,Manipur,Chandel,NH-102 Imphal-Moreh Corridor,695.8,32.26,47.2,-0.007,0.0417,5.34,553.7,278.7,2,3,46.0,133.7,5.83,67.8,2.94,0.025,0.3506,0
NER-SIM-03848,Meghalaya,South West Khasi Hills,Mawsynram Valley Slopes,1403.6,33.74,338.2,0.0359,0.0141,3.69,136.8,175.7,1,2,33.5,96.6,4.59,52.3,3.62,0.139,0.2282,0
NER-SIM-03849,Manipur,Chandel,NH-102 Imphal-Moreh Corridor,1077.7,38.12,87.3,0.0475,-0.0096,6.39,473.9,377.5,2,1,42.2,84.1,10.75,64.7,2.12,0.007,0.1806,0
NER-SIM-03850,Nagaland,Phek,Phek-Meluri Road Corridor,1490.1,46.54,36.9,-0.0031,0.0372,3.12,606.2,217.5,1,2,0.9,1.1,0.09,32.8,2.75,0.083,0.128,0
NER-SIM-03851,Manipur,Chandel,NH-102 Imphal-Moreh Corridor,698.4,35.82,50.8,0.037,-0.0445,5.9,686.3,301.3,2,4,87.5,198.6,20.89,79.2,17.4,0.108,0.5592,1
NER-SIM-03852,Sikkim,Pakyong,NH-10 Sevoke-Gangtok Corridor,650.2,19.97,165.4,-0.0022,-0.0851,6.09,366.0,223.4,4,3,18.1,28.5,2.03,42.4,1.54,0.118,0.13,0
NER-SIM-03853,Sikkim,Mangan,North Sikkim Highway (Chungthang),1430.7,42.47,191.9,0.0603,0.0078,5.98,960.5,373.3,5,1,33.9,56.9,2.56,45.6,1.94,0.077,0.1322,0
NER-SIM-03854,Meghalaya,South West Khasi Hills,Mawsynram Valley Slopes,1096.5,42.31,215.3,0.0063,0.0487,4.75,538.0,308.9,3,3,2.7,1.5,0.27,32.1,1.36,0.009,0.1247,0
NER-SIM-03855,Assam,Karbi Anglong,Diphu-Bokajan Escarpment,745.1,28.74,185.8,0.1025,0.0059,5.67,3011.7,241.0,1,2,24.5,34.5,2.61,54.4,2.95,0.022,0.1047,0
NER-SIM-03856,Manipur,Noney,Tupul Railway Corridor Section,857.8,50.17,292.1,0.0034,0.0874,4.82,188.9,532.5,3,1,19.0,36.9,6.07,44.3,3.53,0.019,0.1204,0
NER-SIM-03857,Meghalaya,South West Khasi Hills,Mawsynram Valley Slopes,975.2,27.13,125.0,0.0022,0.077,6.75,25.8,235.3,1,4,29.3,42.6,3.1,44.6,1.6,0.0,0.1151,0
NER-SIM-03858,Sikkim,Pakyong,NH-10 Sevoke-Gangtok Corridor,1405.0,54.8,255.0,0.0632,0.0854,6.36,645.6,127.8,3,2,84.8,192.7,18.01,85.1,31.01,4.249,0.8601,1
NER-SIM-03859,Meghalaya,East Khasi Hills,NH-6 Shillong-Tamabil Highway,1149.9,26.63,113.8,-0.0044,0.0126,6.38,2055.3,875.3,2,2,3.4,3.4,0.46,39.6,0.0,0.113,0.0651,0
NER-SIM-03860,Assam,Dima Hasao,NH-27 Lumding-Haflong Hill Cut,653.7,26.89,4.7,0.0574,-0.02,4.98,1745.9,499.1,1,3,31.5,28.2,3.8,41.5,4.38,0.033,0.059,0
NER-SIM-03861,Arunachal Pradesh,West Kameng,Bhalukpong-Bomdila-Tawang Route,2085.0,49.09,334.9,-0.0047,-0.019,4.58,85.3,23.6,4,1,4.7,4.7,0.43,49.7,0.91,0.014,0.1637,0
NER-SIM-03862,Arunachal Pradesh,Lower Subansiri,Ziro Foothill Section,1378.2,36.97,120.6,0.0081,-0.0291,3.83,2198.6,168.6,2,1,15.4,14.0,1.48,49.4,1.71,0.015,0.0841,0
NER-SIM-03863,Nagaland,Phek,Phek-Meluri Road Corridor,1424.7,16.57,79.6,-0.0174,0.0038,6.43,4796.3,89.1,3,3,8.1,12.1,0.56,46.9,3.62,0.066,0.0713,0
NER-SIM-03864,Arunachal Pradesh,Lower Subansiri,Ziro Foothill Section,1660.9,27.21,148.9,0.0808,-0.0045,4.14,192.3,195.2,4,1,1.7,1.4,0.11,30.5,3.66,0.024,0.0814,0
NER-SIM-03865,Arunachal Pradesh,Lower Subansiri,Ziro Foothill Section,1492.7,25.51,94.1,-0.0511,-0.074,6.27,1385.9,217.6,4,3,8.1,8.7,1.22,38.8,0.97,0.037,0.0788,0
NER-SIM-03866,Manipur,Chandel,NH-102 Imphal-Moreh Corridor,1081.3,42.36,163.3,0.0523,0.0605,2.87,2263.5,310.3,2,3,74.6,174.3,23.19,73.3,1.72,0.107,0.4264,0
NER-SIM-03867,Assam,Karbi Anglong,Diphu-Bokajan Escarpment,224.1,20.92,140.7,0.0081,-0.0195,4.39,20.5,671.3,1,3,124.9,395.3,16.26,73.0,0.0,0.074,0.7276,1
NER-SIM-03868,Mizoram,Aizawl,Aizawl-Lunglei Road Slopes,1353.9,32.23,305.8,0.0257,-0.0511,6.13,1010.3,203.5,2,2,12.3,12.8,1.41,42.8,0.0,0.011,0.0719,0
NER-SIM-03869,Nagaland,Phek,Phek-Meluri Road Corridor,2019.4,28.27,75.9,-0.0642,-0.0239,7.29,1318.6,121.4,2,3,88.6,267.6,14.79,80.6,15.82,0.132,0.7949,1
NER-SIM-03870,Manipur,Noney,Tupul Railway Corridor Section,1185.1,45.8,199.4,0.0734,0.0164,5.26,2305.8,978.9,3,4,125.5,309.0,17.2,84.4,25.41,1.447,0.8452,1
NER-SIM-03871,Sikkim,Pakyong,NH-10 Sevoke-Gangtok Corridor,604.3,36.64,57.4,0.009,0.0427,4.52,814.0,181.4,4,2,106.5,275.3,21.41,81.4,19.79,0.028,0.6823,1
NER-SIM-03872,Sikkim,Mangan,North Sikkim Highway (Chungthang),1945.7,48.06,134.4,-0.0021,0.0139,4.38,236.5,129.6,5,2,6.0,9.2,0.48,30.3,3.58,0.0,0.2654,0
NER-SIM-03873,Mizoram,Aizawl,Aizawl-Lunglei Road Slopes,967.3,58.58,252.8,-0.0331,0.0391,2.97,3190.8,30.7,1,1,252.3,751.6,80.0,84.3,19.23,1.206,0.9955,1
NER-SIM-03874,Assam,Karbi Anglong,Diphu-Bokajan Escarpment,251.1,28.95,220.5,0.0734,0.0026,5.12,1015.5,11.1,1,3,57.7,117.8,8.09,63.1,0.88,0.046,0.3147,0
NER-SIM-03875,Arunachal Pradesh,Lower Subansiri,Ziro Foothill Section,1627.3,28.49,300.8,0.0549,0.0272,4.22,257.0,256.0,3,1,57.8,99.6,7.52,56.3,3.27,0.021,0.251,0
NER-SIM-03876,Arunachal Pradesh,Lower Subansiri,Ziro Foothill Section,1789.3,30.14,288.7,-0.0428,0.0371,6.56,53.8,227.2,4,2,186.6,572.9,27.55,74.0,2.06,0.048,0.9803,1
NER-SIM-03877,Manipur,Noney,Tupul Railway Corridor Section,1111.8,39.97,205.4,0.0895,-0.076,2.47,1478.7,514.4,2,4,18.2,31.8,1.63,38.0,1.5,0.034,0.0632,0
NER-SIM-03878,Nagaland,Phek,Phek-Meluri Road Corridor,1514.0,35.19,265.4,0.059,-0.0068,4.43,626.1,265.2,2,1,11.4,19.7,1.65,42.3,1.88,0.056,0.1083,0
NER-SIM-03879,Nagaland,Kohima,NH-29 Dimapur-Kohima By-pass,1529.1,46.5,252.0,0.1046,0.047,3.62,103.4,1148.6,3,1,143.5,317.3,32.43,74.1,3.89,0.054,0.8309,1
NER-SIM-03880,Sikkim,Pakyong,NH-10 Sevoke-Gangtok Corridor,875.1,36.06,339.5,0.012,0.0354,5.06,140.3,196.8,4,2,97.6,159.4,15.02,77.4,11.78,0.084,0.7289,1
NER-SIM-03881,Mizoram,Aizawl,Aizawl-Lunglei Road Slopes,1326.6,51.81,326.8,-0.0038,-0.0021,4.47,293.6,141.3,1,2,3.0,3.3,0.22,31.4,1.63,0.016,0.1872,0
NER-SIM-03882,Nagaland,Phek,Phek-Meluri Road Corridor,1956.6,37.75,79.5,-0.0009,0.029,4.42,162.2,150.9,2,2,5.3,2.9,0.65,43.3,0.53,0.122,0.1933,0
NER-SIM-03883,Arunachal Pradesh,West Kameng,Bhalukpong-Bomdila-Tawang Route,1947.4,44.67,297.4,-0.0547,-0.1249,5.38,627.9,294.8,5,2,4.2,2.7,0.47,34.1,0.82,0.042,0.1436,0
NER-SIM-03884,Assam,Dima Hasao,NH-27 Lumding-Haflong Hill Cut,379.0,11.91,262.9,0.0566,0.0739,8.4,584.2,316.7,1,3,3.4,3.1,0.39,35.8,0.25,0.068,0.0435,0
NER-SIM-03885,Nagaland,Kohima,NH-29 Dimapur-Kohima By-pass,1197.8,36.21,108.1,0.0048,-0.0506,9.28,526.5,52.2,2,2,1.1,1.3,0.12,36.1,0.87,0.093,0.1265,0
NER-SIM-03886,Assam,Dima Hasao,NH-27 Lumding-Haflong Hill Cut,718.7,32.87,322.0,0.006,0.0749,4.51,817.4,279.2,1,1,7.8,8.8,1.15,44.7,3.65,0.007,0.0482,0
NER-SIM-03887,Sikkim,Mangan,North Sikkim Highway (Chungthang),1389.3,59.78,123.4,-0.0603,-0.0052,3.39,673.7,832.9,4,2,197.8,525.0,53.1,69.0,4.46,0.073,0.9844,1
NER-SIM-03888,Nagaland,Kohima,NH-29 Dimapur-Kohima By-pass,869.9,32.89,164.7,0.0648,-0.0109,7.2,1370.0,778.9,3,2,3.4,3.7,0.45,35.2,0.64,0.111,0.067,0
NER-SIM-03889,Nagaland,Kohima,NH-29 Dimapur-Kohima By-pass,1458.6,35.13,165.3,-0.0148,0.0387,5.21,85.2,25.8,3,3,94.4,256.5,17.75,88.0,35.48,1.407,0.9481,1
NER-SIM-03890,Mizoram,Aizawl,Aizawl-Lunglei Road Slopes,1263.6,29.14,291.5,0.0355,-0.0128,6.12,714.6,432.9,1,3,1.7,1.9,0.13,35.9,2.6,0.096,0.0674,0
NER-SIM-03891,Arunachal Pradesh,West Kameng,Bhalukpong-Bomdila-Tawang Route,2135.6,36.49,221.1,0.0636,-0.0562,5.65,190.1,645.8,5,1,198.1,618.2,27.15,84.1,31.73,1.767,0.9927,1
NER-SIM-03892,Mizoram,Champhai,Champhai-Zokhawthar Border Cut,1136.2,33.98,29.6,-0.0318,-0.1094,6.88,42.7,4.8,2,3,22.5,15.0,2.22,30.9,0.0,0.068,0.2249,0
NER-SIM-03893,Assam,Dima Hasao,NH-27 Lumding-Haflong Hill Cut,466.2,34.38,282.5,0.044,-0.0551,4.64,10.2,148.3,1,1,7.7,7.9,0.54,33.1,3.1,0.087,0.0826,0
NER-SIM-03894,Nagaland,Phek,Phek-Meluri Road Corridor,1693.5,32.92,80.4,-0.0545,0.0874,4.25,21.5,422.1,2,3,92.0,196.6,29.14,74.8,4.16,0.077,0.4535,0
NER-SIM-03895,Arunachal Pradesh,Lower Subansiri,Ziro Foothill Section,1494.0,48.04,64.1,-0.0362,0.032,2.0,74.7,61.9,4,4,9.5,28.6,1.81,56.9,0.77,0.07,0.2377,0
NER-SIM-03896,Mizoram,Champhai,Champhai-Zokhawthar Border Cut,1275.2,33.71,278.3,0.0934,-0.0149,3.59,3373.4,581.5,1,3,6.2,10.5,0.74,33.5,3.22,0.0,0.06,0
NER-SIM-03897,Assam,Karbi Anglong,Diphu-Bokajan Escarpment,470.3,32.6,20.5,0.0256,-0.0609,4.92,130.6,194.3,1,3,7.8,11.3,0.69,38.1,0.47,0.049,0.1288,0
NER-SIM-03898,Sikkim,Pakyong,NH-10 Sevoke-Gangtok Corridor,1202.1,22.1,192.3,0.0054,0.0102,6.72,1352.7,47.5,4,3,105.3,292.9,26.52,85.8,27.04,0.02,0.8428,1
NER-SIM-03899,Meghalaya,East Khasi Hills,NH-6 Shillong-Tamabil Highway,1608.2,30.21,64.8,0.0141,-0.0215,5.62,8.3,68.8,1,2,123.2,353.8,22.21,92.0,29.23,0.034,0.967,1
NER-SIM-03900,Mizoram,Champhai,Champhai-Zokhawthar Border Cut,1015.0,36.83,87.4,-0.0613,0.0794,7.43,1886.6,1899.7,2,4,16.5,19.1,1.33,39.2,2.58,0.071,0.0935,0
NER-SIM-03901,Assam,Karbi Anglong,Diphu-Bokajan Escarpment,50.0,34.25,110.0,0.0104,0.0445,4.15,1220.7,792.2,1,2,0.9,1.0,0.08,41.9,2.66,0.013,0.0759,0
NER-SIM-03902,Tripura,North Tripura,Jampui Hills Ridge Corridor,832.3,15.45,130.5,-0.0195,-0.0362,7.74,6079.1,217.9,2,1,10.3,8.0,1.69,34.8,0.0,0.0,0.0338,0
NER-SIM-03903,Assam,Karbi Anglong,Diphu-Bokajan Escarpment,337.5,23.42,112.1,0.0899,-0.0284,5.28,850.0,4.9,2,1,84.5,224.6,11.32,70.7,5.39,0.029,0.4425,0
NER-SIM-03904,Sikkim,Pakyong,NH-10 Sevoke-Gangtok Corridor,1173.7,28.59,264.7,0.0249,-0.0125,6.32,10.5,474.1,3,1,8.3,13.8,0.73,46.1,0.2,0.0,0.0762,0
NER-SIM-03905,Mizoram,Champhai,Champhai-Zokhawthar Border Cut,1414.0,30.86,34.2,-0.0103,-0.0083,5.39,234.2,347.0,3,4,161.9,420.1,29.77,79.9,17.91,0.083,0.9026,1
NER-SIM-03906,Manipur,Chandel,NH-102 Imphal-Moreh Corridor,841.3,40.51,108.4,0.0031,0.0169,6.74,478.3,162.7,3,3,1.3,1.9,0.11,30.3,0.02,0.033,0.2115,0
NER-SIM-03907,Manipur,Noney,Tupul Railway Corridor Section,693.4,39.06,101.3,0.0389,-0.0753,4.85,676.5,1216.7,3,2,128.5,409.4,25.14,76.3,9.05,0.038,0.9042,1
NER-SIM-03908,Tripura,North Tripura,Jampui Hills Ridge Corridor,809.6,37.36,42.5,0.0227,0.081,3.48,641.5,76.7,1,2,83.5,152.2,17.25,77.6,11.58,0.07,0.3433,0
NER-SIM-03909,Nagaland,Kohima,NH-29 Dimapur-Kohima By-pass,1669.0,36.27,56.9,0.0366,-0.059,5.4,925.2,110.4,3,1,10.1,13.4,1.63,36.3,0.26,0.069,0.0754,0
NER-SIM-03910,Mizoram,Champhai,Champhai-Zokhawthar Border Cut,1524.4,30.17,201.4,-0.03,0.0219,5.19,4934.4,90.8,1,2,4.3,5.5,0.35,33.5,4.99,0.095,0.0814,0
NER-SIM-03911,Nagaland,Phek,Phek-Meluri Road Corridor,1526.9,29.54,86.4,-0.0307,-0.0093,6.01,310.6,170.7,3,3,12.1,7.8,0.95,34.6,2.0,0.064,0.1895,0
NER-SIM-03912,Tripura,North Tripura,Jampui Hills Ridge Corridor,991.1,30.65,138.0,0.0269,-0.0042,6.34,521.4,105.2,1,3,113.4,233.0,20.71,87.8,34.84,0.068,0.8542,1
NER-SIM-03913,Nagaland,Kohima,NH-29 Dimapur-Kohima By-pass,1535.1,33.16,213.1,0.016,-0.0274,2.98,4260.0,866.0,2,2,5.0,3.9,0.49,43.9,3.49,0.065,0.1002,0
NER-SIM-03914,Arunachal Pradesh,West Kameng,Bhalukpong-Bomdila-Tawang Route,2035.0,48.31,184.7,0.0766,0.0137,2.87,3664.2,1053.1,4,2,53.5,160.8,9.73,73.7,0.71,0.017,0.4289,0
NER-SIM-03915,Manipur,Chandel,NH-102 Imphal-Moreh Corridor,1204.1,36.94,334.5,0.0433,0.0762,3.81,1199.4,326.9,2,3,39.2,120.5,5.29,64.2,0.92,0.127,0.1529,0
NER-SIM-03916,Sikkim,Mangan,North Sikkim Highway (Chungthang),1950.6,48.88,272.1,0.0155,0.0334,3.35,4682.2,241.0,5,3,91.9,213.5,19.39,73.5,0.0,0.055,0.8061,1
NER-SIM-03917,Sikkim,Mangan,North Sikkim Highway (Chungthang),1733.7,51.72,206.8,-0.0414,-0.0392,2.0,978.0,178.5,5,1,20.6,25.1,2.12,43.4,3.76,0.012,0.1806,0
NER-SIM-03918,Mizoram,Aizawl,Aizawl-Lunglei Road Slopes,923.0,33.96,86.8,-0.0367,-0.0359,2.76,2150.9,2.4,2,3,13.3,14.7,1.17,44.6,0.0,0.048,0.126,0
NER-SIM-03919,Sikkim,Pakyong,NH-10 Sevoke-Gangtok Corridor,1367.7,35.03,76.1,0.0265,-0.0374,6.54,1384.4,2142.8,4,2,109.1,226.4,24.4,77.0,13.85,0.034,0.6568,1
NER-SIM-03920,Arunachal Pradesh,Lower Subansiri,Ziro Foothill Section,1778.2,31.44,208.3,-0.0268,0.0272,6.09,106.5,84.0,3,2,4.4,6.4,0.31,30.4,2.3,0.067,0.1403,0
NER-SIM-03921,Tripura,North Tripura,Jampui Hills Ridge Corridor,654.6,23.56,101.2,0.0131,0.034,7.37,909.4,136.7,1,3,11.3,25.9,1.51,42.3,3.18,0.071,0.1494,0
NER-SIM-03922,Arunachal Pradesh,Lower Subansiri,Ziro Foothill Section,1832.6,38.56,203.4,0.0819,0.1041,5.03,289.0,634.9,3,1,26.8,53.9,3.43,51.7,0.71,0.039,0.1223,0
NER-SIM-03923,Assam,Karbi Anglong,Diphu-Bokajan Escarpment,108.7,15.47,69.3,0.0163,-0.1599,5.81,32.9,272.7,2,3,51.4,122.7,8.67,81.7,20.92,0.053,0.5407,1
NER-SIM-03924,Assam,Dima Hasao,NH-27 Lumding-Haflong Hill Cut,964.0,19.71,89.5,-0.0082,-0.1339,6.43,1674.1,13.0,1,2,8.3,13.8,1.25,39.8,0.76,0.108,0.0694,0
NER-SIM-03925,Arunachal Pradesh,Lower Subansiri,Ziro Foothill Section,1353.2,46.32,122.3,-0.0333,-0.0287,5.61,2574.2,346.7,4,1,21.3,37.7,1.51,44.0,0.06,0.0,0.1139,0
NER-SIM-03926,Arunachal Pradesh,West Kameng,Bhalukpong-Bomdila-Tawang Route,2463.8,46.64,243.4,0.1297,-0.0536,5.09,155.8,476.9,4,1,7.4,5.8,0.53,20.7,5.23,0.071,0.1264,0
NER-SIM-03927,Assam,Karbi Anglong,Diphu-Bokajan Escarpment,791.1,18.26,35.5,-0.0707,-0.01,5.55,891.4,300.6,1,1,95.9,231.2,14.69,86.7,34.98,0.048,0.5278,1
NER-SIM-03928,Nagaland,Kohima,NH-29 Dimapur-Kohima By-pass,786.4,34.22,176.7,-0.032,-0.0908,4.26,784.8,52.0,4,4,51.6,47.9,5.92,54.0,1.21,0.115,0.2177,0
NER-SIM-03929,Arunachal Pradesh,Lower Subansiri,Ziro Foothill Section,1371.8,14.58,112.7,-0.0263,-0.0535,7.5,2023.5,168.7,3,2,65.5,173.8,16.62,84.5,31.07,0.093,0.5065,1
NER-SIM-03930,Manipur,Chandel,NH-102 Imphal-Moreh Corridor,837.1,41.72,170.4,0.0533,0.0518,5.41,7115.9,52.8,3,3,23.0,11.7,1.87,33.7,2.59,0.0,0.1651,0
NER-SIM-03931,Manipur,Noney,Tupul Railway Corridor Section,998.4,47.04,22.2,0.0142,0.0389,3.02,1381.3,77.9,2,1,1.6,1.3,0.12,34.0,2.46,0.013,0.0662,0
NER-SIM-03932,Sikkim,Mangan,North Sikkim Highway (Chungthang),2050.0,44.56,183.9,0.0156,0.0487,6.16,4761.1,110.4,5,3,80.4,153.3,13.19,72.3,0.0,0.056,0.5188,1
NER-SIM-03933,Manipur,Noney,Tupul Railway Corridor Section,801.0,33.06,297.9,-0.0749,-0.0683,3.62,105.4,80.1,2,1,22.3,14.8,3.04,39.0,2.35,0.067,0.2176,0
NER-SIM-03934,Manipur,Noney,Tupul Railway Corridor Section,994.9,26.83,294.5,-0.0082,-0.0293,3.66,834.6,212.5,3,3,67.1,157.7,11.85,68.0,1.53,0.075,0.409,0
NER-SIM-03935,Nagaland,Kohima,NH-29 Dimapur-Kohima By-pass,1097.5,31.8,121.6,0.0365,0.0742,5.58,1012.1,356.4,3,3,26.9,22.8,2.17,44.2,0.96,0.035,0.1141,0
NER-SIM-03936,Mizoram,Aizawl,Aizawl-Lunglei Road Slopes,1087.4,42.23,297.1,0.0607,-0.0359,4.54,2121.4,499.7,2,1,75.8,219.8,24.46,77.2,10.82,0.0,0.5838,1
NER-SIM-03937,Assam,Karbi Anglong,Diphu-Bokajan Escarpment,525.9,33.61,307.1,-0.0222,-0.0532,4.49,745.9,352.2,1,2,1.1,2.0,0.09,50.0,3.8,0.048,0.0812,0
NER-SIM-03938,Assam,Karbi Anglong,Diphu-Bokajan Escarpment,792.7,28.61,202.2,0.1057,0.0103,2.56,929.9,655.5,1,2,13.6,13.3,1.67,33.3,3.72,0.0,0.0667,0
NER-SIM-03939,Manipur,Noney,Tupul Railway Corridor Section,944.1,39.01,311.4,0.0065,-0.0545,5.1,1109.8,60.5,2,4,23.9,28.2,2.05,47.2,2.29,0.09,0.1462,0
NER-SIM-03940,Assam,Karbi Anglong,Diphu-Bokajan Escarpment,551.0,10.78,105.6,-0.1319,-0.0751,8.7,526.6,303.4,1,3,8.0,7.2,0.92,33.1,2.1,0.141,0.0714,0
NER-SIM-03941,Arunachal Pradesh,West Kameng,Bhalukpong-Bomdila-Tawang Route,1967.9,34.97,189.0,0.0108,-0.0503,6.48,1050.8,783.6,5,1,27.3,45.3,3.82,49.4,1.3,0.071,0.0891,0
NER-SIM-03942,Meghalaya,East Khasi Hills,NH-6 Shillong-Tamabil Highway,1732.5,39.55,60.1,0.0353,-0.018,4.48,403.1,906.9,2,1,2.6,1.3,0.24,26.9,0.31,0.033,0.1005,0
NER-SIM-03943,Mizoram,Champhai,Champhai-Zokhawthar Border Cut,879.5,35.78,269.3,0.0483,-0.0013,4.8,2546.5,92.2,2,1,103.9,187.8,16.27,97.9,62.02,2.079,0.841,1
NER-SIM-03944,Tripura,North Tripura,Jampui Hills Ridge Corridor,478.8,14.33,150.6,0.0142,-0.0371,6.82,108.3,179.4,1,1,3.4,5.6,0.4,40.4,0.0,0.009,0.0318,0
NER-SIM-03945,Sikkim,Mangan,North Sikkim Highway (Chungthang),2221.0,41.78,255.6,-0.0037,0.0897,6.51,372.0,45.8,4,4,247.3,766.6,39.71,78.5,11.54,0.008,0.9939,1
NER-SIM-03946,Manipur,Noney,Tupul Railway Corridor Section,1088.7,46.7,101.6,0.0157,-0.0592,4.67,222.5,392.2,2,2,148.2,445.6,22.84,83.1,25.48,1.861,0.9321,1
NER-SIM-03947,Sikkim,Pakyong,NH-10 Sevoke-Gangtok Corridor,1030.0,50.78,334.5,-0.0528,0.098,4.86,1694.3,633.6,3,3,59.3,167.1,13.64,66.8,2.64,0.047,0.4071,0
NER-SIM-03948,Meghalaya,South West Khasi Hills,Mawsynram Valley Slopes,1310.4,31.6,9.2,-0.0427,-0.0508,5.61,3654.4,168.7,1,1,109.9,296.8,24.48,75.5,10.4,0.062,0.5214,1
NER-SIM-03949,Tripura,North Tripura,Jampui Hills Ridge Corridor,975.8,33.03,310.2,0.0791,-0.0081,6.77,928.2,400.9,1,1,101.7,321.3,13.58,80.7,14.34,0.044,0.5074,1
NER-SIM-03950,Nagaland,Kohima,NH-29 Dimapur-Kohima By-pass,1095.4,43.04,350.1,0.0103,-0.0163,3.85,769.1,551.1,2,2,1.1,2.0,0.14,21.1,0.0,0.014,0.0841,0
NER-SIM-03951,Meghalaya,South West Khasi Hills,Mawsynram Valley Slopes,1600.4,32.24,250.4,-0.0154,-0.0157,7.58,150.5,78.4,1,4,0.2,0.2,0.02,44.4,1.42,0.052,0.1342,0
NER-SIM-03952,Nagaland,Phek,Phek-Meluri Road Corridor,1606.6,35.28,269.7,0.0361,-0.0023,7.78,1180.9,68.5,1,1,20.9,21.6,3.25,31.5,2.11,0.116,0.0748,0
NER-SIM-03953,Manipur,Noney,Tupul Railway Corridor Section,476.0,47.65,319.9,-0.0014,-0.0204,5.57,766.7,37.6,3,3,28.2,28.6,2.0,46.1,1.91,0.0,0.3935,0
NER-SIM-03954,Assam,Dima Hasao,NH-27 Lumding-Haflong Hill Cut,192.0,34.13,209.8,0.0701,0.0201,4.5,791.6,28.2,1,4,1.3,1.8,0.13,38.8,5.23,0.044,0.0818,0
NER-SIM-03955,Arunachal Pradesh,West Kameng,Bhalukpong-Bomdila-Tawang Route,2493.8,41.8,4.4,0.0305,-0.0338,4.96,182.5,418.7,5,1,51.7,35.9,3.47,38.9,3.63,0.025,0.1452,0
NER-SIM-03956,Tripura,North Tripura,Jampui Hills Ridge Corridor,540.6,22.53,280.2,-0.0151,-0.0499,7.0,1755.6,58.3,1,1,38.1,35.0,3.1,33.3,2.92,0.007,0.0557,0
NER-SIM-03957,Assam,Karbi Anglong,Diphu-Bokajan Escarpment,190.5,30.77,74.6,0.0695,0.0384,5.93,286.1,229.5,1,2,36.5,76.9,4.88,67.9,0.73,0.002,0.1805,0
NER-SIM-03958,Manipur,Chandel,NH-102 Imphal-Moreh Corridor,1045.5,37.57,26.9,-0.017,0.0562,4.22,4242.0,341.7,2,4,3.3,4.2,0.34,18.8,1.48,0.083,0.0431,0
NER-SIM-03959,Sikkim,Mangan,North Sikkim Highway (Chungthang),2158.7,47.24,298.6,0.0115,0.0879,4.61,396.9,26.1,4,2,132.8,260.1,20.19,87.3,26.41,0.337,0.9241,1
NER-SIM-03960,Nagaland,Phek,Phek-Meluri Road Corridor,1904.5,29.4,17.2,0.0368,0.0199,7.87,1286.7,169.1,3,2,24.6,24.0,2.06,28.4,4.76,0.016,0.0914,0
NER-SIM-03961,Tripura,North Tripura,Jampui Hills Ridge Corridor,501.1,42.79,248.2,0.0333,0.05,5.76,1636.6,274.4,1,1,3.9,3.2,0.41,38.0,1.53,0.146,0.0441,0
NER-SIM-03962,Mizoram,Aizawl,Aizawl-Lunglei Road Slopes,1169.9,39.49,54.0,-0.032,-0.014,7.26,2215.6,154.0,1,3,0.7,0.4,0.06,35.4,2.68,0.063,0.115,0
NER-SIM-03963,Arunachal Pradesh,Lower Subansiri,Ziro Foothill Section,1181.9,21.12,310.5,-0.0701,0.023,5.78,532.8,98.1,4,2,48.9,153.7,10.98,75.9,6.66,0.054,0.4041,0
NER-SIM-03964,Meghalaya,South West Khasi Hills,Mawsynram Valley Slopes,1353.7,23.74,70.1,-0.0249,-0.0576,6.21,217.6,542.4,2,3,12.9,8.3,1.7,35.1,1.26,0.07,0.1089,0
NER-SIM-03965,Nagaland,Kohima,NH-29 Dimapur-Kohima By-pass,1511.9,36.25,311.7,0.0301,-0.027,5.42,366.5,149.0,2,3,5.1,6.7,0.46,49.2,2.53,0.049,0.2622,0
NER-SIM-03966,Mizoram,Aizawl,Aizawl-Lunglei Road Slopes,1227.0,36.35,116.6,-0.1146,0.061,5.54,40.7,393.5,2,3,13.4,9.4,1.21,36.1,1.25,0.0,0.1376,0
NER-SIM-03967,Manipur,Chandel,NH-102 Imphal-Moreh Corridor,624.1,39.48,354.2,-0.0498,-0.0324,6.09,124.1,369.6,2,1,11.7,18.3,1.42,34.0,3.77,0.0,0.2631,0
NER-SIM-03968,Nagaland,Phek,Phek-Meluri Road Corridor,1809.5,36.91,134.3,-0.0437,-0.0243,5.16,3230.5,259.7,3,3,0.6,0.6,0.1,32.0,0.0,0.107,0.1315,0
NER-SIM-03969,Arunachal Pradesh,West Kameng,Bhalukpong-Bomdila-Tawang Route,2451.7,32.73,31.5,-0.0035,0.0179,4.23,1749.2,982.8,5,1,26.1,45.7,2.08,46.8,3.78,0.073,0.1025,0
NER-SIM-03970,Arunachal Pradesh,Lower Subansiri,Ziro Foothill Section,1572.6,25.12,253.5,-0.0495,-0.048,5.7,1012.5,78.5,3,2,139.4,233.4,20.3,88.8,37.83,0.0,0.7901,1
NER-SIM-03971,Assam,Karbi Anglong,Diphu-Bokajan Escarpment,82.1,19.12,5.4,0.0408,-0.097,5.78,410.5,149.4,1,1,11.2,9.6,1.75,41.0,0.74,0.017,0.0643,0
NER-SIM-03972,Mizoram,Champhai,Champhai-Zokhawthar Border Cut,1536.9,33.01,332.1,-0.0134,-0.0074,5.91,1577.8,215.2,1,1,149.4,438.7,31.75,82.9,19.2,0.281,0.9089,1
NER-SIM-03973,Sikkim,Mangan,North Sikkim Highway (Chungthang),1695.1,54.54,235.0,-0.0462,-0.0304,5.45,274.6,117.9,5,2,147.6,289.2,20.86,78.4,18.15,0.06,0.9435,1
NER-SIM-03974,Nagaland,Phek,Phek-Meluri Road Corridor,1928.3,23.91,265.8,0.0632,0.0321,3.71,188.8,294.5,2,1,89.4,280.3,19.5,75.2,8.18,0.038,0.4922,0
NER-SIM-03975,Sikkim,Mangan,North Sikkim Highway (Chungthang),1836.1,57.38,72.1,0.0281,0.0428,4.14,2989.2,494.7,5,2,11.9,8.7,0.91,35.2,3.15,0.045,0.2575,0
NER-SIM-03976,Manipur,Noney,Tupul Railway Corridor Section,793.3,30.76,267.3,-0.0412,0.0631,6.4,2481.5,576.0,2,4,8.1,11.0,0.64,29.7,1.74,0.006,0.0412,0
NER-SIM-03977,Arunachal Pradesh,Lower Subansiri,Ziro Foothill Section,1541.4,36.7,199.5,0.0491,-0.0009,4.46,991.8,376.6,4,2,1.1,1.6,0.1,30.8,2.02,0.044,0.1036,0
NER-SIM-03978,Tripura,North Tripura,Jampui Hills Ridge Corridor,1063.2,27.28,239.7,0.0038,0.0541,6.77,610.1,68.2,1,4,46.4,133.4,7.35,64.2,4.06,0.01,0.2215,0
NER-SIM-03979,Arunachal Pradesh,West Kameng,Bhalukpong-Bomdila-Tawang Route,2096.6,43.56,78.4,-0.0833,-0.0304,5.53,434.1,366.3,5,1,0.9,1.5,0.06,34.4,3.48,0.035,0.123,0
NER-SIM-03980,Nagaland,Kohima,NH-29 Dimapur-Kohima By-pass,993.3,27.38,311.6,0.0436,0.0592,6.54,79.0,291.6,3,3,159.5,354.3,24.55,74.3,2.32,0.081,0.9428,1
NER-SIM-03981,Assam,Dima Hasao,NH-27 Lumding-Haflong Hill Cut,721.9,29.77,91.4,0.0121,0.0901,5.63,1036.1,487.2,1,3,268.8,678.1,36.9,77.1,11.62,0.115,0.9844,1
NER-SIM-03982,Sikkim,Mangan,North Sikkim Highway (Chungthang),1453.6,49.97,184.2,-0.0191,0.054,3.17,6132.0,128.0,4,3,28.3,40.6,3.09,44.0,0.4,0.088,0.2995,0
NER-SIM-03983,Manipur,Noney,Tupul Railway Corridor Section,760.0,46.8,224.1,-0.0364,-0.0292,4.83,427.8,599.4,3,3,21.4,24.7,1.95,43.5,3.17,0.016,0.173,0
NER-SIM-03984,Manipur,Noney,Tupul Railway Corridor Section,700.6,33.8,351.2,-0.0104,-0.0638,4.46,363.4,246.1,2,2,6.8,10.2,0.71,41.4,2.75,0.071,0.1037,0
NER-SIM-03985,Mizoram,Aizawl,Aizawl-Lunglei Road Slopes,1140.9,27.56,109.5,0.0368,-0.0276,5.41,701.5,624.1,2,1,5.5,9.1,0.79,40.5,2.93,0.054,0.0721,0
NER-SIM-03986,Meghalaya,South West Khasi Hills,Mawsynram Valley Slopes,1471.5,32.64,6.4,0.0126,0.0472,3.19,221.1,327.7,2,2,130.5,300.3,18.16,76.0,11.97,0.046,0.7976,1
NER-SIM-03987,Meghalaya,East Khasi Hills,NH-6 Shillong-Tamabil Highway,1976.4,28.65,282.9,0.0455,-0.0264,4.25,102.4,518.7,1,3,1.8,3.0,0.14,28.3,0.0,0.0,0.0828,0
NER-SIM-03988,Sikkim,Mangan,North Sikkim Highway (Chungthang),1485.3,52.68,154.5,-0.0203,0.018,2.55,1231.6,379.8,5,3,19.2,12.3,3.02,39.9,2.75,0.046,0.3555,0
NER-SIM-03989,Assam,Dima Hasao,NH-27 Lumding-Haflong Hill Cut,687.1,35.44,145.0,0.0052,-0.0164,6.84,52.1,316.3,1,2,3.8,3.1,0.51,39.3,0.28,0.073,0.1567,0
NER-SIM-03990,Assam,Karbi Anglong,Diphu-Bokajan Escarpment,289.4,22.61,210.7,-0.0225,0.0683,6.42,347.8,167.0,1,2,41.2,117.8,9.61,66.8,2.5,0.06,0.1093,0
NER-SIM-03991,Manipur,Chandel,NH-102 Imphal-Moreh Corridor,831.8,40.23,35.2,0.0404,0.0029,3.53,106.3,1168.1,2,1,89.4,180.8,12.46,83.0,21.72,0.427,0.4655,0
NER-SIM-03992,Manipur,Chandel,NH-102 Imphal-Moreh Corridor,1002.6,19.41,143.6,-0.016,-0.0099,6.13,1314.7,764.8,3,1,81.3,198.4,12.91,81.7,22.25,0.017,0.2608,0
NER-SIM-03993,Nagaland,Kohima,NH-29 Dimapur-Kohima By-pass,1312.8,42.46,46.7,0.0707,0.0163,3.75,4052.1,548.7,3,2,70.2,121.1,10.92,63.1,0.11,0.043,0.2491,0
NER-SIM-03994,Meghalaya,East Khasi Hills,NH-6 Shillong-Tamabil Highway,1517.1,37.56,103.4,-0.0737,-0.0832,3.07,1367.1,69.8,1,2,71.4,214.7,15.56,75.3,7.77,0.0,0.4376,0
NER-SIM-03995,Assam,Karbi Anglong,Diphu-Bokajan Escarpment,415.4,21.57,28.6,-0.0389,0.0906,6.35,64.7,1134.9,1,2,35.1,56.7,3.4,50.9,2.67,0.111,0.1024,0
NER-SIM-03996,Meghalaya,South West Khasi Hills,Mawsynram Valley Slopes,1871.3,35.9,153.6,-0.0816,-0.0059,5.44,391.9,746.7,2,2,94.4,270.9,26.89,77.8,10.96,0.066,0.5557,1
NER-SIM-03997,Sikkim,Pakyong,NH-10 Sevoke-Gangtok Corridor,744.3,44.56,132.2,0.1294,-0.0779,5.02,2563.4,571.3,3,1,9.7,7.4,0.74,49.5,2.4,0.063,0.1324,0
NER-SIM-03998,Mizoram,Aizawl,Aizawl-Lunglei Road Slopes,1146.6,29.84,217.1,-0.0075,0.0483,5.44,3027.6,197.3,1,1,3.9,4.4,0.28,42.2,4.38,0.036,0.0493,0
NER-SIM-03999,Manipur,Noney,Tupul Railway Corridor Section,607.2,48.01,81.1,0.0489,-0.0007,2.85,579.2,191.8,2,1,71.3,209.6,12.62,77.5,12.18,0.0,0.5374,1
NER-SIM-04000,Assam,Karbi Anglong,Diphu-Bokajan Escarpment,50.0,17.61,66.4,0.0195,-0.0493,4.68,696.8,606.7,1,2,268.2,631.2,43.72,79.7,15.39,0.171,0.9849,1
NER-SIM-04001,Meghalaya,East Khasi Hills,NH-6 Shillong-Tamabil Highway,1447.3,29.85,1.6,-0.0032,0.0312,6.03,53.2,792.7,1,2,25.1,23.2,1.91,49.1,4.17,0.078,0.087,0
NER-SIM-04002,Mizoram,Aizawl,Aizawl-Lunglei Road Slopes,1508.3,33.54,191.5,0.0257,-0.043,7.18,158.8,79.0,2,1,22.2,47.8,3.15,65.6,0.99,0.096,0.2593,0
NER-SIM-04003,Sikkim,Pakyong,NH-10 Sevoke-Gangtok Corridor,1428.7,39.95,268.0,-0.0476,0.0887,3.19,132.2,325.6,3,2,19.5,24.1,2.4,44.2,0.05,0.076,0.1675,0
NER-SIM-04004,Assam,Dima Hasao,NH-27 Lumding-Haflong Hill Cut,355.5,23.08,84.1,0.0675,0.0352,5.05,191.9,585.7,1,2,301.7,647.6,53.02,80.7,18.98,0.023,0.9897,1
NER-SIM-04005,Mizoram,Aizawl,Aizawl-Lunglei Road Slopes,1448.7,38.7,239.4,-0.0368,0.022,4.43,2722.5,670.7,3,3,4.3,4.7,0.43,41.5,0.0,0.051,0.0836,0
NER-SIM-04006,Tripura,North Tripura,Jampui Hills Ridge Corridor,357.3,12.96,62.6,-0.0575,0.0393,6.05,686.6,828.9,1,2,55.3,148.4,17.36,70.9,1.8,0.033,0.2928,0
NER-SIM-04007,Nagaland,Phek,Phek-Meluri Road Corridor,1725.0,34.98,331.0,0.0529,0.0222,6.65,20.5,111.9,3,3,0.8,1.1,0.06,36.8,5.11,0.01,0.2593,0
NER-SIM-04008,Arunachal Pradesh,Lower Subansiri,Ziro Foothill Section,1426.2,33.34,193.4,0.0198,0.0253,5.96,253.7,318.8,4,1,110.0,248.6,14.68,75.2,9.24,0.002,0.7524,1
NER-SIM-04009,Nagaland,Kohima,NH-29 Dimapur-Kohima By-pass,1596.4,35.98,175.6,0.0482,-0.0446,6.64,286.2,353.7,2,1,40.6,65.8,5.34,41.1,2.0,0.076,0.1552,0
NER-SIM-04010,Sikkim,Mangan,North Sikkim Highway (Chungthang),1836.5,46.16,353.0,0.0799,0.0331,3.33,2779.7,170.3,5,1,107.0,261.3,16.17,83.9,23.26,2.544,0.904,1
NER-SIM-04011,Meghalaya,South West Khasi Hills,Mawsynram Valley Slopes,1382.7,42.11,56.4,0.0353,-0.0005,3.73,68.0,249.6,2,1,96.4,199.2,18.48,76.3,11.18,0.102,0.6416,1
NER-SIM-04012,Mizoram,Champhai,Champhai-Zokhawthar Border Cut,1449.0,31.68,20.7,0.0456,-0.0544,6.46,792.2,324.6,2,1,117.2,193.4,17.82,84.3,24.9,0.106,0.5849,1
NER-SIM-04013,Manipur,Noney,Tupul Railway Corridor Section,677.4,37.91,185.4,-0.0159,0.0608,4.67,965.2,440.3,2,2,5.9,4.8,0.42,36.1,2.5,0.025,0.0803,0
NER-SIM-04014,Assam,Karbi Anglong,Diphu-Bokajan Escarpment,708.0,14.85,250.5,-0.0219,-0.017,6.5,3046.5,256.7,1,4,89.7,149.9,28.55,77.9,15.72,0.027,0.2689,0
NER-SIM-04015,Meghalaya,East Khasi Hills,NH-6 Shillong-Tamabil Highway,1186.7,39.65,226.6,0.0143,-0.0009,6.53,1820.8,485.3,1,2,224.9,543.6,42.33,78.0,16.58,0.046,0.9572,1
NER-SIM-04016,Nagaland,Kohima,NH-29 Dimapur-Kohima By-pass,1545.2,26.1,334.5,-0.0166,-0.0076,6.25,1371.1,638.0,3,1,31.3,95.8,4.89,60.0,3.63,0.07,0.101,0
NER-SIM-04017,Meghalaya,East Khasi Hills,NH-6 Shillong-Tamabil Highway,1488.3,27.54,114.0,0.0356,-0.0122,6.85,1462.2,178.8,1,3,17.5,30.0,2.57,35.0,0.62,0.098,0.1104,0
NER-SIM-04018,Nagaland,Kohima,NH-29 Dimapur-Kohima By-pass,1611.1,31.39,165.0,0.0335,-0.0658,6.24,567.8,919.0,2,3,23.2,40.8,2.28,44.0,0.53,0.0,0.1646,0
NER-SIM-04019,Nagaland,Kohima,NH-29 Dimapur-Kohima By-pass,996.1,23.62,136.8,0.0294,-0.0434,5.0,3826.0,113.4,3,1,3.4,5.8,0.25,32.5,2.49,0.02,0.0661,0
NER-SIM-04020,Manipur,Noney,Tupul Railway Corridor Section,517.6,41.41,44.8,0.0387,-0.0214,5.65,53.1,202.1,3,2,4.6,6.5,0.38,26.9,0.56,0.091,0.1421,0
NER-SIM-04021,Sikkim,Mangan,North Sikkim Highway (Chungthang),1925.0,39.0,318.5,0.0623,0.0673,5.11,694.0,225.3,4,1,1.2,0.6,0.13,27.4,1.8,0.089,0.0963,0
NER-SIM-04022,Sikkim,Pakyong,NH-10 Sevoke-Gangtok Corridor,1183.6,31.5,67.4,-0.0512,0.0506,6.11,1136.9,899.2,4,2,5.8,8.0,0.43,41.7,2.6,0.081,0.0976,0
NER-SIM-04023,Arunachal Pradesh,West Kameng,Bhalukpong-Bomdila-Tawang Route,1851.1,50.56,23.7,-0.0043,-0.0387,3.56,191.8,251.8,4,1,3.4,2.4,0.37,30.0,0.13,0.122,0.1537,0
NER-SIM-04024,Meghalaya,East Khasi Hills,NH-6 Shillong-Tamabil Highway,1871.9,40.25,163.7,0.0629,-0.0135,3.05,226.3,1221.7,2,2,5.6,9.2,0.53,32.6,4.75,0.0,0.1853,0
NER-SIM-04025,Assam,Dima Hasao,NH-27 Lumding-Haflong Hill Cut,810.0,37.28,149.8,-0.1158,-0.0142,4.8,350.6,361.2,1,4,104.9,212.6,13.73,88.5,28.91,0.454,0.7898,1
NER-SIM-04026,Nagaland,Kohima,NH-29 Dimapur-Kohima By-pass,1586.8,44.43,189.7,0.0869,0.0141,5.28,1082.5,2006.9,3,3,3.4,4.8,0.3,27.6,0.68,0.08,0.149,0
NER-SIM-04027,Nagaland,Phek,Phek-Meluri Road Corridor,1907.8,43.7,259.4,0.0047,0.07,3.73,819.3,468.3,3,1,0.5,0.8,0.08,32.6,1.44,0.0,0.0566,0
NER-SIM-04028,Assam,Dima Hasao,NH-27 Lumding-Haflong Hill Cut,1415.4,28.16,259.3,-0.0629,-0.0662,5.73,125.9,1053.8,1,2,262.9,773.6,37.79,76.6,12.46,0.055,0.9932,1
NER-SIM-04029,Manipur,Noney,Tupul Railway Corridor Section,833.0,31.84,294.8,-0.014,-0.0096,6.08,300.3,158.0,3,2,5.9,3.1,0.49,28.1,0.58,0.092,0.0662,0
NER-SIM-04030,Assam,Dima Hasao,NH-27 Lumding-Haflong Hill Cut,1194.0,27.59,259.2,-0.0271,-0.1127,3.23,616.1,1223.1,1,1,124.8,242.9,19.44,85.4,30.13,0.0,0.5719,1
NER-SIM-04031,Arunachal Pradesh,West Kameng,Bhalukpong-Bomdila-Tawang Route,2559.1,37.49,243.4,0.0116,-0.0316,5.68,579.4,81.1,4,2,1.6,1.6,0.13,32.7,5.85,0.079,0.0872,0
NER-SIM-04032,Assam,Karbi Anglong,Diphu-Bokajan Escarpment,512.5,28.32,175.4,0.0169,0.1053,5.13,4905.1,51.5,1,3,125.9,298.2,16.08,65.7,3.93,0.096,0.6883,1
NER-SIM-04033,Meghalaya,East Khasi Hills,NH-6 Shillong-Tamabil Highway,1526.3,24.48,231.1,0.1212,0.0896,6.46,708.6,68.0,1,2,252.7,413.4,39.7,82.4,23.66,0.0,0.9767,1
NER-SIM-04034,Meghalaya,East Khasi Hills,NH-6 Shillong-Tamabil Highway,1120.0,34.34,172.2,0.0175,0.0303,6.16,2793.9,230.5,1,3,3.8,4.6,0.32,32.8,2.12,0.05,0.0947,0
NER-SIM-04035,Assam,Dima Hasao,NH-27 Lumding-Haflong Hill Cut,949.5,42.43,204.8,0.0759,-0.013,3.51,1455.3,28.4,1,4,22.3,36.5,1.63,36.0,2.61,0.0,0.0758,0
NER-SIM-04036,Sikkim,Pakyong,NH-10 Sevoke-Gangtok Corridor,718.8,36.32,329.0,-0.0855,0.0377,5.11,5831.8,254.8,3,1,14.2,16.8,1.19,38.4,2.35,0.042,0.0373,0
NER-SIM-04037,Manipur,Noney,Tupul Railway Corridor Section,807.5,31.24,214.4,0.0213,0.0493,4.68,835.2,107.3,3,1,10.4,9.4,0.7,41.0,3.23,0.019,0.1115,0
NER-SIM-04038,Arunachal Pradesh,Lower Subansiri,Ziro Foothill Section,1580.7,52.0,138.9,-0.0128,-0.0036,3.26,270.2,30.5,3,4,13.4,13.2,1.75,47.9,0.73,0.025,0.1774,0
NER-SIM-04039,Meghalaya,East Khasi Hills,NH-6 Shillong-Tamabil Highway,1704.6,40.33,232.2,-0.0594,0.0195,5.12,623.8,1250.7,1,3,178.7,322.9,42.57,85.5,30.55,3.145,0.9319,1
NER-SIM-04040,Meghalaya,South West Khasi Hills,Mawsynram Valley Slopes,1115.9,27.72,353.4,0.0961,0.0245,4.74,1830.0,1669.4,1,2,84.1,242.7,14.71,86.1,31.75,0.0,0.6021,1
NER-SIM-04041,Meghalaya,East Khasi Hills,NH-6 Shillong-Tamabil Highway,1810.9,33.44,172.7,-0.0387,-0.0511,5.32,430.2,49.9,2,1,0.8,0.7,0.07,25.2,1.91,0.042,0.0734,0
NER-SIM-04042,Arunachal Pradesh,Lower Subansiri,Ziro Foothill Section,1855.1,21.0,92.3,-0.0308,-0.0108,7.57,450.2,31.3,2,2,18.2,17.1,1.44,40.1,1.37,0.071,0.1307,0
NER-SIM-04043,Manipur,Chandel,NH-102 Imphal-Moreh Corridor,1103.8,34.06,110.0,0.0477,0.0179,5.6,1725.1,597.1,3,3,1.6,1.8,0.15,35.4,4.42,0.015,0.0653,0
NER-SIM-04044,Sikkim,Mangan,North Sikkim Highway (Chungthang),2469.0,40.11,24.9,-0.0412,-0.0214,6.0,1487.1,519.7,3,2,180.5,505.6,23.91,76.3,8.67,0.0,0.9628,1
NER-SIM-04045,Assam,Dima Hasao,NH-27 Lumding-Haflong Hill Cut,803.6,38.22,224.0,-0.0107,-0.0105,3.32,286.2,397.0,1,1,37.8,67.4,4.24,51.6,3.07,0.0,0.1866,0
NER-SIM-04046,Sikkim,Pakyong,NH-10 Sevoke-Gangtok Corridor,1304.4,34.84,318.7,0.0584,0.0763,4.44,4600.5,179.2,3,4,156.7,247.2,32.81,85.8,34.05,2.655,0.8735,1
NER-SIM-04047,Assam,Dima Hasao,NH-27 Lumding-Haflong Hill Cut,1142.8,30.46,145.7,-0.0185,0.0001,7.18,1231.5,475.5,1,4,41.7,54.0,3.02,46.1,0.0,0.046,0.1006,0
NER-SIM-04048,Nagaland,Phek,Phek-Meluri Road Corridor,1655.9,13.39,192.3,0.0261,0.0625,7.68,665.2,175.7,4,4,19.5,23.5,1.91,36.5,6.1,0.008,0.0624,0
NER-SIM-04049,Meghalaya,South West Khasi Hills,Mawsynram Valley Slopes,1991.4,39.34,311.8,-0.0522,0.0252,5.08,1473.6,38.5,2,4,25.1,39.3,6.55,43.2,0.0,0.0,0.0825,0
NER-SIM-04050,Assam,Dima Hasao,NH-27 Lumding-Haflong Hill Cut,310.7,34.2,316.2,0.04,0.0635,7.32,367.5,1.6,1,1,66.9,171.0,18.48,76.2,8.67,0.004,0.3941,0
NER-SIM-04051,Meghalaya,East Khasi Hills,NH-6 Shillong-Tamabil Highway,1225.4,32.74,294.2,-0.0244,0.0544,4.22,2646.5,194.5,1,1,4.8,5.7,0.39,35.4,1.14,0.134,0.0635,0
NER-SIM-04052,Meghalaya,South West Khasi Hills,Mawsynram Valley Slopes,1569.0,38.79,80.7,0.0129,-0.0066,2.12,455.1,69.7,2,2,11.4,13.6,1.14,47.4,3.29,0.007,0.1555,0
NER-SIM-04053,Manipur,Chandel,NH-102 Imphal-Moreh Corridor,866.5,40.3,173.0,-0.0599,-0.006,3.21,491.8,203.2,2,2,76.0,142.5,22.43,78.2,12.28,0.143,0.556,1
NER-SIM-04054,Mizoram,Aizawl,Aizawl-Lunglei Road Slopes,657.9,41.34,325.8,-0.0228,-0.0577,5.89,2362.3,202.9,1,2,8.6,9.3,1.05,31.8,2.6,0.056,0.0934,0
NER-SIM-04055,Sikkim,Pakyong,NH-10 Sevoke-Gangtok Corridor,981.3,38.02,101.8,0.0398,0.0363,6.88,2342.6,145.4,3,2,170.7,325.6,25.21,78.9,14.02,0.0,0.8673,1
NER-SIM-04056,Meghalaya,South West Khasi Hills,Mawsynram Valley Slopes,1167.4,35.71,151.5,0.0174,-0.0069,2.4,437.2,75.0,2,1,7.8,5.5,0.54,31.3,2.04,0.084,0.0812,0
NER-SIM-04057,Mizoram,Aizawl,Aizawl-Lunglei Road Slopes,776.0,21.71,303.5,-0.042,-0.0561,8.38,1863.5,503.8,3,2,2.4,4.1,0.39,32.0,0.69,0.0,0.0467,0
NER-SIM-04058,Assam,Karbi Anglong,Diphu-Bokajan Escarpment,543.9,41.49,332.0,0.0597,0.0467,3.57,327.0,379.2,1,4,11.9,15.9,0.92,38.7,1.09,0.008,0.0505,0
NER-SIM-04059,Nagaland,Phek,Phek-Meluri Road Corridor,1882.2,36.16,345.8,-0.008,-0.0011,4.69,2574.2,291.5,2,3,19.2,12.3,2.78,45.3,2.13,0.054,0.102,0
NER-SIM-04060,Arunachal Pradesh,West Kameng,Bhalukpong-Bomdila-Tawang Route,2105.6,24.36,129.6,-0.0102,-0.0259,8.05,597.3,471.8,4,2,15.2,23.3,1.78,42.1,2.0,0.03,0.0925,0
NER-SIM-04061,Nagaland,Kohima,NH-29 Dimapur-Kohima By-pass,928.5,21.09,354.1,-0.0763,-0.0142,5.56,2744.5,55.0,2,4,11.1,8.8,0.86,34.5,1.56,0.063,0.0504,0
NER-SIM-04062,Sikkim,Pakyong,NH-10 Sevoke-Gangtok Corridor,1371.7,30.43,334.9,0.0145,0.0097,5.29,129.9,497.5,3,1,5.0,4.7,0.39,37.3,4.36,0.065,0.1108,0
NER-SIM-04063,Arunachal Pradesh,Lower Subansiri,Ziro Foothill Section,1480.8,30.5,279.2,0.0224,0.0237,6.62,596.2,302.6,4,1,36.0,110.4,10.71,59.6,1.2,0.066,0.2949,0
NER-SIM-04064,Assam,Karbi Anglong,Diphu-Bokajan Escarpment,77.3,34.18,151.4,0.0133,-0.0104,6.41,2829.5,140.6,1,1,28.1,49.2,2.31,45.6,0.92,0.101,0.1585,0
NER-SIM-04065,Manipur,Chandel,NH-102 Imphal-Moreh Corridor,1004.8,24.67,184.2,-0.0562,-0.0107,6.84,504.0,181.2,2,1,19.3,20.1,1.32,42.0,0.71,0.001,0.0768,0
NER-SIM-04066,Meghalaya,South West Khasi Hills,Mawsynram Valley Slopes,716.7,31.73,312.8,0.0073,-0.0294,4.25,681.0,150.0,1,3,113.4,303.1,16.6,83.5,20.76,0.072,0.8264,1
NER-SIM-04067,Mizoram,Aizawl,Aizawl-Lunglei Road Slopes,675.5,35.88,339.5,0.0241,-0.0243,5.68,2717.2,92.0,1,4,106.1,209.7,29.68,75.6,8.13,0.06,0.4003,0
NER-SIM-04068,Assam,Dima Hasao,NH-27 Lumding-Haflong Hill Cut,864.5,40.15,232.3,0.0189,0.013,5.6,1601.1,107.9,1,1,76.9,133.0,20.12,71.9,0.0,0.063,0.3065,0
NER-SIM-04069,Manipur,Chandel,NH-102 Imphal-Moreh Corridor,990.1,27.2,168.9,0.0477,-0.0109,7.63,353.3,80.5,2,3,29.4,24.2,2.48,40.2,2.3,0.115,0.1326,0
NER-SIM-04070,Sikkim,Mangan,North Sikkim Highway (Chungthang),1565.1,46.39,216.2,0.0255,-0.0401,3.61,2105.1,930.3,3,4,149.9,337.1,30.62,80.2,13.81,0.075,0.7058,1
NER-SIM-04071,Sikkim,Mangan,North Sikkim Highway (Chungthang),1389.5,32.13,152.4,0.031,0.0416,5.29,878.7,422.1,4,1,86.4,177.5,13.84,76.7,11.86,0.031,0.3006,0
NER-SIM-04072,Manipur,Chandel,NH-102 Imphal-Moreh Corridor,841.1,34.94,75.4,0.0699,0.009,7.21,2048.0,274.5,2,3,118.1,246.8,21.62,84.5,20.64,9.151,0.9178,1
NER-SIM-04073,Mizoram,Aizawl,Aizawl-Lunglei Road Slopes,1246.4,40.46,214.2,-0.0877,-0.0113,6.12,3111.3,103.0,1,1,33.8,100.1,4.79,50.9,1.19,0.067,0.152,0
NER-SIM-04074,Tripura,North Tripura,Jampui Hills Ridge Corridor,806.9,24.89,238.1,0.1228,-0.0255,5.83,1951.5,142.9,1,1,183.5,351.7,29.36,75.8,9.82,0.0,0.8271,1
NER-SIM-04075,Meghalaya,East Khasi Hills,NH-6 Shillong-Tamabil Highway,1113.5,16.55,96.7,0.0423,-0.0114,7.66,33.4,355.9,2,1,30.6,24.7,2.79,40.9,1.35,0.019,0.1007,0
NER-SIM-04076,Sikkim,Pakyong,NH-10 Sevoke-Gangtok Corridor,1215.1,32.72,313.7,0.0374,0.0752,2.42,531.9,290.5,3,3,111.4,322.0,15.22,83.3,20.39,0.856,0.8908,1
NER-SIM-04077,Tripura,North Tripura,Jampui Hills Ridge Corridor,172.4,42.92,167.5,-0.0253,-0.0856,2.87,2131.0,159.7,1,2,1.2,0.7,0.16,45.2,5.33,0.059,0.0882,0
NER-SIM-04078,Arunachal Pradesh,Lower Subansiri,Ziro Foothill Section,1528.2,39.3,118.0,-0.0963,0.0267,4.24,2824.3,450.0,3,2,6.9,10.2,0.49,39.0,0.74,0.0,0.1193,0
NER-SIM-04079,Nagaland,Phek,Phek-Meluri Road Corridor,1784.7,30.22,331.9,-0.0512,0.0103,5.91,2705.0,145.1,2,4,10.5,9.6,0.72,36.9,2.1,0.038,0.0537,0
NER-SIM-04080,Manipur,Chandel,NH-102 Imphal-Moreh Corridor,818.6,29.95,7.5,0.0809,-0.0123,4.14,634.0,216.2,3,3,10.6,12.2,1.05,40.9,3.93,0.105,0.1676,0
NER-SIM-04081,Mizoram,Champhai,Champhai-Zokhawthar Border Cut,1560.1,18.24,214.2,0.0296,-0.0176,6.64,2292.4,1393.8,2,4,96.6,249.9,14.96,79.1,15.08,0.045,0.3045,0
NER-SIM-04082,Meghalaya,East Khasi Hills,NH-6 Shillong-Tamabil Highway,1670.9,23.01,124.6,0.0052,-0.0518,3.88,1110.7,162.0,2,1,10.5,16.9,3.41,46.5,3.36,0.063,0.0914,0
NER-SIM-04083,Manipur,Chandel,NH-102 Imphal-Moreh Corridor,1292.3,42.29,11.1,0.0373,0.0383,4.63,2134.7,375.1,2,1,24.7,78.4,3.44,48.2,1.36,0.022,0.0884,0
NER-SIM-04084,Manipur,Chandel,NH-102 Imphal-Moreh Corridor,1166.8,48.17,225.2,-0.0888,-0.0523,2.89,221.4,620.9,4,2,12.4,20.5,1.03,40.1,1.26,0.051,0.1798,0
NER-SIM-04085,Assam,Karbi Anglong,Diphu-Bokajan Escarpment,1017.1,29.14,211.2,-0.0085,-0.0738,3.64,784.9,1421.1,1,4,341.6,544.8,53.86,84.3,27.48,0.047,0.9847,1
NER-SIM-04086,Arunachal Pradesh,Lower Subansiri,Ziro Foothill Section,1190.6,39.31,177.9,0.0375,-0.0299,6.15,2764.8,428.5,3,4,141.0,346.7,22.81,77.7,13.41,0.0,0.7879,1
NER-SIM-04087,Meghalaya,East Khasi Hills,NH-6 Shillong-Tamabil Highway,1274.9,37.67,274.9,0.0264,0.067,3.99,190.6,57.7,3,1,6.7,8.5,0.62,35.6,1.5,0.034,0.1032,0
NER-SIM-04088,Mizoram,Champhai,Champhai-Zokhawthar Border Cut,1030.2,29.94,94.8,0.0748,0.0256,5.17,3632.8,105.0,1,3,18.0,17.4,1.34,32.8,0.92,0.0,0.0957,0
NER-SIM-04089,Tripura,North Tripura,Jampui Hills Ridge Corridor,627.5,31.29,30.6,0.0412,0.0892,3.39,1980.2,436.8,1,4,49.2,130.0,11.76,61.5,3.11,0.046,0.0923,0
NER-SIM-04090,Tripura,North Tripura,Jampui Hills Ridge Corridor,496.8,18.36,197.4,-0.0712,0.0218,6.51,91.3,733.6,1,1,11.9,21.3,0.83,43.3,2.88,0.038,0.0615,0
NER-SIM-04091,Manipur,Chandel,NH-102 Imphal-Moreh Corridor,1060.4,29.37,108.3,-0.0042,-0.0305,7.7,112.5,893.6,2,2,12.3,19.8,1.26,33.3,0.94,0.123,0.0889,0
NER-SIM-04092,Sikkim,Pakyong,NH-10 Sevoke-Gangtok Corridor,1147.2,36.17,295.6,-0.0197,-0.0277,4.07,345.3,144.5,4,1,1.0,1.5,0.08,35.4,0.84,0.03,0.0853,0
NER-SIM-04093,Meghalaya,South West Khasi Hills,Mawsynram Valley Slopes,1263.2,59.48,334.4,-0.0736,0.0489,3.52,765.9,26.3,1,1,95.3,241.8,30.49,74.9,2.8,0.091,0.6691,1
NER-SIM-04094,Assam,Dima Hasao,NH-27 Lumding-Haflong Hill Cut,847.6,23.66,267.9,-0.0111,-0.0332,4.17,914.3,438.7,1,2,22.6,35.3,4.03,47.0,0.0,0.005,0.0919,0
NER-SIM-04095,Tripura,North Tripura,Jampui Hills Ridge Corridor,807.9,42.95,251.5,0.0579,-0.0479,4.56,2957.5,228.0,1,4,2.3,3.7,0.33,31.3,2.53,0.112,0.0472,0
NER-SIM-04096,Arunachal Pradesh,West Kameng,Bhalukpong-Bomdila-Tawang Route,1806.2,55.21,183.5,-0.0106,0.0832,3.06,2384.5,405.4,4,3,87.0,155.9,18.0,73.1,0.84,0.116,0.6763,1
NER-SIM-04097,Arunachal Pradesh,West Kameng,Bhalukpong-Bomdila-Tawang Route,2155.6,39.92,248.8,-0.0214,0.0099,4.15,271.1,163.6,5,1,0.5,0.4,0.08,34.8,1.82,0.006,0.1639,0
NER-SIM-04098,Nagaland,Kohima,NH-29 Dimapur-Kohima By-pass,865.0,30.7,218.1,-0.0825,0.0231,6.66,2759.6,206.8,1,1,8.0,12.4,0.79,40.7,0.67,0.07,0.0506,0
NER-SIM-04099,Manipur,Chandel,NH-102 Imphal-Moreh Corridor,1203.5,17.04,121.5,0.045,-0.0336,6.02,1074.3,148.3,3,4,34.0,96.2,6.35,61.9,1.48,0.069,0.104,0
NER-SIM-04100,Meghalaya,South West Khasi Hills,Mawsynram Valley Slopes,1003.0,41.77,332.4,-0.0357,-0.0006,2.0,1549.2,107.5,1,3,22.6,32.7,2.77,46.1,1.48,0.013,0.1494,0
NER-SIM-04101,Sikkim,Mangan,North Sikkim Highway (Chungthang),1734.9,52.87,168.6,0.0167,-0.0274,5.17,427.0,91.5,4,4,12.3,10.5,1.27,35.2,1.78,0.006,0.153,0
NER-SIM-04102,Tripura,North Tripura,Jampui Hills Ridge Corridor,582.2,25.0,288.6,0.0368,0.0909,4.46,2712.2,301.5,1,2,71.4,224.0,22.71,95.0,37.52,0.016,0.4825,0
NER-SIM-04103,Nagaland,Kohima,NH-29 Dimapur-Kohima By-pass,1469.3,44.36,301.1,0.0454,0.0178,4.01,2060.6,84.7,3,1,18.1,25.8,2.92,42.0,0.0,0.027,0.0903,0
NER-SIM-04104,Sikkim,Pakyong,NH-10 Sevoke-Gangtok Corridor,1237.8,36.15,223.3,0.0283,-0.0083,5.02,181.0,407.6,5,2,0.7,0.9,0.06,40.5,4.42,0.043,0.1733,0
NER-SIM-04105,Sikkim,Mangan,North Sikkim Highway (Chungthang),1573.1,49.18,350.6,0.0103,0.0223,6.05,1078.2,173.0,5,2,2.6,2.4,0.42,44.4,3.49,0.1,0.2466,0
NER-SIM-04106,Assam,Dima Hasao,NH-27 Lumding-Haflong Hill Cut,756.3,23.6,245.4,0.0346,-0.0095,3.26,167.6,1524.1,1,3,2.2,1.9,0.18,34.7,3.16,0.054,0.0871,0
NER-SIM-04107,Sikkim,Mangan,North Sikkim Highway (Chungthang),2198.6,36.98,127.0,-0.014,0.1263,5.49,1459.5,785.1,4,1,185.8,313.3,46.06,86.0,21.68,0.667,0.7152,1
NER-SIM-04108,Mizoram,Aizawl,Aizawl-Lunglei Road Slopes,1132.6,46.19,131.8,0.0409,-0.0108,2.6,3333.4,496.8,2,3,5.8,6.1,0.47,30.8,3.42,0.048,0.1154,0
NER-SIM-04109,Assam,Karbi Anglong,Diphu-Bokajan Escarpment,698.8,37.98,194.7,0.0821,-0.0391,5.28,291.6,355.9,1,1,2.4,3.1,0.22,26.4,1.06,0.036,0.0708,0
NER-SIM-04110,Meghalaya,East Khasi Hills,NH-6 Shillong-Tamabil Highway,1385.2,32.16,241.2,0.016,-0.0658,5.31,755.9,427.3,2,2,73.7,190.4,12.8,74.6,0.0,0.025,0.2786,0
NER-SIM-04111,Sikkim,Pakyong,NH-10 Sevoke-Gangtok Corridor,1149.1,39.99,4.5,-0.0051,-0.0458,3.66,140.3,283.9,4,4,3.9,3.9,0.49,38.1,4.45,0.085,0.1327,0
NER-SIM-04112,Assam,Karbi Anglong,Diphu-Bokajan Escarpment,50.0,13.61,247.7,-0.0157,0.0166,6.38,234.7,740.4,1,1,4.5,3.3,0.72,35.1,2.22,0.065,0.0476,0
NER-SIM-04113,Nagaland,Kohima,NH-29 Dimapur-Kohima By-pass,890.8,44.13,98.3,0.0576,0.0224,7.74,1371.5,159.7,2,2,94.4,243.1,20.18,85.4,22.3,0.656,0.7491,1
NER-SIM-04114,Tripura,North Tripura,Jampui Hills Ridge Corridor,671.3,32.57,100.8,-0.0639,-0.0433,4.51,2102.3,52.8,1,1,43.3,95.4,10.67,55.1,1.26,0.038,0.1035,0
NER-SIM-04115,Meghalaya,East Khasi Hills,NH-6 Shillong-Tamabil Highway,1615.8,32.37,115.4,0.0014,0.0092,7.84,187.3,763.4,2,2,41.4,92.5,6.07,60.7,4.06,0.029,0.18,0
NER-SIM-04116,Assam,Karbi Anglong,Diphu-Bokajan Escarpment,387.0,27.4,241.8,0.0386,0.0833,6.09,2168.9,46.7,1,4,135.9,372.0,23.51,80.4,13.94,0.02,0.7437,1
NER-SIM-04117,Sikkim,Pakyong,NH-10 Sevoke-Gangtok Corridor,1152.4,30.22,53.6,0.0908,0.0103,5.99,220.7,71.2,3,4,0.8,0.7,0.07,27.6,2.15,0.038,0.0837,0
NER-SIM-04118,Sikkim,Mangan,North Sikkim Highway (Chungthang),1294.9,48.05,131.3,-0.0207,-0.072,5.36,332.5,532.0,4,4,0.9,0.9,0.09,52.5,3.53,0.048,0.3252,0
NER-SIM-04119,Nagaland,Phek,Phek-Meluri Road Corridor,1210.5,40.6,83.6,-0.0509,0.0151,3.81,135.0,50.4,1,1,24.7,44.9,4.15,51.8,2.15,0.041,0.1599,0
NER-SIM-04120,Sikkim,Pakyong,NH-10 Sevoke-Gangtok Corridor,1178.6,34.18,296.4,0.0523,-0.0308,7.28,2645.1,655.2,4,1,1.5,2.6,0.11,44.6,1.55,0.0,0.071,0
NER-SIM-04121,Manipur,Noney,Tupul Railway Corridor Section,1027.4,43.02,210.0,-0.0469,-0.0265,4.81,949.2,136.0,2,3,141.4,371.9,26.76,81.6,20.75,0.016,0.9362,1
NER-SIM-04122,Tripura,North Tripura,Jampui Hills Ridge Corridor,192.7,27.21,163.1,-0.033,-0.0172,6.88,1492.6,62.3,1,3,8.0,10.4,0.8,34.7,1.11,0.058,0.0563,0
NER-SIM-04123,Tripura,North Tripura,Jampui Hills Ridge Corridor,656.1,24.1,181.5,0.0434,0.0492,8.41,349.5,325.6,1,3,5.1,5.2,0.71,35.8,2.63,0.086,0.0652,0
NER-SIM-04124,Nagaland,Phek,Phek-Meluri Road Corridor,1748.4,31.87,175.5,-0.0169,-0.0176,4.15,806.1,5.6,3,4,17.0,25.5,1.2,33.7,3.96,0.04,0.1836,0
NER-SIM-04125,Manipur,Chandel,NH-102 Imphal-Moreh Corridor,1283.5,35.29,90.4,-0.0506,-0.0315,3.56,2102.2,181.5,3,2,54.3,127.2,9.9,70.3,0.0,0.024,0.3405,0
NER-SIM-04126,Assam,Karbi Anglong,Diphu-Bokajan Escarpment,279.8,23.81,356.6,-0.0211,-0.0541,7.47,388.9,512.9,1,2,4.7,3.9,0.68,36.3,1.68,0.047,0.0714,0
NER-SIM-04127,Sikkim,Pakyong,NH-10 Sevoke-Gangtok Corridor,1005.9,29.73,339.8,-0.0442,-0.0077,4.7,1233.2,722.8,4,1,23.4,22.0,3.48,33.7,1.12,0.031,0.0439,0
NER-SIM-04128,Sikkim,Mangan,North Sikkim Highway (Chungthang),1705.5,62.18,284.3,0.0766,0.0732,2.0,517.9,25.4,5,2,16.0,9.4,1.11,28.6,3.01,0.056,0.4582,0
NER-SIM-04129,Arunachal Pradesh,West Kameng,Bhalukpong-Bomdila-Tawang Route,2553.9,44.69,37.8,0.0511,-0.0074,3.52,904.5,39.4,5,3,1.2,0.9,0.11,33.7,0.0,0.029,0.3002,0
NER-SIM-04130,Assam,Dima Hasao,NH-27 Lumding-Haflong Hill Cut,525.5,52.35,105.8,0.1118,-0.0551,2.0,601.0,1138.5,1,2,2.3,2.7,0.22,24.4,0.0,0.052,0.0797,0
NER-SIM-04131,Sikkim,Pakyong,NH-10 Sevoke-Gangtok Corridor,1058.1,49.52,242.7,0.0229,0.0265,2.85,3809.5,77.0,4,1,86.2,195.2,17.0,74.0,5.49,0.074,0.6293,1
NER-SIM-04132,Mizoram,Champhai,Champhai-Zokhawthar Border Cut,1083.6,41.83,294.7,0.0302,-0.0334,2.0,674.0,117.4,1,1,180.9,293.6,47.61,74.1,0.67,0.056,0.7999,1
NER-SIM-04133,Manipur,Noney,Tupul Railway Corridor Section,771.0,34.91,119.5,-0.0622,0.0027,4.53,389.1,784.3,2,2,402.2,1240.3,55.84,81.0,13.79,0.014,0.9999,1
NER-SIM-04134,Assam,Karbi Anglong,Diphu-Bokajan Escarpment,281.7,18.46,269.2,0.0765,-0.0465,8.11,1437.5,60.0,1,1,20.1,26.1,3.15,35.8,2.35,0.055,0.0864,0
NER-SIM-04135,Tripura,North Tripura,Jampui Hills Ridge Corridor,212.3,37.04,258.7,-0.0271,-0.0186,5.52,399.1,74.2,1,1,94.6,231.4,18.26,74.6,3.66,0.035,0.486,0
NER-SIM-04136,Tripura,North Tripura,Jampui Hills Ridge Corridor,1139.6,31.57,137.9,-0.0066,-0.0337,4.22,5650.6,11.8,1,4,2.2,2.1,0.18,27.1,1.04,0.029,0.0548,0
NER-SIM-04137,Tripura,North Tripura,Jampui Hills Ridge Corridor,335.5,39.6,180.8,-0.0033,-0.0728,5.29,360.4,122.5,1,3,0.8,0.6,0.1,34.7,0.64,0.005,0.2857,0
NER-SIM-04138,Nagaland,Phek,Phek-Meluri Road Corridor,1539.6,40.01,120.3,-0.0379,0.0538,3.48,4514.9,447.0,2,4,4.3,4.7,0.56,28.6,1.34,0.01,0.0446,0
NER-SIM-04139,Mizoram,Champhai,Champhai-Zokhawthar Border Cut,1351.3,33.03,345.6,-0.0392,-0.0011,7.41,758.5,70.7,1,3,2.2,3.8,0.16,36.2,0.58,0.112,0.1508,0
NER-SIM-04140,Assam,Karbi Anglong,Diphu-Bokajan Escarpment,291.3,37.37,341.8,-0.0101,-0.0428,5.72,744.4,353.6,1,1,12.7,15.8,1.08,33.7,1.65,0.0,0.0344,0
NER-SIM-04141,Manipur,Noney,Tupul Railway Corridor Section,762.9,49.42,242.4,-0.0088,0.1304,2.0,201.9,424.6,3,4,6.1,3.1,0.93,27.7,3.13,0.04,0.0904,0
NER-SIM-04142,Mizoram,Aizawl,Aizawl-Lunglei Road Slopes,722.7,39.11,320.7,0.0079,0.1262,6.07,1651.9,60.3,1,1,15.4,11.0,1.71,46.3,2.36,0.1,0.0587,0
NER-SIM-04143,Nagaland,Kohima,NH-29 Dimapur-Kohima By-pass,1089.9,25.76,347.0,-0.0262,-0.0937,6.05,2591.7,352.6,3,1,34.7,29.1,5.58,45.8,4.89,0.0,0.0616,0
NER-SIM-04144,Assam,Dima Hasao,NH-27 Lumding-Haflong Hill Cut,405.1,27.96,164.8,-0.0439,0.0209,6.52,201.3,779.9,1,3,36.0,112.7,7.44,60.1,0.45,0.004,0.211,0
NER-SIM-04145,Sikkim,Mangan,North Sikkim Highway (Chungthang),1646.2,37.89,289.9,-0.0146,-0.004,6.09,768.1,60.9,5,1,2.7,4.2,0.32,33.9,2.0,0.021,0.1076,0
NER-SIM-04146,Meghalaya,East Khasi Hills,NH-6 Shillong-Tamabil Highway,1394.8,33.95,179.3,-0.0088,0.0393,5.48,962.7,360.0,1,1,19.2,14.1,1.45,48.2,1.52,0.036,0.0609,0
NER-SIM-04147,Assam,Dima Hasao,NH-27 Lumding-Haflong Hill Cut,1066.4,26.88,296.1,0.0282,0.0683,7.0,31.6,374.8,1,3,89.3,224.2,13.98,86.0,35.49,0.07,0.7886,1
NER-SIM-04148,Mizoram,Aizawl,Aizawl-Lunglei Road Slopes,991.8,39.03,149.7,0.0184,0.0136,5.19,1272.3,392.3,2,1,53.0,92.6,8.77,59.0,0.69,0.008,0.3136,0
NER-SIM-04149,Mizoram,Aizawl,Aizawl-Lunglei Road Slopes,1444.3,53.65,271.4,-0.0131,0.0221,4.36,763.1,485.2,2,1,80.3,220.4,10.61,73.4,0.0,0.0,0.5318,1
NER-SIM-04150,Meghalaya,South West Khasi Hills,Mawsynram Valley Slopes,941.9,34.87,208.3,-0.0274,0.0006,5.82,528.2,220.4,2,2,138.7,278.9,23.29,81.7,16.72,0.03,0.8267,1
NER-SIM-04151,Meghalaya,East Khasi Hills,NH-6 Shillong-Tamabil Highway,1471.5,31.59,227.4,-0.0247,-0.0028,4.26,2946.4,324.8,2,2,3.1,2.6,0.34,43.7,0.05,0.017,0.0439,0
NER-SIM-04152,Assam,Karbi Anglong,Diphu-Bokajan Escarpment,281.1,24.11,71.4,-0.0211,0.1052,7.42,1333.3,127.1,1,2,16.4,15.5,1.31,39.7,1.53,0.023,0.0603,0
NER-SIM-04153,Mizoram,Champhai,Champhai-Zokhawthar Border Cut,983.5,34.3,247.1,0.0784,0.0396,6.38,99.1,303.3,1,1,4.9,5.2,0.8,30.2,3.73,0.084,0.0471,0
NER-SIM-04154,Tripura,North Tripura,Jampui Hills Ridge Corridor,675.4,36.33,234.5,-0.0007,0.0483,4.7,627.4,302.8,1,1,30.2,45.6,3.94,39.2,3.86,0.038,0.1543,0
NER-SIM-04155,Nagaland,Phek,Phek-Meluri Road Corridor,1599.7,27.33,109.2,0.003,-0.0586,3.35,1090.8,651.8,3,1,85.4,196.7,13.76,83.1,22.05,0.0,0.4011,0
NER-SIM-04156,Nagaland,Kohima,NH-29 Dimapur-Kohima By-pass,1537.8,50.77,312.4,0.0601,0.1329,3.81,2103.4,43.7,2,2,136.5,327.7,20.24,80.3,20.99,0.093,0.8977,1
NER-SIM-04157,Manipur,Noney,Tupul Railway Corridor Section,801.6,39.14,181.4,0.0325,0.0645,8.56,1797.2,0.1,3,4,12.0,13.0,1.42,48.6,3.06,0.075,0.1838,0
NER-SIM-04158,Meghalaya,East Khasi Hills,NH-6 Shillong-Tamabil Highway,1468.9,34.74,236.9,0.0393,-0.0666,3.89,192.4,221.0,3,2,108.7,221.7,17.96,83.3,27.54,1.153,0.8039,1
NER-SIM-04159,Nagaland,Kohima,NH-29 Dimapur-Kohima By-pass,1212.4,37.07,7.8,0.027,0.0577,3.9,252.3,313.7,3,1,52.7,167.6,12.36,76.7,12.18,0.054,0.3949,0
NER-SIM-04160,Sikkim,Pakyong,NH-10 Sevoke-Gangtok Corridor,1520.3,34.74,226.1,-0.0301,0.0485,3.52,360.7,64.2,2,2,127.5,298.7,26.38,81.0,23.06,0.033,0.8656,1
NER-SIM-04161,Assam,Dima Hasao,NH-27 Lumding-Haflong Hill Cut,288.1,16.89,209.7,-0.009,0.0391,5.14,1683.5,160.5,1,1,19.5,21.1,1.75,51.7,2.82,0.061,0.0309,0
NER-SIM-04162,Meghalaya,South West Khasi Hills,Mawsynram Valley Slopes,1385.5,34.35,185.8,-0.0651,0.0438,6.63,879.6,219.6,1,1,11.6,12.9,0.91,36.4,3.55,0.12,0.1078,0
NER-SIM-04163,Arunachal Pradesh,West Kameng,Bhalukpong-Bomdila-Tawang Route,2364.6,47.23,197.9,0.0846,-0.0193,3.66,758.2,177.6,5,1,18.6,27.5,1.31,32.6,0.89,0.099,0.2079,0
NER-SIM-04164,Nagaland,Phek,Phek-Meluri Road Corridor,1475.3,43.74,295.0,0.1112,-0.0108,3.49,729.7,26.6,2,1,17.8,30.4,2.93,45.7,1.08,0.018,0.2533,0
NER-SIM-04165,Manipur,Noney,Tupul Railway Corridor Section,959.4,48.72,24.3,-0.0059,-0.0303,3.26,3454.2,193.3,2,4,197.7,483.9,53.47,82.5,16.92,0.991,0.941,1
NER-SIM-04166,Manipur,Noney,Tupul Railway Corridor Section,934.6,31.01,335.5,0.034,0.013,4.76,1510.6,609.0,2,2,210.6,486.7,48.68,78.5,15.38,0.078,0.8917,1
NER-SIM-04167,Assam,Dima Hasao,NH-27 Lumding-Haflong Hill Cut,1073.9,40.66,157.6,0.0445,-0.0126,4.8,80.3,158.4,1,2,0.2,0.2,0.02,25.0,1.63,0.025,0.1044,0
NER-SIM-04168,Nagaland,Kohima,NH-29 Dimapur-Kohima By-pass,1407.7,30.5,129.0,-0.0508,-0.046,4.89,1074.4,218.5,2,4,24.6,59.6,3.11,60.5,0.72,0.045,0.1074,0
NER-SIM-04169,Assam,Karbi Anglong,Diphu-Bokajan Escarpment,768.8,23.71,265.5,0.0142,-0.0399,4.33,69.5,93.1,1,3,15.5,13.9,2.39,32.8,0.91,0.113,0.1877,0
NER-SIM-04170,Manipur,Noney,Tupul Railway Corridor Section,790.7,56.61,169.9,-0.032,0.08,3.2,4687.9,204.9,2,1,346.8,741.1,75.41,85.0,20.88,2.07,0.9991,1
NER-SIM-04171,Meghalaya,South West Khasi Hills,Mawsynram Valley Slopes,824.6,38.09,300.4,0.0524,0.0535,2.9,1406.9,200.5,1,2,84.8,155.8,20.85,77.6,11.75,0.008,0.5958,1
NER-SIM-04172,Nagaland,Phek,Phek-Meluri Road Corridor,2077.7,45.11,60.7,-0.0545,0.0641,5.26,711.4,135.0,2,1,29.0,18.4,2.12,43.0,0.95,0.036,0.243,0
NER-SIM-04173,Assam,Karbi Anglong,Diphu-Bokajan Escarpment,864.1,21.62,41.3,0.0741,0.106,8.63,2088.1,206.6,1,1,15.6,13.0,1.07,42.7,0.72,0.153,0.0525,0
NER-SIM-04174,Meghalaya,South West Khasi Hills,Mawsynram Valley Slopes,1212.5,27.19,233.5,-0.0104,-0.0136,5.08,562.0,75.5,2,2,6.5,3.6,0.7,43.1,2.93,0.004,0.0784,0
NER-SIM-04175,Assam,Dima Hasao,NH-27 Lumding-Haflong Hill Cut,621.0,41.17,249.3,0.0004,0.0454,3.62,1142.0,748.3,1,3,311.8,838.5,39.15,77.9,17.37,0.017,0.9983,1
NER-SIM-04176,Meghalaya,South West Khasi Hills,Mawsynram Valley Slopes,978.6,42.62,157.2,0.013,0.0051,4.7,1832.1,0.1,2,4,110.1,289.2,17.81,84.3,28.97,0.12,0.8097,1
NER-SIM-04177,Meghalaya,East Khasi Hills,NH-6 Shillong-Tamabil Highway,1780.2,33.33,224.6,-0.1294,0.0948,4.85,992.5,132.2,2,2,103.1,249.6,13.54,80.1,17.8,0.013,0.6847,1
NER-SIM-04178,Manipur,Noney,Tupul Railway Corridor Section,898.4,22.47,209.7,-0.0087,0.0049,8.51,159.6,168.7,1,4,0.9,1.1,0.07,32.9,1.42,0.059,0.1006,0
NER-SIM-04179,Assam,Dima Hasao,NH-27 Lumding-Haflong Hill Cut,777.1,35.46,64.1,-0.094,0.0196,2.95,1407.4,227.0,1,3,10.4,8.9,0.69,40.7,0.0,0.059,0.1262,0
NER-SIM-04180,Assam,Dima Hasao,NH-27 Lumding-Haflong Hill Cut,659.0,34.84,264.4,-0.0243,-0.0555,8.37,7.9,122.4,1,4,85.3,137.8,25.19,70.9,1.65,0.0,0.391,0
NER-SIM-04181,Arunachal Pradesh,Lower Subansiri,Ziro Foothill Section,1522.9,39.67,153.2,0.0498,0.0442,3.63,428.3,662.3,4,2,35.4,64.4,5.6,57.7,0.51,0.05,0.1575,0
NER-SIM-04182,Meghalaya,South West Khasi Hills,Mawsynram Valley Slopes,1210.8,27.06,208.9,0.0288,0.0333,4.98,335.2,261.4,1,1,25.7,16.6,2.07,53.9,3.71,0.063,0.0418,0
NER-SIM-04183,Sikkim,Mangan,North Sikkim Highway (Chungthang),2062.3,54.88,36.9,0.0286,0.0083,3.52,259.7,220.8,4,1,125.0,387.1,21.41,68.7,2.42,0.058,0.9439,1
NER-SIM-04184,Mizoram,Aizawl,Aizawl-Lunglei Road Slopes,1317.4,19.29,124.1,0.0813,-0.0077,4.79,840.3,408.7,1,1,60.9,161.4,8.79,85.1,34.91,0.086,0.2319,0
NER-SIM-04185,Sikkim,Pakyong,NH-10 Sevoke-Gangtok Corridor,1444.2,28.16,341.8,-0.042,-0.0402,5.23,2760.1,889.2,3,3,12.0,14.7,0.98,43.5,3.88,0.053,0.0978,0
NER-SIM-04186,Arunachal Pradesh,West Kameng,Bhalukpong-Bomdila-Tawang Route,2147.6,37.07,245.8,-0.004,0.0331,6.29,1765.4,57.5,4,2,2.8,3.4,0.43,29.4,0.3,0.04,0.2891,0
NER-SIM-04187,Nagaland,Phek,Phek-Meluri Road Corridor,1453.4,37.23,12.7,0.0016,-0.0299,5.86,1412.0,20.0,2,1,87.2,165.0,25.72,60.5,0.14,0.087,0.3687,0
NER-SIM-04188,Nagaland,Phek,Phek-Meluri Road Corridor,1802.6,35.86,2.6,0.0494,-0.0596,4.47,1308.5,228.6,2,4,11.5,16.3,0.84,46.2,3.14,0.015,0.1196,0
NER-SIM-04189,Sikkim,Pakyong,NH-10 Sevoke-Gangtok Corridor,1272.8,32.92,53.1,0.0768,-0.0448,3.98,1436.5,391.8,4,3,5.4,9.5,0.51,32.6,2.39,0.098,0.099,0
NER-SIM-04190,Mizoram,Champhai,Champhai-Zokhawthar Border Cut,1750.1,33.62,322.5,0.0057,-0.0277,3.41,659.9,292.0,2,1,133.4,293.3,22.96,77.7,9.41,0.0,0.6971,1
NER-SIM-04191,Assam,Dima Hasao,NH-27 Lumding-Haflong Hill Cut,717.7,34.26,67.4,0.0392,0.0424,5.5,4646.5,18.2,1,4,43.2,74.1,3.37,59.1,2.87,0.103,0.1308,0
NER-SIM-04192,Meghalaya,South West Khasi Hills,Mawsynram Valley Slopes,1083.4,24.74,13.4,0.0137,0.1224,6.94,498.5,368.0,1,1,1.9,3.4,0.13,49.2,3.37,0.012,0.1018,0
NER-SIM-04193,Manipur,Chandel,NH-102 Imphal-Moreh Corridor,1094.4,29.86,233.8,-0.1607,0.0382,4.68,22.6,1217.1,2,2,10.5,15.5,0.89,39.3,1.13,0.0,0.0694,0
NER-SIM-04194,Sikkim,Pakyong,NH-10 Sevoke-Gangtok Corridor,1141.8,39.12,217.2,0.0587,0.022,3.81,512.8,34.2,4,2,0.0,0.0,0.0,32.5,3.19,0.006,0.1155,0
NER-SIM-04195,Arunachal Pradesh,West Kameng,Bhalukpong-Bomdila-Tawang Route,2464.3,34.63,82.2,0.0248,0.0357,7.32,2843.2,1054.6,4,2,2.7,2.6,0.26,34.9,2.93,0.023,0.048,0
NER-SIM-04196,Assam,Karbi Anglong,Diphu-Bokajan Escarpment,833.6,23.17,78.0,0.0526,0.0755,6.06,1402.7,449.7,1,3,13.2,17.1,0.97,43.3,2.2,0.088,0.0666,0
NER-SIM-04197,Arunachal Pradesh,West Kameng,Bhalukpong-Bomdila-Tawang Route,2315.7,35.24,218.5,-0.0459,-0.0447,2.58,614.8,263.2,4,2,19.8,28.8,1.53,49.3,3.58,0.023,0.1056,0
NER-SIM-04198,Sikkim,Mangan,North Sikkim Highway (Chungthang),1639.4,49.43,40.8,-0.0087,-0.061,3.32,389.0,483.1,5,3,173.1,362.7,50.09,76.1,13.21,0.023,0.9552,1
NER-SIM-04199,Tripura,North Tripura,Jampui Hills Ridge Corridor,488.0,17.42,135.3,-0.0674,-0.005,7.09,1525.5,251.8,1,2,95.8,127.0,8.79,69.8,0.0,0.102,0.2181,0
NER-SIM-04200,Nagaland,Phek,Phek-Meluri Road Corridor,1542.8,41.47,249.5,0.047,0.0211,7.16,237.9,281.2,2,1,4.9,2.5,0.53,29.8,4.05,0.0,0.0598,0
NER-SIM-04201,Manipur,Noney,Tupul Railway Corridor Section,638.6,49.92,213.4,-0.0154,0.014,4.79,2089.5,190.6,3,1,17.0,14.7,1.84,44.5,1.87,0.082,0.2437,0
NER-SIM-04202,Manipur,Chandel,NH-102 Imphal-Moreh Corridor,638.3,24.68,328.3,0.0188,0.0258,4.43,2132.8,9.1,2,3,10.9,19.2,1.4,34.4,3.37,0.135,0.1227,0
NER-SIM-04203,Meghalaya,South West Khasi Hills,Mawsynram Valley Slopes,954.4,32.59,166.3,-0.006,-0.0192,6.57,882.2,451.9,1,1,4.0,6.5,0.37,32.7,2.78,0.081,0.0336,0
NER-SIM-04204,Sikkim,Mangan,North Sikkim Highway (Chungthang),1912.8,44.1,153.7,-0.0061,-0.1065,4.72,1040.2,420.3,4,3,163.0,301.5,20.68,82.6,16.83,0.204,0.946,1
NER-SIM-04205,Meghalaya,East Khasi Hills,NH-6 Shillong-Tamabil Highway,1608.8,30.89,28.2,-0.1281,0.0457,6.94,1910.5,220.0,1,4,3.8,4.0,0.29,42.3,2.78,0.025,0.0638,0
NER-SIM-04206,Mizoram,Aizawl,Aizawl-Lunglei Road Slopes,1226.8,23.95,325.3,0.0408,0.0282,4.37,1078.8,613.0,1,1,5.0,5.4,0.55,30.3,3.89,0.01,0.0598,0
NER-SIM-04207,Mizoram,Champhai,Champhai-Zokhawthar Border Cut,756.8,41.65,1.2,0.036,0.0301,5.41,581.2,851.4,2,1,218.5,517.3,34.04,82.2,22.54,0.45,0.9794,1
NER-SIM-04208,Tripura,North Tripura,Jampui Hills Ridge Corridor,928.5,26.66,286.0,0.0404,0.032,7.01,1280.0,585.6,1,1,1.6,2.0,0.19,34.4,1.22,0.019,0.0353,0
NER-SIM-04209,Nagaland,Phek,Phek-Meluri Road Corridor,1683.9,26.04,209.2,0.0365,-0.013,4.7,1446.5,525.1,4,1,0.7,1.0,0.05,38.0,1.33,0.012,0.0729,0
NER-SIM-04210,Arunachal Pradesh,Lower Subansiri,Ziro Foothill Section,1559.8,33.1,164.5,0.0206,-0.0874,3.63,328.3,392.8,4,2,14.5,14.0,2.09,34.4,0.86,0.0,0.1667,0
NER-SIM-04211,Nagaland,Kohima,NH-29 Dimapur-Kohima By-pass,1768.4,26.52,165.4,0.003,0.0757,3.88,2090.0,317.8,2,1,9.1,11.2,0.99,36.1,3.71,0.0,0.0401,0
NER-SIM-04212,Manipur,Noney,Tupul Railway Corridor Section,837.4,38.6,100.5,-0.034,-0.0468,5.59,2381.2,68.7,2,1,1.9,1.6,0.22,31.1,0.0,0.101,0.0888,0
NER-SIM-04213,Assam,Dima Hasao,NH-27 Lumding-Haflong Hill Cut,985.8,40.11,48.4,0.0306,-0.0453,4.17,1054.0,208.3,1,3,10.2,18.0,1.62,37.3,0.0,0.0,0.1716,0
NER-SIM-04214,Manipur,Noney,Tupul Railway Corridor Section,510.9,53.15,37.5,-0.0522,-0.0345,4.81,1181.0,342.3,2,1,65.9,180.2,17.52,84.6,23.73,1.486,0.5856,1
NER-SIM-04215,Manipur,Noney,Tupul Railway Corridor Section,1013.7,37.95,141.3,-0.0548,0.0974,6.25,625.6,343.1,2,4,24.2,36.7,4.0,45.9,3.41,0.142,0.1025,0
NER-SIM-04216,Tripura,North Tripura,Jampui Hills Ridge Corridor,543.8,28.85,176.1,0.0549,-0.0498,9.33,365.7,24.7,1,4,24.9,53.4,4.03,55.8,0.96,0.065,0.1729,0
NER-SIM-04217,Assam,Karbi Anglong,Diphu-Bokajan Escarpment,435.5,25.96,43.1,-0.0809,-0.0421,8.01,2276.1,926.1,1,3,6.1,4.3,0.76,37.3,2.71,0.025,0.0837,0
NER-SIM-04218,Meghalaya,South West Khasi Hills,Mawsynram Valley Slopes,1607.2,26.02,265.1,0.0272,0.0776,4.89,561.2,654.5,1,2,145.3,375.0,18.63,72.1,2.27,0.013,0.8058,1
NER-SIM-04219,Assam,Karbi Anglong,Diphu-Bokajan Escarpment,660.0,39.36,199.0,-0.0021,-0.0736,4.02,1091.8,97.8,1,2,77.3,152.3,15.11,79.6,13.99,0.008,0.4836,0
NER-SIM-04220,Nagaland,Kohima,NH-29 Dimapur-Kohima By-pass,1743.3,35.5,344.5,-0.0192,0.0133,5.6,1432.2,209.5,3,2,85.5,149.6,26.71,75.2,7.49,0.077,0.4953,0
NER-SIM-04221,Sikkim,Mangan,North Sikkim Highway (Chungthang),1776.0,41.56,182.4,-0.0334,-0.0721,7.04,57.8,241.0,5,3,1.3,1.2,0.12,28.8,3.29,0.019,0.1394,0
NER-SIM-04222,Assam,Karbi Anglong,Diphu-Bokajan Escarpment,692.2,27.54,304.3,0.0347,-0.0165,8.58,1385.8,49.4,1,1,1.4,1.1,0.12,34.2,0.91,0.033,0.0336,0
NER-SIM-04223,Mizoram,Aizawl,Aizawl-Lunglei Road Slopes,1463.9,42.93,347.6,-0.0269,0.039,5.59,4156.7,405.4,2,4,141.6,380.0,28.13,76.4,10.17,0.114,0.8053,1
NER-SIM-04224,Assam,Karbi Anglong,Diphu-Bokajan Escarpment,112.3,31.66,201.1,0.024,-0.0206,6.37,60.4,2464.7,1,1,0.7,0.9,0.06,40.0,1.43,0.017,0.0861,0
NER-SIM-04225,Manipur,Chandel,NH-102 Imphal-Moreh Corridor,774.5,18.69,358.9,0.0185,-0.0334,4.24,3441.4,113.9,2,2,25.7,31.7,2.56,47.4,1.15,0.04,0.0602,0
NER-SIM-04226,Nagaland,Kohima,NH-29 Dimapur-Kohima By-pass,1236.6,39.8,70.6,-0.0968,0.0205,4.45,595.3,31.2,3,2,10.0,5.1,0.83,32.9,0.0,0.023,0.1141,0
NER-SIM-04227,Assam,Dima Hasao,NH-27 Lumding-Haflong Hill Cut,598.2,21.44,200.3,0.0304,-0.0454,5.64,182.2,434.3,1,2,52.8,96.0,16.24,64.3,0.0,0.039,0.1551,0
NER-SIM-04228,Arunachal Pradesh,Lower Subansiri,Ziro Foothill Section,1776.3,30.38,332.6,0.0816,0.0863,3.96,523.7,50.5,4,4,128.4,359.4,18.12,80.7,20.53,0.002,0.8328,1
NER-SIM-04229,Meghalaya,South West Khasi Hills,Mawsynram Valley Slopes,1665.4,42.44,179.4,-0.1096,-0.0515,4.78,45.5,67.4,2,4,143.7,278.3,46.65,81.6,19.44,0.068,0.8951,1
NER-SIM-04230,Sikkim,Pakyong,NH-10 Sevoke-Gangtok Corridor,638.6,51.82,173.6,-0.0449,-0.0549,4.16,633.7,25.0,4,3,85.5,167.2,26.71,83.3,25.68,1.91,0.885,1
NER-SIM-04231,Sikkim,Mangan,North Sikkim Highway (Chungthang),1389.2,47.31,358.3,0.0209,0.1145,6.15,1616.3,81.9,5,2,225.2,566.6,37.55,69.7,1.06,0.039,0.989,1
NER-SIM-04232,Mizoram,Champhai,Champhai-Zokhawthar Border Cut,1351.8,28.59,182.3,0.0217,-0.0081,8.15,48.4,209.5,2,1,0.6,0.5,0.09,24.8,0.67,0.0,0.0992,0
NER-SIM-04233,Arunachal Pradesh,Lower Subansiri,Ziro Foothill Section,1642.0,37.45,70.4,-0.048,0.0408,4.72,1213.8,105.3,3,1,29.2,79.0,6.01,63.4,2.82,0.005,0.2097,0
NER-SIM-04234,Nagaland,Phek,Phek-Meluri Road Corridor,1526.9,34.14,160.3,-0.0282,-0.0308,6.71,1195.9,752.2,2,4,60.3,126.1,14.62,69.0,1.93,0.06,0.2228,0
NER-SIM-04235,Nagaland,Phek,Phek-Meluri Road Corridor,1590.6,35.33,232.7,0.0133,-0.139,5.07,981.8,789.5,3,3,8.2,14.5,1.15,41.6,1.34,0.035,0.1447,0
NER-SIM-04236,Sikkim,Pakyong,NH-10 Sevoke-Gangtok Corridor,1188.9,41.73,243.1,0.0211,-0.0801,4.26,532.5,66.5,4,3,14.8,14.1,2.17,40.2,1.66,0.093,0.1918,0
NER-SIM-04237,Tripura,North Tripura,Jampui Hills Ridge Corridor,693.5,22.98,94.9,-0.0275,0.003,8.43,5546.3,161.0,3,3,154.5,323.3,26.57,77.1,9.21,0.018,0.8654,1
NER-SIM-04238,Sikkim,Mangan,North Sikkim Highway (Chungthang),2186.1,36.74,221.7,-0.0718,-0.0593,2.23,375.3,330.4,4,3,35.7,106.5,7.2,59.4,2.47,0.007,0.2074,0
NER-SIM-04239,Manipur,Chandel,NH-102 Imphal-Moreh Corridor,1146.0,37.35,268.3,-0.0679,0.0309,2.0,131.1,901.4,2,3,162.1,322.6,34.07,72.1,1.57,0.009,0.8488,1
NER-SIM-04240,Nagaland,Phek,Phek-Meluri Road Corridor,1393.7,24.43,250.2,0.0149,-0.0591,8.46,391.9,227.6,1,1,23.3,31.6,2.46,37.2,1.8,0.055,0.0549,0
NER-SIM-04241,Meghalaya,South West Khasi Hills,Mawsynram Valley Slopes,1425.1,34.7,62.0,0.0826,-0.0287,3.35,2905.8,555.7,1,2,17.0,25.3,1.56,43.5,2.87,0.0,0.0513,0
NER-SIM-04242,Meghalaya,East Khasi Hills,NH-6 Shillong-Tamabil Highway,1855.1,34.12,234.8,0.1074,0.0507,5.19,4220.8,374.8,2,3,4.3,5.7,0.29,39.4,3.14,0.0,0.1029,0
NER-SIM-04243,Mizoram,Aizawl,Aizawl-Lunglei Road Slopes,1024.9,32.47,321.6,-0.0348,0.0358,3.58,6017.3,188.9,1,4,10.2,9.7,1.06,36.2,0.81,0.124,0.0293,0
NER-SIM-04244,Sikkim,Pakyong,NH-10 Sevoke-Gangtok Corridor,854.4,45.07,38.6,-0.001,-0.0139,4.45,3019.0,51.6,4,1,157.7,252.7,37.03,73.1,1.36,0.031,0.7523,1
NER-SIM-04245,Meghalaya,South West Khasi Hills,Mawsynram Valley Slopes,1767.8,35.15,7.9,0.0328,-0.0033,4.52,364.5,104.1,2,2,16.2,13.8,2.39,43.2,4.47,0.005,0.2416,0
NER-SIM-04246,Meghalaya,East Khasi Hills,NH-6 Shillong-Tamabil Highway,1656.6,25.78,323.8,0.0769,0.062,7.75,34.1,890.2,1,3,8.6,5.0,0.87,32.0,3.21,0.038,0.102,0
NER-SIM-04247,Meghalaya,East Khasi Hills,NH-6 Shillong-Tamabil Highway,1205.3,35.21,230.8,-0.0538,-0.0115,3.89,419.3,604.2,1,2,0.9,0.8,0.07,36.7,0.0,0.066,0.0768,0
NER-SIM-04248,Nagaland,Kohima,NH-29 Dimapur-Kohima By-pass,2002.7,17.65,122.3,0.0228,0.044,6.4,269.8,98.4,3,1,8.6,14.8,0.68,45.6,0.0,0.069,0.0738,0
NER-SIM-04249,Mizoram,Champhai,Champhai-Zokhawthar Border Cut,1552.7,32.38,94.4,-0.0031,0.0085,5.44,1071.7,573.0,2,3,0.7,1.1,0.05,45.0,1.23,0.044,0.0822,0
NER-SIM-04250,Meghalaya,South West Khasi Hills,Mawsynram Valley Slopes,1303.1,48.26,224.2,0.0979,0.1141,3.45,939.8,560.2,2,1,146.5,231.1,19.27,82.8,26.91,2.006,0.8091,1
NER-SIM-04251,Assam,Dima Hasao,NH-27 Lumding-Haflong Hill Cut,832.0,32.97,273.2,0.0579,0.0144,7.5,6009.9,856.6,1,3,123.1,225.3,37.76,70.0,0.0,0.017,0.5813,1
NER-SIM-04252,Meghalaya,South West Khasi Hills,Mawsynram Valley Slopes,1082.2,35.78,200.0,0.0236,0.0864,5.38,1017.9,47.0,1,3,2.1,2.6,0.26,42.7,0.94,0.068,0.0953,0
NER-SIM-04253,Tripura,North Tripura,Jampui Hills Ridge Corridor,866.8,40.11,298.6,0.0072,0.1295,3.68,595.9,399.6,1,3,46.2,123.1,9.86,63.9,4.08,0.121,0.4225,0
NER-SIM-04254,Meghalaya,South West Khasi Hills,Mawsynram Valley Slopes,1335.0,40.43,344.6,-0.1122,-0.0059,2.8,292.5,281.8,1,3,9.7,11.2,0.67,41.7,0.6,0.032,0.1981,0
NER-SIM-04255,Meghalaya,South West Khasi Hills,Mawsynram Valley Slopes,1232.8,39.11,136.5,0.0105,0.0638,5.47,2458.4,139.6,1,4,101.2,323.5,16.74,84.3,29.85,2.8,0.8098,1
NER-SIM-04256,Meghalaya,East Khasi Hills,NH-6 Shillong-Tamabil Highway,1695.6,37.33,153.4,0.0284,-0.0514,3.89,2387.7,181.7,2,3,79.6,199.5,14.87,79.8,14.94,0.004,0.6243,1
NER-SIM-04257,Meghalaya,East Khasi Hills,NH-6 Shillong-Tamabil Highway,1562.2,40.42,108.1,-0.0492,-0.1019,4.3,5010.7,11.2,2,3,33.7,30.5,2.49,39.5,2.28,0.112,0.2195,0
NER-SIM-04258,Sikkim,Mangan,North Sikkim Highway (Chungthang),1726.3,53.97,192.5,0.0317,0.0126,4.53,3112.1,63.1,5,4,3.3,3.9,0.41,35.7,0.0,0.159,0.1778,0
NER-SIM-04259,Arunachal Pradesh,Lower Subansiri,Ziro Foothill Section,1355.9,22.14,192.5,0.041,0.0373,7.68,707.3,516.0,4,4,7.0,12.0,0.51,35.4,3.28,0.083,0.034,0
NER-SIM-04260,Sikkim,Pakyong,NH-10 Sevoke-Gangtok Corridor,1341.9,49.51,70.3,-0.0088,0.0268,3.04,3527.1,297.0,3,1,4.6,8.2,0.43,18.8,4.52,0.077,0.0866,0
NER-SIM-04261,Nagaland,Phek,Phek-Meluri Road Corridor,1903.7,27.06,125.1,0.0142,0.0151,5.28,113.4,291.3,2,2,3.9,6.0,0.54,36.8,0.93,0.059,0.0916,0
NER-SIM-04262,Nagaland,Phek,Phek-Meluri Road Corridor,1876.2,39.36,62.9,-0.0282,0.0219,2.16,5343.4,501.0,2,1,26.2,30.2,2.41,38.1,1.05,0.06,0.0695,0
NER-SIM-04263,Meghalaya,East Khasi Hills,NH-6 Shillong-Tamabil Highway,1405.6,22.57,127.7,0.0073,0.0789,5.77,2099.7,557.2,1,1,81.5,205.5,19.93,90.5,27.77,0.086,0.46,0
NER-SIM-04264,Manipur,Chandel,NH-102 Imphal-Moreh Corridor,1033.7,29.22,33.1,-0.0342,0.0042,6.41,75.8,4.4,2,1,18.8,18.9,2.28,44.7,1.98,0.083,0.1736,0
NER-SIM-04265,Arunachal Pradesh,West Kameng,Bhalukpong-Bomdila-Tawang Route,2652.6,45.88,94.0,0.0188,0.0013,4.65,1033.1,145.4,4,1,11.3,11.3,1.18,34.3,1.1,0.018,0.0881,0
NER-SIM-04266,Tripura,North Tripura,Jampui Hills Ridge Corridor,108.3,34.74,282.1,0.1059,-0.0729,8.18,125.9,30.1,1,3,19.4,32.5,1.33,43.9,0.0,0.102,0.172,0
NER-SIM-04267,Meghalaya,South West Khasi Hills,Mawsynram Valley Slopes,1034.5,33.27,55.4,-0.0321,-0.088,4.43,473.2,214.4,2,2,58.0,101.1,9.29,61.5,1.79,0.045,0.2313,0
NER-SIM-04268,Mizoram,Champhai,Champhai-Zokhawthar Border Cut,1085.4,38.96,342.7,-0.0938,-0.0174,5.3,1237.4,378.3,2,2,90.8,155.2,16.92,74.0,0.0,0.085,0.5187,1
NER-SIM-04269,Sikkim,Pakyong,NH-10 Sevoke-Gangtok Corridor,1177.8,31.28,90.6,0.0277,0.0203,4.12,440.6,149.5,3,3,23.4,27.4,1.66,56.3,1.65,0.037,0.265,0
NER-SIM-04270,Assam,Karbi Anglong,Diphu-Bokajan Escarpment,562.6,26.7,338.7,-0.0656,-0.0027,5.57,722.1,468.1,1,2,2.6,4.5,0.24,41.3,0.46,0.0,0.0569,0
NER-SIM-04271,Manipur,Chandel,NH-102 Imphal-Moreh Corridor,1362.9,43.63,38.1,-0.0499,0.0002,7.87,1337.4,113.1,3,1,142.9,440.0,27.43,84.5,28.71,1.075,0.9457,1
NER-SIM-04272,Assam,Karbi Anglong,Diphu-Bokajan Escarpment,372.3,18.29,256.4,0.0433,-0.0221,10.42,1867.5,83.6,1,2,15.6,15.2,2.15,50.2,3.4,0.069,0.1703,0
NER-SIM-04273,Mizoram,Champhai,Champhai-Zokhawthar Border Cut,1256.9,22.4,268.4,0.0052,-0.0436,3.84,41.2,92.9,1,1,14.5,17.7,1.64,36.5,2.14,0.117,0.0883,0
NER-SIM-04274,Meghalaya,East Khasi Hills,NH-6 Shillong-Tamabil Highway,1210.8,31.01,189.6,-0.0612,-0.0458,4.12,3361.3,258.9,1,1,4.5,7.7,0.46,30.1,0.0,0.0,0.0457,0
NER-SIM-04275,Sikkim,Pakyong,NH-10 Sevoke-Gangtok Corridor,1129.1,41.28,321.1,-0.0223,-0.0324,6.28,42.5,137.0,3,3,61.7,126.6,12.68,73.4,2.65,0.088,0.689,1
NER-SIM-04276,Manipur,Chandel,NH-102 Imphal-Moreh Corridor,1208.0,25.69,119.7,0.024,0.0406,6.12,1172.1,385.7,3,2,16.8,24.5,1.57,45.3,2.09,0.101,0.0949,0
NER-SIM-04277,Sikkim,Mangan,North Sikkim Highway (Chungthang),1649.9,52.32,193.6,0.0157,-0.0846,5.06,7164.0,517.2,4,4,1.2,1.3,0.14,30.4,3.12,0.057,0.1181,0
NER-SIM-04278,Manipur,Chandel,NH-102 Imphal-Moreh Corridor,1140.0,36.92,340.4,0.0087,0.0552,5.29,832.4,362.8,3,2,17.2,19.9,1.37,33.4,1.45,0.052,0.0795,0
NER-SIM-04279,Manipur,Chandel,NH-102 Imphal-Moreh Corridor,426.7,29.18,225.2,0.0433,0.0966,3.63,107.5,94.8,2,3,18.9,31.9,2.19,47.4,2.64,0.072,0.1534,0
NER-SIM-04280,Mizoram,Aizawl,Aizawl-Lunglei Road Slopes,1395.5,49.51,127.2,0.025,0.0944,4.32,143.2,868.0,1,1,52.1,143.9,8.93,71.5,1.54,0.0,0.2033,0
NER-SIM-04281,Assam,Karbi Anglong,Diphu-Bokajan Escarpment,262.4,19.21,170.6,-0.001,0.0877,5.39,1237.4,673.2,1,1,2.6,4.6,0.21,39.4,0.33,0.066,0.027,0
NER-SIM-04282,Mizoram,Champhai,Champhai-Zokhawthar Border Cut,1700.3,30.67,46.9,-0.0313,0.0241,5.52,367.1,2.7,3,2,3.2,2.4,0.31,44.7,1.62,0.062,0.0931,0
NER-SIM-04283,Nagaland,Kohima,NH-29 Dimapur-Kohima By-pass,1401.2,15.31,329.2,-0.0262,0.0804,8.03,452.8,142.7,3,3,19.2,28.6,1.63,46.3,2.83,0.06,0.119,0
NER-SIM-04284,Assam,Dima Hasao,NH-27 Lumding-Haflong Hill Cut,1250.0,45.23,146.3,0.0638,-0.0006,2.61,500.3,1836.0,2,1,2.1,1.3,0.18,38.7,4.4,0.081,0.067,0
NER-SIM-04285,Sikkim,Mangan,North Sikkim Highway (Chungthang),2203.9,62.49,282.3,0.0228,0.0352,2.69,2226.7,447.5,3,1,14.5,21.0,1.38,49.4,1.99,0.03,0.2463,0
NER-SIM-04286,Manipur,Chandel,NH-102 Imphal-Moreh Corridor,827.8,31.82,232.0,0.0054,0.0214,6.1,1631.1,27.4,2,3,0.3,0.4,0.03,42.7,0.99,0.045,0.1128,0
NER-SIM-04287,Manipur,Noney,Tupul Railway Corridor Section,975.0,34.28,202.1,0.0188,0.0095,4.44,2188.5,199.8,3,2,21.3,33.0,1.54,50.6,2.38,0.034,0.1778,0
NER-SIM-04288,Mizoram,Aizawl,Aizawl-Lunglei Road Slopes,1135.9,36.38,178.5,-0.1037,-0.0479,5.9,2961.3,276.3,2,3,79.9,240.3,20.88,85.7,28.8,0.576,0.6852,1
NER-SIM-04289,Manipur,Chandel,NH-102 Imphal-Moreh Corridor,772.2,16.15,56.0,0.0021,-0.0295,6.63,1245.5,571.4,3,1,34.5,60.3,5.64,55.8,4.13,0.057,0.0677,0
NER-SIM-04290,Meghalaya,East Khasi Hills,NH-6 Shillong-Tamabil Highway,1487.8,30.26,23.1,0.0043,-0.0437,7.66,1139.4,136.0,1,4,89.6,157.7,14.21,77.9,14.68,0.085,0.4191,0
NER-SIM-04291,Sikkim,Mangan,North Sikkim Highway (Chungthang),1725.6,55.38,47.6,-0.0363,-0.0213,4.15,191.2,585.1,5,1,93.7,157.7,13.57,70.9,0.37,0.0,0.7378,1
NER-SIM-04292,Mizoram,Champhai,Champhai-Zokhawthar Border Cut,1392.7,37.1,324.5,0.002,-0.0022,3.29,1578.3,15.0,1,4,62.2,162.7,11.04,75.2,8.65,0.096,0.3852,0
NER-SIM-04293,Assam,Karbi Anglong,Diphu-Bokajan Escarpment,381.9,22.39,229.5,-0.0237,-0.0889,7.93,2002.9,87.9,1,2,2.0,1.2,0.16,40.7,4.66,0.013,0.0745,0
NER-SIM-04294,Sikkim,Mangan,North Sikkim Highway (Chungthang),1830.1,46.94,342.1,-0.0627,-0.0396,3.88,379.7,778.8,5,2,0.3,0.4,0.03,32.6,1.91,0.023,0.2674,0
NER-SIM-04295,Mizoram,Champhai,Champhai-Zokhawthar Border Cut,923.4,19.6,234.0,0.0412,0.0803,6.04,411.4,137.1,2,1,37.6,25.8,4.6,39.4,2.65,0.026,0.1302,0
NER-SIM-04296,Tripura,North Tripura,Jampui Hills Ridge Corridor,209.1,25.92,57.8,-0.0144,0.0427,6.03,1089.3,159.9,1,1,8.3,14.0,1.32,41.2,0.0,0.0,0.1088,0
NER-SIM-04297,Assam,Dima Hasao,NH-27 Lumding-Haflong Hill Cut,440.1,30.57,229.4,0.0172,-0.0,5.0,2329.9,308.8,1,1,20.9,34.8,2.7,54.8,0.0,0.049,0.0935,0
NER-SIM-04298,Manipur,Chandel,NH-102 Imphal-Moreh Corridor,989.0,14.31,132.6,-0.0851,-0.0598,8.31,4178.0,208.7,2,1,11.2,18.6,1.42,52.3,0.62,0.072,0.0478,0
NER-SIM-04299,Sikkim,Pakyong,NH-10 Sevoke-Gangtok Corridor,1133.8,34.49,133.6,0.0737,-0.0472,5.06,84.4,454.2,5,1,1.1,1.6,0.15,34.7,3.93,0.0,0.1389,0
NER-SIM-04300,Sikkim,Mangan,North Sikkim Highway (Chungthang),1600.2,45.19,137.9,-0.0304,0.0155,3.85,2262.8,290.5,4,1,4.5,5.2,0.35,29.0,2.29,0.004,0.0832,0
NER-SIM-04301,Meghalaya,East Khasi Hills,NH-6 Shillong-Tamabil Highway,1270.7,36.11,95.2,0.0575,-0.0502,5.17,3.9,65.1,2,1,15.0,19.4,1.86,39.4,2.29,0.087,0.1749,0
NER-SIM-04302,Arunachal Pradesh,Lower Subansiri,Ziro Foothill Section,1577.8,27.55,149.4,0.0235,-0.0361,3.71,1466.0,329.7,3,1,80.4,148.9,12.29,67.5,0.79,0.05,0.2601,0
NER-SIM-04303,Nagaland,Kohima,NH-29 Dimapur-Kohima By-pass,1336.3,24.86,300.5,0.0673,-0.0424,5.58,1515.1,106.9,3,1,35.4,90.3,9.42,55.0,1.66,0.098,0.1057,0
NER-SIM-04304,Sikkim,Pakyong,NH-10 Sevoke-Gangtok Corridor,923.3,26.09,2.0,-0.0034,0.0364,5.86,251.4,337.6,4,3,135.3,311.8,22.54,83.1,22.1,0.08,0.8945,1
NER-SIM-04305,Manipur,Noney,Tupul Railway Corridor Section,553.6,34.83,285.0,-0.0388,-0.0551,4.76,1402.9,170.8,4,3,10.0,17.0,0.85,44.0,1.52,0.031,0.1545,0
NER-SIM-04306,Manipur,Chandel,NH-102 Imphal-Moreh Corridor,951.1,31.83,119.3,-0.0449,-0.0707,4.57,368.0,499.8,2,4,4.5,6.8,0.72,29.9,2.87,0.073,0.0449,0
NER-SIM-04307,Manipur,Chandel,NH-102 Imphal-Moreh Corridor,959.9,42.24,95.3,0.0425,-0.0169,2.0,122.7,14.4,3,4,97.0,299.5,12.56,74.9,1.78,0.014,0.8571,1
NER-SIM-04308,Manipur,Chandel,NH-102 Imphal-Moreh Corridor,1072.4,22.04,90.2,0.0012,0.0054,5.31,1028.8,575.4,2,1,1.2,1.0,0.17,27.1,0.85,0.137,0.0501,0
NER-SIM-04309,Mizoram,Aizawl,Aizawl-Lunglei Road Slopes,693.0,37.09,11.1,-0.0494,0.0307,2.89,4803.4,295.8,2,4,8.3,5.9,0.57,47.6,0.61,0.0,0.0644,0
NER-SIM-04310,Arunachal Pradesh,Lower Subansiri,Ziro Foothill Section,1596.8,29.66,133.0,-0.0567,-0.0066,4.45,375.6,886.2,3,3,36.2,87.8,5.0,57.1,3.86,0.051,0.2804,0
NER-SIM-04311,Assam,Karbi Anglong,Diphu-Bokajan Escarpment,345.0,11.6,295.6,-0.0307,0.0731,10.21,2539.7,159.3,1,4,6.4,5.1,0.86,44.9,1.67,0.049,0.0374,0
NER-SIM-04312,Mizoram,Aizawl,Aizawl-Lunglei Road Slopes,990.2,37.08,170.7,0.0063,-0.046,6.4,2827.4,174.6,1,1,33.9,28.3,3.12,44.6,3.52,0.07,0.0979,0
NER-SIM-04313,Meghalaya,South West Khasi Hills,Mawsynram Valley Slopes,1442.0,30.46,163.5,-0.0039,-0.0095,3.69,1476.1,589.6,2,2,7.2,4.7,1.1,31.3,2.49,0.033,0.0592,0
NER-SIM-04314,Sikkim,Mangan,North Sikkim Highway (Chungthang),1683.2,42.99,263.0,-0.1005,0.133,4.62,3644.2,293.8,4,1,0.4,0.6,0.04,27.8,2.15,0.056,0.077,0
NER-SIM-04315,Manipur,Chandel,NH-102 Imphal-Moreh Corridor,768.0,20.2,345.5,0.0095,0.0282,7.8,2287.6,296.5,3,2,2.1,3.7,0.24,36.9,0.09,0.0,0.039,0
NER-SIM-04316,Meghalaya,East Khasi Hills,NH-6 Shillong-Tamabil Highway,1761.0,22.31,44.0,-0.0103,-0.0644,8.62,832.6,239.5,1,2,12.1,10.7,1.38,38.3,0.71,0.086,0.0198,0
NER-SIM-04317,Tripura,North Tripura,Jampui Hills Ridge Corridor,469.8,18.2,16.8,-0.0092,-0.0969,6.08,1605.0,380.1,1,3,29.0,46.1,2.35,57.2,0.92,0.067,0.0728,0
NER-SIM-04318,Assam,Dima Hasao,NH-27 Lumding-Haflong Hill Cut,592.5,28.41,242.6,-0.0198,-0.045,2.27,652.7,17.8,1,3,3.1,3.8,0.24,41.7,1.6,0.042,0.1098,0
NER-SIM-04319,Mizoram,Aizawl,Aizawl-Lunglei Road Slopes,969.4,49.78,67.8,0.0074,-0.0407,4.54,2027.7,507.8,1,4,49.5,33.1,6.37,40.4,1.66,0.046,0.0586,0
NER-SIM-04320,Sikkim,Pakyong,NH-10 Sevoke-Gangtok Corridor,942.7,38.07,220.8,0.1169,0.087,3.48,2362.4,481.1,4,1,14.6,13.3,1.38,29.9,5.32,0.03,0.0885,0
NER-SIM-04321,Arunachal Pradesh,Lower Subansiri,Ziro Foothill Section,1578.3,31.12,13.7,0.0509,0.0,6.59,1438.8,321.2,4,4,112.5,293.9,15.64,87.1,28.82,0.041,0.6867,1
NER-SIM-04322,Assam,Dima Hasao,NH-27 Lumding-Haflong Hill Cut,211.2,51.16,152.8,0.0378,0.0844,4.1,1582.0,52.5,1,3,13.3,14.7,1.65,26.5,2.12,0.059,0.277,0
NER-SIM-04323,Assam,Dima Hasao,NH-27 Lumding-Haflong Hill Cut,896.8,38.67,157.4,0.0725,-0.0239,3.39,398.1,4230.8,1,4,8.0,7.1,0.64,38.3,2.8,0.033,0.0333,0
NER-SIM-04324,Nagaland,Phek,Phek-Meluri Road Corridor,1512.9,30.03,311.2,0.0082,0.0456,4.89,1144.9,510.5,2,1,2.1,3.8,0.16,34.7,3.69,0.036,0.0541,0
NER-SIM-04325,Tripura,North Tripura,Jampui Hills Ridge Corridor,523.7,31.15,74.2,0.0652,-0.0382,6.24,231.4,1722.5,1,1,51.7,110.6,6.58,59.8,0.0,0.087,0.1447,0
NER-SIM-04326,Meghalaya,South West Khasi Hills,Mawsynram Valley Slopes,1574.8,34.85,50.3,0.0304,0.0322,5.1,1515.7,1.0,1,3,26.1,13.9,2.42,37.7,3.0,0.071,0.1283,0
NER-SIM-04327,Mizoram,Aizawl,Aizawl-Lunglei Road Slopes,947.4,34.83,111.5,0.0268,0.0317,4.83,1026.0,256.0,1,2,22.5,39.7,1.85,35.3,0.88,0.069,0.1077,0
NER-SIM-04328,Assam,Dima Hasao,NH-27 Lumding-Haflong Hill Cut,546.8,29.49,288.4,0.004,-0.0001,7.17,700.0,206.9,1,2,2.4,1.7,0.17,28.7,1.51,0.0,0.0831,0
NER-SIM-04329,Sikkim,Pakyong,NH-10 Sevoke-Gangtok Corridor,1448.4,29.94,88.8,0.027,0.0123,6.28,545.2,619.4,4,3,11.6,14.2,0.88,39.7,0.0,0.071,0.1097,0
NER-SIM-04330,Mizoram,Champhai,Champhai-Zokhawthar Border Cut,1349.7,23.87,22.5,-0.0448,-0.0369,7.8,1345.1,414.6,2,1,114.7,314.6,23.5,79.4,16.43,0.055,0.7455,1
NER-SIM-04331,Nagaland,Kohima,NH-29 Dimapur-Kohima By-pass,811.2,12.51,328.3,0.0638,-0.0078,6.37,1851.4,20.9,2,2,138.7,249.4,22.61,79.9,17.48,0.0,0.7208,1
NER-SIM-04332,Meghalaya,East Khasi Hills,NH-6 Shillong-Tamabil Highway,1368.4,22.9,358.1,0.0053,0.0529,6.06,1432.2,830.5,1,4,21.3,35.0,2.71,44.9,3.67,0.083,0.0697,0
NER-SIM-04333,Mizoram,Aizawl,Aizawl-Lunglei Road Slopes,1399.6,15.19,250.4,-0.0151,0.0146,5.47,1424.1,118.3,1,1,9.7,13.5,1.15,47.5,0.66,0.047,0.0531,0
NER-SIM-04334,Mizoram,Champhai,Champhai-Zokhawthar Border Cut,1358.0,31.74,36.2,0.0385,0.0457,4.74,772.4,15.6,2,1,20.7,11.8,2.34,26.9,0.0,0.0,0.1001,0
NER-SIM-04335,Mizoram,Champhai,Champhai-Zokhawthar Border Cut,783.8,27.93,248.0,-0.1256,-0.012,5.65,1356.4,281.8,1,1,256.5,609.8,48.02,88.3,39.0,0.024,0.98,1
NER-SIM-04336,Assam,Dima Hasao,NH-27 Lumding-Haflong Hill Cut,867.1,34.97,56.5,0.0721,-0.0058,2.98,5283.0,6.1,1,3,10.6,7.1,0.86,40.3,4.28,0.097,0.0985,0
NER-SIM-04337,Manipur,Chandel,NH-102 Imphal-Moreh Corridor,794.6,17.69,338.7,0.0069,0.0799,7.5,5617.7,1481.0,3,4,86.2,245.9,13.17,74.9,2.65,0.0,0.1872,0
NER-SIM-04338,Meghalaya,East Khasi Hills,NH-6 Shillong-Tamabil Highway,1675.5,41.98,270.2,-0.0044,0.0175,6.37,257.9,616.2,2,1,15.2,16.9,1.47,44.3,2.09,0.043,0.1544,0
NER-SIM-04339,Manipur,Chandel,NH-102 Imphal-Moreh Corridor,1018.5,32.06,320.2,0.0204,0.0585,3.02,2303.8,70.5,3,2,1.8,1.4,0.19,35.8,3.03,0.021,0.0913,0
NER-SIM-04340,Assam,Karbi Anglong,Diphu-Bokajan Escarpment,551.3,22.08,147.6,-0.0648,-0.0452,7.82,805.2,512.1,1,1,81.2,172.9,12.04,82.9,18.79,0.026,0.3204,0
NER-SIM-04341,Sikkim,Pakyong,NH-10 Sevoke-Gangtok Corridor,858.3,48.96,348.3,-0.0625,0.1487,3.87,559.3,220.5,3,3,35.9,45.1,3.15,54.6,1.57,0.0,0.3092,0
NER-SIM-04342,Assam,Dima Hasao,NH-27 Lumding-Haflong Hill Cut,1093.6,23.51,4.8,0.0023,0.0212,7.03,1504.8,102.0,1,3,97.0,275.5,13.73,79.4,15.47,0.102,0.7121,1
NER-SIM-04343,Assam,Karbi Anglong,Diphu-Bokajan Escarpment,439.7,34.12,208.2,-0.0881,-0.1094,8.01,1182.6,289.8,1,1,5.1,8.3,0.41,25.8,0.05,0.016,0.075,0
NER-SIM-04344,Nagaland,Phek,Phek-Meluri Road Corridor,2285.4,45.23,351.5,0.0888,-0.0189,2.04,830.5,462.6,2,3,8.1,12.1,1.07,26.4,0.83,0.06,0.1201,0
NER-SIM-04345,Meghalaya,South West Khasi Hills,Mawsynram Valley Slopes,1336.8,35.07,287.1,0.0144,0.0439,4.86,2931.7,52.1,1,2,3.1,3.0,0.39,34.2,2.62,0.081,0.0794,0
NER-SIM-04346,Assam,Karbi Anglong,Diphu-Bokajan Escarpment,687.4,32.53,209.7,-0.0488,-0.0222,2.18,167.8,812.7,1,2,12.6,18.8,0.97,28.1,1.17,0.057,0.0831,0
NER-SIM-04347,Sikkim,Pakyong,NH-10 Sevoke-Gangtok Corridor,1424.0,40.89,56.5,0.0109,0.001,6.11,540.5,1037.8,3,1,17.7,22.5,2.25,45.1,1.1,0.061,0.0846,0
NER-SIM-04348,Nagaland,Kohima,NH-29 Dimapur-Kohima By-pass,1522.2,39.09,224.8,-0.0123,0.0899,7.73,383.1,152.6,3,1,14.2,22.7,1.37,40.5,4.34,0.024,0.0822,0
NER-SIM-04349,Manipur,Chandel,NH-102 Imphal-Moreh Corridor,852.6,23.74,11.3,0.0544,-0.0577,4.07,755.2,668.5,3,2,21.1,11.6,2.08,36.6,3.94,0.068,0.0932,0
NER-SIM-04350,Meghalaya,South West Khasi Hills,Mawsynram Valley Slopes,1086.5,40.28,276.5,0.093,-0.0001,4.5,503.5,9.7,1,3,10.7,12.4,1.37,34.7,5.8,0.0,0.2311,0
NER-SIM-04351,Arunachal Pradesh,Lower Subansiri,Ziro Foothill Section,1658.8,27.61,191.4,0.0831,0.0536,7.19,409.7,484.3,4,2,114.2,313.1,26.18,73.1,0.58,0.065,0.7909,1
NER-SIM-04352,Arunachal Pradesh,West Kameng,Bhalukpong-Bomdila-Tawang Route,2108.5,44.34,224.7,-0.1065,0.0238,5.14,2014.3,345.9,5,2,1.9,1.9,0.16,39.8,4.31,0.033,0.1907,0
NER-SIM-04353,Arunachal Pradesh,West Kameng,Bhalukpong-Bomdila-Tawang Route,1644.7,41.33,302.6,0.0066,0.0092,6.13,339.0,16.5,4,4,17.4,29.3,2.54,38.3,2.94,0.042,0.2604,0
NER-SIM-04354,Assam,Dima Hasao,NH-27 Lumding-Haflong Hill Cut,1228.8,34.67,258.6,-0.0076,0.01,5.07,1328.4,14.9,1,3,14.1,7.5,1.49,43.0,4.32,0.029,0.1782,0
NER-SIM-04355,Assam,Karbi Anglong,Diphu-Bokajan Escarpment,605.9,24.6,18.0,-0.0304,0.052,6.41,914.4,224.2,1,4,74.9,123.5,13.58,70.9,2.37,0.08,0.114,0
NER-SIM-04356,Mizoram,Aizawl,Aizawl-Lunglei Road Slopes,824.9,44.17,140.5,-0.0133,0.0139,5.37,1198.2,87.1,1,1,210.2,546.2,34.62,90.6,44.0,0.565,0.9761,1
NER-SIM-04357,Tripura,North Tripura,Jampui Hills Ridge Corridor,625.8,29.11,12.8,0.0237,0.0009,5.33,351.2,7.1,1,3,4.0,6.2,0.59,37.8,5.47,0.022,0.1286,0
NER-SIM-04358,Nagaland,Phek,Phek-Meluri Road Corridor,1546.1,45.03,198.0,-0.0961,-0.0165,3.5,3956.6,1890.9,2,3,247.5,392.5,44.03,79.9,12.45,0.019,0.9506,1
NER-SIM-04359,Manipur,Noney,Tupul Railway Corridor Section,1242.7,47.43,174.0,0.0505,0.0404,2.0,585.8,450.6,3,2,54.0,83.2,6.07,58.4,1.77,0.099,0.3974,0
NER-SIM-04360,Tripura,North Tripura,Jampui Hills Ridge Corridor,572.2,31.59,2.8,-0.0295,0.0029,6.1,2533.8,1200.9,1,3,188.5,431.5,34.98,78.9,12.67,0.0,0.8763,1
NER-SIM-04361,Sikkim,Pakyong,NH-10 Sevoke-Gangtok Corridor,941.0,24.88,226.7,0.0133,0.0455,4.87,6485.6,302.4,3,1,15.1,17.2,2.3,48.9,2.84,0.019,0.039,0
NER-SIM-04362,Manipur,Chandel,NH-102 Imphal-Moreh Corridor,943.6,34.07,243.5,-0.0097,-0.0965,6.49,369.0,209.2,3,1,1.4,1.3,0.1,36.8,2.19,0.041,0.0842,0
NER-SIM-04363,Assam,Karbi Anglong,Diphu-Bokajan Escarpment,452.5,39.94,29.3,-0.0097,-0.0473,3.94,124.0,147.4,1,4,175.9,391.1,44.47,78.7,14.43,0.142,0.9005,1
NER-SIM-04364,Tripura,North Tripura,Jampui Hills Ridge Corridor,516.1,33.93,306.0,-0.0425,-0.0591,6.48,1165.0,318.7,1,1,77.8,146.2,10.32,80.6,14.42,0.095,0.3985,0
NER-SIM-04365,Arunachal Pradesh,West Kameng,Bhalukpong-Bomdila-Tawang Route,2680.5,44.13,27.6,-0.0866,-0.0222,2.0,41.1,279.5,4,4,14.8,21.6,1.09,42.6,3.28,0.036,0.2443,0
NER-SIM-04366,Mizoram,Aizawl,Aizawl-Lunglei Road Slopes,789.4,38.27,18.4,0.1244,-0.0538,5.68,378.7,539.4,2,3,13.9,18.6,1.33,45.4,1.43,0.0,0.1577,0
NER-SIM-04367,Nagaland,Kohima,NH-29 Dimapur-Kohima By-pass,1098.9,41.97,117.9,-0.057,0.0275,3.68,502.6,255.5,2,3,76.8,218.2,12.51,84.0,25.58,5.365,0.8544,1
NER-SIM-04368,Nagaland,Kohima,NH-29 Dimapur-Kohima By-pass,1312.3,35.28,122.0,-0.0083,0.0214,3.79,31.7,602.1,2,1,13.3,7.8,0.92,29.1,2.4,0.06,0.078,0
NER-SIM-04369,Mizoram,Champhai,Champhai-Zokhawthar Border Cut,1263.0,41.7,38.9,0.0658,0.0279,6.46,2406.2,942.5,2,2,7.3,4.9,0.6,32.7,0.18,0.063,0.0668,0
NER-SIM-04370,Assam,Karbi Anglong,Diphu-Bokajan Escarpment,389.6,29.34,241.5,-0.0592,-0.0576,5.55,133.0,156.3,1,1,90.4,284.0,13.71,78.2,7.99,0.0,0.5928,1
NER-SIM-04371,Arunachal Pradesh,West Kameng,Bhalukpong-Bomdila-Tawang Route,2450.2,43.87,229.3,0.0143,-0.0011,7.43,946.6,314.5,4,3,151.0,234.1,46.36,80.8,22.35,0.004,0.8464,1
NER-SIM-04372,Nagaland,Kohima,NH-29 Dimapur-Kohima By-pass,1262.3,30.48,61.2,0.0006,-0.01,5.45,2285.5,307.8,1,3,23.5,37.8,3.03,49.6,0.47,0.0,0.089,0
NER-SIM-04373,Nagaland,Phek,Phek-Meluri Road Corridor,1617.0,39.1,86.6,0.0189,0.0014,3.95,1724.1,142.0,2,2,17.3,30.8,2.11,34.9,3.64,0.0,0.1603,0
NER-SIM-04374,Mizoram,Aizawl,Aizawl-Lunglei Road Slopes,1229.9,26.54,353.1,0.0594,0.0016,5.73,148.5,45.3,2,4,10.7,15.8,1.04,29.6,3.08,0.047,0.0954,0
NER-SIM-04375,Meghalaya,East Khasi Hills,NH-6 Shillong-Tamabil Highway,1714.6,38.46,116.7,-0.0435,0.0309,6.06,74.4,294.4,2,2,69.1,210.7,16.55,82.7,22.91,2.052,0.8669,1
NER-SIM-04376,Arunachal Pradesh,West Kameng,Bhalukpong-Bomdila-Tawang Route,2313.1,38.79,200.8,0.0115,0.1026,4.67,976.2,395.8,5,1,4.2,7.5,0.38,29.4,1.7,0.031,0.1231,0
NER-SIM-04377,Meghalaya,East Khasi Hills,NH-6 Shillong-Tamabil Highway,1749.6,21.17,89.8,-0.0692,-0.0757,6.94,129.7,92.1,2,1,6.3,9.9,0.63,34.0,1.32,0.047,0.057,0
NER-SIM-04378,Nagaland,Phek,Phek-Meluri Road Corridor,1475.7,43.14,0.4,-0.0545,0.0051,2.32,1067.9,116.3,3,2,64.6,154.0,12.6,84.2,30.37,2.511,0.7076,1
NER-SIM-04379,Nagaland,Kohima,NH-29 Dimapur-Kohima By-pass,1873.7,49.73,315.9,0.001,0.0454,4.68,269.5,287.0,2,4,9.3,6.5,0.95,26.0,0.0,0.0,0.1779,0
NER-SIM-04380,Mizoram,Champhai,Champhai-Zokhawthar Border Cut,1185.6,23.32,226.3,-0.0475,-0.0196,6.97,418.7,417.6,1,3,200.9,304.2,44.62,75.7,9.4,0.077,0.8764,1
NER-SIM-04381,Tripura,North Tripura,Jampui Hills Ridge Corridor,610.8,37.7,261.7,-0.0404,-0.019,5.05,3544.2,2097.4,1,1,4.7,7.3,0.57,38.5,3.8,0.004,0.0353,0
NER-SIM-04382,Sikkim,Mangan,North Sikkim Highway (Chungthang),1956.8,37.59,311.1,0.0323,-0.0386,6.31,500.8,368.5,5,1,14.0,9.5,1.06,29.6,1.66,0.111,0.1178,0
NER-SIM-04383,Meghalaya,South West Khasi Hills,Mawsynram Valley Slopes,1138.2,36.17,164.4,-0.0463,-0.0129,4.89,1685.6,297.3,2,1,11.8,16.1,1.73,37.2,3.6,0.055,0.0765,0
NER-SIM-04384,Arunachal Pradesh,West Kameng,Bhalukpong-Bomdila-Tawang Route,2126.0,47.79,150.5,-0.0222,-0.026,2.61,2696.7,349.9,4,1,32.2,21.6,2.25,40.4,3.61,0.048,0.1403,0
NER-SIM-04385,Meghalaya,South West Khasi Hills,Mawsynram Valley Slopes,1285.6,32.96,316.1,-0.0385,0.0248,9.43,2903.3,108.7,2,3,1.4,1.1,0.13,33.2,3.75,0.072,0.1051,0
NER-SIM-04386,Manipur,Noney,Tupul Railway Corridor Section,979.1,45.29,238.5,-0.0184,0.0429,8.54,4869.6,157.0,2,3,0.5,0.4,0.05,32.1,3.49,0.048,0.0901,0
NER-SIM-04387,Nagaland,Phek,Phek-Meluri Road Corridor,1724.1,28.59,30.2,0.0554,-0.0216,6.45,198.8,250.8,3,3,36.5,105.2,11.5,60.8,3.69,0.032,0.3815,0
NER-SIM-04388,Sikkim,Pakyong,NH-10 Sevoke-Gangtok Corridor,1554.3,38.64,282.0,-0.0278,-0.0284,4.96,3891.6,193.6,4,1,11.9,14.7,1.7,33.4,0.0,0.0,0.0639,0
NER-SIM-04389,Meghalaya,South West Khasi Hills,Mawsynram Valley Slopes,573.9,36.49,320.4,-0.0545,0.0431,4.83,1321.7,731.9,2,3,21.1,19.8,1.48,45.7,0.54,0.044,0.1084,0
NER-SIM-04390,Arunachal Pradesh,West Kameng,Bhalukpong-Bomdila-Tawang Route,2303.0,43.18,23.0,-0.0242,-0.0533,4.89,1291.9,261.0,5,1,113.9,356.9,14.52,79.6,15.69,0.038,0.884,1
NER-SIM-04391,Nagaland,Kohima,NH-29 Dimapur-Kohima By-pass,1057.4,46.17,206.5,-0.035,-0.0171,6.85,43.3,360.1,4,1,0.7,0.7,0.06,37.7,0.0,0.004,0.1173,0
NER-SIM-04392,Mizoram,Aizawl,Aizawl-Lunglei Road Slopes,1252.0,33.12,139.5,0.0391,0.0301,2.28,1593.3,17.2,1,4,113.1,341.7,31.27,88.5,28.49,0.05,0.819,1
NER-SIM-04393,Sikkim,Pakyong,NH-10 Sevoke-Gangtok Corridor,1135.0,40.58,164.8,-0.0885,0.022,3.5,1499.8,440.7,3,2,68.4,215.6,16.42,77.6,13.29,0.056,0.5798,1
NER-SIM-04394,Sikkim,Mangan,North Sikkim Highway (Chungthang),2000.3,47.82,189.6,0.0292,-0.0315,5.05,550.9,57.2,4,3,107.0,303.3,23.82,77.4,8.72,0.02,0.8675,1
NER-SIM-04395,Assam,Karbi Anglong,Diphu-Bokajan Escarpment,78.5,17.41,248.1,-0.0529,0.0692,4.13,1185.9,5.4,1,1,5.8,9.7,0.86,36.4,0.0,0.07,0.0681,0
NER-SIM-04396,Assam,Karbi Anglong,Diphu-Bokajan Escarpment,523.2,23.1,295.4,0.0341,-0.0516,3.09,856.1,398.6,1,4,80.7,169.9,20.47,79.6,17.21,0.084,0.3668,0
NER-SIM-04397,Meghalaya,East Khasi Hills,NH-6 Shillong-Tamabil Highway,1545.9,29.0,307.2,0.0454,0.0369,5.77,1009.7,885.7,2,1,13.7,16.1,1.08,46.5,2.67,0.046,0.0725,0
NER-SIM-04398,Nagaland,Phek,Phek-Meluri Road Corridor,1876.3,32.9,49.6,0.0117,-0.0378,4.34,1678.5,251.7,2,2,2.2,1.8,0.17,35.2,3.91,0.016,0.072,0
NER-SIM-04399,Sikkim,Mangan,North Sikkim Highway (Chungthang),2077.8,53.72,199.7,0.0277,-0.0013,4.58,390.2,52.3,5,3,114.9,205.8,21.31,69.1,0.08,0.056,0.8998,1
NER-SIM-04400,Arunachal Pradesh,Lower Subansiri,Ziro Foothill Section,1474.7,40.27,144.6,0.0136,0.0029,4.4,1173.1,225.8,4,1,13.0,7.0,0.91,39.6,1.38,0.047,0.0763,0
NER-SIM-04401,Meghalaya,South West Khasi Hills,Mawsynram Valley Slopes,1639.8,26.96,212.7,-0.0106,-0.0551,4.87,640.1,387.2,1,4,4.1,5.9,0.46,46.4,0.0,0.063,0.059,0
NER-SIM-04402,Sikkim,Mangan,North Sikkim Highway (Chungthang),1494.3,42.11,28.7,0.0435,0.0638,4.83,60.9,491.3,5,3,3.2,4.7,0.26,38.7,2.01,0.045,0.2311,0
NER-SIM-04403,Meghalaya,South West Khasi Hills,Mawsynram Valley Slopes,1081.3,41.9,189.4,-0.1255,-0.0305,3.5,1125.8,738.9,1,1,1.4,0.8,0.1,39.2,3.99,0.012,0.0635,0
NER-SIM-04404,Tripura,North Tripura,Jampui Hills Ridge Corridor,1158.9,29.92,253.0,0.0244,-0.0084,3.71,1241.2,341.4,1,3,5.2,6.3,0.35,46.6,3.69,0.033,0.0745,0
NER-SIM-04405,Nagaland,Phek,Phek-Meluri Road Corridor,1678.4,43.95,28.6,-0.0502,0.0406,4.54,1289.1,199.6,1,1,141.9,450.7,40.66,76.4,12.94,0.069,0.8989,1
NER-SIM-04406,Mizoram,Champhai,Champhai-Zokhawthar Border Cut,1763.4,44.96,230.2,0.0553,0.0469,7.0,1610.1,59.0,1,1,7.5,5.6,0.7,42.6,3.18,0.074,0.1002,0
NER-SIM-04407,Nagaland,Phek,Phek-Meluri Road Corridor,1837.0,24.58,63.0,-0.0819,-0.0409,6.62,3178.2,400.3,1,3,7.9,13.7,0.55,31.5,0.0,0.104,0.0852,0
NER-SIM-04408,Nagaland,Kohima,NH-29 Dimapur-Kohima By-pass,1491.1,33.73,74.2,0.0161,0.0043,5.04,633.1,464.7,3,1,4.1,5.8,0.52,28.9,3.16,0.087,0.0366,0
NER-SIM-04409,Nagaland,Phek,Phek-Meluri Road Corridor,1329.0,28.55,64.4,-0.0215,-0.0582,5.24,2426.6,984.7,2,1,9.9,7.9,0.7,35.3,1.01,0.0,0.0563,0
NER-SIM-04410,Meghalaya,East Khasi Hills,NH-6 Shillong-Tamabil Highway,1302.6,39.25,143.1,0.0329,-0.0472,5.37,290.1,32.9,3,3,41.3,58.6,4.15,58.4,2.43,0.045,0.2825,0
NER-SIM-04411,Sikkim,Mangan,North Sikkim Highway (Chungthang),1937.5,52.64,53.0,-0.0571,0.0263,6.58,78.9,38.4,4,3,74.2,174.6,11.19,79.1,13.38,0.113,0.8157,1
NER-SIM-04412,Arunachal Pradesh,West Kameng,Bhalukpong-Bomdila-Tawang Route,2367.9,48.74,51.6,0.0615,0.047,5.36,1727.0,1143.8,4,3,35.4,30.5,3.4,43.8,2.69,0.041,0.3563,0
NER-SIM-04413,Meghalaya,South West Khasi Hills,Mawsynram Valley Slopes,1403.5,36.46,236.0,-0.0206,-0.0471,5.1,269.3,144.0,2,2,2.9,5.1,0.23,25.3,2.13,0.02,0.0941,0
NER-SIM-04414,Manipur,Noney,Tupul Railway Corridor Section,1037.1,38.06,226.2,-0.0046,-0.0197,3.76,1449.0,19.1,3,1,16.0,16.0,1.46,45.6,1.4,0.094,0.1124,0
NER-SIM-04415,Assam,Karbi Anglong,Diphu-Bokajan Escarpment,284.9,20.9,319.1,-0.0005,0.0576,9.16,507.2,784.5,1,1,6.7,9.8,0.61,39.3,1.82,0.023,0.0637,0
NER-SIM-04416,Assam,Dima Hasao,NH-27 Lumding-Haflong Hill Cut,638.1,25.38,207.5,0.0441,-0.0098,6.25,1032.2,621.4,1,2,55.8,148.7,11.41,78.0,12.41,0.074,0.2712,0
NER-SIM-04417,Assam,Karbi Anglong,Diphu-Bokajan Escarpment,798.7,26.47,294.3,0.0694,0.0259,5.86,3206.4,286.1,1,3,1.5,2.0,0.14,40.2,2.17,0.077,0.0676,0
NER-SIM-04418,Nagaland,Kohima,NH-29 Dimapur-Kohima By-pass,1638.4,28.29,326.5,0.0162,0.0204,6.92,751.5,113.0,3,2,6.1,9.2,0.83,38.8,2.15,0.0,0.1034,0
NER-SIM-04419,Manipur,Noney,Tupul Railway Corridor Section,770.7,41.78,91.1,0.1064,-0.0099,2.37,126.8,265.9,3,1,6.4,5.6,0.61,36.8,0.0,0.031,0.0754,0
NER-SIM-04420,Sikkim,Mangan,North Sikkim Highway (Chungthang),1652.6,15.89,213.8,-0.0742,0.0361,5.77,1296.7,985.2,4,2,26.0,32.5,2.13,41.3,3.15,0.074,0.075,0
NER-SIM-04421,Manipur,Noney,Tupul Railway Corridor Section,880.9,37.09,222.4,-0.1277,-0.0144,5.01,485.9,790.0,2,1,86.2,134.8,12.07,77.4,11.18,0.072,0.2914,0
NER-SIM-04422,Tripura,North Tripura,Jampui Hills Ridge Corridor,794.2,31.25,76.0,-0.0805,-0.0263,5.61,1515.0,88.4,1,3,3.8,3.9,0.28,29.0,2.19,0.03,0.0852,0
NER-SIM-04423,Manipur,Chandel,NH-102 Imphal-Moreh Corridor,990.1,24.34,21.2,0.0127,-0.0307,6.37,1852.1,117.9,3,1,75.9,146.7,10.12,73.2,4.28,0.035,0.327,0
NER-SIM-04424,Assam,Dima Hasao,NH-27 Lumding-Haflong Hill Cut,629.9,36.03,117.3,-0.0663,-0.0312,5.67,605.7,95.8,1,4,263.2,472.1,80.0,76.9,14.29,0.139,0.9655,1
NER-SIM-04425,Meghalaya,East Khasi Hills,NH-6 Shillong-Tamabil Highway,1210.1,30.08,264.0,0.0411,0.0373,6.74,539.8,0.1,1,1,58.9,105.8,11.28,53.5,3.06,0.015,0.2321,0
NER-SIM-04426,Mizoram,Champhai,Champhai-Zokhawthar Border Cut,1634.6,39.44,150.1,0.0542,0.0117,3.18,516.9,194.8,2,3,51.7,116.8,16.76,65.8,1.47,0.131,0.3031,0
NER-SIM-04427,Nagaland,Phek,Phek-Meluri Road Corridor,1467.4,38.55,108.0,0.0049,0.0134,3.95,35.2,176.5,3,2,34.9,63.4,7.29,48.0,1.31,0.103,0.3574,0
NER-SIM-04428,Assam,Karbi Anglong,Diphu-Bokajan Escarpment,400.8,25.25,341.2,0.0101,-0.0167,5.7,1977.1,247.5,1,1,57.1,152.9,7.39,83.1,21.41,0.001,0.2125,0
NER-SIM-04429,Manipur,Chandel,NH-102 Imphal-Moreh Corridor,988.2,26.92,168.7,-0.0248,-0.0121,4.94,175.0,9.4,2,2,6.0,5.9,0.41,33.3,0.0,0.042,0.2278,0
NER-SIM-04430,Mizoram,Champhai,Champhai-Zokhawthar Border Cut,1441.0,32.45,243.2,-0.0158,0.0603,4.16,1010.6,9.1,1,3,78.7,181.2,22.39,79.7,18.47,0.0,0.6547,1
NER-SIM-04431,Mizoram,Champhai,Champhai-Zokhawthar Border Cut,926.2,30.05,149.5,0.1035,-0.0496,4.35,1532.6,454.5,3,1,15.5,16.7,1.47,39.9,3.18,0.082,0.0444,0
NER-SIM-04432,Sikkim,Mangan,North Sikkim Highway (Chungthang),1487.5,35.96,294.2,0.0362,0.0528,4.61,58.7,238.1,4,3,0.2,0.2,0.02,43.4,4.34,0.0,0.1452,0
NER-SIM-04433,Mizoram,Champhai,Champhai-Zokhawthar Border Cut,987.6,40.21,59.5,0.0029,0.0302,4.77,244.4,396.9,1,4,7.1,5.4,0.5,24.7,3.38,0.0,0.0456,0
NER-SIM-04434,Sikkim,Mangan,North Sikkim Highway (Chungthang),2008.5,38.84,82.6,0.0264,0.0056,7.8,737.4,160.8,4,2,1.5,1.2,0.15,30.0,2.38,0.023,0.0831,0
NER-SIM-04435,Arunachal Pradesh,West Kameng,Bhalukpong-Bomdila-Tawang Route,2162.9,39.46,13.5,0.0967,0.0201,4.78,2551.6,237.2,5,1,7.5,5.7,0.59,30.8,2.65,0.031,0.1138,0
NER-SIM-04436,Mizoram,Champhai,Champhai-Zokhawthar Border Cut,1007.8,29.92,29.0,0.0762,0.062,4.47,2492.9,458.0,2,1,171.6,538.9,48.82,92.2,24.27,0.062,0.8794,1
NER-SIM-04437,Arunachal Pradesh,Lower Subansiri,Ziro Foothill Section,1867.7,40.68,99.8,-0.0558,0.024,6.56,3960.9,93.5,3,3,5.1,6.5,0.45,35.2,1.2,0.058,0.1589,0
NER-SIM-04438,Tripura,North Tripura,Jampui Hills Ridge Corridor,633.9,18.88,315.4,0.0072,0.0161,6.89,1725.5,135.0,2,4,132.8,270.2,17.53,74.2,0.0,0.133,0.585,1
NER-SIM-04439,Meghalaya,South West Khasi Hills,Mawsynram Valley Slopes,1324.8,35.52,245.6,-0.0065,-0.0312,7.19,922.4,136.3,2,3,6.6,10.7,0.61,32.3,0.69,0.078,0.1478,0
NER-SIM-04440,Meghalaya,East Khasi Hills,NH-6 Shillong-Tamabil Highway,1169.9,41.29,258.0,-0.0139,-0.0865,2.56,3212.8,182.3,2,3,13.9,21.3,1.05,28.7,0.0,0.016,0.1508,0
NER-SIM-04441,Meghalaya,East Khasi Hills,NH-6 Shillong-Tamabil Highway,1605.4,46.83,315.4,-0.0052,-0.0489,5.62,320.4,73.3,1,2,24.0,47.7,3.79,46.8,5.09,0.094,0.2911,0
NER-SIM-04442,Meghalaya,South West Khasi Hills,Mawsynram Valley Slopes,1164.7,40.01,269.0,-0.0052,-0.0264,5.92,6656.5,146.3,1,2,112.9,242.4,24.33,82.5,25.59,1.421,0.7347,1
NER-SIM-04443,Manipur,Noney,Tupul Railway Corridor Section,693.8,41.13,54.6,-0.0247,-0.0504,5.09,257.6,1034.5,2,3,0.5,0.5,0.04,31.3,1.08,0.086,0.1338,0
NER-SIM-04444,Assam,Dima Hasao,NH-27 Lumding-Haflong Hill Cut,950.5,33.04,108.0,0.0554,-0.0202,5.86,1785.4,592.6,1,1,10.4,9.1,0.72,33.9,2.39,0.096,0.0577,0
NER-SIM-04445,Manipur,Chandel,NH-102 Imphal-Moreh Corridor,463.2,30.29,122.9,0.0044,-0.0167,7.49,1691.9,372.8,2,1,162.5,441.0,21.73,85.6,33.29,0.0,0.8805,1
NER-SIM-04446,Assam,Dima Hasao,NH-27 Lumding-Haflong Hill Cut,660.1,33.12,95.5,0.0626,0.0267,4.83,1258.1,268.9,1,3,16.1,12.0,1.34,45.4,0.0,0.01,0.1464,0
NER-SIM-04447,Meghalaya,East Khasi Hills,NH-6 Shillong-Tamabil Highway,1131.8,32.57,311.7,0.0161,-0.0047,7.46,1313.9,1042.8,1,3,189.2,510.7,35.21,73.5,4.62,0.049,0.9378,1
NER-SIM-04448,Nagaland,Kohima,NH-29 Dimapur-Kohima By-pass,1151.4,34.25,338.7,0.0066,-0.0166,4.19,2677.8,241.1,3,3,3.6,5.3,0.36,44.5,0.88,0.0,0.1522,0
NER-SIM-04449,Arunachal Pradesh,West Kameng,Bhalukpong-Bomdila-Tawang Route,1633.2,42.65,113.8,-0.056,0.0755,4.16,2680.3,158.0,5,2,1.2,1.6,0.16,35.9,0.68,0.091,0.0997,0
NER-SIM-04450,Mizoram,Champhai,Champhai-Zokhawthar Border Cut,1497.4,41.11,217.3,-0.0681,-0.0772,3.33,461.5,167.9,2,2,214.4,406.0,41.72,78.1,9.66,0.034,0.9361,1
NER-SIM-04451,Mizoram,Aizawl,Aizawl-Lunglei Road Slopes,1466.3,29.25,359.1,-0.0194,-0.0961,4.67,65.4,178.1,1,2,8.6,8.3,0.91,37.2,0.0,0.026,0.0914,0
NER-SIM-04452,Nagaland,Phek,Phek-Meluri Road Corridor,1323.5,42.27,47.4,-0.0476,-0.0216,4.54,2447.7,99.3,2,1,0.2,0.2,0.01,33.8,0.0,0.068,0.053,0
NER-SIM-04453,Assam,Karbi Anglong,Diphu-Bokajan Escarpment,558.8,15.3,137.9,0.0318,0.0942,5.82,785.9,9.3,1,2,5.3,5.2,0.38,43.9,0.0,0.052,0.1108,0
NER-SIM-04454,Manipur,Noney,Tupul Railway Corridor Section,864.6,38.89,258.5,0.0923,0.0493,2.9,235.4,157.0,2,3,1.2,2.2,0.1,39.1,6.09,0.056,0.1036,0
NER-SIM-04455,Arunachal Pradesh,Lower Subansiri,Ziro Foothill Section,1295.2,27.1,96.5,-0.0188,0.0136,8.0,381.0,555.2,4,3,226.1,431.5,29.71,81.5,16.39,0.027,0.9566,1
NER-SIM-04456,Sikkim,Mangan,North Sikkim Highway (Chungthang),1746.1,62.14,343.9,-0.0155,0.0142,2.25,76.9,183.1,5,1,164.8,350.2,23.07,79.6,12.53,0.046,0.9681,1
NER-SIM-04457,Arunachal Pradesh,West Kameng,Bhalukpong-Bomdila-Tawang Route,2165.0,41.31,226.0,0.0802,-0.0115,6.56,14.1,455.2,4,1,56.9,157.4,9.85,68.1,3.26,0.057,0.5494,1
NER-SIM-04458,Sikkim,Pakyong,NH-10 Sevoke-Gangtok Corridor,1342.9,42.5,201.7,0.0487,0.0451,6.02,92.4,840.3,4,1,72.1,214.3,13.07,73.7,4.01,0.055,0.6509,1
NER-SIM-04459,Sikkim,Mangan,North Sikkim Highway (Chungthang),1707.8,48.76,295.7,0.0052,-0.0314,4.7,2178.9,211.0,5,2,151.1,334.6,38.22,75.1,6.89,0.016,0.9045,1
NER-SIM-04460,Arunachal Pradesh,Lower Subansiri,Ziro Foothill Section,1810.7,33.09,272.2,-0.0898,-0.01,3.24,868.8,28.8,3,2,0.6,0.8,0.05,20.7,0.5,0.068,0.1011,0
NER-SIM-04461,Sikkim,Mangan,North Sikkim Highway (Chungthang),1584.6,47.49,61.6,-0.0379,-0.0322,2.0,2844.3,383.6,4,1,156.3,321.1,34.72,84.2,30.26,0.562,0.9236,1
NER-SIM-04462,Meghalaya,South West Khasi Hills,Mawsynram Valley Slopes,1196.1,20.63,336.6,-0.044,-0.0333,2.91,234.6,229.0,1,4,128.3,300.2,23.43,69.0,3.46,0.097,0.5707,1
NER-SIM-04463,Arunachal Pradesh,West Kameng,Bhalukpong-Bomdila-Tawang Route,2089.7,23.22,49.8,0.0329,0.0181,6.37,3191.0,6.2,4,3,16.4,8.3,1.61,32.2,4.87,0.014,0.1372,0
NER-SIM-04464,Arunachal Pradesh,Lower Subansiri,Ziro Foothill Section,1574.9,31.01,327.7,0.0934,0.0071,6.26,1762.2,566.7,4,1,269.3,598.4,38.08,72.2,0.84,0.028,0.9657,1
NER-SIM-04465,Assam,Dima Hasao,NH-27 Lumding-Haflong Hill Cut,505.2,40.33,275.5,0.0074,0.0045,3.99,384.3,635.8,1,3,116.6,253.6,14.82,91.2,43.52,4.037,0.9477,1
NER-SIM-04466,Sikkim,Mangan,North Sikkim Highway (Chungthang),1744.1,33.72,4.3,0.0097,-0.0351,6.38,408.1,94.5,5,3,19.9,30.2,2.0,40.1,2.76,0.012,0.3203,0
NER-SIM-04467,Manipur,Chandel,NH-102 Imphal-Moreh Corridor,1072.0,20.28,343.0,0.1053,0.0444,3.47,1116.1,218.3,1,3,2.4,2.7,0.24,31.3,1.53,0.069,0.108,0
NER-SIM-04468,Tripura,North Tripura,Jampui Hills Ridge Corridor,638.7,31.46,96.6,0.0574,0.0751,4.57,2930.7,406.4,1,1,80.5,157.3,11.48,83.3,18.3,0.044,0.2793,0
NER-SIM-04469,Mizoram,Champhai,Champhai-Zokhawthar Border Cut,1221.0,17.9,173.9,0.0321,-0.022,7.28,4078.8,664.3,1,1,4.2,2.4,0.64,38.7,0.55,0.079,0.0284,0
NER-SIM-04470,Manipur,Chandel,NH-102 Imphal-Moreh Corridor,553.7,36.54,224.5,-0.0466,-0.0268,3.1,365.1,89.5,2,1,17.2,27.3,2.05,31.3,0.7,0.124,0.1397,0
NER-SIM-04471,Assam,Dima Hasao,NH-27 Lumding-Haflong Hill Cut,898.7,37.87,59.9,-0.0212,-0.0042,5.5,2142.3,132.4,1,2,4.5,7.0,0.6,38.6,5.26,0.018,0.0921,0
NER-SIM-04472,Mizoram,Champhai,Champhai-Zokhawthar Border Cut,1246.0,45.19,239.3,-0.0311,0.0369,3.19,1389.3,70.5,1,4,12.0,8.2,1.75,37.9,0.0,0.057,0.1066,0
NER-SIM-04473,Assam,Karbi Anglong,Diphu-Bokajan Escarpment,428.0,20.03,79.8,-0.0166,-0.0946,6.15,84.3,417.8,1,4,0.9,0.7,0.08,40.7,0.67,0.048,0.0632,0
NER-SIM-04474,Nagaland,Kohima,NH-29 Dimapur-Kohima By-pass,1842.2,42.44,212.9,0.0227,-0.0117,3.48,1626.4,381.4,2,3,113.0,239.7,19.34,80.0,17.14,0.108,0.8224,1
NER-SIM-04475,Mizoram,Aizawl,Aizawl-Lunglei Road Slopes,1308.7,56.82,18.4,-0.045,0.037,4.25,3177.0,361.3,2,1,123.5,233.3,18.19,76.0,11.82,0.009,0.713,1
NER-SIM-04476,Meghalaya,East Khasi Hills,NH-6 Shillong-Tamabil Highway,1268.4,33.8,144.5,-0.0644,-0.0171,5.01,1833.5,38.5,1,2,145.6,344.6,20.66,85.3,26.8,0.028,0.8692,1
NER-SIM-04477,Tripura,North Tripura,Jampui Hills Ridge Corridor,254.3,23.98,36.6,0.0431,-0.0008,5.72,376.2,157.5,1,2,1.4,1.9,0.1,40.7,3.61,0.0,0.1115,0
NER-SIM-04478,Meghalaya,South West Khasi Hills,Mawsynram Valley Slopes,1074.5,47.91,344.2,0.0065,-0.0423,5.82,71.0,358.8,2,3,2.7,2.2,0.34,32.6,1.04,0.051,0.2637,0
NER-SIM-04479,Mizoram,Champhai,Champhai-Zokhawthar Border Cut,1297.6,20.14,200.9,0.008,-0.0389,2.86,1459.3,132.8,2,1,114.9,187.6,17.35,71.9,1.54,0.148,0.419,0
NER-SIM-04480,Arunachal Pradesh,West Kameng,Bhalukpong-Bomdila-Tawang Route,1978.9,34.85,329.6,-0.094,-0.0443,5.9,1686.2,9.8,5,3,42.1,82.0,13.43,54.7,2.82,0.016,0.4584,0
NER-SIM-04481,Assam,Karbi Anglong,Diphu-Bokajan Escarpment,385.9,29.95,298.7,-0.0383,0.0247,4.49,632.6,869.8,2,4,0.3,0.3,0.05,42.6,2.98,0.053,0.0295,0
NER-SIM-04482,Meghalaya,East Khasi Hills,NH-6 Shillong-Tamabil Highway,1355.7,36.17,178.9,0.0406,0.0566,7.81,426.8,106.4,2,2,0.1,0.1,0.01,48.2,0.89,0.059,0.0711,0
NER-SIM-04483,Mizoram,Aizawl,Aizawl-Lunglei Road Slopes,944.4,30.49,289.6,-0.044,-0.0144,4.79,1444.6,742.4,1,2,0.3,0.2,0.05,26.9,0.0,0.033,0.0465,0
NER-SIM-04484,Sikkim,Pakyong,NH-10 Sevoke-Gangtok Corridor,1445.7,53.63,146.1,-0.0051,-0.0051,3.6,329.9,10.2,3,1,13.0,36.7,1.98,45.2,3.0,0.006,0.2692,0
NER-SIM-04485,Assam,Karbi Anglong,Diphu-Bokajan Escarpment,155.9,32.2,226.5,0.0868,-0.0011,3.06,149.4,515.9,1,3,34.3,78.7,6.8,58.8,5.21,0.053,0.1747,0
NER-SIM-04486,Meghalaya,South West Khasi Hills,Mawsynram Valley Slopes,715.6,42.62,179.5,0.0546,0.0084,3.44,995.0,68.6,2,4,10.9,12.4,0.78,40.0,1.16,0.064,0.1477,0
NER-SIM-04487,Arunachal Pradesh,West Kameng,Bhalukpong-Bomdila-Tawang Route,2231.6,41.21,261.5,-0.013,0.0987,3.51,916.3,1124.5,4,1,10.1,17.3,0.87,43.7,3.35,0.039,0.1442,0
NER-SIM-04488,Nagaland,Phek,Phek-Meluri Road Corridor,1606.7,35.17,128.1,0.0617,-0.1413,2.06,87.4,57.3,3,4,253.9,720.3,61.21,78.1,14.95,0.113,0.9952,1
NER-SIM-04489,Arunachal Pradesh,Lower Subansiri,Ziro Foothill Section,1577.8,39.28,38.3,-0.013,0.0729,4.03,1582.3,1111.8,3,3,311.3,765.5,41.69,75.8,9.38,0.039,0.9976,1
NER-SIM-04490,Meghalaya,South West Khasi Hills,Mawsynram Valley Slopes,1853.3,36.88,13.9,0.0196,-0.032,4.36,168.2,129.0,2,4,8.3,4.2,1.17,17.9,2.37,0.077,0.1187,0
NER-SIM-04491,Nagaland,Kohima,NH-29 Dimapur-Kohima By-pass,1579.6,42.5,276.1,0.0377,-0.0923,3.93,814.0,408.2,2,1,87.3,209.1,19.89,88.8,41.1,1.673,0.816,1
NER-SIM-04492,Nagaland,Kohima,NH-29 Dimapur-Kohima By-pass,1823.4,21.79,317.8,-0.0086,-0.0473,5.54,91.6,11.2,2,1,3.0,3.6,0.45,36.6,0.0,0.029,0.1367,0
NER-SIM-04493,Manipur,Noney,Tupul Railway Corridor Section,968.3,55.2,313.9,-0.03,-0.0651,5.27,2565.8,6.1,2,3,145.5,291.4,28.51,84.9,26.33,0.104,0.9407,1
NER-SIM-04494,Nagaland,Phek,Phek-Meluri Road Corridor,1795.8,23.28,43.9,0.0298,-0.0445,2.95,591.1,33.6,3,3,2.7,3.2,0.22,40.1,4.62,0.052,0.1691,0
NER-SIM-04495,Meghalaya,East Khasi Hills,NH-6 Shillong-Tamabil Highway,964.1,33.44,333.3,-0.0315,-0.0229,5.32,2608.9,534.1,1,1,7.5,8.7,1.06,35.8,3.49,0.046,0.0908,0
NER-SIM-04496,Arunachal Pradesh,Lower Subansiri,Ziro Foothill Section,1663.8,36.97,67.0,0.0277,0.051,5.36,518.0,84.7,5,2,7.0,5.4,1.15,30.3,3.4,0.051,0.1766,0
NER-SIM-04497,Meghalaya,East Khasi Hills,NH-6 Shillong-Tamabil Highway,1428.8,26.48,63.9,0.0805,-0.0492,5.29,2631.4,21.8,2,2,54.9,112.9,15.09,63.2,0.0,0.048,0.3048,0
NER-SIM-04498,Meghalaya,South West Khasi Hills,Mawsynram Valley Slopes,1326.3,18.95,298.1,0.0675,0.0284,7.88,596.8,170.3,1,3,5.7,8.2,0.7,39.5,3.8,0.048,0.1102,0
NER-SIM-04499,Nagaland,Phek,Phek-Meluri Road Corridor,1828.3,17.11,22.5,0.0059,0.011,7.97,994.3,44.2,3,1,18.6,29.8,1.79,38.0,3.7,0.011,0.1214,0
NER-SIM-04500,Meghalaya,South West Khasi Hills,Mawsynram Valley Slopes,1067.2,42.78,294.9,0.0414,0.0114,4.94,578.3,203.4,1,3,1.9,2.0,0.17,41.2,1.05,0.015,0.1473,0
NER-SIM-04501,Manipur,Noney,Tupul Railway Corridor Section,824.3,18.8,325.2,0.0402,0.0246,6.11,1568.4,440.1,2,1,147.2,382.3,26.69,84.6,30.29,0.108,0.8508,1
NER-SIM-04502,Arunachal Pradesh,West Kameng,Bhalukpong-Bomdila-Tawang Route,1758.8,38.01,121.3,0.019,-0.0075,3.14,1533.5,1246.3,5,2,119.4,306.6,34.62,77.7,11.84,0.106,0.8743,1
NER-SIM-04503,Tripura,North Tripura,Jampui Hills Ridge Corridor,896.3,40.11,164.0,-0.0106,-0.043,4.96,924.1,237.0,1,1,9.1,13.7,0.68,32.0,1.54,0.0,0.0845,0
NER-SIM-04504,Manipur,Chandel,NH-102 Imphal-Moreh Corridor,1054.1,34.26,78.5,-0.0902,-0.0396,3.52,938.6,206.1,1,2,85.9,218.6,14.94,85.0,32.73,0.84,0.7199,1
NER-SIM-04505,Sikkim,Pakyong,NH-10 Sevoke-Gangtok Corridor,1198.4,34.39,316.1,-0.1063,-0.0139,5.29,816.3,286.4,4,1,0.1,0.1,0.01,32.2,0.41,0.09,0.0567,0
NER-SIM-04506,Meghalaya,South West Khasi Hills,Mawsynram Valley Slopes,998.0,51.01,29.7,0.0367,-0.0971,6.13,52.2,1682.7,1,1,6.7,6.3,0.71,41.8,1.96,0.1,0.1426,0
NER-SIM-04507,Meghalaya,East Khasi Hills,NH-6 Shillong-Tamabil Highway,1483.6,37.45,345.3,-0.006,-0.0673,6.1,639.3,20.8,2,1,0.0,0.1,0.0,35.3,5.11,0.049,0.0593,0
NER-SIM-04508,Arunachal Pradesh,West Kameng,Bhalukpong-Bomdila-Tawang Route,2624.3,44.41,258.3,0.1129,-0.0016,3.61,341.4,80.0,5,2,149.7,231.1,23.76,77.5,11.4,0.0,0.9111,1
NER-SIM-04509,Nagaland,Phek,Phek-Meluri Road Corridor,1894.9,39.75,346.1,0.0483,0.0118,8.1,1681.4,155.8,3,1,85.9,259.8,22.21,82.1,17.04,0.523,0.6691,1
NER-SIM-04510,Tripura,North Tripura,Jampui Hills Ridge Corridor,50.0,28.35,88.5,-0.013,-0.0635,5.19,145.5,966.1,1,1,3.7,3.3,0.26,46.5,0.58,0.124,0.0316,0
NER-SIM-04511,Meghalaya,East Khasi Hills,NH-6 Shillong-Tamabil Highway,1456.2,24.7,122.2,-0.0336,-0.0278,5.85,251.1,57.1,1,4,42.7,84.6,7.9,63.3,1.74,0.0,0.218,0
NER-SIM-04512,Assam,Karbi Anglong,Diphu-Bokajan Escarpment,132.8,25.97,81.5,-0.1218,-0.0144,4.94,287.9,166.9,2,1,115.9,224.4,16.13,67.5,3.71,0.04,0.4367,0
NER-SIM-04513,Sikkim,Mangan,North Sikkim Highway (Chungthang),1997.6,50.15,33.2,0.0733,0.0035,2.0,6463.6,431.6,5,1,53.6,90.1,10.29,56.9,3.02,0.108,0.338,0
NER-SIM-04514,Mizoram,Champhai,Champhai-Zokhawthar Border Cut,1199.8,24.77,268.1,-0.0131,-0.0258,4.09,2837.6,22.9,2,3,149.3,322.4,21.32,83.8,26.91,0.0,0.8573,1
NER-SIM-04515,Mizoram,Champhai,Champhai-Zokhawthar Border Cut,1688.0,39.17,51.8,-0.0213,0.0853,3.32,1662.9,920.6,2,4,131.9,259.7,16.71,91.2,33.66,4.175,0.9001,1
NER-SIM-04516,Manipur,Chandel,NH-102 Imphal-Moreh Corridor,1118.3,31.12,309.3,-0.0433,0.0053,8.06,188.2,326.7,3,2,8.1,6.3,1.14,39.6,2.9,0.021,0.1266,0
NER-SIM-04517,Meghalaya,South West Khasi Hills,Mawsynram Valley Slopes,1347.8,50.7,298.5,0.0118,-0.0738,2.12,3122.0,152.0,2,2,1.5,0.9,0.12,36.2,0.0,0.049,0.1089,0
NER-SIM-04518,Sikkim,Pakyong,NH-10 Sevoke-Gangtok Corridor,788.4,27.82,196.0,-0.0333,-0.0166,7.83,137.9,1065.3,4,4,14.3,24.9,1.4,47.4,3.38,0.008,0.0997,0
NER-SIM-04519,Manipur,Noney,Tupul Railway Corridor Section,900.1,47.71,24.8,-0.0022,0.0839,4.36,931.2,84.0,2,3,1.8,2.6,0.12,32.5,1.78,0.049,0.4003,0
NER-SIM-04520,Assam,Dima Hasao,NH-27 Lumding-Haflong Hill Cut,870.3,32.57,68.4,0.0646,-0.0583,5.9,1882.4,4.9,2,1,27.4,17.0,2.66,41.3,1.42,0.02,0.0958,0
NER-SIM-04521,Tripura,North Tripura,Jampui Hills Ridge Corridor,614.8,23.64,189.8,0.0128,-0.0164,5.64,1401.7,594.4,1,1,23.4,47.5,3.6,43.4,0.03,0.086,0.0425,0
NER-SIM-04522,Manipur,Noney,Tupul Railway Corridor Section,654.8,45.97,196.8,0.0911,0.0272,5.02,641.7,154.8,1,1,40.8,87.5,6.88,49.7,0.0,0.016,0.2365,0
NER-SIM-04523,Arunachal Pradesh,West Kameng,Bhalukpong-Bomdila-Tawang Route,2105.0,44.3,22.7,0.0682,-0.0228,5.8,1131.5,52.0,5,1,10.2,13.4,1.06,34.2,1.98,0.063,0.1586,0
NER-SIM-04524,Tripura,North Tripura,Jampui Hills Ridge Corridor,795.2,27.81,71.4,0.02,-0.0367,3.26,2979.1,102.5,1,2,14.6,16.1,1.34,37.5,2.46,0.042,0.0802,0
NER-SIM-04525,Mizoram,Aizawl,Aizawl-Lunglei Road Slopes,770.6,48.14,224.8,0.0092,0.0397,3.88,231.8,980.8,2,2,119.5,294.1,23.68,86.3,26.64,1.51,0.9181,1
NER-SIM-04526,Assam,Dima Hasao,NH-27 Lumding-Haflong Hill Cut,713.0,37.97,168.6,0.0895,-0.0033,5.39,1024.2,780.0,1,1,23.5,19.3,1.96,27.2,5.05,0.028,0.0877,0
NER-SIM-04527,Sikkim,Pakyong,NH-10 Sevoke-Gangtok Corridor,620.1,49.09,130.0,-0.0221,0.0639,4.33,992.0,267.5,3,4,34.2,77.1,4.75,67.1,2.93,0.021,0.2431,0
NER-SIM-04528,Sikkim,Mangan,North Sikkim Highway (Chungthang),2126.0,38.42,13.2,-0.0241,-0.0158,4.58,76.6,205.7,4,2,4.9,3.8,0.76,40.7,2.49,0.08,0.1279,0
NER-SIM-04529,Assam,Dima Hasao,NH-27 Lumding-Haflong Hill Cut,669.0,21.35,86.4,0.0626,0.0211,5.55,1633.0,314.2,1,3,155.0,408.2,29.09,79.8,18.48,0.108,0.8224,1
NER-SIM-04530,Arunachal Pradesh,West Kameng,Bhalukpong-Bomdila-Tawang Route,2407.4,33.36,219.6,-0.0739,-0.0965,5.71,418.1,133.3,4,1,2.8,2.5,0.19,37.4,2.19,0.0,0.0981,0
NER-SIM-04531,Sikkim,Pakyong,NH-10 Sevoke-Gangtok Corridor,1252.7,52.48,98.0,0.0611,-0.031,5.2,3973.1,94.6,3,1,133.9,387.5,18.08,82.1,19.5,1.089,0.9435,1
NER-SIM-04532,Sikkim,Mangan,North Sikkim Highway (Chungthang),1802.0,55.17,13.2,-0.0075,0.0268,4.42,219.7,845.3,5,1,28.3,24.2,1.94,29.6,0.26,0.095,0.287,0
NER-SIM-04533,Manipur,Noney,Tupul Railway Corridor Section,1136.2,23.29,265.5,0.119,-0.0525,6.69,2519.9,170.3,3,1,7.8,7.6,0.78,39.9,3.54,0.097,0.0582,0
NER-SIM-04534,Manipur,Chandel,NH-102 Imphal-Moreh Corridor,936.8,25.37,277.0,0.0572,0.0542,5.15,1747.9,1084.4,3,1,71.3,141.5,21.72,65.7,0.0,0.055,0.2618,0
NER-SIM-04535,Sikkim,Pakyong,NH-10 Sevoke-Gangtok Corridor,1340.0,47.73,231.4,0.0444,0.0186,3.79,25.6,351.9,4,4,3.5,2.2,0.4,40.8,0.0,0.05,0.1657,0
NER-SIM-04536,Assam,Karbi Anglong,Diphu-Bokajan Escarpment,631.5,15.81,44.1,-0.0285,0.0281,8.82,949.3,232.7,1,4,127.4,280.0,40.95,73.3,2.11,0.079,0.3884,0
NER-SIM-04537,Sikkim,Mangan,North Sikkim Highway (Chungthang),2033.5,43.11,320.9,-0.0465,0.0176,5.58,1047.7,39.3,5,4,76.1,174.3,16.58,76.8,11.59,0.11,0.7351,1
NER-SIM-04538,Manipur,Noney,Tupul Railway Corridor Section,673.7,53.09,39.1,-0.0348,0.0249,3.72,1179.0,61.4,3,3,6.1,9.4,0.44,43.6,3.44,0.086,0.3529,0
NER-SIM-04539,Mizoram,Aizawl,Aizawl-Lunglei Road Slopes,1586.1,31.17,232.9,-0.0441,0.039,5.14,1742.4,14.3,1,2,70.1,130.0,14.25,68.7,1.93,0.099,0.2799,0
NER-SIM-04540,Mizoram,Champhai,Champhai-Zokhawthar Border Cut,1326.1,33.86,284.9,-0.0786,0.0757,4.12,1239.1,115.1,2,3,73.5,203.5,10.37,82.2,24.43,0.432,0.536,1
NER-SIM-04541,Arunachal Pradesh,West Kameng,Bhalukpong-Bomdila-Tawang Route,2287.5,49.83,249.5,-0.0135,-0.0239,6.08,651.2,73.7,4,3,35.3,36.0,4.17,42.8,2.87,0.014,0.4119,0
NER-SIM-04542,Arunachal Pradesh,Lower Subansiri,Ziro Foothill Section,1143.9,29.02,346.7,-0.0014,-0.0207,6.45,704.7,128.7,4,2,21.3,16.3,1.89,46.3,1.44,0.041,0.1306,0
NER-SIM-04543,Mizoram,Champhai,Champhai-Zokhawthar Border Cut,1070.5,39.3,105.6,0.0248,-0.0129,4.54,166.5,833.9,1,3,79.9,252.4,11.18,64.0,0.99,0.065,0.6565,1
NER-SIM-04544,Arunachal Pradesh,Lower Subansiri,Ziro Foothill Section,1347.7,41.6,161.0,-0.0014,-0.0039,5.04,283.7,64.7,3,4,197.7,313.2,27.84,81.3,18.85,0.072,0.9253,1
NER-SIM-04545,Assam,Dima Hasao,NH-27 Lumding-Haflong Hill Cut,964.2,36.86,145.2,0.0351,0.0514,2.0,1611.9,1.2,1,1,216.1,391.1,35.16,69.6,0.92,0.0,0.908,1
NER-SIM-04546,Manipur,Chandel,NH-102 Imphal-Moreh Corridor,975.4,31.69,198.0,-0.0233,-0.0651,4.81,1177.4,117.0,3,1,10.8,14.9,0.88,33.0,3.02,0.043,0.0399,0
NER-SIM-04547,Arunachal Pradesh,West Kameng,Bhalukpong-Bomdila-Tawang Route,2376.8,25.06,118.0,0.1037,0.0041,5.47,1152.6,113.7,5,1,1.8,1.6,0.14,36.0,1.54,0.072,0.0428,0
NER-SIM-04548,Mizoram,Aizawl,Aizawl-Lunglei Road Slopes,1027.9,18.51,94.1,-0.0107,0.0525,5.24,1296.1,590.0,2,1,109.9,174.0,13.83,69.7,2.1,0.038,0.3103,0
NER-SIM-04549,Assam,Karbi Anglong,Diphu-Bokajan Escarpment,50.0,17.56,44.7,0.0732,-0.0801,9.55,1644.7,346.7,1,4,102.6,210.9,13.1,86.8,35.14,0.056,0.4258,0
NER-SIM-04550,Mizoram,Champhai,Champhai-Zokhawthar Border Cut,1275.2,39.72,107.9,-0.0251,0.0053,3.36,435.8,466.9,1,2,66.8,150.2,19.34,75.9,6.55,0.087,0.326,0
NER-SIM-04551,Sikkim,Pakyong,NH-10 Sevoke-Gangtok Corridor,755.7,34.88,143.7,0.0285,-0.0058,3.61,1702.7,1092.4,4,4,48.1,152.5,6.07,75.8,8.11,0.037,0.272,0
NER-SIM-04552,Sikkim,Pakyong,NH-10 Sevoke-Gangtok Corridor,701.6,35.35,147.7,0.0509,-0.026,3.63,1339.4,219.1,4,1,29.1,30.1,2.37,42.7,2.49,0.053,0.0638,0
NER-SIM-04553,Sikkim,Mangan,North Sikkim Highway (Chungthang),2032.3,33.01,22.4,-0.0523,-0.0214,5.19,3448.1,10.3,3,2,4.5,7.8,0.47,43.7,2.62,0.019,0.0532,0
NER-SIM-04554,Arunachal Pradesh,West Kameng,Bhalukpong-Bomdila-Tawang Route,2329.8,41.0,308.6,-0.0783,0.0111,3.89,2205.0,90.3,4,1,9.1,11.4,0.94,52.8,0.37,0.0,0.0935,0
NER-SIM-04555,Manipur,Noney,Tupul Railway Corridor Section,894.3,39.72,14.4,0.0537,-0.0226,6.14,802.6,240.4,3,1,2.4,1.3,0.22,33.8,1.21,0.055,0.048,0
NER-SIM-04556,Nagaland,Phek,Phek-Meluri Road Corridor,1217.0,29.96,297.7,0.0145,-0.0287,6.39,3218.3,35.7,2,4,70.6,210.9,9.21,86.1,27.98,0.051,0.4692,0
NER-SIM-04557,Nagaland,Kohima,NH-29 Dimapur-Kohima By-pass,1224.2,30.69,231.8,0.0583,0.0183,5.11,1061.8,52.6,3,4,158.3,400.7,29.88,86.2,26.53,0.096,0.9213,1
NER-SIM-04558,Mizoram,Aizawl,Aizawl-Lunglei Road Slopes,1236.6,23.35,69.8,-0.0047,0.0808,8.12,5120.6,534.3,1,2,108.1,191.2,16.1,85.8,29.63,0.03,0.5482,1
NER-SIM-04559,Manipur,Chandel,NH-102 Imphal-Moreh Corridor,841.8,36.4,184.1,-0.0098,0.0561,4.72,2063.4,770.7,3,2,64.4,199.8,9.37,81.2,16.43,0.1,0.4519,0
NER-SIM-04560,Arunachal Pradesh,Lower Subansiri,Ziro Foothill Section,1426.8,31.68,188.2,0.0547,-0.0647,6.85,2243.8,96.7,3,3,107.4,206.6,31.21,76.0,11.36,0.057,0.666,1
NER-SIM-04561,Assam,Karbi Anglong,Diphu-Bokajan Escarpment,358.9,24.12,45.6,0.0827,-0.0962,9.85,242.3,735.6,1,3,101.6,321.2,19.4,79.1,14.32,0.0,0.7448,1
NER-SIM-04562,Assam,Dima Hasao,NH-27 Lumding-Haflong Hill Cut,614.6,29.61,225.1,-0.0843,-0.0143,4.62,736.0,17.0,1,1,5.4,5.2,0.66,39.8,1.54,0.097,0.0363,0
NER-SIM-04563,Sikkim,Pakyong,NH-10 Sevoke-Gangtok Corridor,1686.0,38.81,196.7,-0.078,0.0458,5.08,3262.0,48.3,3,3,11.6,7.3,1.17,31.9,2.49,0.0,0.2528,0
NER-SIM-04564,Nagaland,Kohima,NH-29 Dimapur-Kohima By-pass,1260.1,38.11,47.2,0.0291,0.1165,2.0,475.0,11.2,2,1,6.7,5.5,0.47,35.4,2.92,0.073,0.0844,0
NER-SIM-04565,Mizoram,Champhai,Champhai-Zokhawthar Border Cut,1274.2,41.15,126.0,0.0842,0.0803,5.01,494.8,50.7,1,2,4.6,6.4,0.33,35.2,0.98,0.037,0.1241,0
NER-SIM-04566,Meghalaya,South West Khasi Hills,Mawsynram Valley Slopes,1382.2,35.91,206.1,-0.0243,-0.0055,5.89,518.0,753.1,1,2,63.6,148.0,18.8,63.9,1.42,0.0,0.3157,0
NER-SIM-04567,Manipur,Noney,Tupul Railway Corridor Section,948.0,28.08,165.9,-0.0046,-0.0405,6.04,369.2,1354.2,1,2,127.1,394.9,19.01,81.7,20.71,0.033,0.7739,1
NER-SIM-04568,Manipur,Noney,Tupul Railway Corridor Section,621.8,35.49,186.8,0.0085,0.0016,3.24,350.6,1219.4,2,4,136.1,302.1,23.2,88.2,34.11,0.561,0.81,1
NER-SIM-04569,Meghalaya,East Khasi Hills,NH-6 Shillong-Tamabil Highway,1803.4,30.1,271.9,-0.0502,-0.0507,6.2,2154.5,57.7,2,2,19.2,10.6,2.37,34.5,3.78,0.101,0.0656,0
NER-SIM-04570,Nagaland,Phek,Phek-Meluri Road Corridor,1350.5,28.87,37.1,-0.0305,0.0241,2.0,1310.1,37.3,3,1,4.6,3.3,0.63,41.4,0.0,0.082,0.0838,0
NER-SIM-04571,Manipur,Noney,Tupul Railway Corridor Section,870.1,39.75,313.9,0.0542,0.0686,5.55,632.8,586.0,2,2,1.6,2.6,0.11,31.6,5.51,0.024,0.0914,0
NER-SIM-04572,Sikkim,Mangan,North Sikkim Highway (Chungthang),1285.6,57.75,176.1,0.0754,-0.0519,2.0,597.1,779.7,5,1,23.8,17.8,1.73,35.8,3.18,0.013,0.2877,0
NER-SIM-04573,Assam,Karbi Anglong,Diphu-Bokajan Escarpment,537.3,16.2,2.4,0.0052,0.0037,9.4,2357.9,159.9,1,4,10.2,11.7,1.14,30.8,2.85,0.017,0.0201,0
NER-SIM-04574,Mizoram,Champhai,Champhai-Zokhawthar Border Cut,1609.5,30.08,320.3,-0.1695,-0.0021,5.24,635.3,536.5,1,1,190.5,498.2,62.39,97.7,54.0,0.092,0.9403,1
NER-SIM-04575,Manipur,Noney,Tupul Railway Corridor Section,622.5,34.39,218.7,0.0519,-0.0418,5.45,3246.6,10.0,2,3,76.7,210.9,12.21,73.9,1.7,0.077,0.5637,1
NER-SIM-04576,Manipur,Chandel,NH-102 Imphal-Moreh Corridor,1246.5,26.07,347.3,-0.0035,-0.009,7.39,922.2,604.8,1,4,40.1,29.5,3.22,56.5,2.66,0.0,0.0501,0
NER-SIM-04577,Sikkim,Mangan,North Sikkim Highway (Chungthang),1755.7,40.92,233.2,0.0069,-0.064,5.69,623.8,19.3,5,1,3.2,3.3,0.23,30.9,3.26,0.077,0.2356,0
NER-SIM-04578,Nagaland,Kohima,NH-29 Dimapur-Kohima By-pass,1606.1,39.57,311.0,0.048,0.0407,3.67,1255.0,299.0,3,4,6.3,6.4,0.94,27.7,2.32,0.111,0.0766,0
NER-SIM-04579,Meghalaya,East Khasi Hills,NH-6 Shillong-Tamabil Highway,1704.8,32.04,354.2,0.0471,0.0758,4.58,1191.4,244.3,1,1,14.5,10.1,1.96,33.4,1.15,0.003,0.0484,0
NER-SIM-04580,Meghalaya,East Khasi Hills,NH-6 Shillong-Tamabil Highway,1543.0,24.55,32.1,-0.0522,-0.008,5.23,4792.8,183.6,1,2,212.4,356.6,55.8,81.9,16.09,0.085,0.8559,1
NER-SIM-04581,Nagaland,Kohima,NH-29 Dimapur-Kohima By-pass,1173.6,26.85,269.3,-0.0588,-0.0119,5.59,524.7,166.2,2,3,5.9,4.1,0.71,33.7,1.47,0.057,0.1266,0
NER-SIM-04582,Tripura,North Tripura,Jampui Hills Ridge Corridor,711.7,35.7,344.4,-0.0114,0.0544,2.0,6954.6,71.3,1,2,69.4,170.0,11.83,77.1,14.9,0.0,0.4284,0
NER-SIM-04583,Nagaland,Kohima,NH-29 Dimapur-Kohima By-pass,1598.2,50.01,6.1,0.1375,-0.0568,4.88,682.1,365.4,2,2,13.4,23.6,1.84,46.9,1.78,0.034,0.1783,0
NER-SIM-04584,Manipur,Noney,Tupul Railway Corridor Section,218.6,61.88,226.6,0.0482,0.0747,2.0,854.6,545.4,2,1,9.7,11.4,1.02,44.2,1.31,0.025,0.2022,0
NER-SIM-04585,Arunachal Pradesh,West Kameng,Bhalukpong-Bomdila-Tawang Route,2422.0,32.58,178.3,0.1111,0.0776,4.37,886.2,129.7,4,2,46.8,67.3,3.51,39.1,3.33,0.033,0.2463,0
NER-SIM-04586,Arunachal Pradesh,Lower Subansiri,Ziro Foothill Section,1544.6,27.78,138.2,0.0192,0.0559,4.61,45.9,112.7,3,3,38.6,88.5,8.16,51.3,1.21,0.063,0.2389,0
NER-SIM-04587,Nagaland,Phek,Phek-Meluri Road Corridor,1633.8,38.77,63.3,0.0077,0.009,4.3,1177.2,263.3,2,1,12.1,14.1,0.95,34.4,2.05,0.084,0.0695,0
NER-SIM-04588,Meghalaya,East Khasi Hills,NH-6 Shillong-Tamabil Highway,1254.8,28.34,104.5,-0.0747,0.0303,4.82,1204.4,151.3,2,1,145.3,294.5,19.74,72.5,1.77,0.097,0.6275,1
NER-SIM-04589,Arunachal Pradesh,Lower Subansiri,Ziro Foothill Section,1334.6,35.44,296.9,0.0197,0.0035,3.64,775.8,470.1,3,4,3.7,6.0,0.51,22.0,1.7,0.022,0.0614,0
NER-SIM-04590,Meghalaya,East Khasi Hills,NH-6 Shillong-Tamabil Highway,1839.7,38.49,61.6,0.0328,0.0014,3.3,1237.4,154.6,4,4,10.8,7.3,0.94,40.0,3.7,0.07,0.1375,0
NER-SIM-04591,Manipur,Noney,Tupul Railway Corridor Section,387.9,52.1,254.5,0.0587,0.0065,4.63,811.6,116.7,2,4,65.0,111.8,7.12,72.7,1.47,0.102,0.417,0
NER-SIM-04592,Sikkim,Pakyong,NH-10 Sevoke-Gangtok Corridor,1005.7,40.95,121.3,-0.0169,0.0671,5.22,2537.0,277.1,3,1,2.6,4.0,0.29,30.0,1.08,0.067,0.0749,0
NER-SIM-04593,Sikkim,Mangan,North Sikkim Highway (Chungthang),1962.3,41.24,51.8,0.0886,0.0016,2.0,18.1,31.2,5,4,143.6,371.1,19.32,83.3,28.39,0.633,0.9512,1
NER-SIM-04594,Manipur,Noney,Tupul Railway Corridor Section,549.4,32.5,223.6,-0.0785,-0.047,6.03,72.7,316.2,2,4,92.1,246.8,24.22,84.0,18.89,0.492,0.6015,1
NER-SIM-04595,Arunachal Pradesh,Lower Subansiri,Ziro Foothill Section,1734.5,28.29,112.5,0.007,-0.002,5.68,1264.5,234.9,3,1,0.3,0.3,0.02,25.1,2.08,0.0,0.0416,0
NER-SIM-04596,Sikkim,Pakyong,NH-10 Sevoke-Gangtok Corridor,1295.3,36.36,228.4,0.0686,0.0062,7.65,140.6,221.9,3,1,97.8,274.2,26.27,80.7,22.39,0.062,0.7731,1
NER-SIM-04597,Mizoram,Champhai,Champhai-Zokhawthar Border Cut,1726.3,32.35,117.4,0.0382,-0.0141,5.41,320.2,613.1,1,2,3.9,4.8,0.56,29.2,2.76,0.0,0.0811,0
NER-SIM-04598,Sikkim,Pakyong,NH-10 Sevoke-Gangtok Corridor,1267.6,29.04,155.1,-0.047,0.0246,6.1,341.2,134.0,3,2,12.7,7.5,1.95,35.9,0.0,0.082,0.1267,0
NER-SIM-04599,Tripura,North Tripura,Jampui Hills Ridge Corridor,552.2,23.5,254.5,-0.019,0.0216,5.86,210.5,6.7,1,1,132.5,252.9,17.06,76.3,13.01,0.113,0.7858,1
NER-SIM-04600,Manipur,Noney,Tupul Railway Corridor Section,828.5,44.88,11.2,0.0069,0.0214,3.25,464.0,63.9,2,2,3.0,4.0,0.23,28.6,1.73,0.041,0.106,0
NER-SIM-04601,Tripura,North Tripura,Jampui Hills Ridge Corridor,683.3,14.85,333.6,0.0681,-0.0585,6.61,3970.0,123.3,1,1,312.9,942.4,72.59,88.2,32.97,0.041,0.9969,1
NER-SIM-04602,Tripura,North Tripura,Jampui Hills Ridge Corridor,586.2,30.76,6.7,0.0695,-0.0315,5.88,499.5,1382.2,1,2,2.9,4.2,0.22,27.1,2.65,0.151,0.0723,0
NER-SIM-04603,Meghalaya,East Khasi Hills,NH-6 Shillong-Tamabil Highway,1431.7,29.27,237.2,-0.0028,-0.0244,5.41,217.2,439.3,2,4,114.4,302.8,27.41,84.9,30.94,0.0,0.5758,1
NER-SIM-04604,Manipur,Chandel,NH-102 Imphal-Moreh Corridor,823.3,23.11,318.5,-0.0586,-0.0582,3.07,222.0,450.5,2,1,10.8,7.4,0.98,22.5,3.79,0.066,0.0887,0
NER-SIM-04605,Nagaland,Phek,Phek-Meluri Road Corridor,1764.3,32.42,318.6,-0.0251,0.0405,4.21,338.7,397.7,3,1,15.7,24.6,1.58,38.2,0.5,0.018,0.0992,0
NER-SIM-04606,Assam,Karbi Anglong,Diphu-Bokajan Escarpment,221.8,19.74,249.0,0.0192,0.0598,6.25,4827.6,702.4,1,3,104.8,181.7,13.81,81.6,22.64,0.052,0.3867,0
NER-SIM-04607,Nagaland,Phek,Phek-Meluri Road Corridor,1770.0,36.41,192.2,0.0502,-0.0333,5.37,1005.4,261.4,2,1,71.1,190.4,21.51,75.3,9.78,0.068,0.3448,0
NER-SIM-04608,Assam,Karbi Anglong,Diphu-Bokajan Escarpment,176.9,18.26,285.0,0.0265,-0.0242,5.72,319.0,202.6,1,2,2.0,1.5,0.27,36.3,1.63,0.061,0.068,0
NER-SIM-04609,Mizoram,Champhai,Champhai-Zokhawthar Border Cut,1646.4,33.57,97.1,0.02,-0.089,3.25,269.4,153.0,1,4,18.4,15.9,1.44,36.9,3.39,0.053,0.0705,0
NER-SIM-04610,Assam,Dima Hasao,NH-27 Lumding-Haflong Hill Cut,731.4,33.86,276.7,-0.0391,0.0716,5.66,1908.3,188.0,1,1,7.3,9.7,0.85,30.2,0.72,0.0,0.0263,0
NER-SIM-04611,Sikkim,Mangan,North Sikkim Highway (Chungthang),1160.4,60.67,197.3,0.0142,0.0563,3.37,661.0,180.8,5,1,12.9,16.1,1.34,31.8,1.1,0.043,0.3308,0
NER-SIM-04612,Meghalaya,East Khasi Hills,NH-6 Shillong-Tamabil Highway,1274.1,36.67,148.8,0.0341,-0.1198,2.37,1806.0,1047.3,1,3,266.6,645.5,56.53,81.4,18.91,0.061,0.9747,1
NER-SIM-04613,Manipur,Chandel,NH-102 Imphal-Moreh Corridor,1014.9,19.85,212.0,0.0516,0.0375,9.36,678.1,0.3,3,4,1.1,0.7,0.13,37.7,1.99,0.021,0.055,0
NER-SIM-04614,Assam,Karbi Anglong,Diphu-Bokajan Escarpment,904.4,6.5,88.2,0.0925,-0.0092,8.42,137.9,419.5,1,3,3.9,3.3,0.32,47.5,3.61,0.02,0.1241,0
NER-SIM-04615,Arunachal Pradesh,West Kameng,Bhalukpong-Bomdila-Tawang Route,2294.8,50.8,115.7,-0.0725,0.0279,3.83,530.3,573.0,5,4,129.8,265.4,21.74,82.4,17.31,3.416,0.87,1
NER-SIM-04616,Assam,Dima Hasao,NH-27 Lumding-Haflong Hill Cut,1032.0,42.42,213.7,0.0609,-0.0164,3.69,200.6,298.3,1,1,7.9,5.2,1.09,36.5,2.09,0.077,0.0886,0
NER-SIM-04617,Meghalaya,East Khasi Hills,NH-6 Shillong-Tamabil Highway,1675.2,38.3,83.3,0.087,0.061,4.47,4376.7,9.0,1,4,38.2,42.2,3.74,44.0,1.75,0.044,0.0984,0
NER-SIM-04618,Arunachal Pradesh,West Kameng,Bhalukpong-Bomdila-Tawang Route,2030.2,38.5,353.6,-0.043,0.0109,5.83,1168.1,179.5,4,2,92.7,218.6,13.42,76.1,12.67,0.0,0.6764,1
NER-SIM-04619,Arunachal Pradesh,Lower Subansiri,Ziro Foothill Section,1909.0,34.37,286.6,0.0308,-0.0262,6.58,1171.4,125.8,3,2,2.4,3.8,0.16,37.4,2.05,0.086,0.1576,0
NER-SIM-04620,Mizoram,Champhai,Champhai-Zokhawthar Border Cut,1918.4,26.25,73.9,0.0479,-0.0043,4.94,993.6,61.7,2,1,29.9,49.8,4.06,38.8,3.33,0.02,0.0452,0
NER-SIM-04621,Arunachal Pradesh,Lower Subansiri,Ziro Foothill Section,1616.1,51.64,119.7,0.0922,0.0985,2.26,736.4,477.2,4,3,8.4,11.6,1.31,36.8,2.13,0.116,0.2194,0
NER-SIM-04622,Tripura,North Tripura,Jampui Hills Ridge Corridor,625.9,32.95,120.1,0.0803,-0.0417,6.07,507.6,141.4,2,3,3.8,4.0,0.29,33.0,3.65,0.017,0.1018,0
NER-SIM-04623,Mizoram,Aizawl,Aizawl-Lunglei Road Slopes,1113.4,34.58,76.1,-0.0258,0.028,4.65,25.0,1794.4,2,3,0.5,0.9,0.04,34.3,2.94,0.079,0.0957,0
NER-SIM-04624,Sikkim,Mangan,North Sikkim Highway (Chungthang),1520.6,39.35,213.2,0.0928,-0.0638,6.58,69.3,220.2,5,4,6.9,10.4,0.55,39.2,3.33,0.101,0.1471,0
NER-SIM-04625,Meghalaya,South West Khasi Hills,Mawsynram Valley Slopes,1301.2,32.5,26.1,0.0351,0.0041,7.29,329.3,534.5,1,1,34.8,103.5,4.37,65.2,1.05,0.122,0.1255,0
NER-SIM-04626,Meghalaya,South West Khasi Hills,Mawsynram Valley Slopes,1330.6,17.38,206.5,-0.0177,-0.0112,5.16,445.1,76.1,2,1,17.3,24.5,1.7,47.9,2.74,0.042,0.0657,0
NER-SIM-04627,Sikkim,Pakyong,NH-10 Sevoke-Gangtok Corridor,1291.4,46.75,83.8,0.0557,-0.0755,3.24,771.7,274.3,4,3,145.6,359.6,19.79,75.4,7.17,0.061,0.9517,1
NER-SIM-04628,Nagaland,Kohima,NH-29 Dimapur-Kohima By-pass,1207.2,31.67,280.1,-0.0513,-0.0274,4.45,346.9,1028.6,2,3,5.0,6.7,0.5,49.6,1.42,0.042,0.1059,0
NER-SIM-04629,Manipur,Chandel,NH-102 Imphal-Moreh Corridor,1005.5,44.62,273.7,-0.0279,-0.0048,6.21,779.6,423.4,2,3,133.3,294.1,18.66,68.6,0.17,0.041,0.7011,1
NER-SIM-04630,Meghalaya,South West Khasi Hills,Mawsynram Valley Slopes,1336.1,48.33,75.7,-0.0355,-0.0087,3.84,3616.2,353.8,1,2,222.5,425.6,32.72,72.4,3.67,0.049,0.9625,1
NER-SIM-04631,Nagaland,Kohima,NH-29 Dimapur-Kohima By-pass,1606.2,41.46,352.7,-0.0481,-0.002,2.65,67.5,642.8,2,1,1.6,2.8,0.12,37.1,1.63,0.054,0.0692,0
NER-SIM-04632,Meghalaya,East Khasi Hills,NH-6 Shillong-Tamabil Highway,1604.0,38.23,262.9,-0.023,-0.0829,6.17,586.8,235.5,1,1,38.1,65.4,5.54,48.8,2.13,0.01,0.111,0
NER-SIM-04633,Meghalaya,East Khasi Hills,NH-6 Shillong-Tamabil Highway,1568.4,31.63,271.5,0.0484,-0.0053,5.15,162.0,40.7,1,2,48.9,127.7,7.7,73.6,1.41,0.032,0.4421,0
NER-SIM-04634,Nagaland,Kohima,NH-29 Dimapur-Kohima By-pass,1466.9,28.13,301.8,0.0857,0.0087,8.56,31.9,26.3,2,2,0.6,0.5,0.09,47.3,3.43,0.086,0.1426,0
NER-SIM-04635,Sikkim,Mangan,North Sikkim Highway (Chungthang),2162.2,46.92,258.2,-0.0161,0.0348,4.89,1297.8,101.5,5,4,102.1,230.6,18.2,84.2,23.11,5.224,0.885,1
NER-SIM-04636,Manipur,Chandel,NH-102 Imphal-Moreh Corridor,890.6,34.16,12.1,0.0223,0.0156,7.25,181.9,283.3,3,3,11.9,14.5,1.97,36.8,0.53,0.009,0.1547,0
NER-SIM-04637,Mizoram,Aizawl,Aizawl-Lunglei Road Slopes,1004.4,21.85,14.0,0.0519,0.0298,3.1,121.1,65.7,2,2,5.0,5.3,0.67,31.7,3.33,0.077,0.0961,0
NER-SIM-04638,Assam,Karbi Anglong,Diphu-Bokajan Escarpment,58.2,8.9,4.8,-0.0019,-0.0123,8.64,1287.2,73.5,2,1,17.5,29.2,2.6,46.3,1.53,0.079,0.0255,0
NER-SIM-04639,Arunachal Pradesh,Lower Subansiri,Ziro Foothill Section,1500.2,36.59,176.0,0.0155,0.0139,5.45,978.6,84.7,4,2,47.6,116.4,7.33,76.3,9.17,0.068,0.4527,0
NER-SIM-04640,Mizoram,Champhai,Champhai-Zokhawthar Border Cut,1342.1,37.61,211.2,-0.0386,-0.0427,2.19,1608.8,373.4,1,4,122.8,339.4,25.49,78.5,10.12,0.038,0.558,1
NER-SIM-04641,Mizoram,Aizawl,Aizawl-Lunglei Road Slopes,1065.5,48.81,228.8,0.0966,0.0711,2.0,865.3,320.4,1,1,33.2,20.8,2.52,47.3,2.78,0.011,0.1882,0
NER-SIM-04642,Sikkim,Pakyong,NH-10 Sevoke-Gangtok Corridor,1046.6,52.82,142.8,-0.0116,-0.0541,4.86,1957.3,978.7,4,3,7.5,10.5,0.81,55.7,2.45,0.035,0.1947,0
NER-SIM-04643,Tripura,North Tripura,Jampui Hills Ridge Corridor,788.6,18.82,278.8,0.0217,-0.0437,4.74,752.4,367.0,1,3,5.5,6.4,0.41,35.9,1.05,0.0,0.0768,0
NER-SIM-04644,Sikkim,Mangan,North Sikkim Highway (Chungthang),2067.3,46.06,257.0,-0.0663,0.0425,4.94,1101.7,289.7,5,1,230.1,468.0,41.51,80.3,19.63,0.048,0.9686,1
NER-SIM-04645,Sikkim,Pakyong,NH-10 Sevoke-Gangtok Corridor,1082.2,31.43,235.8,-0.0196,0.0536,7.23,659.1,163.5,4,2,1.8,3.2,0.17,41.6,1.68,0.0,0.1151,0
NER-SIM-04646,Assam,Dima Hasao,NH-27 Lumding-Haflong Hill Cut,653.6,39.82,150.0,0.0272,-0.039,4.23,130.1,130.5,1,2,18.8,10.1,2.72,36.9,3.01,0.0,0.1338,0
NER-SIM-04647,Manipur,Chandel,NH-102 Imphal-Moreh Corridor,1131.3,10.84,87.2,0.0193,0.0043,4.08,1216.9,46.9,2,2,143.1,354.4,46.19,86.6,29.61,0.103,0.8194,1
NER-SIM-04648,Sikkim,Mangan,North Sikkim Highway (Chungthang),2239.7,52.01,0.1,-0.017,0.0391,2.88,206.5,203.0,5,4,1.2,1.3,0.15,46.7,6.11,0.071,0.2587,0
NER-SIM-04649,Meghalaya,East Khasi Hills,NH-6 Shillong-Tamabil Highway,1616.9,36.99,199.1,-0.0001,-0.0094,5.05,2449.5,65.0,2,2,2.3,2.1,0.28,30.5,2.01,0.037,0.0999,0
NER-SIM-04650,Nagaland,Phek,Phek-Meluri Road Corridor,1614.7,22.15,158.0,0.0313,0.0225,9.82,1009.6,625.9,3,2,21.7,25.7,3.13,43.4,1.16,0.0,0.0769,0
NER-SIM-04651,Meghalaya,South West Khasi Hills,Mawsynram Valley Slopes,1471.2,34.83,208.8,0.0284,-0.0094,3.91,46.9,484.5,3,1,25.0,61.3,5.21,45.3,0.88,0.093,0.215,0
NER-SIM-04652,Tripura,North Tripura,Jampui Hills Ridge Corridor,465.9,18.78,305.8,-0.0816,-0.0356,5.54,2335.7,336.3,1,2,4.3,5.4,0.3,40.9,3.37,0.017,0.0445,0
NER-SIM-04653,Meghalaya,East Khasi Hills,NH-6 Shillong-Tamabil Highway,1677.9,30.9,327.2,0.0502,0.0322,5.47,594.6,646.7,2,1,4.6,2.5,0.5,38.6,1.86,0.044,0.0708,0
NER-SIM-04654,Nagaland,Phek,Phek-Meluri Road Corridor,2027.3,40.67,150.1,-0.0865,0.0312,4.83,127.0,149.5,3,2,8.1,13.6,0.6,39.0,2.98,0.045,0.1962,0
NER-SIM-04655,Sikkim,Mangan,North Sikkim Highway (Chungthang),1940.1,51.75,79.4,-0.0182,-0.0659,6.16,112.0,349.1,3,1,11.9,14.7,1.07,31.1,3.69,0.013,0.1244,0
NER-SIM-04656,Nagaland,Kohima,NH-29 Dimapur-Kohima By-pass,1333.0,44.95,62.8,-0.0069,-0.0739,5.18,5845.5,1084.8,3,1,6.5,7.9,0.44,38.0,1.73,0.039,0.0904,0
NER-SIM-04657,Sikkim,Mangan,North Sikkim Highway (Chungthang),1484.3,38.76,315.2,0.0761,-0.0905,5.19,146.9,166.8,4,3,22.3,28.9,1.58,40.6,3.34,0.147,0.239,0
NER-SIM-04658,Arunachal Pradesh,West Kameng,Bhalukpong-Bomdila-Tawang Route,2331.5,42.41,164.2,-0.0275,0.0503,4.45,932.8,2415.4,5,2,13.9,8.9,1.88,43.3,1.96,0.041,0.1463,0
NER-SIM-04659,Assam,Dima Hasao,NH-27 Lumding-Haflong Hill Cut,517.6,31.36,39.3,-0.0063,0.0007,4.09,1926.7,74.3,1,4,6.2,10.7,0.97,33.6,3.01,0.028,0.0866,0
NER-SIM-04660,Assam,Karbi Anglong,Diphu-Bokajan Escarpment,807.2,26.44,23.7,0.0725,0.02,4.55,101.3,37.6,1,2,13.3,9.2,1.14,40.0,1.75,0.0,0.1653,0
NER-SIM-04661,Mizoram,Aizawl,Aizawl-Lunglei Road Slopes,1600.5,33.7,274.4,0.0565,-0.0236,6.59,121.6,834.6,1,4,42.0,116.1,5.79,68.7,0.85,0.052,0.1795,0
NER-SIM-04662,Arunachal Pradesh,West Kameng,Bhalukpong-Bomdila-Tawang Route,2100.4,39.94,277.4,-0.026,0.0128,7.07,695.0,421.8,5,1,119.2,240.1,15.17,75.9,11.35,0.054,0.7092,1
NER-SIM-04663,Nagaland,Kohima,NH-29 Dimapur-Kohima By-pass,1618.8,26.5,194.9,-0.0455,-0.0182,3.53,724.8,510.0,3,1,9.5,13.7,1.05,41.9,0.0,0.115,0.054,0
NER-SIM-04664,Meghalaya,South West Khasi Hills,Mawsynram Valley Slopes,1035.0,24.79,345.3,-0.0241,-0.0373,4.34,80.7,97.0,1,2,20.4,10.5,2.58,42.7,2.73,0.0,0.0944,0
NER-SIM-04665,Meghalaya,East Khasi Hills,NH-6 Shillong-Tamabil Highway,1676.3,27.7,353.0,-0.0136,0.0275,6.55,2424.9,1811.9,2,3,14.2,18.1,2.11,46.3,2.44,0.013,0.1388,0
NER-SIM-04666,Mizoram,Aizawl,Aizawl-Lunglei Road Slopes,1160.9,31.83,310.8,0.0399,0.0294,5.83,2539.1,1418.9,1,1,0.3,0.3,0.05,28.2,2.2,0.004,0.0499,0
NER-SIM-04667,Meghalaya,East Khasi Hills,NH-6 Shillong-Tamabil Highway,1242.7,47.14,173.1,0.0155,0.0255,5.52,404.1,390.3,1,2,169.7,295.5,46.25,79.2,20.66,0.027,0.8791,1
NER-SIM-04668,Nagaland,Kohima,NH-29 Dimapur-Kohima By-pass,1474.7,36.68,129.0,0.0047,-0.0102,7.69,674.1,47.9,2,4,55.4,73.9,8.07,52.7,3.88,0.051,0.2509,0
NER-SIM-04669,Manipur,Chandel,NH-102 Imphal-Moreh Corridor,870.6,27.39,227.2,0.0253,0.0391,6.88,33.0,755.3,2,2,6.3,8.3,0.8,29.8,2.84,0.044,0.1264,0
NER-SIM-04670,Assam,Dima Hasao,NH-27 Lumding-Haflong Hill Cut,1114.5,15.13,351.6,0.0459,0.0304,6.3,3611.6,76.7,1,1,26.9,30.2,3.2,42.7,1.45,0.096,0.0899,0
NER-SIM-04671,Sikkim,Mangan,North Sikkim Highway (Chungthang),1839.3,45.23,326.0,-0.0776,-0.0432,3.1,150.7,438.2,4,3,272.2,617.4,52.64,73.4,3.35,0.057,0.9962,1
NER-SIM-04672,Manipur,Noney,Tupul Railway Corridor Section,1272.8,40.55,263.6,-0.0166,0.007,5.16,1791.6,61.3,2,2,4.3,3.4,0.56,34.6,1.38,0.064,0.1491,0
NER-SIM-04673,Nagaland,Phek,Phek-Meluri Road Corridor,1993.6,32.27,53.7,0.0384,-0.0528,6.42,799.9,72.6,1,2,15.2,20.4,1.86,36.9,2.65,0.086,0.1131,0
NER-SIM-04674,Mizoram,Champhai,Champhai-Zokhawthar Border Cut,1488.3,30.91,11.6,-0.0857,0.0385,7.37,983.6,1161.2,2,3,5.6,3.5,0.48,35.7,2.92,0.051,0.145,0
NER-SIM-04675,Mizoram,Aizawl,Aizawl-Lunglei Road Slopes,1178.5,21.74,259.9,0.0054,-0.0085,7.84,382.9,133.6,2,1,37.4,86.0,5.48,50.7,2.5,0.027,0.1728,0
NER-SIM-04676,Meghalaya,South West Khasi Hills,Mawsynram Valley Slopes,1637.7,36.49,77.1,-0.0377,0.0089,5.56,2179.5,419.8,2,1,5.5,7.3,0.49,32.9,2.59,0.105,0.0601,0
NER-SIM-04677,Arunachal Pradesh,West Kameng,Bhalukpong-Bomdila-Tawang Route,2304.9,34.88,62.6,-0.1027,0.0327,7.37,684.5,207.5,5,3,56.7,99.3,10.41,53.5,1.86,0.125,0.3919,0
NER-SIM-04678,Arunachal Pradesh,West Kameng,Bhalukpong-Bomdila-Tawang Route,2020.9,44.49,88.0,0.0637,0.0308,3.68,430.6,14.7,4,1,103.3,293.0,24.08,73.0,0.07,0.0,0.805,1
NER-SIM-04679,Arunachal Pradesh,Lower Subansiri,Ziro Foothill Section,1471.4,21.58,334.0,-0.053,0.0092,7.75,653.4,1314.3,3,2,2.9,3.0,0.28,24.4,1.89,0.0,0.0273,0
NER-SIM-04680,Sikkim,Mangan,North Sikkim Highway (Chungthang),1576.2,58.58,254.9,0.0626,-0.0129,5.16,1180.6,584.2,4,4,326.7,706.5,44.74,92.7,48.11,1.896,0.9987,1
NER-SIM-04681,Meghalaya,East Khasi Hills,NH-6 Shillong-Tamabil Highway,1545.8,7.57,232.8,-0.0026,-0.0032,7.07,486.2,1241.1,1,1,151.6,404.0,29.73,66.8,2.26,0.073,0.7395,1
NER-SIM-04682,Nagaland,Kohima,NH-29 Dimapur-Kohima By-pass,1469.0,24.97,30.3,-0.0092,-0.0352,4.24,163.4,864.3,3,2,4.6,4.2,0.43,35.7,0.0,0.105,0.0909,0
NER-SIM-04683,Manipur,Noney,Tupul Railway Corridor Section,564.8,55.56,270.5,-0.0187,-0.0489,2.61,4270.6,429.6,2,1,54.4,136.9,6.86,57.8,1.58,0.106,0.381,0
NER-SIM-04684,Sikkim,Mangan,North Sikkim Highway (Chungthang),1713.0,47.41,112.6,0.0881,-0.0217,6.25,165.8,89.3,4,1,6.5,5.7,0.99,40.0,2.06,0.062,0.208,0
NER-SIM-04685,Assam,Karbi Anglong,Diphu-Bokajan Escarpment,798.6,34.95,291.6,-0.0076,-0.064,4.48,2820.2,356.3,1,2,3.1,1.7,0.24,41.9,0.82,0.025,0.054,0
NER-SIM-04686,Manipur,Noney,Tupul Railway Corridor Section,951.1,41.64,40.8,-0.0485,0.0043,4.27,2386.2,100.0,3,2,221.4,564.6,31.16,94.3,49.33,1.892,0.9947,1
NER-SIM-04687,Tripura,North Tripura,Jampui Hills Ridge Corridor,926.5,24.34,70.1,0.0542,0.0159,5.94,407.2,1132.8,1,2,11.3,15.8,1.37,47.0,0.0,0.122,0.0697,0
NER-SIM-04688,Meghalaya,East Khasi Hills,NH-6 Shillong-Tamabil Highway,1323.8,31.1,83.4,-0.033,0.0049,3.96,13.6,1031.4,1,1,128.3,301.0,20.0,88.7,28.36,0.081,0.6115,1
NER-SIM-04689,Sikkim,Pakyong,NH-10 Sevoke-Gangtok Corridor,1268.3,58.2,47.2,0.014,-0.0163,2.0,403.7,506.7,4,1,9.8,11.8,1.15,37.5,0.39,0.115,0.219,0
NER-SIM-04690,Manipur,Noney,Tupul Railway Corridor Section,689.3,32.63,196.9,0.0586,0.0754,4.44,2009.5,124.0,2,1,74.3,213.7,24.54,86.2,29.79,1.846,0.7273,1
NER-SIM-04691,Sikkim,Pakyong,NH-10 Sevoke-Gangtok Corridor,1085.6,44.46,344.0,-0.053,0.0434,2.57,1426.5,484.2,3,4,82.4,225.4,15.18,84.7,33.85,0.426,0.5661,1
NER-SIM-04692,Sikkim,Pakyong,NH-10 Sevoke-Gangtok Corridor,842.1,31.47,351.8,0.0078,0.0595,6.43,1306.4,10.8,3,4,88.0,268.7,12.0,89.8,42.21,0.0,0.6932,1
NER-SIM-04693,Tripura,North Tripura,Jampui Hills Ridge Corridor,431.6,23.17,30.0,-0.0389,0.0077,3.85,127.6,255.9,1,4,25.3,24.1,4.05,35.4,1.68,0.048,0.0964,0
NER-SIM-04694,Mizoram,Aizawl,Aizawl-Lunglei Road Slopes,1192.1,35.23,22.1,0.0239,-0.0177,4.1,90.7,151.2,1,1,7.6,4.7,1.06,32.9,1.13,0.09,0.0828,0
NER-SIM-04695,Manipur,Noney,Tupul Railway Corridor Section,821.9,32.58,162.1,0.0611,0.0109,7.53,1475.0,118.9,2,1,0.7,0.8,0.05,35.3,0.46,0.129,0.0986,0
NER-SIM-04696,Mizoram,Aizawl,Aizawl-Lunglei Road Slopes,400.2,50.08,55.6,0.0626,0.053,6.01,349.5,88.3,1,2,0.6,0.4,0.05,27.3,4.94,0.149,0.0973,0
NER-SIM-04697,Sikkim,Mangan,North Sikkim Highway (Chungthang),2190.9,30.1,118.0,-0.0477,0.023,3.72,13.9,70.6,4,2,133.4,422.4,41.93,76.3,11.01,0.047,0.9252,1
NER-SIM-04698,Sikkim,Mangan,North Sikkim Highway (Chungthang),1947.2,41.8,288.1,0.0573,-0.0293,3.82,1533.4,156.9,5,2,0.6,1.0,0.05,29.2,1.34,0.012,0.1132,0
NER-SIM-04699,Meghalaya,East Khasi Hills,NH-6 Shillong-Tamabil Highway,1641.6,27.04,47.5,0.0155,-0.0955,3.28,532.3,318.3,2,3,5.7,7.1,0.43,35.5,5.01,0.008,0.1314,0
NER-SIM-04700,Sikkim,Pakyong,NH-10 Sevoke-Gangtok Corridor,1352.8,41.79,330.8,0.0,0.0241,4.99,1035.0,4.3,3,3,159.1,411.6,52.0,92.1,33.91,0.004,0.9853,1
NER-SIM-04701,Mizoram,Champhai,Champhai-Zokhawthar Border Cut,1564.5,38.22,96.5,-0.011,0.0746,4.31,999.6,100.8,1,1,218.9,593.4,52.98,76.4,7.89,0.024,0.9719,1
NER-SIM-04702,Sikkim,Pakyong,NH-10 Sevoke-Gangtok Corridor,1204.1,40.89,339.6,-0.0039,0.0804,4.82,992.4,854.8,3,3,99.7,309.0,17.82,90.7,37.04,0.725,0.8885,1
NER-SIM-04703,Arunachal Pradesh,West Kameng,Bhalukpong-Bomdila-Tawang Route,2005.2,32.63,100.2,-0.0736,0.0182,5.85,212.5,310.1,4,2,18.3,32.1,2.8,42.7,4.84,0.074,0.2579,0
NER-SIM-04704,Mizoram,Aizawl,Aizawl-Lunglei Road Slopes,914.4,24.38,168.9,0.0174,0.0914,7.74,1038.8,269.9,1,2,1.8,1.2,0.15,35.4,0.0,0.058,0.0857,0
NER-SIM-04705,Manipur,Chandel,NH-102 Imphal-Moreh Corridor,751.0,18.53,345.6,-0.0316,-0.0188,6.8,795.6,21.3,2,1,17.2,17.7,2.46,40.0,4.52,0.079,0.0633,0
NER-SIM-04706,Nagaland,Phek,Phek-Meluri Road Corridor,1368.0,34.63,312.6,-0.0701,-0.0309,3.97,3770.6,24.2,3,3,11.8,18.4,1.39,34.2,3.22,0.103,0.1756,0
NER-SIM-04707,Assam,Karbi Anglong,Diphu-Bokajan Escarpment,267.8,17.49,203.0,-0.0783,-0.0699,6.92,2404.8,91.0,1,1,83.7,256.5,13.9,81.9,20.17,0.0,0.4706,0
NER-SIM-04708,Arunachal Pradesh,West Kameng,Bhalukpong-Bomdila-Tawang Route,2036.3,48.79,280.8,-0.0148,-0.1057,4.53,3033.8,104.1,5,1,13.7,8.1,1.49,33.3,0.22,0.006,0.1246,0
NER-SIM-04709,Manipur,Chandel,NH-102 Imphal-Moreh Corridor,776.9,29.86,256.3,0.0296,0.0393,5.21,286.4,233.2,3,2,112.5,192.4,32.77,68.2,3.54,0.065,0.7653,1
NER-SIM-04710,Assam,Dima Hasao,NH-27 Lumding-Haflong Hill Cut,719.9,33.46,196.6,0.0299,-0.0338,5.26,288.2,586.1,1,1,40.9,49.3,4.45,49.5,0.83,0.0,0.1111,0
NER-SIM-04711,Meghalaya,East Khasi Hills,NH-6 Shillong-Tamabil Highway,1735.9,30.34,323.9,0.0977,0.0324,5.66,1070.3,1018.4,2,1,5.3,5.7,0.77,37.2,3.63,0.024,0.0665,0
NER-SIM-04712,Manipur,Chandel,NH-102 Imphal-Moreh Corridor,956.9,30.77,348.5,-0.0341,-0.0646,5.14,201.3,633.1,3,1,0.3,0.4,0.05,38.2,1.73,0.036,0.0627,0
NER-SIM-04713,Mizoram,Champhai,Champhai-Zokhawthar Border Cut,1418.8,40.83,154.1,-0.0251,0.0623,3.88,565.5,514.0,2,3,0.5,0.7,0.05,33.2,1.5,0.015,0.1081,0
NER-SIM-04714,Assam,Karbi Anglong,Diphu-Bokajan Escarpment,340.2,11.06,158.9,0.0133,0.0742,5.14,1638.7,533.8,1,1,2.9,4.7,0.29,31.0,1.23,0.006,0.0308,0
NER-SIM-04715,Sikkim,Pakyong,NH-10 Sevoke-Gangtok Corridor,1272.4,31.23,188.2,0.0079,-0.0693,6.3,1029.0,255.6,4,4,122.2,360.6,24.85,74.4,3.45,0.062,0.8463,1
NER-SIM-04716,Assam,Karbi Anglong,Diphu-Bokajan Escarpment,836.8,22.82,334.5,-0.025,-0.1157,6.23,1001.9,34.1,1,4,5.7,9.5,0.4,47.0,1.11,0.124,0.0518,0
NER-SIM-04717,Mizoram,Champhai,Champhai-Zokhawthar Border Cut,1141.0,36.42,98.1,-0.0829,0.0349,2.32,2361.9,198.9,2,1,33.0,80.3,5.93,43.5,2.79,0.102,0.1096,0
NER-SIM-04718,Tripura,North Tripura,Jampui Hills Ridge Corridor,673.1,32.94,195.1,-0.0799,-0.061,4.76,1700.9,266.0,1,1,43.4,128.9,11.62,64.4,1.74,0.031,0.173,0
NER-SIM-04719,Assam,Dima Hasao,NH-27 Lumding-Haflong Hill Cut,222.9,33.77,182.3,0.045,-0.071,3.57,55.5,227.0,1,1,10.3,9.6,1.29,40.6,0.69,0.077,0.0858,0
NER-SIM-04720,Nagaland,Kohima,NH-29 Dimapur-Kohima By-pass,1644.4,25.33,260.7,0.0004,-0.0739,4.89,1590.1,424.8,2,1,156.6,473.2,30.99,74.2,4.68,0.116,0.777,1
NER-SIM-04721,Arunachal Pradesh,West Kameng,Bhalukpong-Bomdila-Tawang Route,2221.1,41.03,17.9,0.0452,-0.0738,4.14,1057.7,53.4,5,3,42.9,53.1,5.85,65.2,2.91,0.116,0.4175,0
NER-SIM-04722,Mizoram,Aizawl,Aizawl-Lunglei Road Slopes,939.0,56.04,300.7,0.0127,0.0049,2.6,75.0,538.5,1,4,54.4,112.5,9.36,62.1,0.1,0.036,0.4456,0
NER-SIM-04723,Tripura,North Tripura,Jampui Hills Ridge Corridor,795.8,23.79,285.7,0.0581,0.019,6.83,101.5,142.5,1,1,34.6,82.5,4.92,57.4,2.91,0.068,0.1505,0
NER-SIM-04724,Sikkim,Pakyong,NH-10 Sevoke-Gangtok Corridor,1394.0,35.15,267.3,-0.0208,-0.0227,6.12,2078.3,350.2,2,1,106.3,309.6,16.65,79.5,18.56,0.052,0.7352,1
NER-SIM-04725,Meghalaya,East Khasi Hills,NH-6 Shillong-Tamabil Highway,1574.3,32.65,299.9,0.0654,-0.0667,4.39,154.4,717.1,1,3,10.1,6.5,0.72,36.7,0.82,0.05,0.1021,0
NER-SIM-04726,Assam,Karbi Anglong,Diphu-Bokajan Escarpment,591.1,29.65,27.5,0.0141,0.027,3.57,1153.6,67.9,1,4,222.6,705.9,49.71,77.1,12.44,0.01,0.9855,1
NER-SIM-04727,Sikkim,Mangan,North Sikkim Highway (Chungthang),1852.1,37.76,311.0,0.0305,0.0197,6.54,890.2,344.6,5,4,69.6,201.3,9.17,88.2,38.43,2.797,0.7315,1
NER-SIM-04728,Mizoram,Champhai,Champhai-Zokhawthar Border Cut,1387.2,31.27,256.3,-0.0187,-0.0321,3.19,136.4,106.1,1,1,56.6,167.1,11.24,65.6,2.3,0.015,0.3966,0
NER-SIM-04729,Sikkim,Mangan,North Sikkim Highway (Chungthang),1757.1,46.84,70.4,0.065,-0.0622,3.25,3003.0,628.4,5,1,41.9,26.5,3.78,52.1,2.21,0.023,0.1555,0
NER-SIM-04730,Arunachal Pradesh,Lower Subansiri,Ziro Foothill Section,1160.4,19.01,76.8,-0.0635,0.0428,9.32,1638.2,461.4,4,1,18.7,32.5,1.33,42.8,1.49,0.0,0.0362,0
NER-SIM-04731,Mizoram,Champhai,Champhai-Zokhawthar Border Cut,1672.5,39.83,258.8,-0.0904,0.0014,4.69,1614.5,254.2,2,1,1.9,1.7,0.22,39.1,5.33,0.097,0.086,0
NER-SIM-04732,Manipur,Noney,Tupul Railway Corridor Section,356.7,45.83,57.4,-0.0407,-0.0162,4.2,416.7,394.9,3,1,44.4,139.1,8.17,71.6,2.02,0.0,0.5219,1
NER-SIM-04733,Manipur,Chandel,NH-102 Imphal-Moreh Corridor,1027.6,28.35,250.9,0.0055,0.0209,7.72,456.7,378.2,2,3,110.9,289.6,17.17,75.0,2.25,0.082,0.7216,1
NER-SIM-04734,Nagaland,Phek,Phek-Meluri Road Corridor,1925.7,47.13,82.9,0.0031,-0.0466,2.74,3198.7,31.2,2,2,1.7,1.4,0.13,39.6,3.46,0.0,0.0818,0
NER-SIM-04735,Mizoram,Aizawl,Aizawl-Lunglei Road Slopes,1328.8,37.82,107.6,-0.0311,-0.0283,3.87,1195.3,1644.1,1,3,32.2,22.3,2.26,23.3,0.59,0.014,0.0733,0
NER-SIM-04736,Assam,Dima Hasao,NH-27 Lumding-Haflong Hill Cut,1026.8,24.11,12.9,-0.0396,0.0633,4.8,502.3,313.1,1,3,1.5,2.2,0.22,40.2,1.94,0.057,0.0695,0
NER-SIM-04737,Sikkim,Pakyong,NH-10 Sevoke-Gangtok Corridor,1099.6,42.59,85.0,-0.0215,-0.1076,5.63,308.8,161.0,3,3,69.9,171.2,11.63,90.8,31.2,0.15,0.7909,1
NER-SIM-04738,Meghalaya,South West Khasi Hills,Mawsynram Valley Slopes,1576.1,43.82,340.6,-0.0393,-0.0166,4.82,1534.6,169.3,1,2,30.5,33.1,3.8,43.7,0.1,0.063,0.1408,0
NER-SIM-04739,Meghalaya,South West Khasi Hills,Mawsynram Valley Slopes,1655.1,37.27,12.5,-0.0028,0.0025,4.12,791.1,104.9,1,1,95.0,265.2,15.09,85.5,27.46,0.134,0.8246,1
NER-SIM-04740,Assam,Karbi Anglong,Diphu-Bokajan Escarpment,580.4,23.28,52.7,0.0074,-0.0022,4.78,601.8,727.1,1,3,1.9,2.1,0.13,35.9,4.51,0.034,0.0464,0
NER-SIM-04741,Nagaland,Phek,Phek-Meluri Road Corridor,1847.2,49.02,74.8,-0.0269,0.0815,2.15,306.6,311.0,3,1,3.5,4.5,0.43,40.7,0.28,0.079,0.1675,0
NER-SIM-04742,Assam,Dima Hasao,NH-27 Lumding-Haflong Hill Cut,551.0,37.79,142.4,0.0229,0.0472,5.23,487.1,120.0,1,3,108.8,304.2,19.25,81.4,23.75,0.034,0.7568,1
NER-SIM-04743,Assam,Dima Hasao,NH-27 Lumding-Haflong Hill Cut,934.6,26.74,192.0,-0.0002,0.1105,2.0,524.2,387.0,1,2,90.7,155.7,16.47,78.2,12.28,0.052,0.4504,0
NER-SIM-04744,Meghalaya,East Khasi Hills,NH-6 Shillong-Tamabil Highway,1271.5,39.75,104.0,-0.0817,0.0008,3.26,118.3,115.9,1,1,65.2,120.0,9.33,66.6,0.91,0.005,0.3011,0
NER-SIM-04745,Manipur,Noney,Tupul Railway Corridor Section,495.4,43.65,273.5,-0.0259,0.0276,3.57,973.7,833.6,3,3,61.9,154.0,9.91,75.1,7.15,0.0,0.4593,0
NER-SIM-04746,Meghalaya,East Khasi Hills,NH-6 Shillong-Tamabil Highway,2087.4,34.15,126.1,-0.0028,-0.0419,3.6,1155.8,277.8,1,2,19.7,29.4,1.5,40.3,2.72,0.036,0.1064,0
NER-SIM-04747,Manipur,Chandel,NH-102 Imphal-Moreh Corridor,932.4,31.18,97.0,-0.0075,0.0559,6.32,361.6,142.1,4,3,129.1,217.2,17.47,76.1,7.63,0.033,0.7668,1
NER-SIM-04748,Nagaland,Phek,Phek-Meluri Road Corridor,1768.4,46.59,30.3,-0.0211,0.0627,3.41,2384.8,420.2,3,4,86.8,189.4,23.18,79.0,18.73,0.045,0.5244,1
NER-SIM-04749,Mizoram,Aizawl,Aizawl-Lunglei Road Slopes,1515.9,30.32,49.4,-0.0006,-0.0417,5.0,498.1,7.7,1,2,15.0,24.0,1.29,32.6,1.86,0.057,0.1094,0
NER-SIM-04750,Meghalaya,South West Khasi Hills,Mawsynram Valley Slopes,914.4,30.55,213.0,0.0253,0.0189,6.37,501.4,36.1,1,2,6.5,4.9,0.66,35.6,1.06,0.039,0.1382,0
NER-SIM-04751,Sikkim,Pakyong,NH-10 Sevoke-Gangtok Corridor,1354.0,35.85,182.9,0.2253,0.1037,5.14,668.0,14.7,4,1,161.7,320.7,26.1,71.7,1.36,0.027,0.8753,1
NER-SIM-04752,Nagaland,Kohima,NH-29 Dimapur-Kohima By-pass,1520.7,38.91,313.8,-0.0575,0.0793,6.21,1978.2,166.7,3,4,91.0,136.8,19.05,66.9,2.5,0.042,0.5185,1
NER-SIM-04753,Mizoram,Aizawl,Aizawl-Lunglei Road Slopes,1332.6,42.53,154.3,-0.0228,0.084,4.02,1598.5,206.4,1,3,8.6,8.7,0.76,47.9,2.64,0.102,0.1266,0
NER-SIM-04754,Mizoram,Champhai,Champhai-Zokhawthar Border Cut,1487.7,20.44,359.8,0.0617,-0.0302,9.41,237.9,160.2,1,3,10.1,5.9,0.9,37.6,4.73,0.079,0.124,0
NER-SIM-04755,Nagaland,Phek,Phek-Meluri Road Corridor,1515.6,47.34,12.3,-0.0987,0.0381,4.57,1210.5,571.2,2,2,83.3,255.9,10.82,78.7,16.63,0.0,0.7459,1
NER-SIM-04756,Arunachal Pradesh,Lower Subansiri,Ziro Foothill Section,1035.1,30.23,75.0,-0.0785,0.0651,6.64,1795.3,17.0,3,3,1.0,1.5,0.09,38.8,2.43,0.009,0.1431,0
NER-SIM-04757,Arunachal Pradesh,West Kameng,Bhalukpong-Bomdila-Tawang Route,1572.0,36.28,118.2,-0.0197,-0.0155,4.41,807.6,149.8,5,3,0.1,0.2,0.01,45.9,3.24,0.104,0.2093,0
NER-SIM-04758,Nagaland,Kohima,NH-29 Dimapur-Kohima By-pass,1415.1,13.56,91.3,-0.0177,-0.0164,8.35,411.0,218.6,3,1,38.2,66.7,3.38,53.5,0.12,0.016,0.0943,0
NER-SIM-04759,Assam,Dima Hasao,NH-27 Lumding-Haflong Hill Cut,664.2,34.04,146.4,0.1169,-0.0371,5.37,2670.5,107.4,1,1,69.5,136.2,18.93,63.2,3.02,0.0,0.2411,0
NER-SIM-04760,Manipur,Noney,Tupul Railway Corridor Section,743.3,39.07,194.0,0.0108,-0.1017,4.38,631.9,107.7,2,3,119.0,354.4,16.99,74.8,2.04,0.1,0.8011,1
NER-SIM-04761,Tripura,North Tripura,Jampui Hills Ridge Corridor,588.3,20.91,250.0,0.0352,-0.0513,7.79,1721.2,19.0,1,4,0.1,0.2,0.01,24.7,2.5,0.015,0.0311,0
NER-SIM-04762,Mizoram,Aizawl,Aizawl-Lunglei Road Slopes,1176.1,42.6,259.8,0.0785,0.046,4.09,1122.1,635.6,1,1,49.4,142.3,7.08,63.1,0.0,0.03,0.1905,0
NER-SIM-04763,Sikkim,Mangan,North Sikkim Highway (Chungthang),1882.4,21.2,58.1,0.0336,0.0368,7.34,1061.6,297.6,5,1,43.8,68.4,5.75,52.2,2.41,0.036,0.1501,0
NER-SIM-04764,Nagaland,Phek,Phek-Meluri Road Corridor,1726.5,28.9,257.4,0.0714,0.0301,7.26,1939.3,334.9,3,1,11.1,8.9,1.64,31.5,1.67,0.017,0.0746,0
NER-SIM-04765,Assam,Dima Hasao,NH-27 Lumding-Haflong Hill Cut,854.5,33.09,131.5,-0.0291,-0.0261,5.74,451.9,264.7,1,1,39.3,66.4,5.18,51.4,2.46,0.086,0.0561,0
NER-SIM-04766,Nagaland,Kohima,NH-29 Dimapur-Kohima By-pass,1605.6,16.26,286.7,0.0179,-0.0517,6.31,1132.7,245.0,2,2,223.1,642.8,34.8,71.0,3.67,0.062,0.9684,1
NER-SIM-04767,Arunachal Pradesh,West Kameng,Bhalukpong-Bomdila-Tawang Route,2384.9,45.53,289.2,-0.0443,-0.0545,2.73,138.6,187.2,5,4,12.3,17.4,2.01,30.7,1.11,0.015,0.2166,0
NER-SIM-04768,Sikkim,Pakyong,NH-10 Sevoke-Gangtok Corridor,658.0,40.52,217.1,-0.0753,-0.0341,3.41,424.6,483.3,4,1,32.9,45.6,2.3,56.0,2.06,0.0,0.1545,0
NER-SIM-04769,Sikkim,Mangan,North Sikkim Highway (Chungthang),1936.3,41.39,266.6,-0.0418,0.045,2.49,99.1,894.4,4,1,144.7,433.2,46.66,83.4,21.19,0.311,0.9036,1
NER-SIM-04770,Sikkim,Pakyong,NH-10 Sevoke-Gangtok Corridor,1498.5,33.59,27.2,0.0423,-0.0553,6.21,1236.5,61.3,3,2,17.8,19.6,1.58,31.2,0.02,0.043,0.0898,0
NER-SIM-04771,Meghalaya,East Khasi Hills,NH-6 Shillong-Tamabil Highway,1327.7,25.46,309.4,0.0573,-0.0421,3.07,1989.2,151.3,2,1,10.8,17.0,1.14,49.0,0.97,0.054,0.044,0
NER-SIM-04772,Manipur,Chandel,NH-102 Imphal-Moreh Corridor,749.9,36.63,129.1,-0.0092,-0.044,7.13,544.1,542.2,2,2,9.3,15.5,0.65,45.4,3.32,0.072,0.139,0
NER-SIM-04773,Nagaland,Kohima,NH-29 Dimapur-Kohima By-pass,1464.5,34.91,213.7,-0.0336,0.0422,6.42,339.5,118.8,4,3,26.3,23.7,4.11,31.9,1.44,0.074,0.203,0
NER-SIM-04774,Tripura,North Tripura,Jampui Hills Ridge Corridor,659.6,29.81,48.8,-0.1103,0.1121,3.95,176.5,37.4,1,2,33.9,28.1,2.63,35.0,0.0,0.01,0.2247,0
NER-SIM-04775,Meghalaya,East Khasi Hills,NH-6 Shillong-Tamabil Highway,1286.5,25.67,163.8,0.0285,-0.0607,6.95,1619.0,769.9,2,1,140.6,374.4,32.65,71.2,5.28,0.006,0.5923,1
NER-SIM-04776,Sikkim,Pakyong,NH-10 Sevoke-Gangtok Corridor,1321.7,38.1,319.8,-0.0642,-0.068,5.41,3162.0,545.7,3,3,67.4,144.2,11.18,66.9,0.0,0.07,0.3629,0
NER-SIM-04777,Meghalaya,South West Khasi Hills,Mawsynram Valley Slopes,1031.0,39.62,330.2,-0.0362,-0.0853,6.15,52.0,371.7,1,1,13.5,16.3,1.17,36.8,2.19,0.033,0.1456,0
NER-SIM-04778,Manipur,Chandel,NH-102 Imphal-Moreh Corridor,1061.6,14.73,67.0,0.0009,-0.0402,7.84,262.2,105.6,3,1,3.7,5.5,0.34,48.7,2.62,0.011,0.069,0
NER-SIM-04779,Sikkim,Mangan,North Sikkim Highway (Chungthang),1712.6,50.62,282.1,-0.0771,0.0293,3.15,212.7,216.6,4,1,101.6,285.6,22.83,74.5,2.11,0.055,0.8602,1
NER-SIM-04780,Sikkim,Mangan,North Sikkim Highway (Chungthang),1852.7,29.24,89.4,0.0053,0.0124,5.49,2858.2,365.7,4,1,0.4,0.6,0.07,36.9,0.0,0.0,0.0263,0
NER-SIM-04781,Mizoram,Aizawl,Aizawl-Lunglei Road Slopes,1206.1,24.78,139.4,0.0315,0.0186,5.46,834.8,252.9,2,1,146.4,305.1,30.76,84.8,28.66,0.063,0.8129,1
NER-SIM-04782,Arunachal Pradesh,West Kameng,Bhalukpong-Bomdila-Tawang Route,2404.0,28.87,13.2,-0.0206,-0.0316,3.28,388.6,557.0,4,2,147.5,436.0,34.7,84.0,27.39,0.069,0.9322,1
NER-SIM-04783,Meghalaya,South West Khasi Hills,Mawsynram Valley Slopes,1306.9,35.48,315.6,0.0664,0.0094,4.84,2694.7,320.3,2,3,1.0,0.7,0.12,42.4,1.69,0.002,0.0671,0
NER-SIM-04784,Manipur,Chandel,NH-102 Imphal-Moreh Corridor,809.4,44.13,324.5,0.0092,-0.0089,4.12,3215.6,155.3,2,3,11.1,19.4,1.01,46.3,2.91,0.049,0.2015,0
NER-SIM-04785,Mizoram,Aizawl,Aizawl-Lunglei Road Slopes,1080.8,33.55,71.8,-0.0344,-0.0246,7.83,3463.7,64.8,2,4,148.3,358.5,43.49,77.2,10.93,0.079,0.7237,1
NER-SIM-04786,Meghalaya,South West Khasi Hills,Mawsynram Valley Slopes,895.1,26.64,9.6,0.0632,-0.0433,6.58,32.9,164.2,2,1,2.4,2.7,0.2,37.9,0.98,0.064,0.0801,0
NER-SIM-04787,Arunachal Pradesh,West Kameng,Bhalukpong-Bomdila-Tawang Route,1927.7,44.78,217.1,-0.0133,0.0355,2.84,512.5,465.6,5,3,6.6,4.7,0.74,33.1,3.92,0.08,0.1567,0
NER-SIM-04788,Sikkim,Pakyong,NH-10 Sevoke-Gangtok Corridor,1508.9,33.66,195.9,0.0119,-0.0482,6.6,493.2,95.7,3,2,12.2,15.8,1.68,35.4,3.62,0.049,0.0952,0
NER-SIM-04789,Meghalaya,East Khasi Hills,NH-6 Shillong-Tamabil Highway,1645.2,28.9,57.2,0.016,-0.053,5.49,867.2,85.0,1,1,75.4,157.3,17.93,86.0,30.92,0.107,0.6827,1
NER-SIM-04790,Arunachal Pradesh,West Kameng,Bhalukpong-Bomdila-Tawang Route,2020.4,37.76,204.5,-0.008,-0.0908,6.93,412.1,368.6,4,2,39.3,52.5,2.82,40.6,3.81,0.0,0.2721,0
NER-SIM-04791,Nagaland,Kohima,NH-29 Dimapur-Kohima By-pass,1744.6,20.68,198.2,0.0719,0.0216,7.23,663.1,264.1,2,4,247.0,633.9,66.24,82.7,24.61,0.047,0.9833,1
NER-SIM-04792,Tripura,North Tripura,Jampui Hills Ridge Corridor,424.4,26.91,269.2,0.0995,0.0335,4.17,114.8,117.7,2,2,21.3,13.2,1.52,39.6,1.45,0.055,0.185,0
NER-SIM-04793,Tripura,North Tripura,Jampui Hills Ridge Corridor,490.4,35.72,209.3,-0.0391,0.0404,8.24,822.0,605.5,1,1,24.8,42.8,2.63,42.9,3.31,0.099,0.0624,0
NER-SIM-04794,Nagaland,Phek,Phek-Meluri Road Corridor,1734.7,36.84,89.7,0.0158,-0.0209,5.68,529.9,1832.8,3,2,112.8,283.6,23.56,79.4,19.65,0.068,0.7849,1
NER-SIM-04795,Meghalaya,South West Khasi Hills,Mawsynram Valley Slopes,1598.8,35.45,256.1,-0.0046,-0.0162,5.39,830.2,23.3,2,2,72.0,221.7,9.37,77.8,13.4,0.0,0.6179,1
NER-SIM-04796,Nagaland,Kohima,NH-29 Dimapur-Kohima By-pass,1398.0,28.67,357.3,0.0114,0.0069,6.45,3043.3,457.6,2,3,81.5,253.5,14.59,85.5,28.22,0.014,0.6757,1
NER-SIM-04797,Assam,Karbi Anglong,Diphu-Bokajan Escarpment,771.8,34.83,256.9,0.0107,0.0479,7.0,493.4,38.0,1,2,5.0,4.7,0.34,44.7,3.64,0.015,0.1295,0
NER-SIM-04798,Sikkim,Mangan,North Sikkim Highway (Chungthang),2092.2,48.85,137.7,0.0148,0.1581,2.73,3442.6,496.6,5,2,297.2,774.4,38.15,80.9,19.85,0.101,0.9978,1
NER-SIM-04799,Meghalaya,South West Khasi Hills,Mawsynram Valley Slopes,1246.9,38.0,35.4,0.0268,-0.0108,6.27,4765.3,28.5,1,1,5.0,5.1,0.48,36.9,1.66,0.054,0.0599,0
NER-SIM-04800,Arunachal Pradesh,West Kameng,Bhalukpong-Bomdila-Tawang Route,2278.6,34.04,292.1,-0.0009,-0.0613,4.92,781.8,133.5,4,3,2.8,3.9,0.23,31.1,1.81,0.055,0.2379,0
NER-SIM-04801,Arunachal Pradesh,Lower Subansiri,Ziro Foothill Section,1563.8,27.15,344.0,0.0341,0.0404,7.01,1103.3,286.6,3,1,41.8,56.2,6.54,46.2,0.0,0.007,0.0872,0
NER-SIM-04802,Arunachal Pradesh,West Kameng,Bhalukpong-Bomdila-Tawang Route,2148.2,44.6,236.2,-0.0319,0.0193,4.86,2377.2,157.7,3,1,168.4,416.1,40.03,72.0,0.43,0.029,0.8244,1
NER-SIM-04803,Nagaland,Phek,Phek-Meluri Road Corridor,1341.5,29.08,221.0,0.0066,-0.0212,5.32,8.4,59.2,2,4,55.0,30.3,4.81,39.2,2.99,0.011,0.1787,0
NER-SIM-04804,Manipur,Chandel,NH-102 Imphal-Moreh Corridor,1020.6,23.12,101.7,-0.0469,-0.0423,6.14,560.5,243.2,3,2,194.4,313.2,42.25,83.0,22.25,0.035,0.8745,1
NER-SIM-04805,Manipur,Noney,Tupul Railway Corridor Section,813.7,43.23,22.9,-0.043,-0.0851,4.16,2159.3,173.1,3,1,101.3,173.7,16.51,76.7,11.85,0.023,0.5953,1
NER-SIM-04806,Manipur,Chandel,NH-102 Imphal-Moreh Corridor,1207.1,20.39,40.4,0.0467,0.0203,8.79,158.1,206.3,3,4,21.7,33.4,2.6,58.5,4.13,0.14,0.1712,0
NER-SIM-04807,Assam,Karbi Anglong,Diphu-Bokajan Escarpment,517.7,10.54,190.5,-0.0535,-0.0758,9.0,2470.6,253.3,1,3,12.7,13.6,0.92,47.8,0.33,0.011,0.1143,0
NER-SIM-04808,Mizoram,Champhai,Champhai-Zokhawthar Border Cut,1336.5,42.22,241.1,0.0234,-0.0347,4.34,582.0,220.9,2,1,83.6,213.7,11.22,88.0,27.98,9.558,0.8895,1
NER-SIM-04809,Meghalaya,South West Khasi Hills,Mawsynram Valley Slopes,1152.3,35.09,177.4,0.0988,0.1042,3.53,5323.2,523.1,2,2,208.2,549.1,37.21,71.1,1.05,0.009,0.8861,1
NER-SIM-04810,Mizoram,Aizawl,Aizawl-Lunglei Road Slopes,933.1,36.49,27.1,-0.0077,-0.054,5.98,470.7,944.8,2,1,2.9,2.9,0.43,43.9,5.02,0.155,0.0945,0
NER-SIM-04811,Nagaland,Phek,Phek-Meluri Road Corridor,1739.7,20.27,25.6,-0.0371,-0.0334,8.41,842.6,32.9,2,2,23.1,28.9,1.57,34.9,4.49,0.084,0.1875,0
NER-SIM-04812,Nagaland,Phek,Phek-Meluri Road Corridor,1462.7,50.62,118.4,0.0097,-0.0848,3.25,964.3,69.2,3,3,78.1,123.6,15.54,65.1,1.34,0.116,0.64,1
NER-SIM-04813,Assam,Karbi Anglong,Diphu-Bokajan Escarpment,451.7,24.01,9.6,-0.0199,-0.0221,5.42,2.8,32.9,1,3,2.8,1.6,0.3,34.0,0.56,0.047,0.1654,0
NER-SIM-04814,Arunachal Pradesh,West Kameng,Bhalukpong-Bomdila-Tawang Route,2144.0,37.19,260.4,-0.0313,0.0202,2.71,1996.8,251.5,5,3,3.6,6.3,0.26,32.2,0.0,0.044,0.1354,0
NER-SIM-04815,Manipur,Chandel,NH-102 Imphal-Moreh Corridor,1019.8,22.41,202.5,0.0471,0.0381,4.34,679.2,125.9,2,1,156.7,271.2,48.84,78.7,14.91,0.127,0.5225,1
NER-SIM-04816,Meghalaya,East Khasi Hills,NH-6 Shillong-Tamabil Highway,1303.8,29.54,338.0,0.003,-0.0011,3.8,18.5,138.3,2,1,170.7,396.0,26.69,70.8,2.98,0.019,0.8569,1
NER-SIM-04817,Mizoram,Champhai,Champhai-Zokhawthar Border Cut,1031.1,40.95,206.0,-0.0301,-0.0389,5.88,1288.6,277.8,1,2,106.9,197.3,25.1,78.4,12.6,0.067,0.5763,1
NER-SIM-04818,Meghalaya,East Khasi Hills,NH-6 Shillong-Tamabil Highway,1572.1,44.99,186.5,0.1087,-0.0108,2.84,545.2,424.2,1,2,1.3,2.2,0.1,37.3,1.8,0.073,0.126,0
NER-SIM-04819,Arunachal Pradesh,West Kameng,Bhalukpong-Bomdila-Tawang Route,2428.5,25.65,223.1,0.0259,-0.0216,5.79,22.4,639.3,5,1,114.1,336.7,14.53,81.8,18.43,0.135,0.8194,1
NER-SIM-04820,Mizoram,Champhai,Champhai-Zokhawthar Border Cut,1016.6,31.29,285.4,-0.0229,-0.0201,4.62,192.8,532.1,2,1,5.2,4.7,0.8,36.5,2.34,0.085,0.0727,0
NER-SIM-04821,Arunachal Pradesh,West Kameng,Bhalukpong-Bomdila-Tawang Route,2872.9,36.93,178.5,-0.0064,-0.0198,6.56,491.3,419.6,4,3,13.9,9.2,1.57,32.2,3.66,0.052,0.2178,0
NER-SIM-04822,Manipur,Noney,Tupul Railway Corridor Section,858.2,30.22,332.4,0.0307,-0.0874,4.69,4201.2,380.9,3,3,17.2,28.8,2.32,52.8,2.76,0.096,0.0836,0
NER-SIM-04823,Mizoram,Champhai,Champhai-Zokhawthar Border Cut,953.9,29.69,291.5,0.0796,-0.0382,6.42,1193.8,186.1,1,3,18.5,32.0,1.29,45.2,2.36,0.075,0.092,0
NER-SIM-04824,Tripura,North Tripura,Jampui Hills Ridge Corridor,311.0,28.8,331.6,-0.0365,-0.0401,4.49,770.8,94.6,1,2,156.8,245.5,42.55,81.5,17.27,0.088,0.8107,1
NER-SIM-04825,Assam,Karbi Anglong,Diphu-Bokajan Escarpment,266.5,31.14,354.9,0.0366,-0.0205,3.57,6713.9,119.9,1,1,4.4,4.1,0.37,30.2,3.48,0.109,0.0459,0
NER-SIM-04826,Assam,Dima Hasao,NH-27 Lumding-Haflong Hill Cut,1285.5,35.07,241.6,0.0048,0.0241,2.97,992.8,699.8,1,2,93.3,183.0,15.04,80.0,17.15,0.0,0.3774,0
NER-SIM-04827,Nagaland,Kohima,NH-29 Dimapur-Kohima By-pass,1375.2,31.83,253.1,-0.1026,0.012,4.76,2297.4,146.4,3,3,7.2,8.7,0.55,41.3,0.66,0.146,0.1815,0
NER-SIM-04828,Arunachal Pradesh,West Kameng,Bhalukpong-Bomdila-Tawang Route,1877.1,40.72,33.9,0.0319,-0.0922,3.69,2433.4,852.4,5,1,137.1,325.0,19.01,81.0,18.67,0.091,0.8962,1
NER-SIM-04829,Mizoram,Champhai,Champhai-Zokhawthar Border Cut,1193.9,43.26,296.4,0.0533,0.008,3.16,2124.1,427.1,1,1,19.7,33.4,5.08,37.4,1.1,0.067,0.1048,0
NER-SIM-04830,Assam,Karbi Anglong,Diphu-Bokajan Escarpment,559.4,33.0,7.8,0.02,0.0109,3.71,704.8,88.1,1,4,53.0,159.5,8.4,71.4,1.4,0.058,0.2699,0
NER-SIM-04831,Meghalaya,South West Khasi Hills,Mawsynram Valley Slopes,1181.7,28.85,147.3,-0.0196,0.0282,8.05,573.8,38.5,1,3,131.5,327.6,22.57,73.2,2.98,0.037,0.8092,1
NER-SIM-04832,Sikkim,Mangan,North Sikkim Highway (Chungthang),1787.7,41.95,215.5,-0.073,-0.0401,4.98,368.2,186.4,5,4,35.6,81.0,6.2,52.9,2.02,0.158,0.2084,0
NER-SIM-04833,Meghalaya,South West Khasi Hills,Mawsynram Valley Slopes,1158.8,32.35,275.7,0.0344,0.0248,3.8,1526.6,7.7,2,2,78.2,134.3,20.46,68.8,3.61,0.077,0.3851,0
NER-SIM-04834,Nagaland,Phek,Phek-Meluri Road Corridor,1589.3,50.07,62.1,0.0324,0.061,2.35,961.7,114.7,2,1,1.8,3.0,0.27,26.0,1.95,0.071,0.0932,0
NER-SIM-04835,Tripura,North Tripura,Jampui Hills Ridge Corridor,573.6,33.94,117.8,0.026,0.0474,5.24,1385.8,76.0,1,2,12.2,21.7,1.28,34.4,1.17,0.047,0.1432,0
NER-SIM-04836,Assam,Karbi Anglong,Diphu-Bokajan Escarpment,479.0,16.06,207.7,-0.0307,-0.0406,7.42,256.0,789.1,1,1,1.4,1.7,0.21,42.4,2.05,0.106,0.0271,0
NER-SIM-04837,Nagaland,Kohima,NH-29 Dimapur-Kohima By-pass,1846.8,20.14,337.5,-0.0249,0.0216,5.73,1701.5,619.0,3,2,0.8,0.4,0.05,38.1,0.57,0.002,0.089,0
NER-SIM-04838,Sikkim,Mangan,North Sikkim Highway (Chungthang),1784.6,44.69,239.0,-0.077,0.0998,2.6,888.3,20.0,4,4,37.9,62.2,2.68,45.2,2.93,0.041,0.2302,0
NER-SIM-04839,Mizoram,Aizawl,Aizawl-Lunglei Road Slopes,1400.5,25.81,249.2,-0.0009,-0.022,8.63,1957.1,420.8,2,3,5.4,3.6,0.37,25.2,3.24,0.036,0.0681,0
NER-SIM-04840,Mizoram,Champhai,Champhai-Zokhawthar Border Cut,1644.9,27.21,41.7,0.0375,0.0071,5.21,627.6,417.4,1,3,2.7,1.9,0.28,34.4,0.58,0.013,0.0728,0
NER-SIM-04841,Manipur,Chandel,NH-102 Imphal-Moreh Corridor,943.4,23.31,231.5,0.0091,-0.0514,7.97,2812.5,292.0,2,4,7.8,8.4,0.77,41.0,1.04,0.009,0.0373,0
NER-SIM-04842,Sikkim,Mangan,North Sikkim Highway (Chungthang),1735.8,51.93,311.5,-0.0142,0.113,2.0,1513.4,195.7,4,3,9.8,5.2,1.07,34.1,3.58,0.044,0.296,0
NER-SIM-04843,Sikkim,Mangan,North Sikkim Highway (Chungthang),1639.8,36.85,312.0,-0.0128,-0.0354,5.56,290.9,217.5,5,3,8.2,4.5,0.57,35.3,1.93,0.0,0.1555,0
NER-SIM-04844,Nagaland,Kohima,NH-29 Dimapur-Kohima By-pass,1274.9,11.64,78.4,0.0061,0.0058,8.6,1243.1,105.4,3,3,31.2,29.5,4.43,30.0,3.05,0.029,0.1118,0
NER-SIM-04845,Manipur,Chandel,NH-102 Imphal-Moreh Corridor,989.8,41.36,12.7,0.0101,0.0207,8.05,285.3,140.1,3,3,133.9,424.5,23.5,82.7,26.73,3.721,0.9742,1
NER-SIM-04846,Manipur,Chandel,NH-102 Imphal-Moreh Corridor,1047.5,35.99,119.6,-0.0054,-0.0389,4.81,280.0,378.3,1,2,57.6,98.2,9.85,55.9,2.29,0.033,0.3483,0
NER-SIM-04847,Mizoram,Aizawl,Aizawl-Lunglei Road Slopes,1133.7,29.98,78.2,-0.0432,-0.0105,6.34,267.2,45.9,1,4,54.3,158.4,11.55,69.4,5.14,0.06,0.3602,0
NER-SIM-04848,Sikkim,Mangan,North Sikkim Highway (Chungthang),1664.4,26.12,114.9,-0.0331,-0.0317,5.88,72.9,0.6,5,2,7.5,10.2,1.09,39.0,1.36,0.01,0.1715,0
NER-SIM-04849,Nagaland,Kohima,NH-29 Dimapur-Kohima By-pass,1454.0,42.31,197.0,-0.0602,-0.0517,2.78,2309.2,252.2,2,3,96.0,248.9,19.74,80.6,20.9,0.126,0.7144,1
NER-SIM-04850,Mizoram,Champhai,Champhai-Zokhawthar Border Cut,950.3,29.12,256.4,-0.0191,-0.046,7.34,1090.3,24.7,2,2,4.8,8.0,0.41,39.3,1.67,0.043,0.1362,0
NER-SIM-04851,Mizoram,Champhai,Champhai-Zokhawthar Border Cut,1161.8,34.28,24.3,0.0317,0.0636,4.46,1509.5,971.7,2,1,82.6,172.8,16.75,88.9,38.78,0.606,0.4537,0
NER-SIM-04852,Manipur,Noney,Tupul Railway Corridor Section,802.2,48.53,339.8,-0.0244,-0.0715,7.83,96.2,252.9,3,3,0.1,0.0,0.01,41.4,3.39,0.067,0.3658,0
NER-SIM-04853,Sikkim,Mangan,North Sikkim Highway (Chungthang),1740.8,53.25,15.1,0.0866,-0.0257,2.0,684.7,89.9,5,1,17.0,30.0,1.2,40.8,0.0,0.0,0.378,0
NER-SIM-04854,Sikkim,Mangan,North Sikkim Highway (Chungthang),2086.0,45.06,228.6,0.0002,-0.0063,4.41,1420.7,592.9,3,2,64.6,98.2,12.88,61.7,0.72,0.0,0.2255,0
NER-SIM-04855,Sikkim,Pakyong,NH-10 Sevoke-Gangtok Corridor,870.5,44.44,238.4,-0.0237,-0.0148,2.44,2139.0,900.7,3,3,11.7,16.4,1.49,35.9,0.56,0.0,0.2017,0
NER-SIM-04856,Manipur,Noney,Tupul Railway Corridor Section,661.8,39.11,43.0,-0.0397,0.0057,5.03,2912.2,250.2,3,1,3.2,3.5,0.22,35.5,2.78,0.048,0.0536,0
NER-SIM-04857,Mizoram,Aizawl,Aizawl-Lunglei Road Slopes,1466.1,43.49,288.6,0.082,-0.0208,4.11,1787.3,35.4,3,3,5.4,4.2,0.42,44.6,2.31,0.082,0.2373,0
NER-SIM-04858,Arunachal Pradesh,Lower Subansiri,Ziro Foothill Section,1833.2,37.89,147.1,0.0078,-0.0224,6.37,157.1,34.3,4,1,15.3,22.5,1.06,38.3,0.0,0.025,0.2068,0
NER-SIM-04859,Nagaland,Phek,Phek-Meluri Road Corridor,1532.0,44.9,39.9,0.0502,0.0326,2.5,813.5,15.9,2,1,75.7,239.3,12.31,72.4,2.84,0.063,0.6435,1
NER-SIM-04860,Manipur,Chandel,NH-102 Imphal-Moreh Corridor,1497.1,20.3,200.2,-0.001,0.021,5.37,299.7,684.4,4,3,85.2,231.0,24.92,75.9,7.63,0.0,0.788,1
NER-SIM-04861,Sikkim,Pakyong,NH-10 Sevoke-Gangtok Corridor,1025.7,44.58,208.1,0.012,0.0029,2.19,171.6,37.3,4,1,24.0,15.5,2.36,33.9,2.12,0.046,0.1893,0
NER-SIM-04862,Mizoram,Aizawl,Aizawl-Lunglei Road Slopes,1487.6,37.3,262.3,-0.0318,0.0107,6.02,586.0,176.8,2,3,18.9,11.3,1.9,41.6,1.31,0.031,0.1631,0
NER-SIM-04863,Mizoram,Champhai,Champhai-Zokhawthar Border Cut,908.3,29.7,259.1,-0.0424,0.0898,3.7,763.0,77.4,2,3,125.2,256.3,16.19,84.2,18.26,0.008,0.8795,1
NER-SIM-04864,Manipur,Noney,Tupul Railway Corridor Section,591.5,43.0,127.2,-0.0714,-0.0116,3.07,236.0,54.0,2,1,5.0,7.0,0.53,41.5,1.84,0.061,0.088,0
NER-SIM-04865,Mizoram,Champhai,Champhai-Zokhawthar Border Cut,1476.4,23.19,290.6,-0.0276,0.0327,4.24,729.2,1223.6,1,2,67.9,131.9,9.77,73.7,1.43,0.0,0.227,0
NER-SIM-04866,Arunachal Pradesh,West Kameng,Bhalukpong-Bomdila-Tawang Route,2006.1,52.11,71.7,0.0578,-0.0038,2.8,1602.4,264.6,4,1,8.6,6.6,0.97,35.3,1.02,0.032,0.1222,0
NER-SIM-04867,Assam,Karbi Anglong,Diphu-Bokajan Escarpment,586.8,21.93,294.9,0.023,-0.0327,6.69,764.9,279.5,1,1,21.7,36.8,2.21,41.5,0.07,0.004,0.0705,0
NER-SIM-04868,Meghalaya,East Khasi Hills,NH-6 Shillong-Tamabil Highway,1518.7,33.91,107.6,-0.095,-0.0192,7.43,1195.6,460.3,1,1,7.8,8.8,0.76,35.5,1.07,0.003,0.038,0
NER-SIM-04869,Mizoram,Champhai,Champhai-Zokhawthar Border Cut,1536.6,36.08,153.6,0.062,-0.0105,4.75,267.5,109.5,2,2,28.3,26.8,3.37,36.9,2.88,0.115,0.2003,0
NER-SIM-04870,Manipur,Noney,Tupul Railway Corridor Section,656.0,52.42,58.8,0.082,-0.0527,2.66,961.0,156.9,4,3,176.1,538.1,30.46,85.8,23.67,0.416,0.9917,1
NER-SIM-04871,Nagaland,Kohima,NH-29 Dimapur-Kohima By-pass,1633.3,47.62,54.4,-0.0282,-0.0546,4.28,397.8,18.0,3,4,0.4,0.7,0.07,29.0,3.6,0.134,0.1585,0
NER-SIM-04872,Tripura,North Tripura,Jampui Hills Ridge Corridor,539.2,58.94,211.1,0.0753,0.0199,2.0,3208.7,133.5,1,1,41.6,92.9,13.29,56.8,1.79,0.122,0.2868,0
NER-SIM-04873,Sikkim,Pakyong,NH-10 Sevoke-Gangtok Corridor,635.2,35.09,5.4,-0.1153,-0.003,4.28,1407.1,229.6,3,2,0.4,0.4,0.03,29.1,2.81,0.002,0.0688,0
NER-SIM-04874,Arunachal Pradesh,West Kameng,Bhalukpong-Bomdila-Tawang Route,2295.9,32.23,174.4,0.0227,-0.0427,7.09,1444.8,261.4,5,1,78.5,147.2,10.67,67.7,3.35,0.009,0.4328,0
NER-SIM-04875,Nagaland,Kohima,NH-29 Dimapur-Kohima By-pass,1186.9,39.22,235.3,0.0047,-0.0338,3.56,683.5,185.5,3,3,5.1,5.9,0.41,31.1,1.69,0.0,0.1734,0
NER-SIM-04876,Arunachal Pradesh,Lower Subansiri,Ziro Foothill Section,1309.0,30.01,15.1,-0.0122,0.0031,4.42,534.2,603.6,3,1,30.2,36.2,4.6,51.5,0.78,0.022,0.0984,0
NER-SIM-04877,Assam,Dima Hasao,NH-27 Lumding-Haflong Hill Cut,852.9,26.97,279.8,0.0093,-0.0852,6.41,1252.1,797.4,2,1,20.7,13.3,2.61,31.4,3.21,0.078,0.0806,0
NER-SIM-04878,Assam,Dima Hasao,NH-27 Lumding-Haflong Hill Cut,489.0,50.95,64.6,0.0777,0.0036,3.4,82.1,245.5,1,1,143.0,337.4,25.43,80.1,20.45,0.036,0.9325,1
NER-SIM-04879,Manipur,Noney,Tupul Railway Corridor Section,656.7,37.86,187.9,-0.0216,-0.0175,6.34,1.1,162.2,2,2,24.5,43.7,2.42,42.3,2.19,0.017,0.3253,0
NER-SIM-04880,Manipur,Chandel,NH-102 Imphal-Moreh Corridor,918.0,36.25,25.6,-0.0208,0.0139,5.69,75.4,829.3,4,4,14.6,17.2,1.18,31.0,0.25,0.0,0.1786,0
NER-SIM-04881,Meghalaya,South West Khasi Hills,Mawsynram Valley Slopes,1173.4,43.69,101.0,-0.007,-0.0127,3.61,274.4,281.4,2,3,98.0,167.6,14.08,86.0,25.27,2.261,0.7954,1
NER-SIM-04882,Tripura,North Tripura,Jampui Hills Ridge Corridor,394.8,22.4,115.2,0.0291,0.041,5.58,2041.6,349.2,1,1,8.5,13.3,1.16,28.2,3.15,0.05,0.0627,0
NER-SIM-04883,Assam,Karbi Anglong,Diphu-Bokajan Escarpment,126.2,24.34,38.1,0.005,0.0051,8.16,154.3,162.8,1,4,19.6,22.2,2.65,40.6,0.0,0.0,0.096,0
NER-SIM-04884,Nagaland,Kohima,NH-29 Dimapur-Kohima By-pass,1293.8,33.69,185.1,-0.0622,-0.0372,3.96,466.9,1374.9,2,3,18.3,26.7,2.28,42.9,1.22,0.019,0.2073,0
NER-SIM-04885,Sikkim,Pakyong,NH-10 Sevoke-Gangtok Corridor,1243.5,43.65,152.9,-0.0554,0.0366,8.29,395.5,519.4,3,2,0.2,0.3,0.02,36.3,2.72,0.011,0.1623,0
NER-SIM-04886,Nagaland,Phek,Phek-Meluri Road Corridor,1802.0,43.83,232.4,0.0363,0.0057,5.09,309.0,186.9,3,3,129.9,258.9,25.87,76.3,9.07,0.103,0.9161,1
NER-SIM-04887,Manipur,Noney,Tupul Railway Corridor Section,1024.3,54.59,268.4,0.0469,0.0781,3.45,1173.8,902.2,2,3,3.9,2.6,0.57,37.7,0.0,0.01,0.1403,0
NER-SIM-04888,Arunachal Pradesh,West Kameng,Bhalukpong-Bomdila-Tawang Route,2098.0,42.7,357.9,0.0397,-0.0295,4.62,215.9,447.9,5,1,121.8,270.8,21.53,92.8,29.55,0.534,0.9349,1
NER-SIM-04889,Meghalaya,South West Khasi Hills,Mawsynram Valley Slopes,1955.5,27.57,272.6,0.0037,-0.0652,7.88,577.4,665.5,2,3,11.0,9.3,0.74,34.8,0.0,0.048,0.0908,0
NER-SIM-04890,Assam,Karbi Anglong,Diphu-Bokajan Escarpment,842.1,29.53,291.3,-0.0601,-0.0022,8.54,11.8,116.1,1,3,0.0,0.0,0.0,33.5,1.26,0.0,0.1196,0
NER-SIM-04891,Mizoram,Aizawl,Aizawl-Lunglei Road Slopes,1428.0,32.53,334.2,-0.0536,-0.0677,4.75,2753.1,1858.8,3,4,65.9,122.2,17.4,64.2,0.0,0.064,0.1318,0
NER-SIM-04892,Arunachal Pradesh,West Kameng,Bhalukpong-Bomdila-Tawang Route,1984.8,35.91,59.5,0.0553,-0.0508,6.93,975.0,1072.0,5,1,5.8,4.1,0.44,25.6,2.91,0.064,0.0972,0
NER-SIM-04893,Sikkim,Pakyong,NH-10 Sevoke-Gangtok Corridor,997.9,37.25,344.2,0.0112,0.0453,6.27,1295.7,376.7,3,3,9.8,12.8,0.83,34.6,2.58,0.099,0.133,0
NER-SIM-04894,Sikkim,Pakyong,NH-10 Sevoke-Gangtok Corridor,1117.3,39.47,79.4,-0.0182,0.1158,4.91,1219.1,242.6,3,1,89.8,150.3,22.44,78.9,14.36,0.041,0.3759,0
NER-SIM-04895,Assam,Karbi Anglong,Diphu-Bokajan Escarpment,50.0,21.55,97.0,0.1096,0.0023,5.43,676.2,183.0,1,2,14.0,7.1,1.09,46.6,2.67,0.034,0.1166,0
NER-SIM-04896,Assam,Dima Hasao,NH-27 Lumding-Haflong Hill Cut,720.5,31.98,292.4,0.058,-0.0269,6.42,1049.3,412.0,1,4,9.6,10.0,1.55,34.0,0.46,0.046,0.0674,0
NER-SIM-04897,Mizoram,Aizawl,Aizawl-Lunglei Road Slopes,1099.4,40.32,313.0,0.0083,0.0495,6.4,1908.8,1190.7,1,4,124.8,213.5,15.95,82.4,16.14,5.764,0.7862,1
NER-SIM-04898,Arunachal Pradesh,West Kameng,Bhalukpong-Bomdila-Tawang Route,2304.8,53.2,269.6,-0.0447,-0.0008,8.26,89.3,207.1,4,2,139.1,367.6,20.33,91.5,31.56,3.475,0.9814,1
NER-SIM-04899,Manipur,Chandel,NH-102 Imphal-Moreh Corridor,1330.9,25.88,253.1,-0.0235,-0.0504,3.63,528.8,631.7,2,2,37.2,86.3,5.29,55.3,1.39,0.052,0.1025,0
NER-SIM-04900,Arunachal Pradesh,West Kameng,Bhalukpong-Bomdila-Tawang Route,2675.0,54.96,134.7,0.0617,-0.1298,4.51,6375.8,108.6,4,3,210.2,363.2,35.48,78.4,17.3,0.001,0.956,1
NER-SIM-04901,Meghalaya,South West Khasi Hills,Mawsynram Valley Slopes,1121.1,40.18,306.4,-0.0133,0.0365,2.45,3084.4,1727.9,2,1,67.0,153.7,11.34,82.6,21.64,3.584,0.4729,0
NER-SIM-04902,Arunachal Pradesh,Lower Subansiri,Ziro Foothill Section,1523.7,38.24,64.9,-0.0513,0.0586,5.43,1124.8,100.8,4,1,6.4,10.2,0.65,44.4,0.0,0.026,0.0514,0
NER-SIM-04903,Arunachal Pradesh,Lower Subansiri,Ziro Foothill Section,1535.5,42.89,263.7,-0.0148,-0.018,3.99,364.9,0.4,3,3,119.4,204.2,31.81,78.9,15.86,0.02,0.922,1
NER-SIM-04904,Manipur,Noney,Tupul Railway Corridor Section,900.2,27.66,251.7,-0.0316,0.0738,6.04,1027.9,1043.5,4,1,0.9,0.7,0.13,32.6,2.26,0.122,0.0421,0
NER-SIM-04905,Nagaland,Kohima,NH-29 Dimapur-Kohima By-pass,1642.4,21.58,60.8,-0.0329,0.044,4.58,188.4,233.0,3,1,59.8,170.0,7.55,76.5,9.95,0.0,0.4526,0
NER-SIM-04906,Arunachal Pradesh,Lower Subansiri,Ziro Foothill Section,1724.5,30.44,185.5,0.0579,-0.0278,7.5,2607.0,301.4,3,2,6.1,5.0,0.58,31.5,1.66,0.009,0.0512,0
NER-SIM-04907,Meghalaya,East Khasi Hills,NH-6 Shillong-Tamabil Highway,1087.2,29.72,205.9,0.1091,-0.0579,4.52,123.4,482.8,1,3,12.9,19.2,1.98,46.7,1.99,0.068,0.1158,0
NER-SIM-04908,Manipur,Chandel,NH-102 Imphal-Moreh Corridor,1216.9,35.56,336.3,-0.0302,0.0863,4.28,285.2,753.3,3,1,85.4,163.5,26.48,71.6,2.1,0.045,0.537,1
NER-SIM-04909,Manipur,Chandel,NH-102 Imphal-Moreh Corridor,1580.3,32.22,152.4,0.0956,0.0239,4.15,538.0,665.9,3,1,29.6,82.5,4.75,66.2,1.25,0.061,0.1335,0
NER-SIM-04910,Arunachal Pradesh,Lower Subansiri,Ziro Foothill Section,1087.1,30.48,141.2,-0.0279,-0.0104,6.97,1096.9,313.7,4,3,50.6,103.0,10.73,59.2,0.0,0.148,0.2073,0
NER-SIM-04911,Tripura,North Tripura,Jampui Hills Ridge Corridor,1149.0,18.68,247.7,0.004,-0.0033,9.78,675.3,132.9,1,1,4.1,4.7,0.34,45.1,2.57,0.002,0.0262,0
NER-SIM-04912,Arunachal Pradesh,West Kameng,Bhalukpong-Bomdila-Tawang Route,2659.4,41.61,183.0,0.0129,-0.0016,4.86,356.6,71.9,5,3,93.3,196.6,13.75,65.6,1.47,0.066,0.8496,1
NER-SIM-04913,Sikkim,Pakyong,NH-10 Sevoke-Gangtok Corridor,736.1,48.51,281.3,-0.0222,0.0451,4.6,4090.0,877.8,4,1,84.8,166.0,11.7,65.2,2.27,0.029,0.4,0
NER-SIM-04914,Arunachal Pradesh,Lower Subansiri,Ziro Foothill Section,1067.1,41.2,84.7,0.0227,-0.0278,4.29,2793.0,348.8,3,4,10.3,14.1,0.75,34.5,0.74,0.072,0.0502,0
NER-SIM-04915,Manipur,Chandel,NH-102 Imphal-Moreh Corridor,1068.8,29.58,2.9,0.0354,-0.0244,10.56,758.4,651.4,4,2,84.2,218.2,14.53,95.7,61.38,0.075,0.7903,1
NER-SIM-04916,Sikkim,Mangan,North Sikkim Highway (Chungthang),1390.5,35.56,171.4,-0.0171,0.0731,2.36,4353.5,1497.5,5,3,123.0,373.4,19.29,74.5,2.96,0.037,0.8345,1
NER-SIM-04917,Sikkim,Mangan,North Sikkim Highway (Chungthang),1658.9,27.06,12.6,-0.0062,-0.0036,8.67,318.8,364.6,4,4,32.3,75.6,9.55,52.8,1.95,0.0,0.1276,0
NER-SIM-04918,Meghalaya,East Khasi Hills,NH-6 Shillong-Tamabil Highway,1597.7,31.19,326.2,-0.0177,0.0266,7.58,493.5,703.7,3,3,62.2,193.3,8.44,84.1,24.44,0.034,0.6191,1
NER-SIM-04919,Mizoram,Aizawl,Aizawl-Lunglei Road Slopes,855.2,35.5,338.0,0.0899,-0.0116,5.05,1392.1,271.5,2,3,1.8,2.5,0.15,27.1,1.4,0.115,0.1164,0
NER-SIM-04920,Assam,Karbi Anglong,Diphu-Bokajan Escarpment,518.8,25.59,181.2,0.0074,0.0034,6.92,537.8,409.7,1,2,61.2,96.7,12.28,59.0,1.24,0.052,0.1612,0
NER-SIM-04921,Tripura,North Tripura,Jampui Hills Ridge Corridor,489.4,43.95,301.4,0.1558,-0.068,3.23,524.1,524.5,1,2,112.5,175.9,28.62,73.5,3.24,0.064,0.4741,0
NER-SIM-04922,Mizoram,Champhai,Champhai-Zokhawthar Border Cut,1689.0,32.12,229.0,0.0344,0.0514,3.88,921.2,300.1,1,3,33.6,97.6,6.47,60.4,2.35,0.031,0.2142,0
NER-SIM-04923,Arunachal Pradesh,West Kameng,Bhalukpong-Bomdila-Tawang Route,2152.0,44.71,220.7,0.0047,0.0227,5.16,4008.1,30.3,5,1,7.1,12.7,0.95,42.3,0.32,0.094,0.1869,0
NER-SIM-04924,Manipur,Noney,Tupul Railway Corridor Section,929.8,41.4,144.7,0.0097,0.0517,6.44,1123.9,70.2,2,3,14.5,25.7,1.1,37.4,3.51,0.014,0.145,0
NER-SIM-04925,Meghalaya,East Khasi Hills,NH-6 Shillong-Tamabil Highway,1516.8,38.11,200.3,-0.1308,-0.0068,3.85,1285.6,27.7,2,1,0.7,1.0,0.11,45.7,3.51,0.087,0.1143,0
NER-SIM-04926,Sikkim,Mangan,North Sikkim Highway (Chungthang),2275.6,48.66,139.1,0.0319,-0.0277,5.38,2809.3,475.8,4,1,46.0,79.4,6.59,58.2,1.94,0.073,0.2001,0
NER-SIM-04927,Meghalaya,South West Khasi Hills,Mawsynram Valley Slopes,924.1,33.41,322.6,-0.0288,-0.0731,4.03,1827.6,722.5,2,2,178.3,421.8,27.94,75.4,8.27,0.086,0.8179,1
NER-SIM-04928,Arunachal Pradesh,West Kameng,Bhalukpong-Bomdila-Tawang Route,1995.4,31.54,98.2,-0.035,-0.0048,6.19,4436.4,65.4,5,3,112.3,171.8,16.42,77.8,12.95,0.061,0.7004,1
NER-SIM-04929,Nagaland,Kohima,NH-29 Dimapur-Kohima By-pass,1164.7,22.14,11.0,-0.0319,-0.0198,5.54,406.1,204.3,2,2,24.8,29.1,1.67,42.4,2.29,0.029,0.107,0
NER-SIM-04930,Nagaland,Phek,Phek-Meluri Road Corridor,1424.3,32.49,51.2,0.0193,0.0109,4.48,830.7,111.6,2,1,122.0,214.1,16.06,73.5,5.0,0.032,0.4339,0
NER-SIM-04931,Sikkim,Pakyong,NH-10 Sevoke-Gangtok Corridor,1394.1,32.67,29.0,0.0337,0.0519,3.29,34.6,3.4,4,2,49.0,119.8,11.06,63.5,1.92,0.059,0.2488,0
NER-SIM-04932,Manipur,Chandel,NH-102 Imphal-Moreh Corridor,683.0,41.67,299.7,-0.0527,-0.018,5.84,1752.3,316.6,3,3,2.8,4.2,0.22,31.4,3.48,0.037,0.1412,0
NER-SIM-04933,Mizoram,Champhai,Champhai-Zokhawthar Border Cut,893.3,44.98,309.9,-0.0591,0.0767,2.39,624.3,560.0,2,1,153.9,259.5,26.47,79.0,16.76,0.028,0.7668,1
NER-SIM-04934,Mizoram,Aizawl,Aizawl-Lunglei Road Slopes,1313.3,44.73,198.5,-0.0015,-0.0692,3.82,125.4,431.8,3,4,12.4,18.3,1.35,45.9,3.17,0.047,0.0995,0
NER-SIM-04935,Meghalaya,South West Khasi Hills,Mawsynram Valley Slopes,1234.4,55.42,276.1,0.0726,0.0195,6.2,1378.0,228.0,2,1,72.6,175.6,9.92,89.8,36.33,0.424,0.7399,1
NER-SIM-04936,Arunachal Pradesh,West Kameng,Bhalukpong-Bomdila-Tawang Route,2326.1,39.81,172.8,0.0144,0.0327,3.28,432.9,706.3,5,3,2.2,1.1,0.19,31.0,2.38,0.009,0.1587,0
NER-SIM-04937,Tripura,North Tripura,Jampui Hills Ridge Corridor,463.8,15.36,43.3,-0.059,0.0993,4.91,5656.8,196.8,2,4,110.5,301.4,22.68,91.2,35.24,0.037,0.5926,1
NER-SIM-04938,Arunachal Pradesh,West Kameng,Bhalukpong-Bomdila-Tawang Route,2414.7,24.81,185.1,-0.0104,-0.0235,5.06,244.4,498.2,5,4,41.8,100.6,7.0,60.2,2.3,0.036,0.2079,0
NER-SIM-04939,Meghalaya,East Khasi Hills,NH-6 Shillong-Tamabil Highway,1436.2,35.37,163.9,-0.0364,0.028,3.76,161.8,616.2,2,1,18.6,29.6,2.25,52.0,1.28,0.0,0.0738,0
NER-SIM-04940,Meghalaya,South West Khasi Hills,Mawsynram Valley Slopes,1228.2,37.44,38.2,-0.0371,0.0223,6.43,75.4,596.6,1,4,85.5,225.3,24.77,76.1,8.4,0.128,0.4843,0
NER-SIM-04941,Manipur,Noney,Tupul Railway Corridor Section,756.5,50.03,154.2,0.0325,-0.0251,6.01,891.2,23.6,2,2,95.0,128.5,10.7,61.2,1.53,0.0,0.4925,0
NER-SIM-04942,Assam,Dima Hasao,NH-27 Lumding-Haflong Hill Cut,506.9,34.03,307.7,0.0099,-0.0131,4.42,469.7,70.7,1,1,7.2,3.8,1.14,36.0,1.08,0.0,0.0575,0
NER-SIM-04943,Mizoram,Aizawl,Aizawl-Lunglei Road Slopes,1330.5,40.59,201.8,-0.0181,0.0183,3.87,345.5,357.5,2,1,6.5,6.5,0.67,43.3,1.87,0.036,0.1089,0
NER-SIM-04944,Mizoram,Aizawl,Aizawl-Lunglei Road Slopes,720.5,30.15,251.9,0.0075,-0.0763,9.33,596.3,109.1,1,3,7.0,7.3,0.86,41.0,0.47,0.088,0.1261,0
NER-SIM-04945,Sikkim,Pakyong,NH-10 Sevoke-Gangtok Corridor,1355.1,38.67,13.7,0.0168,-0.0089,5.24,1217.4,1280.0,4,2,13.8,24.0,1.82,42.7,1.39,0.0,0.0774,0
NER-SIM-04946,Manipur,Noney,Tupul Railway Corridor Section,543.7,35.49,249.3,0.0477,-0.0429,4.21,513.1,438.0,3,3,3.6,3.9,0.29,32.8,3.69,0.0,0.1864,0
NER-SIM-04947,Meghalaya,South West Khasi Hills,Mawsynram Valley Slopes,1211.4,42.49,325.1,0.025,0.0407,4.21,729.9,444.8,2,1,10.9,13.7,0.79,43.2,0.91,0.105,0.0927,0
NER-SIM-04948,Assam,Karbi Anglong,Diphu-Bokajan Escarpment,1045.5,24.89,106.1,0.0217,0.0339,6.73,268.5,35.7,1,1,11.0,10.5,0.95,35.2,1.88,0.011,0.0527,0
NER-SIM-04949,Nagaland,Phek,Phek-Meluri Road Corridor,1724.4,38.82,74.5,-0.0728,-0.0152,4.11,2466.6,47.3,3,3,2.3,1.3,0.27,33.5,4.82,0.024,0.2458,0
NER-SIM-04950,Meghalaya,South West Khasi Hills,Mawsynram Valley Slopes,1284.2,30.92,302.5,-0.0596,-0.0149,5.25,1956.0,1039.3,2,3,30.3,56.7,5.06,45.1,0.0,0.045,0.1471,0
NER-SIM-04951,Meghalaya,East Khasi Hills,NH-6 Shillong-Tamabil Highway,1387.0,34.81,208.3,0.0017,0.0058,4.92,1392.4,218.2,1,4,9.8,10.4,0.84,37.2,2.01,0.016,0.0488,0
NER-SIM-04952,Sikkim,Pakyong,NH-10 Sevoke-Gangtok Corridor,1282.7,32.77,0.1,-0.0285,-0.0387,4.89,1758.6,295.3,4,4,119.0,373.1,24.87,80.4,16.6,0.0,0.7778,1
NER-SIM-04953,Manipur,Chandel,NH-102 Imphal-Moreh Corridor,698.6,41.47,139.2,-0.0659,-0.052,4.67,745.5,1403.2,4,3,3.3,5.8,0.41,36.1,0.0,0.075,0.1243,0
NER-SIM-04954,Nagaland,Kohima,NH-29 Dimapur-Kohima By-pass,1444.2,43.74,317.6,0.0035,-0.0186,6.16,1591.8,567.2,3,1,42.4,98.0,6.07,62.6,3.3,0.02,0.3378,0
NER-SIM-04955,Meghalaya,South West Khasi Hills,Mawsynram Valley Slopes,884.7,37.78,74.2,0.0232,0.0143,4.94,839.2,162.4,1,4,17.0,28.6,1.44,51.6,3.08,0.09,0.1324,0
NER-SIM-04956,Nagaland,Kohima,NH-29 Dimapur-Kohima By-pass,1123.6,30.64,141.6,0.0521,0.0051,5.5,693.9,490.5,2,2,123.9,217.1,29.88,75.8,7.61,0.076,0.4943,0
NER-SIM-04957,Nagaland,Kohima,NH-29 Dimapur-Kohima By-pass,1691.2,38.11,341.5,-0.0267,-0.0016,6.26,216.0,184.4,3,3,22.3,36.4,1.82,42.8,4.87,0.029,0.1581,0
NER-SIM-04958,Meghalaya,South West Khasi Hills,Mawsynram Valley Slopes,1057.4,32.93,244.6,0.056,-0.0418,7.32,67.9,555.0,2,4,188.1,595.5,35.05,85.9,19.29,2.207,0.9719,1
NER-SIM-04959,Mizoram,Champhai,Champhai-Zokhawthar Border Cut,1169.5,34.95,153.5,0.0433,0.0496,3.67,363.5,161.8,2,3,47.3,37.3,5.97,35.2,2.85,0.038,0.1389,0
NER-SIM-04960,Tripura,North Tripura,Jampui Hills Ridge Corridor,568.8,32.42,312.4,0.0334,-0.001,4.85,2541.1,75.6,1,1,6.3,9.9,0.54,49.5,0.79,0.0,0.0806,0
NER-SIM-04961,Meghalaya,South West Khasi Hills,Mawsynram Valley Slopes,1541.6,41.84,87.0,0.0581,0.0607,5.25,600.6,228.6,2,2,45.5,77.1,8.31,44.5,1.92,0.063,0.2353,0
NER-SIM-04962,Assam,Karbi Anglong,Diphu-Bokajan Escarpment,151.2,34.85,51.8,0.0903,0.0488,3.95,369.4,319.4,1,4,95.4,166.3,25.65,59.7,0.31,0.055,0.3388,0
NER-SIM-04963,Tripura,North Tripura,Jampui Hills Ridge Corridor,1151.0,28.09,221.3,-0.0347,0.0496,5.37,933.5,477.6,1,3,150.9,281.9,35.39,85.3,21.52,0.089,0.842,1
NER-SIM-04964,Nagaland,Phek,Phek-Meluri Road Corridor,1026.5,42.83,338.8,0.0211,0.0036,6.08,1173.3,546.7,2,4,9.5,7.7,0.64,40.5,5.43,0.082,0.1076,0
NER-SIM-04965,Tripura,North Tripura,Jampui Hills Ridge Corridor,195.2,23.54,302.0,0.0453,0.0242,8.86,183.8,107.8,1,3,207.9,429.7,27.38,75.7,8.72,0.095,0.9571,1
NER-SIM-04966,Sikkim,Mangan,North Sikkim Highway (Chungthang),1553.0,31.99,263.1,0.0523,-0.0152,4.5,921.1,310.3,5,4,152.3,256.1,32.77,72.3,1.44,0.07,0.5821,1
NER-SIM-04967,Nagaland,Phek,Phek-Meluri Road Corridor,1501.6,36.75,335.6,0.0541,0.037,3.1,2355.1,882.5,3,2,3.8,1.9,0.32,43.1,2.78,0.045,0.0309,0
NER-SIM-04968,Meghalaya,South West Khasi Hills,Mawsynram Valley Slopes,1178.0,26.29,323.1,-0.0443,0.04,8.22,2276.4,607.2,1,2,20.2,28.5,1.79,42.1,0.44,0.045,0.0728,0
NER-SIM-04969,Sikkim,Pakyong,NH-10 Sevoke-Gangtok Corridor,723.5,33.63,140.8,0.0093,-0.0775,5.92,1426.1,1054.7,3,2,16.8,9.1,1.21,39.1,2.15,0.164,0.1029,0
NER-SIM-04970,Mizoram,Aizawl,Aizawl-Lunglei Road Slopes,763.0,49.16,167.6,0.0414,0.0647,7.57,214.5,887.4,2,1,5.1,8.8,0.42,33.2,4.05,0.033,0.1268,0
NER-SIM-04971,Mizoram,Aizawl,Aizawl-Lunglei Road Slopes,1358.2,41.58,100.7,-0.0641,-0.0413,5.76,946.9,504.4,1,3,156.1,336.8,23.19,79.8,16.9,0.0,0.7792,1
NER-SIM-04972,Meghalaya,South West Khasi Hills,Mawsynram Valley Slopes,1488.8,19.23,219.8,0.0867,0.0133,5.25,505.4,663.5,1,3,43.7,104.2,7.17,65.8,2.22,0.009,0.2934,0
NER-SIM-04973,Mizoram,Aizawl,Aizawl-Lunglei Road Slopes,1573.0,24.95,359.1,0.0031,-0.0096,8.13,665.3,17.9,1,2,1.0,1.5,0.1,32.1,2.35,0.101,0.0558,0
NER-SIM-04974,Manipur,Chandel,NH-102 Imphal-Moreh Corridor,488.5,21.77,310.7,-0.1021,0.0522,6.69,2444.4,149.3,2,2,36.5,101.6,8.74,54.5,2.73,0.056,0.1976,0
NER-SIM-04975,Mizoram,Aizawl,Aizawl-Lunglei Road Slopes,1471.6,29.86,111.2,-0.0787,0.0255,4.79,2721.1,931.7,2,1,18.1,24.2,2.29,43.3,2.06,0.045,0.0427,0
NER-SIM-04976,Mizoram,Aizawl,Aizawl-Lunglei Road Slopes,763.8,36.52,213.7,-0.0117,-0.0284,7.04,308.8,77.7,2,3,3.0,4.2,0.28,38.6,0.0,0.004,0.1418,0
NER-SIM-04977,Arunachal Pradesh,West Kameng,Bhalukpong-Bomdila-Tawang Route,2199.4,47.35,21.8,0.0699,-0.0139,3.17,1293.6,28.7,3,1,4.1,2.4,0.37,25.3,2.43,0.024,0.1062,0
NER-SIM-04978,Sikkim,Mangan,North Sikkim Highway (Chungthang),2043.3,47.53,135.7,0.0976,-0.0594,4.27,994.9,15.1,4,4,5.5,2.8,0.65,35.5,0.0,0.034,0.1424,0
NER-SIM-04979,Mizoram,Champhai,Champhai-Zokhawthar Border Cut,1235.1,33.86,343.3,0.0135,0.0824,7.23,679.7,412.2,1,4,12.3,11.9,1.2,36.7,1.16,0.081,0.0826,0
NER-SIM-04980,Arunachal Pradesh,Lower Subansiri,Ziro Foothill Section,1228.1,20.27,64.9,0.0275,0.0218,3.93,2679.1,109.0,3,1,98.0,243.0,21.48,79.6,18.4,0.078,0.5148,1
NER-SIM-04981,Mizoram,Champhai,Champhai-Zokhawthar Border Cut,1544.1,38.37,48.0,0.0448,0.0356,8.41,7153.3,34.4,3,4,69.4,172.9,10.61,69.5,0.0,0.05,0.3685,0
NER-SIM-04982,Tripura,North Tripura,Jampui Hills Ridge Corridor,592.3,32.88,149.4,-0.0343,0.0031,5.19,1241.4,72.5,1,1,42.3,116.2,8.53,62.9,2.82,0.064,0.1782,0
NER-SIM-04983,Nagaland,Kohima,NH-29 Dimapur-Kohima By-pass,1126.4,49.28,226.7,-0.0653,0.0575,2.0,630.0,372.0,2,3,6.7,3.7,0.54,33.9,3.25,0.11,0.1795,0
NER-SIM-04984,Assam,Dima Hasao,NH-27 Lumding-Haflong Hill Cut,726.8,28.87,268.5,-0.0054,-0.0118,4.02,705.2,102.2,1,1,0.6,0.6,0.05,44.5,1.17,0.061,0.0665,0
NER-SIM-04985,Nagaland,Kohima,NH-29 Dimapur-Kohima By-pass,849.2,31.39,54.3,-0.0594,-0.0061,5.66,102.2,5.1,2,4,6.2,9.7,0.55,36.2,0.68,0.079,0.1721,0
NER-SIM-04986,Sikkim,Pakyong,NH-10 Sevoke-Gangtok Corridor,1053.6,43.2,75.8,0.1043,0.0284,4.48,1124.7,417.2,3,1,64.8,127.9,13.58,62.1,1.34,0.051,0.3034,0
NER-SIM-04987,Tripura,North Tripura,Jampui Hills Ridge Corridor,705.8,31.29,15.4,0.0186,0.0019,3.49,574.1,25.9,1,4,9.3,8.5,1.21,34.8,0.0,0.012,0.062,0
NER-SIM-04988,Mizoram,Champhai,Champhai-Zokhawthar Border Cut,1473.8,33.08,91.9,-0.0115,0.0522,3.93,2024.4,172.1,2,3,0.8,0.4,0.12,22.3,1.08,0.082,0.0874,0
NER-SIM-04989,Mizoram,Champhai,Champhai-Zokhawthar Border Cut,1621.5,34.93,289.3,0.0516,-0.0775,6.52,734.3,333.9,1,3,152.4,418.6,30.06,74.8,3.54,0.066,0.8395,1
NER-SIM-04990,Mizoram,Champhai,Champhai-Zokhawthar Border Cut,1396.5,12.89,242.2,-0.0329,-0.0828,3.43,1408.8,200.6,1,4,2.7,2.7,0.42,32.9,2.32,0.068,0.0256,0
NER-SIM-04991,Arunachal Pradesh,Lower Subansiri,Ziro Foothill Section,1429.7,33.12,280.3,-0.0468,-0.0637,5.43,380.9,617.6,3,1,31.8,30.9,2.2,49.1,0.59,0.058,0.079,0
NER-SIM-04992,Assam,Karbi Anglong,Diphu-Bokajan Escarpment,558.3,22.14,44.6,-0.0243,-0.0495,4.09,136.1,239.1,2,1,18.5,58.5,5.89,49.3,4.23,0.008,0.1217,0
NER-SIM-04993,Tripura,North Tripura,Jampui Hills Ridge Corridor,659.6,27.79,80.9,0.0244,0.0436,6.59,362.3,295.2,1,1,1.9,2.1,0.21,33.9,1.79,0.049,0.0544,0
NER-SIM-04994,Arunachal Pradesh,West Kameng,Bhalukpong-Bomdila-Tawang Route,1588.8,41.2,120.4,-0.0131,0.0382,3.96,2261.4,781.9,4,3,21.0,13.2,1.72,35.5,1.12,0.026,0.2188,0
NER-SIM-04995,Arunachal Pradesh,Lower Subansiri,Ziro Foothill Section,1882.2,28.92,355.9,-0.0602,0.0255,4.39,1348.2,177.2,3,4,140.8,213.3,22.72,84.4,25.69,0.057,0.6415,1
NER-SIM-04996,Nagaland,Phek,Phek-Meluri Road Corridor,1765.0,30.1,143.0,-0.0052,0.0445,4.78,1648.9,819.2,2,2,10.1,12.0,0.67,45.6,0.61,0.055,0.0934,0
NER-SIM-04997,Manipur,Chandel,NH-102 Imphal-Moreh Corridor,1275.6,31.69,246.7,0.0652,0.0286,5.05,376.9,351.6,2,1,167.9,522.1,41.36,83.1,20.32,0.051,0.9408,1
NER-SIM-04998,Mizoram,Aizawl,Aizawl-Lunglei Road Slopes,1161.1,46.37,66.5,-0.0377,-0.0435,4.95,211.9,73.6,2,2,35.0,48.3,2.81,45.1,1.96,0.009,0.2888,0
NER-SIM-04999,Manipur,Noney,Tupul Railway Corridor Section,1063.4,39.82,357.1,-0.0386,-0.1074,5.42,62.1,124.2,2,3,108.3,299.7,18.31,78.9,12.99,0.113,0.8667,1
NER-SIM-05000,Assam,Karbi Anglong,Diphu-Bokajan Escarpment,733.5,40.18,83.8,0.0245,0.0905,4.11,323.1,45.8,1,1,59.6,146.8,9.53,78.6,14.62,0.028,0.4741,0
NER-SIM-05001,Nagaland,Kohima,NH-29 Dimapur-Kohima By-pass,1459.2,28.89,235.8,-0.0404,-0.0008,4.8,478.8,8.6,3,2,142.6,337.5,27.09,77.4,14.25,0.087,0.8488,1
NER-SIM-05002,Sikkim,Pakyong,NH-10 Sevoke-Gangtok Corridor,1376.7,28.31,181.0,0.0576,-0.0397,6.23,94.4,32.2,3,1,9.5,15.6,1.15,44.8,5.65,0.05,0.1281,0
NER-SIM-05003,Arunachal Pradesh,Lower Subansiri,Ziro Foothill Section,1978.3,50.34,143.0,0.0164,-0.0665,2.84,669.8,256.5,5,2,123.4,353.9,15.52,78.4,13.42,0.045,0.9156,1
NER-SIM-05004,Manipur,Noney,Tupul Railway Corridor Section,772.4,57.02,253.3,-0.0836,-0.0691,5.46,4.2,392.3,3,1,64.0,98.4,8.27,55.6,1.61,0.028,0.6155,1
NER-SIM-05005,Manipur,Chandel,NH-102 Imphal-Moreh Corridor,942.1,29.18,234.7,0.0589,0.1492,9.43,100.5,286.8,2,1,61.0,114.4,9.06,62.3,1.17,0.024,0.286,0
NER-SIM-05006,Tripura,North Tripura,Jampui Hills Ridge Corridor,1044.5,27.43,117.3,0.0166,-0.0567,7.46,451.6,109.8,1,1,5.9,8.1,0.44,31.8,1.14,0.093,0.0612,0
NER-SIM-05007,Assam,Karbi Anglong,Diphu-Bokajan Escarpment,734.3,18.11,131.2,0.0422,-0.011,6.63,455.8,62.7,1,3,4.2,5.2,0.4,46.5,0.08,0.088,0.1054,0
NER-SIM-05008,Mizoram,Aizawl,Aizawl-Lunglei Road Slopes,1124.2,33.47,309.3,0.093,0.0662,6.69,2067.4,331.9,2,2,220.3,596.1,31.61,74.9,0.0,0.017,0.9386,1
NER-SIM-05009,Manipur,Noney,Tupul Railway Corridor Section,1402.4,34.56,28.0,-0.0281,-0.0872,2.5,508.8,1131.8,4,1,1.5,1.6,0.1,38.7,2.45,0.081,0.0997,0
NER-SIM-05010,Meghalaya,East Khasi Hills,NH-6 Shillong-Tamabil Highway,1465.8,40.41,237.4,0.051,0.0523,2.24,363.0,495.2,1,2,17.6,24.4,1.63,34.1,0.0,0.0,0.0892,0
NER-SIM-05011,Mizoram,Aizawl,Aizawl-Lunglei Road Slopes,965.4,48.39,188.0,-0.0506,0.0424,5.34,732.2,562.1,2,4,75.2,172.1,12.65,69.5,1.04,0.134,0.403,0
NER-SIM-05012,Sikkim,Pakyong,NH-10 Sevoke-Gangtok Corridor,1195.0,41.63,62.6,-0.0194,0.0243,4.63,213.3,20.1,4,3,14.2,12.3,1.14,38.5,3.38,0.055,0.2393,0
NER-SIM-05013,Arunachal Pradesh,West Kameng,Bhalukpong-Bomdila-Tawang Route,1955.7,52.46,106.1,-0.0714,-0.0498,2.0,492.5,57.8,4,2,23.6,31.1,1.72,33.8,0.07,0.051,0.1224,0
NER-SIM-05014,Tripura,North Tripura,Jampui Hills Ridge Corridor,1158.1,31.04,49.4,0.0236,0.0326,6.01,891.0,1023.4,2,1,38.5,111.5,5.78,66.0,1.27,0.044,0.2299,0
NER-SIM-05015,Arunachal Pradesh,Lower Subansiri,Ziro Foothill Section,1801.4,32.86,155.1,-0.0101,-0.0443,4.94,2421.9,98.4,3,3,2.0,3.5,0.2,34.9,2.08,0.053,0.1044,0
NER-SIM-05016,Tripura,North Tripura,Jampui Hills Ridge Corridor,636.5,32.04,78.1,-0.0117,-0.0009,6.35,3121.4,205.1,1,3,50.8,83.6,8.02,61.6,1.39,0.019,0.2457,0
NER-SIM-05017,Sikkim,Pakyong,NH-10 Sevoke-Gangtok Corridor,1308.3,29.95,218.8,0.0082,0.0803,5.51,880.8,109.3,4,1,99.9,203.6,18.76,78.9,15.11,0.027,0.6042,1
NER-SIM-05018,Assam,Karbi Anglong,Diphu-Bokajan Escarpment,159.5,17.03,74.1,0.002,-0.0818,5.52,120.8,96.4,1,2,91.0,290.1,15.83,71.1,4.05,0.014,0.5753,1
NER-SIM-05019,Manipur,Chandel,NH-102 Imphal-Moreh Corridor,1190.0,24.62,247.1,0.0053,0.0249,6.37,1110.9,253.7,3,4,144.8,335.3,35.79,81.9,20.25,0.137,0.6988,1
NER-SIM-05020,Arunachal Pradesh,Lower Subansiri,Ziro Foothill Section,1242.0,44.75,340.6,-0.0145,0.0028,5.69,585.8,129.9,3,4,1.3,2.2,0.21,32.5,0.58,0.033,0.1566,0
NER-SIM-05021,Mizoram,Champhai,Champhai-Zokhawthar Border Cut,1376.8,21.38,217.7,0.117,-0.0421,6.69,261.6,557.7,1,3,13.7,13.5,0.96,45.8,0.65,0.041,0.1381,0
NER-SIM-05022,Assam,Dima Hasao,NH-27 Lumding-Haflong Hill Cut,308.0,47.74,21.1,0.0209,-0.0311,2.19,401.5,668.2,1,3,103.9,322.9,13.81,80.8,22.77,0.053,0.8787,1
NER-SIM-05023,Manipur,Noney,Tupul Railway Corridor Section,960.1,39.22,337.3,0.0098,-0.0175,6.19,387.0,5.4,2,1,15.8,13.9,1.9,34.2,3.65,0.0,0.1353,0
NER-SIM-05024,Assam,Dima Hasao,NH-27 Lumding-Haflong Hill Cut,593.0,39.13,333.6,0.0003,-0.0152,4.77,10.8,0.4,1,1,39.1,61.4,2.77,50.3,0.0,0.058,0.358,0
NER-SIM-05025,Mizoram,Champhai,Champhai-Zokhawthar Border Cut,1325.4,34.44,188.8,0.1187,0.1122,7.85,392.2,158.2,1,3,1.7,2.2,0.12,37.1,0.76,0.086,0.0955,0
NER-SIM-05026,Sikkim,Mangan,North Sikkim Highway (Chungthang),1503.7,36.48,56.3,-0.0309,0.044,5.03,2635.3,301.4,4,1,15.7,24.7,1.04,38.5,1.81,0.0,0.0423,0
NER-SIM-05027,Nagaland,Phek,Phek-Meluri Road Corridor,1630.1,28.0,74.1,-0.0419,0.0124,6.35,522.6,151.9,3,3,1.2,1.5,0.19,48.4,1.31,0.042,0.159,0
NER-SIM-05028,Sikkim,Mangan,North Sikkim Highway (Chungthang),2243.0,59.45,270.0,-0.0045,-0.03,6.03,345.2,88.4,5,4,15.5,22.6,1.26,37.4,0.17,0.109,0.3409,0
NER-SIM-05029,Manipur,Noney,Tupul Railway Corridor Section,279.8,44.61,214.3,-0.0414,0.0218,5.04,613.0,170.1,4,3,89.4,196.1,29.66,84.4,22.59,2.332,0.8594,1
NER-SIM-05030,Nagaland,Phek,Phek-Meluri Road Corridor,1392.0,44.5,159.1,-0.0679,-0.094,5.13,574.9,867.0,3,3,122.7,274.0,18.38,84.6,32.37,6.293,0.9499,1
NER-SIM-05031,Meghalaya,East Khasi Hills,NH-6 Shillong-Tamabil Highway,1580.6,41.98,141.2,-0.025,0.0271,6.28,1569.3,248.7,2,3,3.9,4.6,0.28,27.6,1.04,0.089,0.2184,0
NER-SIM-05032,Mizoram,Aizawl,Aizawl-Lunglei Road Slopes,1165.5,35.96,152.4,-0.1212,0.0775,3.93,2784.7,124.7,2,2,123.9,286.1,18.48,95.1,41.88,0.531,0.8786,1
NER-SIM-05033,Meghalaya,South West Khasi Hills,Mawsynram Valley Slopes,1359.5,38.97,311.6,0.0621,0.0001,5.23,483.1,22.8,2,3,1.7,1.8,0.12,36.0,2.14,0.049,0.1965,0
NER-SIM-05034,Nagaland,Kohima,NH-29 Dimapur-Kohima By-pass,1533.3,20.78,23.6,-0.0636,-0.0272,8.17,2319.8,1517.3,2,3,0.2,0.3,0.02,35.7,0.0,0.017,0.0268,0
NER-SIM-05035,Sikkim,Pakyong,NH-10 Sevoke-Gangtok Corridor,978.1,38.9,8.9,-0.0197,0.1042,5.22,4160.8,43.0,4,1,56.8,140.2,15.66,73.5,2.82,0.012,0.3625,0
NER-SIM-05036,Nagaland,Phek,Phek-Meluri Road Corridor,1960.8,37.14,212.0,0.0396,-0.0785,4.32,2682.7,503.9,3,3,9.0,15.3,0.79,38.9,2.11,0.033,0.1039,0
NER-SIM-05037,Mizoram,Champhai,Champhai-Zokhawthar Border Cut,1519.5,21.95,260.4,-0.0318,-0.018,4.83,698.1,1007.5,1,1,0.2,0.2,0.02,21.9,1.03,0.162,0.0321,0
NER-SIM-05038,Arunachal Pradesh,West Kameng,Bhalukpong-Bomdila-Tawang Route,2179.4,50.2,354.6,-0.0475,0.0009,3.98,113.0,629.7,5,1,2.6,4.3,0.25,40.7,1.65,0.0,0.1176,0
NER-SIM-05039,Tripura,North Tripura,Jampui Hills Ridge Corridor,713.9,38.38,239.6,0.0461,0.0231,6.71,837.2,244.0,2,1,8.7,7.7,1.1,45.1,3.26,0.065,0.0568,0
NER-SIM-05040,Nagaland,Phek,Phek-Meluri Road Corridor,1285.6,34.24,296.2,0.0303,0.1223,5.33,7336.8,172.5,2,2,2.3,2.1,0.16,36.1,1.09,0.044,0.0825,0
NER-SIM-05041,Meghalaya,South West Khasi Hills,Mawsynram Valley Slopes,1067.5,29.11,7.5,-0.1029,-0.007,4.99,2376.3,75.1,1,1,46.7,126.0,10.09,70.0,0.0,0.006,0.1598,0
NER-SIM-05042,Nagaland,Kohima,NH-29 Dimapur-Kohima By-pass,1570.1,23.63,203.2,0.0666,0.0068,7.08,199.5,12.0,3,1,2.8,5.0,0.21,29.6,0.92,0.032,0.0398,0
NER-SIM-05043,Meghalaya,South West Khasi Hills,Mawsynram Valley Slopes,1414.6,41.86,3.1,-0.0343,0.0038,2.07,6030.1,557.8,2,4,0.2,0.4,0.02,31.1,4.08,0.053,0.0507,0
NER-SIM-05044,Arunachal Pradesh,West Kameng,Bhalukpong-Bomdila-Tawang Route,2209.4,36.11,294.3,0.045,-0.0486,8.4,271.2,274.9,5,1,61.9,189.8,15.71,78.4,17.47,0.0,0.399,0
NER-SIM-05045,Mizoram,Aizawl,Aizawl-Lunglei Road Slopes,1157.3,34.99,26.9,-0.0144,-0.0043,4.6,2649.7,381.9,1,2,2.8,2.2,0.21,32.6,2.61,0.0,0.081,0
NER-SIM-05046,Meghalaya,South West Khasi Hills,Mawsynram Valley Slopes,1647.6,38.14,7.3,0.0334,0.0166,4.95,397.4,55.5,2,4,120.1,195.3,21.18,91.4,34.61,4.07,0.8816,1
NER-SIM-05047,Manipur,Chandel,NH-102 Imphal-Moreh Corridor,547.4,29.11,219.4,-0.0184,0.0047,3.74,1988.5,395.1,2,1,104.7,291.9,32.29,80.7,18.32,0.12,0.6046,1
NER-SIM-05048,Arunachal Pradesh,Lower Subansiri,Ziro Foothill Section,1930.1,28.7,258.6,-0.0415,-0.0811,6.35,441.9,823.1,4,1,1.0,1.3,0.16,28.3,2.24,0.058,0.0363,0
NER-SIM-05049,Meghalaya,East Khasi Hills,NH-6 Shillong-Tamabil Highway,1975.8,20.19,66.5,0.0103,0.017,5.09,2900.4,343.5,1,2,42.7,105.3,6.19,59.4,3.51,0.075,0.1848,0
NER-SIM-05050,Mizoram,Champhai,Champhai-Zokhawthar Border Cut,1369.3,32.52,192.5,-0.0767,0.0165,6.0,1749.0,562.6,1,2,2.0,1.2,0.18,22.4,4.69,0.007,0.0824,0
NER-SIM-05051,Assam,Dima Hasao,NH-27 Lumding-Haflong Hill Cut,627.0,43.95,313.2,0.0271,0.0491,4.88,321.2,23.9,1,1,155.4,414.6,22.38,81.4,18.55,0.031,0.9509,1
NER-SIM-05052,Nagaland,Kohima,NH-29 Dimapur-Kohima By-pass,1275.5,34.85,61.6,0.0688,-0.1464,6.51,156.3,799.0,1,1,177.1,527.8,48.83,81.9,17.31,0.066,0.8727,1
NER-SIM-05053,Tripura,North Tripura,Jampui Hills Ridge Corridor,672.9,31.47,315.1,0.0716,-0.0244,5.12,149.1,327.0,1,3,0.5,0.4,0.08,29.2,1.87,0.133,0.1042,0
NER-SIM-05054,Mizoram,Champhai,Champhai-Zokhawthar Border Cut,1446.2,20.97,294.3,-0.0341,-0.0136,2.18,623.2,127.5,2,1,29.5,50.0,2.37,45.5,0.01,0.022,0.0956,0
NER-SIM-05055,Sikkim,Pakyong,NH-10 Sevoke-Gangtok Corridor,722.0,21.48,57.6,0.0173,-0.014,6.41,1261.6,191.4,2,2,0.9,0.6,0.09,41.4,2.29,0.029,0.0631,0
NER-SIM-05056,Mizoram,Champhai,Champhai-Zokhawthar Border Cut,1681.4,34.15,260.8,0.0851,-0.0161,4.2,1622.7,619.2,1,3,104.9,257.4,31.59,82.6,26.36,3.88,0.8426,1
NER-SIM-05057,Tripura,North Tripura,Jampui Hills Ridge Corridor,769.4,20.42,132.2,0.033,-0.0244,3.72,1003.0,49.2,1,2,3.0,2.8,0.3,30.7,1.55,0.066,0.0823,0
NER-SIM-05058,Mizoram,Aizawl,Aizawl-Lunglei Road Slopes,1116.5,58.18,245.6,0.0064,-0.0077,3.69,1942.8,24.7,1,1,7.3,12.1,0.59,37.9,0.0,0.098,0.1016,0
NER-SIM-05059,Nagaland,Phek,Phek-Meluri Road Corridor,1726.8,27.83,326.9,0.0779,0.0409,4.44,1811.9,80.9,2,1,188.5,395.3,47.4,77.5,13.23,0.0,0.8133,1
NER-SIM-05060,Arunachal Pradesh,Lower Subansiri,Ziro Foothill Section,1842.7,51.74,38.2,0.0528,-0.0604,3.17,361.1,623.9,4,4,133.9,294.0,17.78,75.4,11.25,0.047,0.9096,1
NER-SIM-05061,Arunachal Pradesh,West Kameng,Bhalukpong-Bomdila-Tawang Route,2118.6,28.48,170.3,-0.0788,0.0206,8.62,3228.9,115.3,5,2,6.0,4.8,0.77,33.9,0.0,0.036,0.083,0
NER-SIM-05062,Arunachal Pradesh,Lower Subansiri,Ziro Foothill Section,1771.6,29.82,32.0,-0.0227,-0.0502,8.32,1276.3,8.4,3,1,4.3,7.6,0.58,30.0,1.74,0.03,0.0729,0
NER-SIM-05063,Arunachal Pradesh,Lower Subansiri,Ziro Foothill Section,1634.7,27.96,191.5,0.0081,-0.075,5.28,10.2,464.6,3,4,55.6,121.4,10.88,60.9,0.0,0.084,0.2652,0
NER-SIM-05064,Arunachal Pradesh,Lower Subansiri,Ziro Foothill Section,1331.4,23.65,155.3,0.0218,0.0352,3.84,668.3,382.7,3,1,95.3,179.1,26.67,82.5,23.53,0.032,0.4753,0
NER-SIM-05065,Assam,Karbi Anglong,Diphu-Bokajan Escarpment,344.7,31.62,81.9,-0.0045,-0.0114,5.87,2065.4,362.5,1,3,31.5,19.4,2.97,42.8,3.49,0.059,0.1212,0
NER-SIM-05066,Manipur,Noney,Tupul Railway Corridor Section,529.6,32.02,224.9,0.0076,0.0498,6.13,948.2,3.8,2,4,13.9,13.4,1.0,46.1,3.65,0.0,0.1089,0
NER-SIM-05067,Assam,Karbi Anglong,Diphu-Bokajan Escarpment,740.8,24.3,287.7,0.0949,0.0697,6.79,394.1,1552.0,1,1,5.6,9.6,0.49,44.8,3.2,0.062,0.0537,0
NER-SIM-05068,Sikkim,Pakyong,NH-10 Sevoke-Gangtok Corridor,602.0,43.23,158.9,-0.0341,0.1552,5.26,1749.6,38.1,4,1,12.5,11.4,1.42,37.7,2.55,0.025,0.1511,0
NER-SIM-05069,Sikkim,Pakyong,NH-10 Sevoke-Gangtok Corridor,960.0,24.9,209.0,-0.0465,-0.0648,4.48,851.7,260.0,5,4,23.6,33.2,1.83,39.0,2.33,0.058,0.0749,0
NER-SIM-05070,Tripura,North Tripura,Jampui Hills Ridge Corridor,296.5,37.5,162.3,-0.0076,0.0256,6.32,289.5,127.5,2,4,12.2,18.3,1.08,39.0,2.11,0.047,0.1639,0
NER-SIM-05071,Mizoram,Champhai,Champhai-Zokhawthar Border Cut,1228.9,36.61,289.9,0.0216,-0.047,6.47,1022.1,27.0,2,3,74.5,219.5,10.36,86.7,30.56,6.95,0.9125,1
NER-SIM-05072,Arunachal Pradesh,West Kameng,Bhalukpong-Bomdila-Tawang Route,2786.1,36.07,272.2,0.0889,0.0265,5.82,519.4,413.1,5,4,15.0,14.9,1.63,34.5,0.34,0.04,0.095,0
NER-SIM-05073,Nagaland,Kohima,NH-29 Dimapur-Kohima By-pass,1646.1,23.78,261.6,-0.1007,0.0181,7.11,131.4,98.5,2,1,15.6,21.6,2.42,46.6,1.78,0.087,0.1128,0
NER-SIM-05074,Manipur,Chandel,NH-102 Imphal-Moreh Corridor,1195.7,38.41,139.2,0.0418,-0.0056,6.24,782.8,352.1,3,1,10.1,13.4,0.75,35.8,0.0,0.053,0.1157,0
NER-SIM-05075,Nagaland,Kohima,NH-29 Dimapur-Kohima By-pass,1635.8,20.43,197.1,0.1255,-0.0279,7.07,767.4,236.1,3,1,6.5,6.3,0.47,23.0,0.0,0.033,0.0282,0
NER-SIM-05076,Meghalaya,South West Khasi Hills,Mawsynram Valley Slopes,998.5,29.34,359.1,0.0229,0.0115,8.14,268.2,551.2,1,3,0.5,0.8,0.04,34.4,4.21,0.086,0.069,0
NER-SIM-05077,Meghalaya,East Khasi Hills,NH-6 Shillong-Tamabil Highway,1708.9,29.63,55.1,-0.0648,-0.1029,5.17,1434.9,201.7,1,2,142.4,333.9,19.18,72.4,3.52,0.061,0.7734,1
NER-SIM-05078,Sikkim,Pakyong,NH-10 Sevoke-Gangtok Corridor,1309.8,35.79,188.3,0.1024,-0.0665,4.43,443.3,207.1,3,3,104.0,158.5,14.99,68.4,4.33,0.072,0.5548,1
NER-SIM-05079,Mizoram,Aizawl,Aizawl-Lunglei Road Slopes,1294.3,41.46,110.5,-0.0642,-0.0145,3.72,1097.0,39.1,2,2,3.1,4.6,0.34,42.6,4.98,0.1,0.0846,0
NER-SIM-05080,Assam,Karbi Anglong,Diphu-Bokajan Escarpment,871.4,32.33,313.1,-0.041,-0.0739,7.67,1936.3,365.3,1,4,157.0,337.3,44.75,89.0,37.78,0.025,0.8388,1
NER-SIM-05081,Meghalaya,East Khasi Hills,NH-6 Shillong-Tamabil Highway,1872.7,15.84,320.8,0.0075,-0.0122,7.89,183.6,173.8,2,2,52.9,136.9,13.11,70.8,0.31,0.061,0.2029,0
NER-SIM-05082,Assam,Karbi Anglong,Diphu-Bokajan Escarpment,67.0,31.71,62.4,0.0629,-0.1104,6.33,436.6,7.0,1,1,99.0,175.2,15.7,75.0,9.09,0.095,0.5624,1
NER-SIM-05083,Sikkim,Pakyong,NH-10 Sevoke-Gangtok Corridor,1535.6,40.36,149.6,0.0682,-0.0673,3.56,967.9,276.6,4,1,124.1,238.7,28.38,80.8,19.86,0.063,0.5782,1
NER-SIM-05084,Assam,Dima Hasao,NH-27 Lumding-Haflong Hill Cut,248.9,26.35,347.8,0.0192,-0.0501,5.77,1395.7,497.6,1,4,66.0,174.7,12.74,87.7,31.08,0.062,0.296,0
NER-SIM-05085,Assam,Karbi Anglong,Diphu-Bokajan Escarpment,715.3,29.43,229.6,0.0692,0.0022,3.41,142.3,419.9,1,1,18.0,14.8,2.08,39.8,2.58,0.046,0.0496,0
NER-SIM-05086,Meghalaya,South West Khasi Hills,Mawsynram Valley Slopes,1269.9,44.1,174.7,0.0667,-0.0859,4.73,3457.1,1225.4,2,3,58.1,90.5,8.4,60.0,3.14,0.0,0.2292,0
NER-SIM-05087,Mizoram,Aizawl,Aizawl-Lunglei Road Slopes,1098.8,36.62,32.8,-0.0636,-0.0293,6.96,155.4,6.7,1,1,9.0,9.2,0.77,42.9,0.57,0.078,0.1021,0
NER-SIM-05088,Nagaland,Phek,Phek-Meluri Road Corridor,1408.7,42.35,57.0,-0.0124,-0.1016,2.78,268.5,162.2,3,1,20.4,25.1,1.5,38.3,1.56,0.017,0.1767,0
NER-SIM-05089,Nagaland,Kohima,NH-29 Dimapur-Kohima By-pass,1163.8,47.16,43.4,-0.0023,-0.0311,4.55,968.2,634.7,3,1,88.5,214.8,25.84,85.6,23.34,10.779,0.7202,1
NER-SIM-05090,Assam,Karbi Anglong,Diphu-Bokajan Escarpment,50.0,32.8,33.4,0.0174,-0.0529,3.57,223.8,209.6,1,4,0.4,0.6,0.04,29.9,1.92,0.09,0.063,0
NER-SIM-05091,Mizoram,Champhai,Champhai-Zokhawthar Border Cut,942.1,27.34,44.2,-0.0569,0.0143,7.75,812.0,407.1,1,3,182.5,347.3,40.41,68.5,2.27,0.117,0.7462,1
NER-SIM-05092,Meghalaya,South West Khasi Hills,Mawsynram Valley Slopes,1266.4,34.38,135.3,0.0406,-0.0344,6.25,223.3,82.0,1,3,7.1,11.5,0.57,36.4,0.0,0.057,0.2325,0
NER-SIM-05093,Sikkim,Pakyong,NH-10 Sevoke-Gangtok Corridor,1085.4,31.34,110.6,-0.0719,-0.0306,4.48,275.6,96.1,3,2,105.3,235.2,31.97,86.5,29.82,0.099,0.9029,1
NER-SIM-05094,Tripura,North Tripura,Jampui Hills Ridge Corridor,475.4,22.91,125.7,-0.0118,-0.0619,8.15,1399.0,151.5,1,2,220.6,455.0,64.48,79.4,12.8,0.052,0.9041,1
NER-SIM-05095,Assam,Dima Hasao,NH-27 Lumding-Haflong Hill Cut,616.2,26.08,296.8,-0.1648,0.0039,6.86,1094.5,396.7,1,4,66.4,167.7,11.45,75.0,7.29,0.057,0.2478,0
NER-SIM-05096,Nagaland,Kohima,NH-29 Dimapur-Kohima By-pass,1529.3,18.13,176.9,-0.011,-0.026,7.07,402.7,19.5,2,1,11.3,11.8,1.08,44.6,1.44,0.091,0.096,0
NER-SIM-05097,Arunachal Pradesh,Lower Subansiri,Ziro Foothill Section,1365.1,40.33,51.8,-0.0336,-0.0496,3.57,66.3,401.2,4,2,8.5,7.2,0.9,37.9,2.06,0.012,0.2845,0
NER-SIM-05098,Meghalaya,East Khasi Hills,NH-6 Shillong-Tamabil Highway,1663.5,39.41,298.1,-0.0106,0.0413,6.87,1674.2,853.8,1,2,33.1,43.2,5.31,43.3,1.29,0.041,0.079,0
NER-SIM-05099,Tripura,North Tripura,Jampui Hills Ridge Corridor,806.3,26.22,280.1,-0.067,-0.051,4.5,56.0,299.8,1,1,27.8,68.0,5.27,45.8,2.41,0.078,0.1116,0
NER-SIM-05100,Meghalaya,East Khasi Hills,NH-6 Shillong-Tamabil Highway,1211.6,18.04,294.6,0.0288,-0.0347,7.77,558.7,80.4,2,2,14.4,25.6,1.17,45.6,0.0,0.079,0.1389,0
NER-SIM-05101,Arunachal Pradesh,West Kameng,Bhalukpong-Bomdila-Tawang Route,2259.5,40.55,317.6,-0.072,-0.0028,5.21,1165.7,14.6,4,3,46.9,70.7,7.33,46.4,0.0,0.065,0.3361,0
NER-SIM-05102,Arunachal Pradesh,West Kameng,Bhalukpong-Bomdila-Tawang Route,2194.5,33.3,118.2,-0.0645,0.0418,5.23,616.4,756.9,4,4,1.5,1.8,0.15,50.6,3.5,0.077,0.0386,0
NER-SIM-05103,Nagaland,Phek,Phek-Meluri Road Corridor,1611.1,30.55,122.3,0.0514,-0.0829,4.32,1148.9,207.7,3,4,147.0,347.8,19.95,72.6,1.52,0.033,0.6885,1
NER-SIM-05104,Assam,Karbi Anglong,Diphu-Bokajan Escarpment,119.7,31.73,327.3,-0.0912,0.0287,7.97,179.7,254.7,2,1,47.5,43.4,7.41,40.0,1.35,0.045,0.202,0
NER-SIM-05105,Sikkim,Mangan,North Sikkim Highway (Chungthang),1447.8,52.48,264.4,0.0293,0.0349,2.11,3264.2,102.8,4,3,92.8,277.4,26.96,89.3,29.17,1.036,0.9276,1
NER-SIM-05106,Arunachal Pradesh,Lower Subansiri,Ziro Foothill Section,1248.4,37.15,258.3,0.0845,0.0463,3.99,650.9,79.0,3,3,115.8,237.4,18.42,82.2,18.97,3.441,0.9098,1
NER-SIM-05107,Manipur,Chandel,NH-102 Imphal-Moreh Corridor,643.7,30.86,265.3,-0.0612,-0.0384,10.27,3637.0,762.0,3,2,16.1,18.4,1.24,58.7,0.47,0.081,0.0746,0
NER-SIM-05108,Tripura,North Tripura,Jampui Hills Ridge Corridor,599.0,18.69,61.8,0.0283,-0.0846,5.24,569.0,75.8,2,2,13.5,20.6,1.09,38.9,0.37,0.065,0.0929,0
NER-SIM-05109,Meghalaya,East Khasi Hills,NH-6 Shillong-Tamabil Highway,1558.8,26.09,239.8,0.0094,-0.0054,7.47,1966.8,566.4,1,4,3.9,5.2,0.47,50.8,3.53,0.122,0.0433,0
NER-SIM-05110,Meghalaya,East Khasi Hills,NH-6 Shillong-Tamabil Highway,1849.1,33.51,130.0,-0.108,-0.0557,4.76,532.2,166.1,1,1,53.8,64.5,4.17,49.7,3.45,0.086,0.1374,0
NER-SIM-05111,Arunachal Pradesh,West Kameng,Bhalukpong-Bomdila-Tawang Route,2103.0,48.36,51.3,0.0465,0.0251,4.08,1154.2,885.5,4,3,2.6,4.0,0.21,24.4,2.72,0.052,0.1551,0
NER-SIM-05112,Manipur,Noney,Tupul Railway Corridor Section,1084.2,46.23,343.0,0.0779,-0.0277,3.5,389.2,702.9,2,3,124.6,188.0,26.59,72.6,0.71,0.055,0.7976,1
NER-SIM-05113,Tripura,North Tripura,Jampui Hills Ridge Corridor,697.4,35.67,28.3,-0.0567,-0.0071,2.14,3252.0,432.5,1,3,18.3,21.2,2.0,38.5,0.0,0.039,0.0717,0
NER-SIM-05114,Sikkim,Pakyong,NH-10 Sevoke-Gangtok Corridor,1073.9,39.16,330.9,-0.0195,0.0492,3.92,56.6,5.3,4,2,10.4,9.9,1.08,29.2,2.69,0.009,0.2704,0
NER-SIM-05115,Nagaland,Phek,Phek-Meluri Road Corridor,1803.2,33.08,185.8,0.0153,0.0641,6.09,513.9,302.2,3,1,8.4,7.2,1.08,37.2,0.14,0.066,0.0883,0
NER-SIM-05116,Nagaland,Phek,Phek-Meluri Road Corridor,1926.1,39.67,191.8,-0.0738,-0.0411,4.6,32.0,103.0,2,4,46.2,69.5,13.42,54.0,2.6,0.027,0.3611,0
NER-SIM-05117,Nagaland,Phek,Phek-Meluri Road Corridor,1385.8,34.09,136.6,0.0319,-0.0466,5.15,822.7,174.8,3,1,91.7,166.2,28.15,77.4,13.93,0.106,0.4842,0
NER-SIM-05118,Assam,Dima Hasao,NH-27 Lumding-Haflong Hill Cut,424.4,32.41,27.2,-0.0814,-0.0318,5.76,156.3,228.4,1,3,9.7,7.6,0.85,34.0,0.42,0.012,0.1401,0
NER-SIM-05119,Mizoram,Champhai,Champhai-Zokhawthar Border Cut,1239.5,24.7,72.9,0.0255,-0.0461,5.19,883.3,375.2,1,1,55.8,145.5,12.03,70.4,0.0,0.055,0.1874,0
NER-SIM-05120,Sikkim,Pakyong,NH-10 Sevoke-Gangtok Corridor,1359.6,39.08,359.5,-0.0428,-0.051,2.0,1466.6,330.5,4,4,106.4,183.0,18.57,75.2,11.2,0.072,0.5663,1
NER-SIM-05121,Mizoram,Aizawl,Aizawl-Lunglei Road Slopes,280.0,39.4,113.6,-0.0062,0.0407,5.06,450.4,7.8,1,4,116.8,359.6,37.04,87.2,34.05,1.151,0.8774,1
NER-SIM-05122,Arunachal Pradesh,Lower Subansiri,Ziro Foothill Section,1285.1,18.46,184.0,0.0169,-0.0112,8.63,227.2,710.4,3,4,22.9,34.9,3.6,43.6,4.64,0.083,0.0377,0
NER-SIM-05123,Arunachal Pradesh,Lower Subansiri,Ziro Foothill Section,1207.0,16.05,47.5,0.0095,0.0855,5.61,655.9,183.2,3,2,145.1,451.5,25.55,80.1,20.37,0.05,0.9204,1
NER-SIM-05124,Manipur,Noney,Tupul Railway Corridor Section,965.7,45.09,158.0,-0.0188,-0.0192,5.45,2169.4,216.8,2,4,0.1,0.1,0.01,27.5,0.12,0.052,0.0471,0
NER-SIM-05125,Sikkim,Mangan,North Sikkim Highway (Chungthang),2125.0,41.42,42.8,-0.0074,0.0896,3.38,1197.5,1057.0,5,1,30.0,71.3,6.47,55.4,2.17,0.061,0.2061,0
NER-SIM-05126,Manipur,Chandel,NH-102 Imphal-Moreh Corridor,655.9,32.08,354.3,0.0574,0.0905,4.57,1097.3,1026.6,3,2,1.6,1.0,0.23,43.4,3.53,0.08,0.0737,0
NER-SIM-05127,Nagaland,Phek,Phek-Meluri Road Corridor,1590.4,49.79,160.3,0.026,0.0225,4.54,1720.1,53.5,2,4,2.6,3.6,0.24,44.5,1.08,0.104,0.0811,0
NER-SIM-05128,Assam,Karbi Anglong,Diphu-Bokajan Escarpment,822.8,20.38,97.0,-0.0085,-0.0296,8.42,1371.3,83.5,1,1,41.1,56.0,2.83,46.7,2.43,0.046,0.1597,0
NER-SIM-05129,Manipur,Noney,Tupul Railway Corridor Section,852.7,32.14,189.0,0.0349,-0.027,7.36,836.5,431.0,3,2,197.3,367.4,34.67,80.8,18.53,0.101,0.9165,1
NER-SIM-05130,Arunachal Pradesh,Lower Subansiri,Ziro Foothill Section,1455.2,40.26,114.0,0.0279,0.0195,6.14,3137.5,295.6,3,1,107.7,188.3,21.57,76.6,8.38,0.007,0.4766,0
NER-SIM-05131,Meghalaya,East Khasi Hills,NH-6 Shillong-Tamabil Highway,1742.7,35.4,244.3,-0.0301,-0.0053,4.66,2778.6,318.4,1,1,14.0,13.8,1.6,45.8,0.85,0.0,0.0949,0
NER-SIM-05132,Meghalaya,South West Khasi Hills,Mawsynram Valley Slopes,1253.2,45.21,317.8,0.0737,0.0232,3.84,76.7,11.7,1,1,7.9,14.1,0.79,40.3,4.78,0.109,0.152,0
NER-SIM-05133,Assam,Karbi Anglong,Diphu-Bokajan Escarpment,570.8,25.61,174.6,-0.0427,-0.0703,5.94,85.7,209.2,1,3,0.4,0.7,0.03,31.9,3.33,0.098,0.1905,0
NER-SIM-05134,Sikkim,Pakyong,NH-10 Sevoke-Gangtok Corridor,1112.6,47.13,143.8,0.0238,0.0056,6.86,830.2,523.8,4,2,93.2,285.3,12.81,79.6,20.22,0.111,0.7566,1
NER-SIM-05135,Manipur,Noney,Tupul Railway Corridor Section,718.5,33.46,88.2,0.0104,-0.0005,5.23,515.0,20.6,3,2,8.0,10.6,0.72,30.7,3.82,0.04,0.175,0
NER-SIM-05136,Sikkim,Mangan,North Sikkim Highway (Chungthang),2003.4,42.58,95.3,-0.0676,-0.0896,4.75,2250.6,221.8,3,3,74.5,120.9,12.73,77.6,12.35,0.052,0.5001,1
NER-SIM-05137,Assam,Dima Hasao,NH-27 Lumding-Haflong Hill Cut,710.7,36.19,285.1,0.0491,-0.0255,5.12,2885.8,176.4,1,3,187.6,474.0,24.67,82.9,22.05,1.458,0.9555,1
NER-SIM-05138,Arunachal Pradesh,Lower Subansiri,Ziro Foothill Section,969.8,21.69,231.0,-0.0107,0.0748,4.66,2016.3,177.1,3,1,65.3,101.7,15.83,58.1,4.1,0.049,0.1758,0
NER-SIM-05139,Sikkim,Mangan,North Sikkim Highway (Chungthang),2287.8,45.35,130.2,0.0634,0.0035,3.6,1790.1,75.9,5,4,76.0,97.1,8.35,53.4,1.01,0.0,0.4118,0
NER-SIM-05140,Tripura,North Tripura,Jampui Hills Ridge Corridor,820.4,33.17,110.4,-0.0744,0.0129,7.41,295.9,888.2,1,3,0.7,0.4,0.06,46.5,1.75,0.104,0.108,0
NER-SIM-05141,Meghalaya,South West Khasi Hills,Mawsynram Valley Slopes,721.6,29.19,120.3,-0.0345,-0.0628,4.18,277.1,219.6,2,3,6.4,7.6,0.74,34.1,0.24,0.034,0.1629,0
NER-SIM-05142,Sikkim,Pakyong,NH-10 Sevoke-Gangtok Corridor,1191.3,36.26,157.1,-0.0161,0.0622,3.53,701.3,287.0,4,3,21.0,17.0,2.07,32.2,0.99,0.007,0.2642,0
NER-SIM-05143,Arunachal Pradesh,Lower Subansiri,Ziro Foothill Section,1534.7,28.55,234.4,0.0237,-0.0197,6.14,57.1,331.8,4,4,2.4,2.2,0.32,37.6,1.64,0.075,0.046,0
NER-SIM-05144,Arunachal Pradesh,West Kameng,Bhalukpong-Bomdila-Tawang Route,2561.0,28.8,313.7,0.0038,0.0257,5.63,1573.5,479.4,5,1,0.3,0.3,0.03,26.7,2.12,0.0,0.0777,0
NER-SIM-05145,Arunachal Pradesh,Lower Subansiri,Ziro Foothill Section,1733.0,29.11,339.4,0.025,-0.0742,6.66,5420.6,51.7,4,2,200.4,491.0,38.33,80.1,17.51,0.0,0.9644,1
NER-SIM-05146,Manipur,Chandel,NH-102 Imphal-Moreh Corridor,1122.3,26.62,71.1,-0.0419,0.0916,6.08,2030.6,428.3,2,3,65.7,196.9,12.44,78.3,13.64,0.1,0.4775,0
NER-SIM-05147,Assam,Karbi Anglong,Diphu-Bokajan Escarpment,50.0,21.91,335.1,-0.0428,0.0768,7.18,1471.0,273.4,1,1,125.3,362.5,18.73,83.1,24.11,0.021,0.7572,1
NER-SIM-05148,Mizoram,Aizawl,Aizawl-Lunglei Road Slopes,1071.7,30.75,104.1,0.1208,-0.0248,6.3,471.9,413.7,2,1,2.5,2.9,0.19,36.6,0.46,0.089,0.042,0
NER-SIM-05149,Meghalaya,South West Khasi Hills,Mawsynram Valley Slopes,1623.6,31.95,165.5,0.0371,-0.0604,3.33,981.7,250.8,2,4,114.6,362.6,15.92,65.6,2.54,0.016,0.6581,1
NER-SIM-05150,Arunachal Pradesh,West Kameng,Bhalukpong-Bomdila-Tawang Route,2386.6,52.14,337.0,-0.0801,-0.0451,2.0,2404.3,405.8,5,4,0.1,0.2,0.01,33.7,3.42,0.09,0.1393,0
NER-SIM-05151,Nagaland,Kohima,NH-29 Dimapur-Kohima By-pass,1390.2,34.88,164.9,0.0939,-0.0644,7.15,883.4,401.1,3,3,26.3,14.1,3.63,37.8,2.19,0.063,0.1892,0
NER-SIM-05152,Arunachal Pradesh,Lower Subansiri,Ziro Foothill Section,1434.4,33.71,111.7,-0.0805,-0.0233,9.96,3297.0,264.5,4,1,1.6,1.0,0.19,36.8,4.14,0.031,0.0686,0
NER-SIM-05153,Nagaland,Phek,Phek-Meluri Road Corridor,1674.1,37.12,156.2,0.017,-0.0029,7.58,236.4,93.5,3,3,87.8,166.4,15.18,75.4,9.78,0.063,0.7511,1
NER-SIM-05154,Manipur,Noney,Tupul Railway Corridor Section,1100.2,53.77,7.5,-0.0128,-0.0052,3.19,770.1,230.4,2,2,5.6,6.3,0.51,42.4,0.61,0.007,0.1951,0
NER-SIM-05155,Mizoram,Aizawl,Aizawl-Lunglei Road Slopes,1300.8,43.47,213.6,0.121,-0.055,6.31,2993.1,137.7,2,3,85.5,272.7,28.07,88.8,37.66,1.168,0.8359,1
NER-SIM-05156,Mizoram,Aizawl,Aizawl-Lunglei Road Slopes,1307.1,38.49,164.8,0.0325,0.0283,7.31,641.2,4.0,1,1,6.7,10.7,0.5,47.1,0.97,0.025,0.139,0
NER-SIM-05157,Mizoram,Champhai,Champhai-Zokhawthar Border Cut,1133.0,24.53,85.9,-0.0196,0.0402,6.36,1375.4,249.9,2,3,14.8,20.7,1.5,37.4,1.52,0.087,0.0898,0
NER-SIM-05158,Sikkim,Mangan,North Sikkim Highway (Chungthang),2097.7,42.77,256.8,0.0608,-0.0262,5.8,603.5,83.6,5,2,181.1,392.2,47.65,87.6,32.68,1.492,0.9724,1
NER-SIM-05159,Nagaland,Kohima,NH-29 Dimapur-Kohima By-pass,1158.4,37.11,111.1,-0.0641,-0.0178,7.31,510.0,61.6,1,2,0.8,0.4,0.09,34.0,2.67,0.012,0.0653,0
NER-SIM-05160,Mizoram,Champhai,Champhai-Zokhawthar Border Cut,1066.6,29.42,139.7,-0.0324,-0.1185,6.62,3426.4,291.8,1,2,1.0,0.6,0.1,34.6,1.7,0.101,0.06,0
NER-SIM-05161,Meghalaya,South West Khasi Hills,Mawsynram Valley Slopes,1600.2,37.91,53.7,-0.0127,-0.0867,7.61,758.5,200.9,1,2,119.1,198.1,30.61,77.8,11.75,0.073,0.5097,1
NER-SIM-05162,Sikkim,Pakyong,NH-10 Sevoke-Gangtok Corridor,1449.4,28.37,99.6,-0.0414,0.0475,3.81,965.1,434.0,3,4,5.4,5.5,0.73,39.7,2.33,0.0,0.041,0
NER-SIM-05163,Meghalaya,East Khasi Hills,NH-6 Shillong-Tamabil Highway,1799.3,32.25,281.1,-0.0696,0.0312,5.23,20.4,961.9,1,4,7.5,6.4,0.84,19.0,0.0,0.009,0.0455,0
NER-SIM-05164,Mizoram,Aizawl,Aizawl-Lunglei Road Slopes,1398.5,20.59,349.0,-0.0062,-0.0617,8.82,629.4,299.6,2,3,184.1,391.2,42.86,84.1,31.72,0.039,0.9263,1
NER-SIM-05165,Meghalaya,South West Khasi Hills,Mawsynram Valley Slopes,935.9,21.81,277.6,0.0566,0.0052,4.65,1731.3,70.1,1,1,55.6,165.2,10.23,71.5,1.14,0.078,0.2693,0
NER-SIM-05166,Sikkim,Mangan,North Sikkim Highway (Chungthang),1651.5,53.34,172.0,0.0297,-0.008,4.25,1485.1,5.2,5,2,4.7,6.7,0.37,29.4,4.2,0.032,0.2588,0
NER-SIM-05167,Manipur,Noney,Tupul Railway Corridor Section,903.3,42.03,331.5,-0.0213,0.1039,2.54,290.1,1348.9,2,3,209.4,344.3,31.13,75.0,2.22,0.062,0.9121,1
NER-SIM-05168,Nagaland,Kohima,NH-29 Dimapur-Kohima By-pass,1275.5,48.2,96.1,0.0207,0.0368,4.67,2696.9,60.4,2,3,0.9,1.3,0.14,32.5,1.18,0.048,0.1806,0
NER-SIM-05169,Meghalaya,South West Khasi Hills,Mawsynram Valley Slopes,1286.4,30.41,292.5,0.0006,0.0415,5.72,6195.5,48.8,2,4,6.2,8.3,1.02,39.9,1.6,0.074,0.07,0
NER-SIM-05170,Sikkim,Pakyong,NH-10 Sevoke-Gangtok Corridor,1182.7,34.95,198.4,0.0725,-0.0015,4.46,1361.8,860.8,4,2,14.1,14.6,1.48,40.3,2.74,0.087,0.0765,0
NER-SIM-05171,Arunachal Pradesh,Lower Subansiri,Ziro Foothill Section,1370.1,27.74,271.2,-0.0235,-0.0144,6.85,708.6,251.3,3,2,9.5,5.6,0.8,20.9,2.07,0.023,0.0477,0
NER-SIM-05172,Assam,Dima Hasao,NH-27 Lumding-Haflong Hill Cut,821.5,25.4,183.2,0.0133,0.1377,5.35,472.1,351.8,1,1,0.2,0.2,0.02,35.4,0.0,0.0,0.0738,0
NER-SIM-05173,Mizoram,Champhai,Champhai-Zokhawthar Border Cut,1373.0,37.88,283.1,-0.0025,0.0656,4.73,1708.4,316.0,2,1,16.1,26.3,1.7,36.8,1.96,0.059,0.0931,0
NER-SIM-05174,Meghalaya,South West Khasi Hills,Mawsynram Valley Slopes,1258.5,47.25,234.1,-0.0188,-0.0289,2.9,1568.1,192.5,1,3,63.6,103.6,4.33,64.3,1.59,0.011,0.4642,0
NER-SIM-05175,Nagaland,Phek,Phek-Meluri Road Corridor,1930.6,47.45,2.7,-0.0103,0.0202,6.04,435.7,106.3,2,2,120.1,289.8,17.41,81.0,21.46,0.037,0.8903,1
NER-SIM-05176,Nagaland,Kohima,NH-29 Dimapur-Kohima By-pass,1272.6,35.99,267.9,-0.0091,0.0643,7.06,478.5,48.0,3,2,8.3,8.2,0.63,36.1,1.6,0.082,0.1796,0
NER-SIM-05177,Nagaland,Phek,Phek-Meluri Road Corridor,1137.2,27.51,183.5,-0.0294,0.0175,6.39,4527.2,223.9,2,1,14.2,15.7,1.77,34.2,1.21,0.0,0.0583,0
NER-SIM-05178,Assam,Dima Hasao,NH-27 Lumding-Haflong Hill Cut,753.9,36.93,352.2,0.0325,0.0708,2.0,2030.3,616.4,1,3,54.2,93.1,7.09,54.9,0.84,0.041,0.3516,0
NER-SIM-05179,Sikkim,Mangan,North Sikkim Highway (Chungthang),1839.3,35.4,22.3,-0.0129,0.0719,4.5,2408.0,956.0,4,1,14.4,13.4,1.28,40.3,2.47,0.072,0.0954,0
NER-SIM-05180,Assam,Dima Hasao,NH-27 Lumding-Haflong Hill Cut,775.0,31.76,221.9,0.0051,-0.0748,5.81,327.6,508.0,1,3,1.1,1.8,0.07,37.2,1.64,0.009,0.103,0
NER-SIM-05181,Mizoram,Aizawl,Aizawl-Lunglei Road Slopes,1069.1,34.89,224.2,0.0428,-0.021,4.76,1242.2,111.5,1,1,6.7,8.2,0.45,44.7,3.44,0.014,0.0944,0
NER-SIM-05182,Manipur,Chandel,NH-102 Imphal-Moreh Corridor,836.4,20.87,22.8,-0.0216,-0.0079,7.34,3393.7,1052.7,3,1,28.9,88.1,9.5,70.6,0.91,0.043,0.0708,0
NER-SIM-05183,Arunachal Pradesh,Lower Subansiri,Ziro Foothill Section,1608.9,35.18,196.7,0.0126,0.0047,2.0,182.6,386.1,3,1,2.3,4.0,0.38,27.1,2.62,0.033,0.087,0
NER-SIM-05184,Mizoram,Champhai,Champhai-Zokhawthar Border Cut,1136.1,27.3,328.6,-0.0425,-0.045,3.9,578.1,37.1,1,4,4.8,7.1,0.78,32.9,0.05,0.148,0.0703,0
NER-SIM-05185,Manipur,Chandel,NH-102 Imphal-Moreh Corridor,957.6,32.61,219.1,-0.0109,0.0024,5.48,476.7,178.7,2,2,108.2,293.3,13.63,81.4,24.89,0.067,0.7572,1
NER-SIM-05186,Arunachal Pradesh,Lower Subansiri,Ziro Foothill Section,1499.7,36.17,356.5,0.0529,-0.0399,5.38,1524.4,212.1,3,2,24.3,43.5,1.76,36.2,2.46,0.003,0.1485,0
NER-SIM-05187,Mizoram,Aizawl,Aizawl-Lunglei Road Slopes,790.9,46.18,263.3,-0.0241,0.008,2.37,996.9,202.5,1,4,182.1,339.6,56.71,75.7,11.1,0.022,0.8746,1
NER-SIM-05188,Sikkim,Mangan,North Sikkim Highway (Chungthang),1646.5,26.72,323.7,0.0052,-0.0011,5.4,1087.0,56.8,5,1,33.5,70.3,7.19,49.2,3.7,0.066,0.2645,0
NER-SIM-05189,Mizoram,Aizawl,Aizawl-Lunglei Road Slopes,773.3,38.59,231.2,0.0062,0.0416,6.94,3400.7,226.1,1,4,47.2,150.2,8.02,68.7,4.1,0.097,0.246,0
NER-SIM-05190,Meghalaya,East Khasi Hills,NH-6 Shillong-Tamabil Highway,1260.6,27.18,177.5,-0.0144,0.0665,6.19,710.7,134.9,2,3,3.0,5.1,0.3,35.8,1.84,0.02,0.0698,0
NER-SIM-05191,Manipur,Noney,Tupul Railway Corridor Section,777.9,35.57,8.6,0.0315,0.0556,6.3,1350.2,52.7,2,2,9.2,10.4,1.37,48.4,0.77,0.0,0.0955,0
NER-SIM-05192,Mizoram,Champhai,Champhai-Zokhawthar Border Cut,1216.6,41.82,263.6,-0.0251,-0.0039,5.08,232.4,141.4,2,4,101.5,157.8,18.45,65.0,0.67,0.066,0.5589,1
NER-SIM-05193,Assam,Karbi Anglong,Diphu-Bokajan Escarpment,429.6,20.91,298.4,0.013,-0.0588,7.9,3867.9,63.4,1,1,27.2,71.9,3.93,45.6,4.59,0.067,0.056,0
NER-SIM-05194,Sikkim,Mangan,North Sikkim Highway (Chungthang),1662.2,55.21,48.4,0.0639,0.0338,2.0,198.2,1499.7,5,1,87.3,132.0,14.06,69.2,3.14,0.03,0.5317,1
NER-SIM-05195,Meghalaya,South West Khasi Hills,Mawsynram Valley Slopes,1536.9,17.25,123.2,0.0005,0.0444,6.92,1546.8,473.2,1,2,40.4,118.1,6.47,70.5,0.0,0.0,0.1018,0
NER-SIM-05196,Assam,Dima Hasao,NH-27 Lumding-Haflong Hill Cut,705.6,36.7,208.2,-0.0478,0.0394,3.75,124.1,303.6,1,2,104.3,219.5,19.07,77.8,16.56,0.026,0.5083,1
NER-SIM-05197,Tripura,North Tripura,Jampui Hills Ridge Corridor,50.0,28.31,175.6,-0.0134,-0.0655,5.15,869.0,374.9,1,2,11.2,15.3,1.38,39.3,2.19,0.0,0.0569,0
NER-SIM-05198,Tripura,North Tripura,Jampui Hills Ridge Corridor,1107.9,15.4,69.4,-0.0133,0.0108,7.29,375.1,762.7,1,4,7.7,10.9,0.66,39.3,1.31,0.058,0.0261,0
NER-SIM-05199,Arunachal Pradesh,West Kameng,Bhalukpong-Bomdila-Tawang Route,2494.2,48.69,77.7,-0.0628,-0.0275,4.36,2671.9,58.5,4,1,0.8,0.7,0.07,40.2,1.86,0.043,0.0798,0
NER-SIM-05200,Tripura,North Tripura,Jampui Hills Ridge Corridor,834.9,43.43,246.6,-0.0479,0.0766,5.47,2161.0,138.0,1,1,1.8,2.5,0.12,43.9,4.36,0.024,0.0821,0
NER-SIM-05201,Assam,Dima Hasao,NH-27 Lumding-Haflong Hill Cut,1171.1,29.82,58.1,0.0461,0.0234,5.59,98.5,672.3,1,4,34.4,17.7,5.26,48.7,2.4,0.016,0.078,0
NER-SIM-05202,Assam,Dima Hasao,NH-27 Lumding-Haflong Hill Cut,823.5,35.58,206.4,-0.103,-0.0811,3.37,956.1,238.9,1,3,224.7,372.0,33.27,79.8,21.68,0.113,0.963,1
NER-SIM-05203,Mizoram,Aizawl,Aizawl-Lunglei Road Slopes,1256.9,30.14,87.9,-0.0223,0.0766,8.27,2562.2,33.0,3,2,2.6,3.3,0.25,50.8,1.32,0.004,0.0864,0
NER-SIM-05204,Manipur,Noney,Tupul Railway Corridor Section,1287.0,48.33,104.0,-0.0031,0.0252,5.16,274.8,118.9,2,4,20.0,30.1,2.32,46.5,3.04,0.0,0.2383,0
NER-SIM-05205,Assam,Karbi Anglong,Diphu-Bokajan Escarpment,165.1,20.69,87.0,-0.0316,0.0069,6.24,4535.9,796.6,1,1,18.3,32.7,2.94,40.7,1.7,0.0,0.0478,0
NER-SIM-05206,Assam,Dima Hasao,NH-27 Lumding-Haflong Hill Cut,805.5,39.87,243.8,-0.0709,0.0084,3.11,694.6,79.8,2,2,4.5,2.7,0.32,33.1,0.0,0.143,0.1668,0
NER-SIM-05207,Manipur,Noney,Tupul Railway Corridor Section,989.7,39.75,133.2,0.0462,-0.0679,4.49,430.3,137.2,2,1,4.6,4.2,0.42,44.1,3.97,0.0,0.1066,0
NER-SIM-05208,Manipur,Chandel,NH-102 Imphal-Moreh Corridor,574.8,30.56,41.8,0.1028,0.0256,6.04,23.3,47.8,3,3,18.4,19.5,2.17,49.3,2.98,0.023,0.2117,0
NER-SIM-05209,Assam,Karbi Anglong,Diphu-Bokajan Escarpment,135.3,25.19,197.4,0.0125,-0.0348,3.88,3088.0,337.1,1,3,5.4,2.8,0.42,41.4,0.94,0.109,0.086,0
NER-SIM-05210,Sikkim,Pakyong,NH-10 Sevoke-Gangtok Corridor,1015.5,36.13,140.3,-0.0214,-0.0871,3.64,1063.4,49.8,3,1,11.3,19.4,1.37,45.5,0.0,0.0,0.074,0
NER-SIM-05211,Sikkim,Mangan,North Sikkim Highway (Chungthang),1471.1,32.38,45.8,-0.0021,-0.0191,5.7,1539.1,486.3,4,1,111.1,238.2,25.61,74.2,3.59,0.096,0.5359,1
NER-SIM-05212,Nagaland,Kohima,NH-29 Dimapur-Kohima By-pass,1804.7,27.59,265.1,0.0706,-0.0571,5.91,686.3,294.8,3,1,67.0,163.7,20.5,79.3,18.89,0.129,0.4339,0
NER-SIM-05213,Assam,Dima Hasao,NH-27 Lumding-Haflong Hill Cut,982.9,38.85,32.0,0.0262,-0.0504,3.66,223.7,148.6,1,3,41.2,40.5,4.02,52.1,1.42,0.05,0.3045,0
NER-SIM-05214,Arunachal Pradesh,Lower Subansiri,Ziro Foothill Section,1768.9,28.21,328.5,-0.0037,-0.078,7.8,609.1,90.4,3,3,10.8,13.3,0.74,46.3,2.89,0.013,0.0989,0
NER-SIM-05215,Mizoram,Aizawl,Aizawl-Lunglei Road Slopes,920.6,48.56,64.9,-0.009,-0.0009,5.83,460.1,165.6,2,3,120.9,320.8,19.15,81.6,16.89,0.045,0.9379,1
NER-SIM-05216,Nagaland,Phek,Phek-Meluri Road Corridor,1672.6,32.94,308.4,-0.0534,-0.0704,4.47,2890.8,1285.7,2,4,125.2,314.0,30.18,79.5,15.0,0.093,0.5508,1
NER-SIM-05217,Manipur,Chandel,NH-102 Imphal-Moreh Corridor,653.0,29.28,232.4,0.0624,0.0256,5.88,3934.4,119.8,2,3,0.5,0.9,0.04,38.6,1.1,0.019,0.1328,0
NER-SIM-05218,Arunachal Pradesh,Lower Subansiri,Ziro Foothill Section,1452.6,28.24,9.3,-0.0746,-0.0091,3.4,1351.9,649.5,3,2,307.9,594.8,58.09,94.2,58.41,0.0,0.9834,1
NER-SIM-05219,Sikkim,Pakyong,NH-10 Sevoke-Gangtok Corridor,652.9,35.03,358.1,0.0655,0.0021,6.13,345.1,225.4,3,3,102.9,257.8,25.44,83.7,24.88,0.461,0.8765,1
NER-SIM-05220,Meghalaya,South West Khasi Hills,Mawsynram Valley Slopes,1447.4,39.56,151.2,0.0184,-0.0667,6.29,445.7,395.9,2,1,4.3,4.2,0.62,33.9,1.43,0.1,0.0952,0
NER-SIM-05221,Meghalaya,East Khasi Hills,NH-6 Shillong-Tamabil Highway,1346.4,31.09,245.2,0.0312,-0.0505,5.95,279.4,603.3,1,1,88.3,253.2,11.93,77.9,11.67,0.036,0.4428,0
NER-SIM-05222,Mizoram,Champhai,Champhai-Zokhawthar Border Cut,1802.5,22.96,239.7,0.0168,-0.0599,5.76,625.5,249.8,2,1,261.6,806.3,71.03,83.7,22.63,0.076,0.9931,1
NER-SIM-05223,Mizoram,Champhai,Champhai-Zokhawthar Border Cut,1595.7,39.29,334.8,0.0468,-0.0281,5.0,3029.8,189.3,1,1,15.2,22.5,1.01,35.6,3.78,0.01,0.103,0
NER-SIM-05224,Mizoram,Aizawl,Aizawl-Lunglei Road Slopes,1192.9,23.34,89.0,-0.043,0.0067,7.82,1154.2,504.2,2,3,86.9,176.1,12.4,76.9,11.58,0.066,0.5392,1
NER-SIM-05225,Assam,Karbi Anglong,Diphu-Bokajan Escarpment,641.1,20.72,320.1,-0.1124,0.0068,6.7,868.5,499.9,1,3,29.3,39.4,2.32,40.3,2.36,0.063,0.0973,0
NER-SIM-05226,Assam,Karbi Anglong,Diphu-Bokajan Escarpment,324.1,44.88,139.4,0.1417,0.0767,3.41,70.2,176.7,1,1,80.3,216.5,20.12,79.8,20.56,0.098,0.6556,1
NER-SIM-05227,Meghalaya,East Khasi Hills,NH-6 Shillong-Tamabil Highway,1804.0,19.38,338.5,0.0796,0.0371,4.02,833.1,255.1,1,1,80.8,168.0,14.45,68.5,1.33,0.028,0.1375,0
NER-SIM-05228,Manipur,Chandel,NH-102 Imphal-Moreh Corridor,853.8,40.26,89.9,-0.0272,-0.0127,4.5,588.5,88.4,2,4,5.0,6.3,0.68,26.1,0.0,0.023,0.1921,0
NER-SIM-05229,Sikkim,Mangan,North Sikkim Highway (Chungthang),2393.6,56.1,175.3,-0.0416,-0.065,2.0,674.8,43.3,4,2,4.2,3.7,0.28,37.0,0.79,0.029,0.2683,0
NER-SIM-05230,Meghalaya,East Khasi Hills,NH-6 Shillong-Tamabil Highway,982.4,19.74,93.2,-0.0582,0.0024,5.32,3086.8,1697.5,2,2,8.7,12.6,0.65,34.2,1.02,0.102,0.0412,0
NER-SIM-05231,Nagaland,Kohima,NH-29 Dimapur-Kohima By-pass,1051.9,28.55,172.4,-0.0758,0.0544,7.9,329.0,504.3,3,1,78.4,133.7,14.04,59.2,0.0,0.019,0.2456,0
NER-SIM-05232,Assam,Karbi Anglong,Diphu-Bokajan Escarpment,745.0,11.95,232.9,0.0731,0.0188,5.15,147.0,1139.4,1,1,125.9,391.6,18.2,75.6,10.7,0.0,0.6497,1
NER-SIM-05233,Meghalaya,East Khasi Hills,NH-6 Shillong-Tamabil Highway,1874.9,42.22,52.5,-0.0119,-0.0166,3.53,1996.3,234.1,1,4,70.9,212.0,15.34,79.9,19.64,0.065,0.4768,0
NER-SIM-05234,Nagaland,Kohima,NH-29 Dimapur-Kohima By-pass,934.9,34.01,176.4,-0.0402,-0.0395,6.01,1859.5,307.5,3,4,94.9,188.3,22.53,76.2,13.39,0.039,0.4302,0
NER-SIM-05235,Meghalaya,South West Khasi Hills,Mawsynram Valley Slopes,944.2,61.51,53.8,0.0678,-0.0385,2.0,163.4,97.3,2,1,15.6,17.2,1.13,32.6,3.13,0.0,0.2534,0
NER-SIM-05236,Mizoram,Aizawl,Aizawl-Lunglei Road Slopes,1277.2,41.68,74.9,0.0382,0.0227,5.64,4159.6,65.5,2,1,118.7,367.4,16.13,85.8,23.44,2.234,0.9414,1
NER-SIM-05237,Arunachal Pradesh,West Kameng,Bhalukpong-Bomdila-Tawang Route,1624.2,47.33,152.9,-0.0636,0.1159,5.66,362.3,256.2,5,4,39.6,61.6,3.76,55.3,2.93,0.031,0.2267,0
NER-SIM-05238,Mizoram,Aizawl,Aizawl-Lunglei Road Slopes,1110.1,43.12,325.7,-0.0452,-0.0024,2.83,1537.2,650.0,2,3,5.2,4.5,0.48,39.8,2.95,0.097,0.0754,0
NER-SIM-05239,Mizoram,Champhai,Champhai-Zokhawthar Border Cut,1546.5,31.25,310.4,-0.0967,-0.0793,4.75,6070.8,177.4,2,1,10.2,13.6,1.39,28.9,5.59,0.122,0.0426,0
NER-SIM-05240,Mizoram,Champhai,Champhai-Zokhawthar Border Cut,1750.3,23.8,232.8,0.0005,-0.0438,7.0,285.5,51.7,2,4,9.3,9.8,0.98,38.1,0.97,0.0,0.0992,0
NER-SIM-05241,Meghalaya,South West Khasi Hills,Mawsynram Valley Slopes,1492.1,40.78,161.6,-0.0116,-0.0815,7.87,79.0,184.9,1,1,20.0,34.9,1.98,34.1,1.75,0.095,0.1335,0
NER-SIM-05242,Mizoram,Champhai,Champhai-Zokhawthar Border Cut,1115.0,55.12,45.2,-0.0425,0.1074,2.0,190.4,556.9,1,4,3.5,4.5,0.37,31.7,0.42,0.005,0.1425,0
NER-SIM-05243,Mizoram,Champhai,Champhai-Zokhawthar Border Cut,905.7,34.29,160.2,0.0129,-0.0274,6.21,826.4,71.1,2,2,121.2,214.4,26.54,70.4,2.31,0.098,0.6535,1
NER-SIM-05244,Tripura,North Tripura,Jampui Hills Ridge Corridor,532.4,17.05,164.2,-0.0203,0.0388,7.53,842.6,571.8,1,4,2.9,3.2,0.2,34.3,0.05,0.111,0.033,0
NER-SIM-05245,Meghalaya,South West Khasi Hills,Mawsynram Valley Slopes,1328.8,23.44,196.7,-0.0392,-0.007,3.23,493.6,470.1,1,3,80.3,130.9,14.92,76.3,17.11,0.093,0.5198,1
NER-SIM-05246,Nagaland,Phek,Phek-Meluri Road Corridor,1646.5,45.37,2.3,-0.0503,-0.002,3.68,285.4,615.0,3,3,102.7,301.9,19.83,80.0,20.32,0.09,0.9627,1
NER-SIM-05247,Arunachal Pradesh,West Kameng,Bhalukpong-Bomdila-Tawang Route,1796.6,37.1,327.3,0.0976,-0.0114,5.0,707.7,5.8,4,4,7.9,10.1,0.55,38.8,0.99,0.0,0.1615,0
NER-SIM-05248,Mizoram,Champhai,Champhai-Zokhawthar Border Cut,1093.2,27.06,145.1,0.0949,0.0811,3.31,1702.4,568.8,3,1,89.8,267.9,15.09,74.3,2.98,0.051,0.5166,1
NER-SIM-05249,Mizoram,Champhai,Champhai-Zokhawthar Border Cut,1178.6,22.79,112.2,-0.0011,-0.0078,4.25,2715.5,51.6,2,3,11.0,18.8,1.83,40.0,2.75,0.002,0.1851,0
NER-SIM-05250,Arunachal Pradesh,West Kameng,Bhalukpong-Bomdila-Tawang Route,2219.4,41.3,4.0,0.057,0.0208,5.65,797.0,658.1,3,3,3.9,4.8,0.34,32.4,0.57,0.053,0.1392,0
NER-SIM-05251,Nagaland,Kohima,NH-29 Dimapur-Kohima By-pass,1397.2,29.29,133.5,-0.0776,-0.0325,6.49,612.1,135.6,2,1,4.5,6.9,0.39,41.3,3.0,0.127,0.057,0
NER-SIM-05252,Assam,Dima Hasao,NH-27 Lumding-Haflong Hill Cut,825.5,25.29,166.4,-0.0952,-0.0006,4.76,3446.5,27.8,1,1,103.5,202.1,15.82,78.2,15.98,0.086,0.4403,0
NER-SIM-05253,Manipur,Noney,Tupul Railway Corridor Section,792.2,40.96,136.2,-0.0168,-0.0349,2.05,17.7,324.4,3,1,8.7,6.9,0.65,48.0,0.92,0.045,0.1284,0
NER-SIM-05254,Arunachal Pradesh,West Kameng,Bhalukpong-Bomdila-Tawang Route,2547.7,24.99,26.5,0.008,0.0522,5.16,2427.7,74.1,4,3,13.3,14.1,1.29,36.6,4.03,0.071,0.0752,0
NER-SIM-05255,Meghalaya,South West Khasi Hills,Mawsynram Valley Slopes,1641.7,39.65,233.6,-0.0064,-0.0501,5.06,159.3,322.6,2,4,4.9,2.6,0.45,38.5,3.3,0.089,0.0827,0
NER-SIM-05256,Meghalaya,South West Khasi Hills,Mawsynram Valley Slopes,885.5,38.49,279.9,0.0013,-0.024,7.38,52.3,718.1,2,2,22.7,38.0,1.71,41.5,3.07,0.074,0.1011,0
NER-SIM-05257,Sikkim,Pakyong,NH-10 Sevoke-Gangtok Corridor,1255.2,45.73,314.2,0.0978,0.0702,2.0,277.6,53.7,3,1,50.4,150.7,11.47,67.7,2.1,0.072,0.5478,1
NER-SIM-05258,Meghalaya,East Khasi Hills,NH-6 Shillong-Tamabil Highway,1573.8,33.28,279.5,-0.0204,0.009,5.48,52.0,1060.0,2,4,2.5,4.3,0.28,39.4,2.19,0.058,0.0689,0
NER-SIM-05259,Manipur,Noney,Tupul Railway Corridor Section,718.4,39.96,225.7,-0.0382,-0.0839,3.75,326.6,116.3,1,1,100.3,166.9,30.87,79.4,13.25,0.13,0.668,1
NER-SIM-05260,Nagaland,Phek,Phek-Meluri Road Corridor,1772.5,43.39,332.7,-0.0137,-0.0557,5.97,184.7,160.7,3,3,2.6,2.6,0.2,37.7,3.56,0.0,0.124,0
NER-SIM-05261,Tripura,North Tripura,Jampui Hills Ridge Corridor,611.5,15.48,297.7,0.0431,0.0651,6.7,464.5,28.8,1,3,8.5,13.5,0.66,41.7,1.26,0.061,0.1237,0
NER-SIM-05262,Sikkim,Mangan,North Sikkim Highway (Chungthang),1955.2,42.41,150.8,0.0095,-0.016,4.65,959.6,286.0,4,4,6.5,6.0,0.61,42.6,4.35,0.046,0.2384,0
NER-SIM-05263,Arunachal Pradesh,West Kameng,Bhalukpong-Bomdila-Tawang Route,2354.2,43.02,259.5,-0.0441,-0.0007,4.11,950.0,142.0,5,2,6.7,5.5,0.62,42.2,0.13,0.065,0.1407,0
NER-SIM-05264,Assam,Karbi Anglong,Diphu-Bokajan Escarpment,507.0,24.77,111.8,-0.0112,-0.0238,7.9,491.5,259.3,1,2,16.6,18.7,2.25,35.5,2.91,0.083,0.0437,0
NER-SIM-05265,Mizoram,Aizawl,Aizawl-Lunglei Road Slopes,962.7,40.49,230.1,-0.0081,-0.0095,5.34,613.8,451.2,1,3,9.5,10.8,1.22,35.2,0.0,0.081,0.1006,0
NER-SIM-05266,Mizoram,Champhai,Champhai-Zokhawthar Border Cut,1216.3,27.17,252.4,-0.0247,-0.0253,4.61,709.7,16.4,2,3,3.9,3.2,0.26,35.0,2.52,0.006,0.1371,0
NER-SIM-05267,Arunachal Pradesh,West Kameng,Bhalukpong-Bomdila-Tawang Route,2371.6,46.05,222.0,0.033,-0.0816,3.74,1227.5,29.1,5,4,2.6,2.8,0.23,34.4,3.61,0.117,0.1623,0
NER-SIM-05268,Arunachal Pradesh,Lower Subansiri,Ziro Foothill Section,1571.0,37.15,31.3,0.0163,-0.035,2.87,1845.2,207.4,4,1,3.5,3.1,0.37,34.2,1.34,0.055,0.0738,0
NER-SIM-05269,Manipur,Noney,Tupul Railway Corridor Section,1131.2,43.6,348.8,0.0251,0.0049,4.94,515.0,52.5,3,1,58.9,158.9,7.43,71.2,2.8,0.092,0.4886,0
NER-SIM-05270,Assam,Karbi Anglong,Diphu-Bokajan Escarpment,455.2,20.76,110.5,-0.0118,0.0301,5.57,114.0,755.1,1,2,2.6,3.8,0.33,47.8,6.11,0.046,0.0889,0
NER-SIM-05271,Nagaland,Kohima,NH-29 Dimapur-Kohima By-pass,1399.2,29.65,234.2,0.0128,-0.0024,5.1,1117.9,378.3,2,3,65.9,127.2,10.38,63.8,2.31,0.031,0.2577,0
NER-SIM-05272,Assam,Dima Hasao,NH-27 Lumding-Haflong Hill Cut,920.6,22.1,214.9,0.0561,-0.0578,8.47,649.0,513.1,1,3,180.2,564.2,26.87,97.8,42.03,0.07,0.9697,1
NER-SIM-05273,Nagaland,Phek,Phek-Meluri Road Corridor,1297.2,32.53,51.0,-0.108,-0.0447,8.33,2.1,1475.3,3,2,145.9,303.1,19.77,80.7,17.44,0.064,0.8203,1
NER-SIM-05274,Assam,Dima Hasao,NH-27 Lumding-Haflong Hill Cut,1150.7,26.74,204.2,-0.0972,-0.0127,5.11,28.9,164.2,1,1,89.3,166.1,15.32,79.6,17.16,0.017,0.4262,0
NER-SIM-05275,Arunachal Pradesh,Lower Subansiri,Ziro Foothill Section,995.4,28.49,147.6,-0.013,0.0216,8.57,822.5,42.5,4,2,6.0,10.3,0.48,37.0,4.65,0.041,0.1595,0
NER-SIM-05276,Nagaland,Phek,Phek-Meluri Road Corridor,1588.1,39.57,176.6,-0.0247,0.0033,6.11,1779.4,655.6,2,2,6.2,9.8,1.03,35.7,2.19,0.054,0.1577,0
NER-SIM-05277,Nagaland,Phek,Phek-Meluri Road Corridor,1590.3,38.88,229.0,-0.1215,-0.06,2.0,2928.5,402.4,3,1,37.0,59.8,3.93,49.9,0.0,0.009,0.1505,0
NER-SIM-05278,Mizoram,Aizawl,Aizawl-Lunglei Road Slopes,1624.6,47.9,120.3,-0.0595,-0.0925,4.0,710.0,285.9,1,4,95.8,176.9,18.6,80.6,17.43,0.023,0.6485,1
NER-SIM-05279,Meghalaya,South West Khasi Hills,Mawsynram Valley Slopes,1370.8,36.23,295.4,0.0274,-0.03,3.85,1317.5,429.7,2,2,30.4,31.4,2.57,38.0,2.5,0.064,0.0849,0
NER-SIM-05280,Nagaland,Kohima,NH-29 Dimapur-Kohima By-pass,1213.6,35.55,137.2,-0.0304,-0.0104,3.18,426.7,450.0,2,2,93.4,264.6,13.76,81.9,17.97,0.091,0.6558,1
NER-SIM-05281,Manipur,Noney,Tupul Railway Corridor Section,648.4,46.16,145.3,-0.008,-0.0008,3.86,846.5,19.7,2,2,9.5,11.8,0.64,49.4,2.42,0.043,0.2582,0
NER-SIM-05282,Manipur,Noney,Tupul Railway Corridor Section,545.4,41.44,233.7,-0.0128,-0.0929,6.35,521.1,256.3,2,4,12.2,20.9,1.02,36.0,2.35,0.049,0.0916,0
NER-SIM-05283,Mizoram,Aizawl,Aizawl-Lunglei Road Slopes,839.6,34.41,313.7,-0.0317,-0.0415,4.88,648.8,33.5,1,3,5.9,10.3,0.57,46.3,1.99,0.013,0.1369,0
NER-SIM-05284,Manipur,Chandel,NH-102 Imphal-Moreh Corridor,999.9,26.61,232.9,0.0323,-0.01,6.35,661.0,39.1,3,3,90.4,194.8,23.58,76.9,15.16,0.083,0.7003,1
NER-SIM-05285,Tripura,North Tripura,Jampui Hills Ridge Corridor,591.1,32.97,113.4,0.035,0.0747,5.24,497.6,594.9,1,2,2.7,1.6,0.21,43.5,2.44,0.11,0.0613,0
NER-SIM-05286,Arunachal Pradesh,West Kameng,Bhalukpong-Bomdila-Tawang Route,2790.4,60.21,149.5,0.0077,0.0217,4.75,1194.7,81.4,4,4,15.2,22.7,1.67,40.2,0.59,0.03,0.2006,0
NER-SIM-05287,Meghalaya,East Khasi Hills,NH-6 Shillong-Tamabil Highway,1925.3,26.75,250.6,0.1274,-0.0095,4.54,444.9,121.7,2,4,0.8,1.3,0.07,39.7,3.42,0.097,0.0465,0
NER-SIM-05288,Mizoram,Aizawl,Aizawl-Lunglei Road Slopes,916.7,37.18,356.0,-0.054,0.0149,2.0,672.2,341.9,1,4,36.4,64.9,6.04,49.9,2.55,0.039,0.1632,0
NER-SIM-05289,Nagaland,Phek,Phek-Meluri Road Corridor,1586.7,32.83,5.6,-0.0991,-0.0572,7.89,4431.3,31.9,1,1,14.6,12.5,1.52,34.7,1.7,0.05,0.0856,0
NER-SIM-05290,Meghalaya,East Khasi Hills,NH-6 Shillong-Tamabil Highway,1924.4,23.13,94.8,-0.0218,0.0139,8.21,997.5,192.1,2,1,131.0,244.1,36.55,78.2,12.51,0.029,0.5806,1
NER-SIM-05291,Mizoram,Aizawl,Aizawl-Lunglei Road Slopes,915.1,33.17,1.1,0.0283,0.0471,5.11,872.7,679.0,2,2,243.9,773.2,49.19,77.8,15.79,0.103,0.9938,1
NER-SIM-05292,Mizoram,Champhai,Champhai-Zokhawthar Border Cut,2004.0,39.61,22.1,0.0278,0.0099,7.88,2789.5,417.3,1,2,4.4,3.2,0.69,36.1,2.01,0.065,0.0505,0
NER-SIM-05293,Meghalaya,South West Khasi Hills,Mawsynram Valley Slopes,1032.2,28.06,270.8,-0.061,-0.045,6.52,2309.3,213.1,1,1,2.6,2.3,0.23,36.3,0.0,0.057,0.0352,0
NER-SIM-05294,Manipur,Noney,Tupul Railway Corridor Section,1345.3,40.68,91.6,-0.1193,0.0316,6.5,135.7,602.7,2,1,7.6,8.0,0.55,32.1,2.15,0.074,0.0917,0
NER-SIM-05295,Mizoram,Champhai,Champhai-Zokhawthar Border Cut,1484.7,19.3,129.5,0.1151,0.0353,8.49,2758.8,182.4,2,4,12.3,10.1,2.01,21.9,2.62,0.072,0.0653,0
NER-SIM-05296,Manipur,Chandel,NH-102 Imphal-Moreh Corridor,495.8,21.12,230.3,-0.0022,0.001,7.77,914.4,397.9,3,2,129.8,312.7,20.09,77.2,10.51,0.024,0.7886,1
NER-SIM-05297,Sikkim,Pakyong,NH-10 Sevoke-Gangtok Corridor,1316.8,48.94,224.2,0.0476,0.0128,3.26,281.2,49.2,3,1,15.2,18.4,1.34,48.4,3.3,0.058,0.1621,0
NER-SIM-05298,Arunachal Pradesh,Lower Subansiri,Ziro Foothill Section,1516.3,36.74,356.7,-0.0819,0.0236,5.54,4292.1,142.8,3,4,2.1,3.3,0.27,31.9,1.16,0.02,0.07,0
NER-SIM-05299,Nagaland,Kohima,NH-29 Dimapur-Kohima By-pass,1226.2,17.23,21.2,0.0469,0.0689,7.9,2303.3,385.5,4,3,234.9,398.6,56.63,77.9,13.94,0.019,0.951,1
NER-SIM-05300,Mizoram,Aizawl,Aizawl-Lunglei Road Slopes,1012.2,33.26,72.0,0.0294,0.0184,4.05,735.1,188.8,1,2,10.0,9.4,0.68,36.1,5.96,0.103,0.1812,0
NER-SIM-05301,Sikkim,Mangan,North Sikkim Highway (Chungthang),1560.4,41.32,71.8,0.0032,0.0152,5.52,1130.4,76.2,4,1,145.7,261.9,25.42,71.7,3.59,0.097,0.8608,1
NER-SIM-05302,Tripura,North Tripura,Jampui Hills Ridge Corridor,1188.1,19.14,255.1,-0.0155,-0.0215,6.0,1141.1,7.5,1,4,1.1,0.8,0.15,39.7,3.62,0.076,0.059,0
NER-SIM-05303,Nagaland,Kohima,NH-29 Dimapur-Kohima By-pass,2100.0,29.76,62.1,0.0111,-0.0799,3.14,5784.8,186.7,2,1,71.1,136.7,12.12,69.9,0.0,0.063,0.3145,0
NER-SIM-05304,Assam,Dima Hasao,NH-27 Lumding-Haflong Hill Cut,963.5,31.48,341.6,0.087,0.0347,5.67,1282.3,46.5,1,2,28.5,48.0,2.85,31.8,0.86,0.014,0.1276,0
NER-SIM-05305,Nagaland,Phek,Phek-Meluri Road Corridor,1696.3,51.93,260.8,-0.0755,0.0606,2.88,290.6,944.5,3,2,7.8,11.9,1.29,35.3,4.19,0.039,0.1679,0
NER-SIM-05306,Mizoram,Aizawl,Aizawl-Lunglei Road Slopes,699.7,28.31,248.3,-0.0082,-0.0166,6.84,658.8,237.0,1,4,21.8,22.5,2.56,40.1,2.36,0.061,0.0747,0
NER-SIM-05307,Meghalaya,South West Khasi Hills,Mawsynram Valley Slopes,952.3,34.56,60.7,-0.0597,-0.068,4.4,1570.2,64.7,2,2,10.2,7.9,1.05,41.6,2.42,0.043,0.1775,0
NER-SIM-05308,Manipur,Chandel,NH-102 Imphal-Moreh Corridor,787.2,18.77,139.9,-0.029,0.0089,6.06,5583.5,338.7,2,3,117.6,259.7,17.77,82.3,20.18,0.044,0.528,1
NER-SIM-05309,Sikkim,Mangan,North Sikkim Highway (Chungthang),2309.1,44.8,5.6,-0.0068,0.0702,2.58,739.4,148.1,5,3,43.0,116.2,6.01,60.8,1.89,0.08,0.4449,0
NER-SIM-05310,Assam,Dima Hasao,NH-27 Lumding-Haflong Hill Cut,1000.9,36.45,81.2,0.0469,-0.0818,4.22,1203.6,546.7,1,4,120.9,193.0,17.35,78.9,17.72,0.007,0.5176,1
NER-SIM-05311,Mizoram,Champhai,Champhai-Zokhawthar Border Cut,1406.8,18.79,256.0,-0.033,-0.0247,7.22,1650.0,145.4,2,3,6.1,9.7,0.74,21.8,0.12,0.023,0.0784,0
NER-SIM-05312,Mizoram,Champhai,Champhai-Zokhawthar Border Cut,1556.8,32.09,79.4,-0.0457,0.0677,4.17,1219.3,185.4,2,1,13.8,21.3,3.23,57.8,2.81,0.072,0.0546,0
NER-SIM-05313,Nagaland,Phek,Phek-Meluri Road Corridor,1512.4,39.8,97.9,0.0034,0.0629,3.8,3752.1,90.6,4,3,80.2,223.3,13.22,74.5,4.46,0.068,0.7516,1
NER-SIM-05314,Meghalaya,South West Khasi Hills,Mawsynram Valley Slopes,1184.4,40.6,146.1,-0.0353,0.1591,2.67,145.2,1021.6,2,3,3.9,6.0,0.39,37.9,1.75,0.055,0.1837,0
NER-SIM-05315,Assam,Dima Hasao,NH-27 Lumding-Haflong Hill Cut,1082.0,36.27,141.3,0.046,-0.0709,4.29,1949.1,79.3,1,3,39.0,95.6,10.66,74.5,1.72,0.027,0.4174,0
NER-SIM-05316,Arunachal Pradesh,West Kameng,Bhalukpong-Bomdila-Tawang Route,2282.5,52.74,310.0,-0.0174,-0.0294,4.88,986.2,598.9,3,4,16.1,25.7,1.08,37.5,2.07,0.063,0.1818,0
NER-SIM-05317,Arunachal Pradesh,West Kameng,Bhalukpong-Bomdila-Tawang Route,2318.7,40.89,135.4,-0.0349,-0.0519,4.27,476.8,43.9,4,1,47.1,46.5,3.37,40.8,2.55,0.057,0.3483,0
NER-SIM-05318,Sikkim,Mangan,North Sikkim Highway (Chungthang),2101.3,33.89,249.1,-0.1395,0.0097,4.14,970.0,25.8,4,1,193.7,616.4,29.98,78.2,13.9,0.0,0.9787,1
NER-SIM-05319,Manipur,Chandel,NH-102 Imphal-Moreh Corridor,837.7,34.26,164.7,-0.0139,0.0327,5.37,279.7,857.1,3,2,50.6,50.2,3.43,40.2,1.86,0.02,0.2067,0
NER-SIM-05320,Nagaland,Phek,Phek-Meluri Road Corridor,2380.2,35.93,140.5,0.1112,0.0099,4.18,750.8,220.8,2,2,6.9,10.2,0.56,38.9,0.0,0.077,0.0641,0
NER-SIM-05321,Meghalaya,East Khasi Hills,NH-6 Shillong-Tamabil Highway,1425.9,27.91,304.8,-0.0264,0.0353,7.49,1346.4,324.8,1,4,98.9,173.3,13.01,75.3,4.33,0.087,0.2899,0
NER-SIM-05322,Mizoram,Aizawl,Aizawl-Lunglei Road Slopes,1050.6,49.7,191.3,0.0291,-0.0987,3.06,1887.4,171.1,2,4,72.6,183.3,11.35,86.3,31.4,1.941,0.7711,1
NER-SIM-05323,Manipur,Noney,Tupul Railway Corridor Section,840.0,50.28,35.6,0.0797,0.0383,4.57,815.6,426.5,1,3,20.9,10.9,1.7,38.8,0.0,0.051,0.2298,0
NER-SIM-05324,Meghalaya,South West Khasi Hills,Mawsynram Valley Slopes,854.6,29.32,23.0,-0.005,-0.0363,6.8,411.2,501.5,1,1,10.2,9.8,1.02,26.6,5.25,0.055,0.044,0
NER-SIM-05325,Mizoram,Champhai,Champhai-Zokhawthar Border Cut,1308.4,39.11,34.9,-0.0244,0.041,7.13,130.2,1.1,2,3,21.4,30.4,2.22,53.5,1.07,0.0,0.3753,0
NER-SIM-05326,Meghalaya,South West Khasi Hills,Mawsynram Valley Slopes,1258.2,43.9,111.9,-0.0156,-0.0016,4.13,3240.2,467.9,2,3,69.8,123.2,20.28,66.6,3.16,0.071,0.5441,1
NER-SIM-05327,Arunachal Pradesh,West Kameng,Bhalukpong-Bomdila-Tawang Route,2039.2,46.58,276.4,-0.0556,-0.061,3.94,135.9,85.5,4,3,68.1,149.0,17.72,70.0,2.5,0.026,0.7777,1
NER-SIM-05328,Nagaland,Phek,Phek-Meluri Road Corridor,1959.5,26.75,146.8,0.02,0.065,2.0,649.6,208.9,3,3,80.3,175.1,10.85,75.6,11.73,0.063,0.6802,1
NER-SIM-05329,Nagaland,Kohima,NH-29 Dimapur-Kohima By-pass,1768.5,29.22,270.4,0.0185,-0.0801,5.81,1369.3,14.0,3,1,12.4,23.5,2.26,42.7,1.07,0.074,0.0979,0
NER-SIM-05330,Assam,Karbi Anglong,Diphu-Bokajan Escarpment,220.7,18.17,156.4,-0.0271,0.086,4.61,1132.2,255.4,1,2,59.9,133.8,8.43,63.3,4.16,0.051,0.1466,0
NER-SIM-05331,Arunachal Pradesh,West Kameng,Bhalukpong-Bomdila-Tawang Route,1975.9,44.79,124.6,0.012,-0.0382,2.73,182.2,69.2,5,3,52.7,168.2,8.45,72.4,2.26,0.071,0.6272,1
NER-SIM-05332,Mizoram,Aizawl,Aizawl-Lunglei Road Slopes,1680.1,43.74,153.4,-0.0914,-0.0548,7.32,922.5,1240.2,1,2,15.5,24.3,1.86,44.1,4.07,0.033,0.192,0
NER-SIM-05333,Meghalaya,South West Khasi Hills,Mawsynram Valley Slopes,1414.1,29.98,314.1,-0.1115,-0.0524,7.79,860.2,186.1,1,2,17.4,29.2,2.17,41.6,0.23,0.055,0.0664,0
NER-SIM-05334,Mizoram,Champhai,Champhai-Zokhawthar Border Cut,1291.5,35.15,235.4,-0.0037,0.032,4.03,1715.9,1235.4,2,3,1.9,2.4,0.3,35.8,3.23,0.09,0.0864,0
NER-SIM-05335,Arunachal Pradesh,Lower Subansiri,Ziro Foothill Section,1454.7,22.44,184.6,-0.0254,-0.0902,5.97,756.5,121.1,3,1,17.2,35.0,3.92,42.0,0.66,0.085,0.0743,0
NER-SIM-05336,Sikkim,Mangan,North Sikkim Highway (Chungthang),1438.8,46.37,202.5,-0.0517,-0.0086,6.57,1134.0,1600.9,4,1,25.7,31.2,1.9,36.6,1.96,0.073,0.14,0
NER-SIM-05337,Manipur,Chandel,NH-102 Imphal-Moreh Corridor,1629.7,44.36,106.3,0.0306,0.0345,5.96,137.4,53.1,3,3,20.7,24.5,1.46,41.6,2.74,0.032,0.2274,0
NER-SIM-05338,Arunachal Pradesh,West Kameng,Bhalukpong-Bomdila-Tawang Route,2359.0,40.84,176.3,-0.0816,0.0129,5.67,120.3,1314.4,4,1,52.8,138.7,10.14,70.2,0.46,0.035,0.3733,0
NER-SIM-05339,Meghalaya,South West Khasi Hills,Mawsynram Valley Slopes,1610.4,40.31,228.4,0.0312,0.0634,2.8,952.5,117.9,1,1,175.0,455.1,40.47,79.7,18.52,0.012,0.8647,1
NER-SIM-05340,Assam,Karbi Anglong,Diphu-Bokajan Escarpment,765.1,28.64,48.6,0.0771,0.0075,3.49,846.3,32.0,1,2,250.7,576.4,54.33,81.6,18.76,0.015,0.9867,1
NER-SIM-05341,Meghalaya,East Khasi Hills,NH-6 Shillong-Tamabil Highway,1484.3,37.7,181.6,-0.0014,0.1047,3.51,220.4,524.0,2,4,71.6,111.1,13.88,72.4,3.6,0.0,0.3013,0
NER-SIM-05342,Arunachal Pradesh,Lower Subansiri,Ziro Foothill Section,1529.7,42.25,223.2,-0.0326,-0.0356,2.0,1642.5,116.5,3,1,2.0,1.2,0.2,33.5,1.53,0.034,0.0536,0
NER-SIM-05343,Arunachal Pradesh,West Kameng,Bhalukpong-Bomdila-Tawang Route,2493.1,32.29,320.9,-0.0088,0.0013,3.33,1080.0,800.2,5,2,21.7,34.5,2.41,38.9,0.28,0.065,0.1116,0
NER-SIM-05344,Assam,Dima Hasao,NH-27 Lumding-Haflong Hill Cut,472.9,33.62,176.4,0.0039,0.0131,4.03,15.3,426.6,1,2,8.8,5.6,0.9,41.7,4.58,0.053,0.1318,0
NER-SIM-05345,Meghalaya,East Khasi Hills,NH-6 Shillong-Tamabil Highway,1590.0,39.63,205.6,0.033,-0.0355,6.5,1031.1,235.6,1,2,0.7,0.6,0.09,42.1,2.4,0.025,0.0557,0
NER-SIM-05346,Meghalaya,South West Khasi Hills,Mawsynram Valley Slopes,1474.2,32.49,309.4,0.0513,-0.0222,5.42,1816.0,193.8,1,3,212.4,424.6,31.92,81.0,19.83,0.086,0.9701,1
NER-SIM-05347,Assam,Karbi Anglong,Diphu-Bokajan Escarpment,255.7,24.16,250.6,0.0029,-0.0319,5.42,421.5,30.2,1,3,86.7,265.1,19.63,83.7,28.47,0.056,0.8077,1
NER-SIM-05348,Assam,Karbi Anglong,Diphu-Bokajan Escarpment,428.5,15.55,39.3,-0.0322,-0.0616,4.84,69.9,117.4,1,1,131.9,347.3,17.61,86.6,36.07,0.024,0.7592,1
NER-SIM-05349,Meghalaya,East Khasi Hills,NH-6 Shillong-Tamabil Highway,1990.2,32.06,141.0,-0.0301,-0.0191,4.74,725.1,592.6,1,1,0.8,0.7,0.11,32.8,2.41,0.077,0.0362,0
NER-SIM-05350,Arunachal Pradesh,West Kameng,Bhalukpong-Bomdila-Tawang Route,2236.4,44.11,312.4,-0.0037,0.0035,3.34,273.3,39.6,5,3,48.8,118.6,11.24,70.9,0.68,0.019,0.7276,1
NER-SIM-05351,Nagaland,Phek,Phek-Meluri Road Corridor,1937.5,27.99,287.4,0.0268,0.0264,4.86,234.7,136.9,3,4,72.4,148.9,9.88,78.7,18.03,0.0,0.4713,0
NER-SIM-05352,Assam,Karbi Anglong,Diphu-Bokajan Escarpment,485.1,27.39,236.5,0.0123,-0.1123,8.26,2528.7,477.1,1,2,31.2,61.9,7.01,44.4,4.41,0.083,0.0766,0
NER-SIM-05353,Sikkim,Mangan,North Sikkim Highway (Chungthang),2183.1,49.33,150.2,0.0442,-0.0186,6.76,3465.8,38.2,3,4,76.4,164.4,10.54,83.4,20.51,1.039,0.7949,1
NER-SIM-05354,Assam,Karbi Anglong,Diphu-Bokajan Escarpment,545.9,40.01,295.6,0.0299,-0.0756,6.66,660.1,1203.8,1,3,20.8,32.7,1.82,48.2,0.47,0.028,0.229,0
NER-SIM-05355,Manipur,Chandel,NH-102 Imphal-Moreh Corridor,1021.2,36.88,130.0,-0.0078,0.0519,3.97,317.5,289.6,2,3,1.9,2.1,0.13,38.6,0.65,0.049,0.1731,0
NER-SIM-05356,Mizoram,Aizawl,Aizawl-Lunglei Road Slopes,1320.1,29.91,79.8,0.0049,0.0206,2.68,79.3,33.6,1,1,46.6,114.2,7.07,68.7,1.85,0.032,0.2629,0
NER-SIM-05357,Manipur,Noney,Tupul Railway Corridor Section,1248.2,45.83,35.8,0.0756,-0.0208,4.22,582.6,249.1,3,1,2.6,4.4,0.37,32.7,3.56,0.11,0.1766,0
NER-SIM-05358,Manipur,Chandel,NH-102 Imphal-Moreh Corridor,855.3,27.52,88.7,-0.0097,0.059,7.05,3773.5,326.4,2,4,142.4,274.3,20.25,73.9,2.16,0.044,0.599,1
NER-SIM-05359,Sikkim,Pakyong,NH-10 Sevoke-Gangtok Corridor,1222.5,43.51,319.3,-0.0171,-0.0601,4.83,501.1,151.0,3,1,13.2,11.4,1.5,30.6,2.2,0.0,0.146,0
NER-SIM-05360,Meghalaya,South West Khasi Hills,Mawsynram Valley Slopes,1321.8,30.19,73.9,0.0255,-0.0636,6.47,1133.9,534.6,1,3,13.8,14.0,1.1,41.6,1.16,0.031,0.0683,0
NER-SIM-05361,Arunachal Pradesh,Lower Subansiri,Ziro Foothill Section,1468.2,32.91,239.0,-0.0375,0.0041,4.91,220.7,162.3,3,4,1.4,0.9,0.12,32.4,1.2,0.053,0.086,0
NER-SIM-05362,Mizoram,Aizawl,Aizawl-Lunglei Road Slopes,1731.7,34.12,244.4,0.0417,0.0314,5.28,1837.5,119.2,2,3,33.7,51.4,7.1,55.1,1.73,0.088,0.3232,0
NER-SIM-05363,Arunachal Pradesh,West Kameng,Bhalukpong-Bomdila-Tawang Route,2151.8,26.53,245.5,-0.1003,-0.0454,7.95,4346.8,1027.9,5,2,3.3,4.7,0.46,40.8,0.0,0.101,0.0745,0
NER-SIM-05364,Mizoram,Aizawl,Aizawl-Lunglei Road Slopes,964.5,33.53,329.2,0.0123,0.0054,7.69,932.1,136.5,1,2,4.2,6.6,0.58,32.9,0.88,0.048,0.0326,0
NER-SIM-05365,Meghalaya,East Khasi Hills,NH-6 Shillong-Tamabil Highway,1826.1,45.6,8.8,0.0717,-0.026,3.49,1076.6,728.5,1,2,14.5,26.1,2.07,37.8,2.71,0.0,0.1566,0
NER-SIM-05366,Nagaland,Kohima,NH-29 Dimapur-Kohima By-pass,1366.4,43.88,203.1,0.0483,0.0273,2.0,1438.7,45.2,3,1,0.7,0.9,0.05,24.7,3.07,0.039,0.1341,0
NER-SIM-05367,Sikkim,Mangan,North Sikkim Highway (Chungthang),1885.6,37.45,47.8,-0.0213,0.0144,3.66,1415.1,1175.8,4,2,109.1,166.9,27.98,78.1,11.24,0.132,0.605,1
NER-SIM-05368,Arunachal Pradesh,West Kameng,Bhalukpong-Bomdila-Tawang Route,2088.0,37.92,211.3,0.0264,-0.0632,7.96,544.8,109.6,5,1,21.4,28.7,1.69,39.1,2.37,0.0,0.1746,0
NER-SIM-05369,Arunachal Pradesh,Lower Subansiri,Ziro Foothill Section,1759.7,16.34,336.0,-0.0757,0.0259,5.94,178.4,58.7,4,1,13.6,15.2,1.42,45.7,1.86,0.013,0.1214,0
NER-SIM-05370,Meghalaya,East Khasi Hills,NH-6 Shillong-Tamabil Highway,1481.4,29.87,290.8,-0.0379,0.089,7.19,1949.9,190.2,2,2,1.8,2.0,0.14,36.8,3.39,0.0,0.0703,0
NER-SIM-05371,Manipur,Chandel,NH-102 Imphal-Moreh Corridor,511.8,30.83,213.3,0.0453,0.004,4.97,1284.9,154.0,3,2,67.7,115.9,14.26,61.7,0.0,0.0,0.3667,0
NER-SIM-05372,Manipur,Chandel,NH-102 Imphal-Moreh Corridor,1350.4,25.02,235.3,-0.0247,0.0589,6.34,1223.2,182.5,2,1,1.7,1.2,0.17,36.2,2.15,0.038,0.0698,0
NER-SIM-05373,Meghalaya,South West Khasi Hills,Mawsynram Valley Slopes,1305.0,29.97,25.1,0.0375,-0.0811,4.61,444.0,1128.2,1,1,47.2,91.9,7.5,66.9,0.92,0.121,0.2441,0
NER-SIM-05374,Nagaland,Phek,Phek-Meluri Road Corridor,1467.3,31.42,157.8,0.0725,0.0414,5.42,2071.9,203.0,3,1,23.4,19.3,1.99,31.6,3.95,0.007,0.0761,0
NER-SIM-05375,Manipur,Chandel,NH-102 Imphal-Moreh Corridor,1270.3,31.45,81.3,-0.0047,-0.041,3.32,440.7,132.4,2,1,15.8,9.0,1.15,38.6,3.31,0.142,0.0682,0
NER-SIM-05376,Manipur,Noney,Tupul Railway Corridor Section,878.4,27.88,89.0,-0.0102,-0.154,3.77,2293.4,430.1,2,1,15.3,17.7,1.37,34.2,3.75,0.0,0.0522,0
NER-SIM-05377,Nagaland,Kohima,NH-29 Dimapur-Kohima By-pass,1810.7,34.72,310.2,-0.107,0.0638,5.53,4352.5,1139.7,2,1,8.7,9.3,1.11,31.0,4.64,0.063,0.0467,0
NER-SIM-05378,Nagaland,Phek,Phek-Meluri Road Corridor,1566.5,34.71,210.3,0.0192,-0.0338,4.58,3417.8,99.6,3,4,14.6,8.4,0.98,37.0,3.87,0.025,0.0795,0
NER-SIM-05379,Assam,Karbi Anglong,Diphu-Bokajan Escarpment,152.9,24.7,18.5,0.0288,-0.0203,7.77,658.5,570.4,1,3,1.1,1.2,0.11,36.2,0.73,0.108,0.0541,0
NER-SIM-05380,Assam,Karbi Anglong,Diphu-Bokajan Escarpment,199.0,35.94,211.0,-0.0428,0.0262,5.42,4879.7,688.0,2,2,2.8,1.5,0.21,27.8,0.94,0.036,0.0458,0
NER-SIM-05381,Nagaland,Kohima,NH-29 Dimapur-Kohima By-pass,1500.6,39.35,152.4,-0.0899,-0.0182,4.43,2829.3,85.0,4,2,0.4,0.2,0.03,37.8,1.25,0.0,0.0968,0
NER-SIM-05382,Tripura,North Tripura,Jampui Hills Ridge Corridor,372.2,22.87,292.1,0.0243,0.0179,6.6,312.9,252.5,1,3,111.1,186.7,25.57,76.0,9.13,0.065,0.4646,0
NER-SIM-05383,Meghalaya,South West Khasi Hills,Mawsynram Valley Slopes,1423.9,24.61,349.4,-0.01,-0.0464,6.07,9.5,182.2,2,2,6.9,7.9,0.52,42.9,1.3,0.086,0.1206,0
NER-SIM-05384,Meghalaya,South West Khasi Hills,Mawsynram Valley Slopes,1330.4,37.21,45.7,-0.0435,-0.0069,7.17,452.0,133.0,2,2,257.8,794.1,46.77,86.0,27.94,1.154,0.9982,1
NER-SIM-05385,Sikkim,Pakyong,NH-10 Sevoke-Gangtok Corridor,878.0,39.18,117.9,0.01,-0.0835,7.09,51.6,114.0,3,2,11.4,18.3,1.54,46.7,2.52,0.013,0.3754,0
NER-SIM-05386,Mizoram,Champhai,Champhai-Zokhawthar Border Cut,1141.5,39.74,328.8,0.0531,-0.0047,5.33,358.2,67.5,1,2,171.5,342.1,40.43,78.2,12.41,0.056,0.8942,1
NER-SIM-05387,Nagaland,Phek,Phek-Meluri Road Corridor,1516.4,24.83,88.7,-0.0489,-0.0215,6.64,553.1,413.1,3,1,8.3,5.0,0.66,31.9,0.0,0.035,0.053,0
NER-SIM-05388,Tripura,North Tripura,Jampui Hills Ridge Corridor,296.3,24.39,46.6,-0.0648,0.0554,4.09,2567.8,526.4,2,1,2.0,1.7,0.29,27.3,2.93,0.137,0.0324,0
NER-SIM-05389,Assam,Karbi Anglong,Diphu-Bokajan Escarpment,184.8,34.23,32.1,-0.0227,0.0312,7.22,208.1,835.2,1,3,33.7,34.7,2.46,45.7,3.65,0.043,0.1806,0
NER-SIM-05390,Mizoram,Champhai,Champhai-Zokhawthar Border Cut,1717.7,42.4,160.1,0.0712,0.0587,4.43,924.7,152.7,3,1,19.4,22.7,1.99,27.7,1.36,0.058,0.1551,0
NER-SIM-05391,Nagaland,Kohima,NH-29 Dimapur-Kohima By-pass,1398.5,27.1,335.5,-0.0883,0.0649,7.98,110.1,165.5,3,4,9.7,9.0,0.85,35.2,0.86,0.059,0.0711,0
NER-SIM-05392,Nagaland,Kohima,NH-29 Dimapur-Kohima By-pass,1408.2,33.58,270.8,0.0534,0.0193,4.95,2509.4,139.9,2,2,27.8,35.1,1.92,42.7,3.34,0.031,0.1377,0
NER-SIM-05393,Mizoram,Aizawl,Aizawl-Lunglei Road Slopes,1164.0,34.09,238.2,-0.056,-0.0285,2.2,810.0,244.7,1,1,0.5,0.6,0.08,36.5,0.0,0.057,0.0651,0
NER-SIM-05394,Mizoram,Aizawl,Aizawl-Lunglei Road Slopes,1038.2,35.07,207.6,0.0431,-0.0635,6.81,1507.5,238.8,1,2,3.9,6.3,0.58,36.7,1.65,0.052,0.0541,0
NER-SIM-05395,Arunachal Pradesh,West Kameng,Bhalukpong-Bomdila-Tawang Route,2150.5,44.05,128.1,0.0013,-0.1211,3.98,3637.2,144.3,4,1,6.1,8.6,0.41,39.1,1.18,0.033,0.0787,0
NER-SIM-05396,Sikkim,Pakyong,NH-10 Sevoke-Gangtok Corridor,1007.5,37.72,279.7,0.036,0.1104,4.62,670.3,38.6,3,3,1.6,2.2,0.12,24.8,2.11,0.0,0.151,0
NER-SIM-05397,Tripura,North Tripura,Jampui Hills Ridge Corridor,809.5,20.55,345.0,-0.0373,-0.0768,5.71,641.6,88.5,1,4,65.8,208.6,19.7,71.6,0.43,0.044,0.2344,0
NER-SIM-05398,Meghalaya,South West Khasi Hills,Mawsynram Valley Slopes,1391.1,37.26,302.7,0.0285,0.0109,4.89,471.5,106.6,2,1,21.7,38.3,1.6,51.4,0.4,0.012,0.0963,0
NER-SIM-05399,Tripura,North Tripura,Jampui Hills Ridge Corridor,901.2,48.32,11.4,0.0021,0.0251,4.99,1384.2,88.4,1,3,29.5,63.0,5.7,42.5,3.66,0.113,0.2142,0
NER-SIM-05400,Mizoram,Champhai,Champhai-Zokhawthar Border Cut,1553.5,16.71,121.3,0.0185,0.042,5.65,541.9,39.5,1,1,3.4,4.0,0.3,31.2,0.28,0.006,0.1045,0
NER-SIM-05401,Mizoram,Aizawl,Aizawl-Lunglei Road Slopes,1372.2,29.17,231.4,0.0127,0.0029,4.81,180.3,1134.0,1,2,2.4,3.3,0.22,42.1,0.09,0.118,0.0763,0
NER-SIM-05402,Manipur,Noney,Tupul Railway Corridor Section,981.9,23.76,194.1,-0.0435,0.0037,4.3,198.2,858.6,3,1,83.5,199.1,21.54,84.4,31.48,0.0,0.5066,1
NER-SIM-05403,Manipur,Noney,Tupul Railway Corridor Section,979.6,36.17,207.2,0.0128,-0.01,4.16,60.0,604.5,3,2,3.8,5.7,0.46,32.1,1.11,0.003,0.128,0
NER-SIM-05404,Assam,Karbi Anglong,Diphu-Bokajan Escarpment,186.6,23.81,341.7,-0.0751,0.0305,5.84,949.1,274.9,2,1,47.6,74.8,7.46,51.2,0.9,0.086,0.0783,0
NER-SIM-05405,Sikkim,Pakyong,NH-10 Sevoke-Gangtok Corridor,913.4,35.93,195.1,0.0469,-0.0465,4.63,95.4,90.3,5,3,5.5,9.9,0.39,35.5,1.84,0.043,0.2696,0
NER-SIM-05406,Meghalaya,South West Khasi Hills,Mawsynram Valley Slopes,1307.0,17.51,195.6,0.0217,0.0211,5.55,225.8,545.4,1,2,0.7,1.1,0.09,37.3,1.41,0.031,0.048,0
NER-SIM-05407,Manipur,Noney,Tupul Railway Corridor Section,911.6,34.41,341.2,0.0301,0.0322,4.6,593.1,342.8,3,1,61.8,127.5,11.8,76.9,9.54,0.078,0.2644,0
NER-SIM-05408,Mizoram,Aizawl,Aizawl-Lunglei Road Slopes,1188.3,40.44,288.5,-0.0073,-0.0541,4.74,541.6,354.3,1,4,8.6,4.8,0.65,44.4,0.59,0.055,0.0617,0
NER-SIM-05409,Arunachal Pradesh,West Kameng,Bhalukpong-Bomdila-Tawang Route,2294.9,49.56,275.0,0.0376,0.0286,4.39,93.1,115.9,5,2,5.4,4.4,0.42,27.0,2.23,0.065,0.2556,0
NER-SIM-05410,Manipur,Noney,Tupul Railway Corridor Section,731.2,33.28,2.5,-0.061,-0.0457,5.96,609.2,928.6,3,3,20.5,19.2,2.96,48.0,0.21,0.116,0.1286,0
NER-SIM-05411,Sikkim,Pakyong,NH-10 Sevoke-Gangtok Corridor,626.8,30.47,144.3,0.0775,0.0444,7.07,1308.1,598.6,3,1,8.8,14.9,1.32,42.5,1.08,0.077,0.0539,0
NER-SIM-05412,Assam,Karbi Anglong,Diphu-Bokajan Escarpment,323.8,30.06,232.4,-0.0627,0.0757,5.28,264.3,391.9,1,2,15.1,19.0,1.15,30.6,2.04,0.052,0.124,0
NER-SIM-05413,Assam,Karbi Anglong,Diphu-Bokajan Escarpment,780.1,31.03,162.6,-0.01,0.0431,5.99,862.4,348.8,1,1,40.6,70.1,4.34,45.8,3.22,0.067,0.1024,0
NER-SIM-05414,Mizoram,Champhai,Champhai-Zokhawthar Border Cut,1130.7,42.47,342.6,-0.1053,-0.0425,5.68,1528.0,812.2,1,4,87.0,175.2,15.89,76.2,8.33,0.074,0.3459,0
NER-SIM-05415,Meghalaya,East Khasi Hills,NH-6 Shillong-Tamabil Highway,1538.2,35.27,309.1,0.0262,0.0078,5.3,3901.9,217.3,1,1,17.7,16.9,2.72,32.5,0.0,0.071,0.0441,0
NER-SIM-05416,Nagaland,Phek,Phek-Meluri Road Corridor,1594.2,38.75,142.1,-0.0082,-0.0353,4.28,1351.4,304.6,1,4,25.2,41.6,2.66,41.5,3.7,0.072,0.0763,0
NER-SIM-05417,Meghalaya,South West Khasi Hills,Mawsynram Valley Slopes,1689.7,29.15,156.0,0.0041,-0.0301,6.23,992.8,286.3,1,3,1.5,1.0,0.12,45.9,1.77,0.04,0.0378,0
NER-SIM-05418,Nagaland,Kohima,NH-29 Dimapur-Kohima By-pass,1061.7,26.05,119.1,0.0293,-0.024,5.85,1000.1,285.6,2,2,0.4,0.4,0.03,38.4,1.69,0.063,0.0794,0
NER-SIM-05419,Arunachal Pradesh,West Kameng,Bhalukpong-Bomdila-Tawang Route,2503.6,30.41,188.4,0.0464,-0.0313,5.21,412.0,273.0,4,1,10.8,14.1,0.81,43.6,1.91,0.03,0.084,0
NER-SIM-05420,Arunachal Pradesh,Lower Subansiri,Ziro Foothill Section,1853.8,37.0,204.6,-0.0322,0.0351,5.17,710.2,385.9,3,4,5.1,4.8,0.46,39.0,0.0,0.082,0.1409,0
NER-SIM-05421,Mizoram,Aizawl,Aizawl-Lunglei Road Slopes,1144.1,44.34,274.2,0.0203,-0.0942,4.45,1681.0,335.4,2,2,73.6,205.4,11.8,82.6,23.17,0.358,0.5434,1
NER-SIM-05422,Tripura,North Tripura,Jampui Hills Ridge Corridor,690.0,29.48,61.2,-0.0692,-0.0038,7.37,213.8,141.3,1,3,2.4,2.1,0.19,26.7,3.55,0.0,0.1472,0
NER-SIM-05423,Sikkim,Mangan,North Sikkim Highway (Chungthang),1576.0,45.42,237.8,0.0046,0.0543,5.63,3870.5,57.4,5,2,0.2,0.3,0.02,37.2,1.68,0.116,0.1443,0
NER-SIM-05424,Nagaland,Phek,Phek-Meluri Road Corridor,1429.0,33.57,275.4,-0.0154,-0.0417,5.15,1274.1,48.2,3,4,6.7,5.5,0.49,37.2,1.78,0.068,0.0399,0
NER-SIM-05425,Meghalaya,East Khasi Hills,NH-6 Shillong-Tamabil Highway,1073.8,28.71,315.7,0.0489,-0.0086,4.46,3496.8,217.3,1,2,2.3,4.1,0.18,31.9,2.37,0.022,0.053,0
NER-SIM-05426,Nagaland,Phek,Phek-Meluri Road Corridor,1937.8,36.5,104.6,0.0706,-0.0068,5.43,108.4,886.9,2,1,14.9,24.2,1.35,35.7,1.36,0.073,0.0513,0
NER-SIM-05427,Mizoram,Aizawl,Aizawl-Lunglei Road Slopes,951.4,46.59,306.6,0.0141,0.0354,7.57,472.5,430.8,2,4,23.2,19.3,2.44,49.3,1.43,0.04,0.1333,0
NER-SIM-05428,Nagaland,Kohima,NH-29 Dimapur-Kohima By-pass,929.3,44.02,91.3,-0.0206,0.0413,4.14,125.0,759.9,2,1,28.7,84.1,5.03,54.9,3.67,0.052,0.2027,0
NER-SIM-05429,Sikkim,Pakyong,NH-10 Sevoke-Gangtok Corridor,1218.3,38.32,291.7,-0.0045,0.0442,3.95,1808.5,69.8,4,3,59.8,133.1,7.59,66.3,0.44,0.045,0.5559,1
NER-SIM-05430,Mizoram,Aizawl,Aizawl-Lunglei Road Slopes,1468.8,32.55,163.9,0.0193,0.0487,3.74,1004.2,1092.5,1,3,60.4,188.5,7.64,81.8,21.23,0.024,0.5471,1
NER-SIM-05431,Tripura,North Tripura,Jampui Hills Ridge Corridor,828.7,39.03,226.3,0.0165,-0.0422,3.97,774.3,277.4,2,1,1.3,1.9,0.1,34.8,2.26,0.019,0.0569,0
NER-SIM-05432,Nagaland,Phek,Phek-Meluri Road Corridor,1648.4,36.86,85.9,-0.0508,0.0303,6.17,2610.4,35.0,5,2,103.1,181.4,19.57,86.9,24.39,5.313,0.8744,1
NER-SIM-05433,Meghalaya,East Khasi Hills,NH-6 Shillong-Tamabil Highway,1901.6,24.61,197.0,-0.0644,-0.0299,5.03,891.6,408.2,1,1,3.9,1.9,0.37,38.4,2.47,0.022,0.0459,0
NER-SIM-05434,Assam,Karbi Anglong,Diphu-Bokajan Escarpment,598.0,20.93,295.0,-0.0178,-0.0168,6.85,558.4,83.1,1,1,53.9,97.5,8.71,63.5,2.8,0.119,0.1467,0
NER-SIM-05435,Assam,Karbi Anglong,Diphu-Bokajan Escarpment,126.7,12.74,157.7,0.0518,0.0311,6.67,304.9,915.4,1,1,8.5,5.3,0.88,42.7,1.69,0.151,0.0433,0
NER-SIM-05436,Tripura,North Tripura,Jampui Hills Ridge Corridor,650.3,30.67,80.3,0.0802,0.0736,2.57,1265.0,305.4,1,4,16.2,25.8,1.7,46.0,0.51,0.101,0.0485,0
NER-SIM-05437,Assam,Dima Hasao,NH-27 Lumding-Haflong Hill Cut,662.4,33.92,28.4,0.098,-0.0653,3.05,1387.3,751.1,1,1,40.1,68.6,5.83,44.6,2.65,0.047,0.0727,0
NER-SIM-05438,Sikkim,Pakyong,NH-10 Sevoke-Gangtok Corridor,1073.7,41.2,82.3,0.0084,0.0009,5.92,1678.8,981.5,4,1,105.3,226.0,20.97,69.4,2.31,0.074,0.569,1
NER-SIM-05439,Assam,Dima Hasao,NH-27 Lumding-Haflong Hill Cut,321.8,30.01,246.3,-0.0023,-0.1076,4.5,353.7,154.9,2,4,14.1,22.6,0.97,37.0,1.82,0.028,0.1068,0
NER-SIM-05440,Arunachal Pradesh,West Kameng,Bhalukpong-Bomdila-Tawang Route,1898.9,37.24,291.5,-0.0167,-0.0973,4.88,1616.3,754.4,5,3,135.5,431.7,27.25,83.7,25.28,6.858,0.9804,1
NER-SIM-05441,Assam,Karbi Anglong,Diphu-Bokajan Escarpment,778.7,10.51,8.9,-0.0239,-0.052,7.34,265.1,81.5,1,3,35.4,111.3,10.51,60.9,2.19,0.0,0.3213,0
NER-SIM-05442,Assam,Karbi Anglong,Diphu-Bokajan Escarpment,590.1,27.04,2.6,-0.0343,-0.0243,4.7,1293.7,399.0,1,1,82.7,216.5,10.53,79.4,14.98,0.119,0.4791,0
NER-SIM-05443,Mizoram,Champhai,Champhai-Zokhawthar Border Cut,1549.8,38.73,13.7,-0.0242,0.0123,8.41,1024.4,156.6,1,1,9.5,13.7,0.69,39.6,0.0,0.058,0.1216,0
NER-SIM-05444,Mizoram,Aizawl,Aizawl-Lunglei Road Slopes,1249.7,42.62,66.2,-0.0962,-0.1105,5.25,564.2,647.4,2,1,36.1,45.7,3.25,43.8,2.26,0.106,0.1137,0
NER-SIM-05445,Nagaland,Phek,Phek-Meluri Road Corridor,1346.8,38.08,99.8,0.0615,0.036,5.81,1306.8,131.2,3,2,2.0,3.1,0.19,38.2,1.8,0.097,0.1014,0
NER-SIM-05446,Meghalaya,South West Khasi Hills,Mawsynram Valley Slopes,1219.0,54.61,267.0,0.008,0.019,4.55,2401.0,174.9,1,2,7.7,13.3,0.72,35.5,2.61,0.061,0.092,0
NER-SIM-05447,Manipur,Noney,Tupul Railway Corridor Section,468.1,42.77,172.3,-0.0694,0.0159,2.76,5084.1,589.1,2,1,9.8,8.1,1.26,38.8,0.4,0.017,0.0999,0
NER-SIM-05448,Assam,Dima Hasao,NH-27 Lumding-Haflong Hill Cut,1176.0,40.43,120.0,-0.0526,-0.0918,5.04,4806.0,154.1,1,3,15.3,14.0,2.54,34.2,0.0,0.127,0.1025,0
NER-SIM-05449,Assam,Dima Hasao,NH-27 Lumding-Haflong Hill Cut,519.0,42.31,184.0,0.0465,-0.0011,4.96,382.5,1.7,1,3,0.2,0.1,0.02,38.8,1.95,0.095,0.1018,0
NER-SIM-05450,Nagaland,Kohima,NH-29 Dimapur-Kohima By-pass,1307.6,29.14,260.7,0.0088,0.0804,8.21,282.0,917.3,2,1,189.3,331.0,39.56,73.2,2.39,0.024,0.76,1
NER-SIM-05451,Nagaland,Phek,Phek-Meluri Road Corridor,1750.8,40.71,195.1,0.0435,0.0366,5.9,1153.1,57.4,2,1,0.1,0.2,0.02,35.1,1.18,0.098,0.1337,0
NER-SIM-05452,Manipur,Chandel,NH-102 Imphal-Moreh Corridor,662.6,34.81,86.1,0.0107,-0.0014,5.84,259.4,1102.7,3,1,2.7,2.3,0.25,40.1,1.23,0.105,0.0711,0
NER-SIM-05453,Mizoram,Aizawl,Aizawl-Lunglei Road Slopes,1353.9,41.53,163.5,-0.0449,0.0334,2.63,33.2,8.5,1,4,3.9,5.4,0.37,41.4,1.51,0.046,0.1141,0
NER-SIM-05454,Manipur,Chandel,NH-102 Imphal-Moreh Corridor,1228.2,21.92,291.6,-0.0527,0.0395,4.7,1601.6,54.2,3,3,21.0,50.0,5.73,32.5,2.05,0.023,0.1197,0
NER-SIM-05455,Meghalaya,East Khasi Hills,NH-6 Shillong-Tamabil Highway,1494.2,41.57,89.1,0.0602,-0.0066,7.1,1962.9,228.7,1,1,164.7,406.3,23.92,69.0,2.33,0.0,0.9004,1
NER-SIM-05456,Nagaland,Kohima,NH-29 Dimapur-Kohima By-pass,1079.6,26.45,287.6,0.0056,-0.0208,3.51,393.1,220.8,2,4,12.1,12.1,0.83,39.6,0.0,0.037,0.0593,0
NER-SIM-05457,Nagaland,Kohima,NH-29 Dimapur-Kohima By-pass,1097.1,23.66,157.3,0.0059,-0.0276,6.59,1684.9,923.3,3,2,7.0,12.6,0.52,39.3,0.07,0.055,0.056,0
NER-SIM-05458,Meghalaya,South West Khasi Hills,Mawsynram Valley Slopes,1468.4,32.17,91.8,0.0299,-0.0328,5.9,59.9,784.4,1,3,5.2,3.7,0.37,21.6,0.23,0.101,0.1069,0
NER-SIM-05459,Assam,Karbi Anglong,Diphu-Bokajan Escarpment,79.7,19.76,309.1,-0.0339,-0.0196,9.03,4887.6,1304.1,1,4,89.3,219.2,14.39,88.4,42.15,0.0,0.4924,0
NER-SIM-05460,Mizoram,Champhai,Champhai-Zokhawthar Border Cut,1561.4,35.85,243.2,-0.0358,0.0466,5.77,79.3,76.2,2,4,5.4,6.2,0.4,43.9,5.12,0.037,0.1075,0
NER-SIM-05461,Mizoram,Champhai,Champhai-Zokhawthar Border Cut,1265.1,30.76,129.9,0.0255,-0.0535,5.13,228.5,11.6,2,1,143.3,397.4,21.29,80.3,21.71,0.077,0.8377,1
NER-SIM-05462,Sikkim,Pakyong,NH-10 Sevoke-Gangtok Corridor,1041.1,24.99,356.3,0.0038,0.0431,7.51,5735.4,629.7,4,4,1.8,1.8,0.14,29.9,1.17,0.039,0.0228,0
NER-SIM-05463,Manipur,Noney,Tupul Railway Corridor Section,721.2,42.03,352.9,-0.0243,-0.0296,5.59,2923.3,178.1,3,4,11.8,11.1,1.17,25.2,1.16,0.075,0.0871,0
NER-SIM-05464,Meghalaya,East Khasi Hills,NH-6 Shillong-Tamabil Highway,1555.0,24.23,269.9,0.0922,-0.1416,6.63,279.9,61.4,2,2,6.4,10.6,0.57,43.8,0.0,0.039,0.178,0
NER-SIM-05465,Nagaland,Kohima,NH-29 Dimapur-Kohima By-pass,1515.5,24.81,67.8,0.0397,0.0078,6.86,2524.8,49.1,3,2,46.2,99.5,7.72,46.7,3.4,0.004,0.1781,0
NER-SIM-05466,Arunachal Pradesh,West Kameng,Bhalukpong-Bomdila-Tawang Route,2246.6,57.8,266.0,-0.0036,0.021,2.47,1518.0,1135.9,5,1,115.9,304.9,15.9,92.2,42.47,0.099,0.9404,1
NER-SIM-05467,Sikkim,Pakyong,NH-10 Sevoke-Gangtok Corridor,975.7,52.75,58.7,-0.0355,0.1133,4.78,6470.8,210.4,4,1,226.3,548.0,46.78,82.9,21.09,1.521,0.9925,1
NER-SIM-05468,Meghalaya,South West Khasi Hills,Mawsynram Valley Slopes,949.5,38.98,278.7,0.026,-0.1097,2.74,1152.5,274.3,1,3,6.2,9.0,0.6,31.0,1.88,0.029,0.1638,0
NER-SIM-05469,Arunachal Pradesh,West Kameng,Bhalukpong-Bomdila-Tawang Route,2426.4,34.57,202.8,-0.0659,-0.0228,3.61,436.7,488.6,4,4,176.3,367.4,30.09,86.3,28.2,1.552,0.9204,1
NER-SIM-05470,Meghalaya,East Khasi Hills,NH-6 Shillong-Tamabil Highway,1503.7,41.06,49.7,-0.0724,0.0347,4.08,259.2,107.7,2,2,0.5,0.3,0.04,33.3,0.52,0.088,0.1393,0
NER-SIM-05471,Arunachal Pradesh,West Kameng,Bhalukpong-Bomdila-Tawang Route,2411.6,44.6,310.8,0.0077,0.0493,6.38,154.0,1037.8,4,3,108.1,299.1,31.69,76.6,8.03,0.037,0.8804,1
NER-SIM-05472,Assam,Dima Hasao,NH-27 Lumding-Haflong Hill Cut,732.7,28.58,226.1,-0.0861,0.0354,5.72,1199.6,213.3,1,2,132.6,323.7,29.11,88.4,36.47,0.053,0.8665,1
NER-SIM-05473,Manipur,Chandel,NH-102 Imphal-Moreh Corridor,701.4,36.43,229.2,0.0311,0.0633,3.74,112.8,580.6,3,1,10.2,10.1,1.17,42.6,0.9,0.049,0.0968,0
NER-SIM-05474,Nagaland,Kohima,NH-29 Dimapur-Kohima By-pass,1627.9,34.76,226.1,0.0234,-0.0121,6.47,394.7,252.3,3,1,65.4,196.8,9.28,76.9,9.81,0.0,0.4496,0
NER-SIM-05475,Sikkim,Pakyong,NH-10 Sevoke-Gangtok Corridor,1174.3,30.0,204.4,0.0282,0.0347,6.78,1940.8,448.2,3,1,11.0,17.0,0.8,46.9,4.54,0.06,0.0529,0
NER-SIM-05476,Assam,Karbi Anglong,Diphu-Bokajan Escarpment,50.0,19.59,121.7,-0.0333,-0.016,6.75,2685.0,246.4,1,3,0.6,0.6,0.06,46.9,1.1,0.076,0.0858,0
NER-SIM-05477,Nagaland,Phek,Phek-Meluri Road Corridor,1656.1,30.82,268.2,0.0303,0.0114,4.45,700.6,58.9,2,3,2.0,2.2,0.19,38.1,0.73,0.031,0.1295,0
NER-SIM-05478,Manipur,Noney,Tupul Railway Corridor Section,804.9,30.53,351.0,-0.004,-0.0246,5.14,756.0,80.2,2,4,13.3,10.8,1.98,30.2,0.0,0.057,0.0659,0
NER-SIM-05479,Sikkim,Mangan,North Sikkim Highway (Chungthang),2150.8,46.37,147.5,0.0456,-0.1045,4.25,1409.6,698.5,4,1,6.1,4.5,0.91,40.5,0.2,0.04,0.1225,0
NER-SIM-05480,Arunachal Pradesh,West Kameng,Bhalukpong-Bomdila-Tawang Route,2083.1,38.13,319.2,-0.1523,-0.0353,4.36,482.0,397.9,4,1,24.5,37.6,1.78,42.8,1.04,0.082,0.1345,0
NER-SIM-05481,Tripura,North Tripura,Jampui Hills Ridge Corridor,862.3,22.33,331.4,0.0422,-0.1105,5.51,268.1,144.4,1,1,12.1,15.9,0.86,36.2,1.04,0.015,0.0995,0
NER-SIM-05482,Sikkim,Mangan,North Sikkim Highway (Chungthang),1629.8,46.62,317.7,0.0416,0.0867,6.59,41.5,441.4,5,1,8.5,12.3,1.22,27.7,0.0,0.031,0.2138,0
NER-SIM-05483,Meghalaya,East Khasi Hills,NH-6 Shillong-Tamabil Highway,1646.7,47.15,127.9,0.0086,0.0607,3.81,2649.8,465.7,2,2,14.3,11.3,1.07,36.8,2.03,0.065,0.1323,0
NER-SIM-05484,Mizoram,Aizawl,Aizawl-Lunglei Road Slopes,1067.3,36.15,146.9,0.0178,-0.0056,3.77,1309.2,356.4,3,3,32.9,80.4,6.52,46.4,4.14,0.0,0.3575,0
NER-SIM-05485,Arunachal Pradesh,West Kameng,Bhalukpong-Bomdila-Tawang Route,2340.6,53.41,338.0,-0.018,-0.0105,3.05,2619.0,329.4,4,3,15.8,23.1,1.32,39.7,2.57,0.0,0.2785,0
NER-SIM-05486,Nagaland,Kohima,NH-29 Dimapur-Kohima By-pass,1605.1,39.34,270.5,0.0596,0.0449,3.81,476.8,80.9,3,2,5.8,9.4,0.42,33.5,2.89,0.027,0.106,0
NER-SIM-05487,Nagaland,Phek,Phek-Meluri Road Corridor,1892.7,35.72,166.7,-0.0247,0.0873,5.7,2059.3,739.2,3,2,24.1,65.0,4.15,54.9,2.03,0.0,0.0851,0
NER-SIM-05488,Manipur,Chandel,NH-102 Imphal-Moreh Corridor,1035.5,39.21,66.5,0.078,0.0203,7.17,933.7,591.0,3,1,44.9,70.0,8.56,45.4,1.47,0.08,0.1671,0
NER-SIM-05489,Mizoram,Aizawl,Aizawl-Lunglei Road Slopes,666.8,35.88,12.4,-0.0496,-0.0355,6.29,327.3,113.9,1,4,25.3,25.0,1.7,41.6,2.8,0.086,0.0811,0
NER-SIM-05490,Meghalaya,South West Khasi Hills,Mawsynram Valley Slopes,1260.5,33.01,108.8,-0.0009,-0.037,4.72,103.2,6.3,1,2,30.2,41.3,4.04,50.9,1.13,0.0,0.2294,0
NER-SIM-05491,Assam,Karbi Anglong,Diphu-Bokajan Escarpment,53.9,36.66,280.5,0.0098,0.0513,4.66,666.4,459.2,2,1,207.4,581.8,46.23,71.5,5.23,0.109,0.9467,1
NER-SIM-05492,Manipur,Chandel,NH-102 Imphal-Moreh Corridor,1487.9,36.29,52.9,0.0223,-0.0381,5.35,1194.4,385.0,3,4,2.0,2.4,0.16,25.9,0.0,0.015,0.0567,0
NER-SIM-05493,Nagaland,Kohima,NH-29 Dimapur-Kohima By-pass,1300.7,22.68,300.4,0.027,-0.0166,4.8,3239.0,387.7,3,2,151.0,267.5,35.29,78.4,15.66,0.042,0.4899,0
NER-SIM-05494,Nagaland,Phek,Phek-Meluri Road Corridor,1929.2,38.6,206.6,-0.0094,-0.0172,3.48,686.7,90.0,2,4,15.2,25.6,4.1,40.3,1.9,0.03,0.076,0
NER-SIM-05495,Manipur,Chandel,NH-102 Imphal-Moreh Corridor,1589.6,33.73,20.0,-0.0291,0.0295,8.69,613.6,408.1,2,1,87.7,268.6,17.57,91.0,38.85,6.765,0.8732,1
NER-SIM-05496,Nagaland,Kohima,NH-29 Dimapur-Kohima By-pass,1670.4,48.71,130.0,-0.0752,0.0016,3.52,1109.5,379.1,3,2,177.2,398.6,48.36,85.7,22.58,2.586,0.9647,1
NER-SIM-05497,Manipur,Chandel,NH-102 Imphal-Moreh Corridor,1160.8,28.11,252.9,0.0258,0.0101,6.12,1232.3,458.7,3,2,26.8,27.2,2.64,49.3,0.29,0.089,0.1753,0
NER-SIM-05498,Assam,Karbi Anglong,Diphu-Bokajan Escarpment,323.9,8.28,99.4,-0.0384,-0.0704,7.97,597.1,125.5,1,1,28.3,16.1,1.96,48.5,1.04,0.085,0.0607,0
NER-SIM-05499,Tripura,North Tripura,Jampui Hills Ridge Corridor,888.6,29.69,181.1,-0.0164,-0.0397,6.01,2651.3,1614.0,1,1,93.3,143.3,30.41,73.2,3.98,0.016,0.1282,0
NER-SIM-05500,Sikkim,Pakyong,NH-10 Sevoke-Gangtok Corridor,1337.8,42.92,222.0,0.0055,-0.0129,5.24,1544.3,430.5,3,3,11.6,12.9,1.2,35.7,2.21,0.133,0.1447,0
NER-SIM-05501,Tripura,North Tripura,Jampui Hills Ridge Corridor,476.7,28.6,295.2,0.0193,0.0531,4.46,207.7,42.3,1,1,16.3,9.7,1.32,45.8,0.0,0.141,0.1219,0
NER-SIM-05502,Nagaland,Phek,Phek-Meluri Road Corridor,2336.5,30.33,106.6,0.0696,-0.0485,6.85,1165.4,941.9,3,4,38.9,49.6,2.94,47.6,1.2,0.062,0.1199,0
NER-SIM-05503,Sikkim,Pakyong,NH-10 Sevoke-Gangtok Corridor,970.3,34.71,122.7,0.0204,-0.0072,4.28,140.2,253.3,2,3,35.5,35.7,3.81,44.3,0.56,0.092,0.1935,0
NER-SIM-05504,Manipur,Noney,Tupul Railway Corridor Section,1043.4,38.45,188.7,-0.0638,-0.0403,6.98,1313.7,82.5,3,4,70.9,182.6,10.06,77.4,16.13,0.007,0.4619,0
NER-SIM-05505,Assam,Karbi Anglong,Diphu-Bokajan Escarpment,728.0,22.26,300.2,-0.0448,0.0316,8.78,128.7,84.9,1,3,96.8,287.0,21.39,82.3,18.62,0.072,0.7536,1
NER-SIM-05506,Mizoram,Aizawl,Aizawl-Lunglei Road Slopes,1469.1,36.01,187.5,0.0335,-0.0435,4.42,2407.5,75.4,1,2,7.5,5.5,0.73,32.6,2.74,0.087,0.1498,0
NER-SIM-05507,Sikkim,Mangan,North Sikkim Highway (Chungthang),1836.5,40.9,181.1,0.0033,-0.0336,4.76,863.6,295.8,3,4,57.5,41.9,6.52,48.2,0.58,0.004,0.0954,0
NER-SIM-05508,Sikkim,Mangan,North Sikkim Highway (Chungthang),2048.8,54.72,277.2,0.0064,0.0329,4.84,1838.6,29.1,5,1,2.4,2.7,0.35,28.1,0.96,0.098,0.1421,0
NER-SIM-05509,Arunachal Pradesh,West Kameng,Bhalukpong-Bomdila-Tawang Route,2417.7,55.77,347.7,0.0897,-0.0569,2.0,569.0,1006.9,4,2,69.3,104.0,9.93,66.7,6.29,0.068,0.5086,1
NER-SIM-05510,Mizoram,Champhai,Champhai-Zokhawthar Border Cut,934.6,30.8,31.7,0.025,0.0836,4.24,2599.1,39.0,1,4,33.8,66.0,4.63,55.0,0.0,0.063,0.0831,0
NER-SIM-05511,Assam,Dima Hasao,NH-27 Lumding-Haflong Hill Cut,757.4,26.21,272.2,0.0404,-0.0093,5.39,878.0,36.8,1,2,0.2,0.2,0.02,31.7,0.73,0.045,0.084,0
NER-SIM-05512,Manipur,Chandel,NH-102 Imphal-Moreh Corridor,1590.7,30.76,105.2,-0.0409,-0.0156,6.56,1360.6,52.3,3,2,26.1,45.1,4.02,47.4,3.27,0.052,0.1123,0
NER-SIM-05513,Mizoram,Champhai,Champhai-Zokhawthar Border Cut,1431.0,18.98,138.1,0.0241,-0.0032,7.46,852.5,70.5,1,3,16.0,22.6,1.21,47.7,3.92,0.0,0.1689,0
NER-SIM-05514,Mizoram,Champhai,Champhai-Zokhawthar Border Cut,1246.9,38.58,23.2,0.0469,-0.0101,3.68,1193.1,306.8,1,3,19.8,12.3,2.14,42.5,1.69,0.094,0.1405,0
NER-SIM-05515,Assam,Karbi Anglong,Diphu-Bokajan Escarpment,600.5,30.67,286.5,-0.0375,0.0468,6.03,2806.8,126.9,1,2,0.7,0.9,0.08,29.4,1.85,0.051,0.063,0
NER-SIM-05516,Manipur,Noney,Tupul Railway Corridor Section,1017.7,43.25,37.4,0.0639,-0.0303,5.88,7.6,282.3,3,4,1.4,2.1,0.1,43.9,3.35,0.011,0.1336,0
NER-SIM-05517,Assam,Karbi Anglong,Diphu-Bokajan Escarpment,676.1,35.52,305.4,-0.0325,0.0518,3.46,1504.4,264.8,1,2,23.2,20.7,2.12,40.2,2.0,0.044,0.0786,0
NER-SIM-05518,Manipur,Noney,Tupul Railway Corridor Section,664.4,43.75,215.3,-0.0326,0.0025,5.43,1025.7,415.9,2,1,12.0,9.1,1.96,26.5,1.13,0.052,0.0748,0
NER-SIM-05519,Arunachal Pradesh,West Kameng,Bhalukpong-Bomdila-Tawang Route,1865.4,51.82,339.4,-0.066,0.0157,2.45,824.8,166.7,5,1,32.3,91.2,5.39,50.2,5.16,0.126,0.171,0
NER-SIM-05520,Assam,Karbi Anglong,Diphu-Bokajan Escarpment,761.8,27.03,175.4,0.02,0.0447,4.92,227.7,48.1,1,2,66.5,119.4,8.37,69.4,1.91,0.027,0.2803,0
NER-SIM-05521,Assam,Dima Hasao,NH-27 Lumding-Haflong Hill Cut,1097.3,19.03,108.3,-0.0069,-0.0133,4.54,1148.9,1049.2,1,1,6.3,9.8,0.45,51.7,3.93,0.065,0.0465,0
NER-SIM-05522,Arunachal Pradesh,Lower Subansiri,Ziro Foothill Section,1538.9,45.07,241.5,0.0339,0.0072,3.23,3184.7,143.0,4,1,0.7,0.6,0.06,44.4,3.99,0.098,0.1173,0
NER-SIM-05523,Manipur,Chandel,NH-102 Imphal-Moreh Corridor,450.2,28.5,308.1,0.0463,-0.0091,2.94,88.0,160.0,2,2,25.5,25.0,3.07,31.4,3.55,0.083,0.1077,0
NER-SIM-05524,Mizoram,Champhai,Champhai-Zokhawthar Border Cut,1292.0,37.94,75.0,-0.0859,-0.0019,6.13,602.0,60.1,2,2,46.9,139.6,6.34,68.7,4.06,0.001,0.4178,0
NER-SIM-05525,Arunachal Pradesh,Lower Subansiri,Ziro Foothill Section,1525.6,43.89,74.6,-0.0245,0.0855,4.77,124.5,55.0,5,1,24.2,34.4,2.74,45.0,3.89,0.064,0.2528,0
NER-SIM-05526,Sikkim,Mangan,North Sikkim Highway (Chungthang),1797.6,41.09,278.5,-0.068,0.1063,4.98,2036.6,11.9,3,3,90.7,279.3,19.34,78.8,12.05,0.112,0.7531,1
NER-SIM-05527,Arunachal Pradesh,West Kameng,Bhalukpong-Bomdila-Tawang Route,2135.1,34.24,151.9,-0.0725,-0.0646,4.71,1481.0,4.0,5,3,36.7,96.1,11.76,62.3,0.24,0.064,0.3749,0
NER-SIM-05528,Meghalaya,East Khasi Hills,NH-6 Shillong-Tamabil Highway,1777.2,30.75,341.8,0.0151,-0.0226,6.41,600.2,219.6,1,4,0.0,0.0,0.0,38.9,2.67,0.079,0.0497,0
NER-SIM-05529,Sikkim,Pakyong,NH-10 Sevoke-Gangtok Corridor,1247.1,33.7,124.6,-0.0254,-0.0864,3.45,345.8,826.2,3,1,72.6,151.5,10.67,77.0,9.73,0.109,0.4023,0
NER-SIM-05530,Sikkim,Mangan,North Sikkim Highway (Chungthang),2044.4,41.34,34.0,-0.0251,0.0177,4.72,1357.6,148.2,4,1,0.3,0.5,0.04,37.8,1.25,0.0,0.1125,0
NER-SIM-05531,Arunachal Pradesh,West Kameng,Bhalukpong-Bomdila-Tawang Route,1939.1,47.53,146.5,-0.0221,0.0185,5.47,662.5,338.3,5,1,9.5,10.6,1.25,48.7,3.14,0.097,0.1492,0
NER-SIM-05532,Tripura,North Tripura,Jampui Hills Ridge Corridor,1180.1,19.36,313.3,-0.0068,-0.0672,7.4,1320.6,162.1,2,2,11.8,16.5,0.86,42.4,3.71,0.132,0.0438,0
NER-SIM-05533,Assam,Karbi Anglong,Diphu-Bokajan Escarpment,378.2,48.41,119.9,0.06,0.0164,3.2,1798.0,448.0,1,2,159.8,375.4,25.46,75.0,1.75,0.07,0.8585,1
NER-SIM-05534,Assam,Dima Hasao,NH-27 Lumding-Haflong Hill Cut,1211.7,39.93,100.7,0.0424,-0.013,4.61,16.6,114.7,1,4,21.8,38.5,2.69,47.8,0.0,0.06,0.1912,0
NER-SIM-05535,Sikkim,Mangan,North Sikkim Highway (Chungthang),1629.9,63.33,203.2,0.0285,-0.0341,2.0,877.0,651.2,4,1,76.3,222.8,17.85,80.6,18.11,0.014,0.6627,1
NER-SIM-05536,Manipur,Noney,Tupul Railway Corridor Section,586.1,39.98,119.6,0.0664,-0.0172,6.82,1787.2,96.5,2,2,1.0,1.7,0.08,34.4,0.0,0.052,0.1241,0
NER-SIM-05537,Sikkim,Pakyong,NH-10 Sevoke-Gangtok Corridor,1507.5,44.55,351.1,-0.0435,0.0471,2.72,690.4,755.4,3,2,71.1,201.6,14.86,83.0,25.59,1.768,0.696,1
NER-SIM-05538,Mizoram,Aizawl,Aizawl-Lunglei Road Slopes,1151.2,35.06,83.6,0.0366,0.0498,6.97,286.2,708.3,2,3,14.0,20.0,2.14,41.7,2.7,0.022,0.1924,0
NER-SIM-05539,Mizoram,Aizawl,Aizawl-Lunglei Road Slopes,866.6,30.56,295.6,-0.0206,0.0059,4.43,218.9,41.2,1,4,83.6,153.7,21.7,70.8,1.55,0.035,0.3727,0
NER-SIM-05540,Tripura,North Tripura,Jampui Hills Ridge Corridor,234.9,31.37,355.7,-0.0076,-0.0247,5.46,3625.7,1474.2,1,1,10.5,13.6,1.55,48.1,1.4,0.0,0.0457,0
NER-SIM-05541,Meghalaya,East Khasi Hills,NH-6 Shillong-Tamabil Highway,1640.9,47.73,109.1,0.0642,0.0629,3.31,1709.7,26.3,2,1,8.6,9.6,1.21,35.3,3.83,0.06,0.1775,0
NER-SIM-05542,Nagaland,Kohima,NH-29 Dimapur-Kohima By-pass,817.5,34.29,293.3,-0.0605,-0.0737,3.11,560.5,450.4,3,3,127.0,320.9,21.9,83.1,21.07,4.2,0.8718,1
NER-SIM-05543,Meghalaya,East Khasi Hills,NH-6 Shillong-Tamabil Highway,1494.0,36.8,212.7,-0.0506,-0.0673,5.32,3126.2,505.5,1,1,2.3,2.1,0.22,41.6,2.03,0.077,0.0615,0
NER-SIM-05544,Manipur,Chandel,NH-102 Imphal-Moreh Corridor,598.6,23.42,19.6,-0.0054,-0.0039,7.47,179.7,171.2,3,3,1.4,1.7,0.2,36.6,1.42,0.021,0.1631,0
NER-SIM-05545,Nagaland,Phek,Phek-Meluri Road Corridor,1616.5,25.44,179.6,0.05,-0.072,3.98,1141.7,590.0,3,2,5.3,6.2,0.5,34.3,3.63,0.015,0.0586,0
NER-SIM-05546,Mizoram,Champhai,Champhai-Zokhawthar Border Cut,1080.7,34.76,157.7,0.0241,-0.0502,6.91,947.7,885.9,2,3,20.4,31.0,2.17,41.3,1.43,0.053,0.1049,0
NER-SIM-05547,Nagaland,Kohima,NH-29 Dimapur-Kohima By-pass,1196.8,30.79,243.2,0.051,-0.0885,5.98,421.7,72.8,2,4,1.7,2.0,0.14,42.3,3.94,0.072,0.0655,0
NER-SIM-05548,Sikkim,Pakyong,NH-10 Sevoke-Gangtok Corridor,779.1,32.76,69.4,0.0278,-0.0911,2.44,2720.5,21.4,3,3,70.8,120.1,12.11,70.7,4.32,0.094,0.3782,0
NER-SIM-05549,Nagaland,Phek,Phek-Meluri Road Corridor,1796.8,21.37,109.3,0.0488,-0.031,6.96,320.9,513.7,2,2,0.8,0.5,0.07,33.6,1.59,0.053,0.0427,0
NER-SIM-05550,Manipur,Chandel,NH-102 Imphal-Moreh Corridor,900.1,35.36,82.5,0.0251,0.0354,7.89,368.6,466.2,2,4,36.8,108.1,5.13,66.1,0.82,0.071,0.1865,0
NER-SIM-05551,Arunachal Pradesh,Lower Subansiri,Ziro Foothill Section,1476.8,40.57,101.2,-0.0173,0.0241,2.74,962.5,800.6,4,1,64.4,159.3,16.4,68.3,0.0,0.051,0.3658,0
NER-SIM-05552,Meghalaya,South West Khasi Hills,Mawsynram Valley Slopes,1817.9,31.18,320.6,-0.0231,-0.0081,8.35,283.9,115.3,1,2,16.4,19.2,2.19,43.0,1.17,0.04,0.123,0
NER-SIM-05553,Arunachal Pradesh,Lower Subansiri,Ziro Foothill Section,1628.4,19.34,240.0,-0.0223,0.0273,9.78,2717.1,1203.8,3,2,102.0,171.4,16.15,70.3,2.56,0.054,0.249,0
NER-SIM-05554,Arunachal Pradesh,Lower Subansiri,Ziro Foothill Section,1542.1,32.78,312.5,-0.0545,0.0184,3.63,776.8,24.3,4,1,16.2,18.0,1.72,50.7,3.52,0.149,0.1219,0
NER-SIM-05555,Arunachal Pradesh,West Kameng,Bhalukpong-Bomdila-Tawang Route,2199.0,47.8,48.8,-0.0027,-0.0509,2.88,2566.1,758.7,5,1,20.3,33.9,1.87,41.7,4.88,0.063,0.1501,0
NER-SIM-05556,Assam,Karbi Anglong,Diphu-Bokajan Escarpment,361.1,19.03,340.1,0.0245,-0.0378,6.07,486.9,143.9,1,1,52.8,128.8,15.08,66.6,0.0,0.08,0.2032,0
NER-SIM-05557,Sikkim,Mangan,North Sikkim Highway (Chungthang),1495.2,42.1,63.2,-0.002,-0.0624,6.44,170.8,137.0,4,3,115.0,252.4,34.68,89.4,39.41,3.628,0.9351,1
NER-SIM-05558,Nagaland,Phek,Phek-Meluri Road Corridor,1713.6,43.53,58.9,-0.0329,-0.0327,6.0,4078.0,57.8,3,1,94.0,292.8,29.6,69.8,0.53,0.061,0.6931,1
NER-SIM-05559,Assam,Karbi Anglong,Diphu-Bokajan Escarpment,254.5,40.72,323.7,-0.0363,0.0079,5.25,10.3,270.6,1,1,98.1,309.1,26.57,89.9,32.58,0.854,0.858,1
NER-SIM-05560,Nagaland,Kohima,NH-29 Dimapur-Kohima By-pass,1571.4,27.67,298.4,0.0289,0.0021,8.6,879.2,129.1,2,3,10.8,10.9,0.98,38.0,0.16,0.013,0.1141,0
NER-SIM-05561,Assam,Karbi Anglong,Diphu-Bokajan Escarpment,464.1,25.18,292.3,0.0486,0.0154,6.39,1399.3,44.7,1,2,63.7,124.4,11.98,62.2,1.5,0.045,0.1501,0
NER-SIM-05562,Sikkim,Mangan,North Sikkim Highway (Chungthang),1603.8,54.82,15.4,0.0077,-0.0372,2.52,51.1,286.0,5,1,17.0,53.0,2.82,57.8,0.0,0.073,0.228,0
NER-SIM-05563,Manipur,Chandel,NH-102 Imphal-Moreh Corridor,996.1,38.9,207.9,0.1061,-0.0566,5.41,1751.7,477.4,4,1,109.3,274.3,15.24,85.5,28.55,0.904,0.8439,1
NER-SIM-05564,Sikkim,Mangan,North Sikkim Highway (Chungthang),1632.1,30.83,133.8,0.0237,-0.0027,5.56,77.7,625.8,4,2,51.9,128.2,12.42,63.9,2.61,0.004,0.2491,0
NER-SIM-05565,Sikkim,Mangan,North Sikkim Highway (Chungthang),1709.5,38.37,256.4,-0.0967,0.047,3.75,2605.6,583.1,5,2,3.8,6.2,0.32,47.4,0.2,0.039,0.1074,0
NER-SIM-05566,Arunachal Pradesh,Lower Subansiri,Ziro Foothill Section,1452.6,29.97,211.5,-0.0318,0.1453,5.77,1086.0,476.7,3,2,99.0,193.6,18.41,81.8,20.16,0.057,0.6331,1
NER-SIM-05567,Nagaland,Phek,Phek-Meluri Road Corridor,1774.7,22.71,181.4,-0.148,0.0152,7.45,1944.6,165.4,3,3,61.0,102.3,13.93,64.9,1.54,0.054,0.2809,0
NER-SIM-05568,Meghalaya,South West Khasi Hills,Mawsynram Valley Slopes,985.6,37.41,138.5,0.0438,-0.0755,4.28,374.7,335.3,2,2,1.0,1.0,0.11,47.6,3.03,0.021,0.089,0
NER-SIM-05569,Meghalaya,East Khasi Hills,NH-6 Shillong-Tamabil Highway,1588.6,28.79,204.4,-0.0115,0.0426,6.74,2130.7,9.3,2,4,103.4,235.9,25.57,74.4,3.58,0.028,0.5051,1
NER-SIM-05570,Nagaland,Phek,Phek-Meluri Road Corridor,1756.2,44.16,349.6,-0.0073,-0.0148,4.4,1595.6,705.1,3,2,5.5,4.0,0.84,37.1,3.73,0.119,0.1244,0
NER-SIM-05571,Manipur,Chandel,NH-102 Imphal-Moreh Corridor,1031.6,22.43,155.6,-0.0564,0.054,6.46,1738.2,36.8,3,1,52.9,115.0,11.62,78.1,12.72,0.0,0.2102,0
NER-SIM-05572,Manipur,Noney,Tupul Railway Corridor Section,1009.7,26.71,126.2,0.0489,-0.0182,5.15,2372.9,45.5,2,2,90.6,207.9,17.6,81.1,27.63,0.057,0.6028,1
NER-SIM-05573,Nagaland,Phek,Phek-Meluri Road Corridor,1606.4,35.69,145.1,0.05,0.069,6.98,154.4,176.4,3,2,78.5,234.9,10.2,79.3,18.83,0.033,0.53,1
NER-SIM-05574,Manipur,Noney,Tupul Railway Corridor Section,900.3,36.9,99.2,-0.0589,0.0222,3.77,5823.6,142.6,1,1,6.7,11.3,0.72,32.0,0.38,0.074,0.0586,0
NER-SIM-05575,Manipur,Noney,Tupul Railway Corridor Section,695.8,21.56,318.5,-0.061,-0.0644,7.17,2272.4,95.8,2,2,15.7,12.7,1.54,50.0,0.0,0.026,0.0661,0
NER-SIM-05576,Arunachal Pradesh,West Kameng,Bhalukpong-Bomdila-Tawang Route,1760.1,37.8,121.6,0.0056,-0.0811,4.46,3362.4,1177.3,4,3,3.4,3.2,0.42,37.3,0.0,0.044,0.0823,0
NER-SIM-05577,Arunachal Pradesh,West Kameng,Bhalukpong-Bomdila-Tawang Route,2149.3,51.82,18.0,0.0537,-0.0383,4.3,1451.8,560.8,5,2,11.2,6.2,0.83,35.8,0.0,0.062,0.1776,0
NER-SIM-05578,Tripura,North Tripura,Jampui Hills Ridge Corridor,605.3,27.46,198.7,-0.0016,0.0293,8.0,216.2,233.3,1,1,67.0,211.5,13.34,79.8,15.21,0.024,0.3726,0
NER-SIM-05579,Assam,Dima Hasao,NH-27 Lumding-Haflong Hill Cut,929.7,29.71,324.8,-0.027,-0.0124,5.55,182.7,293.3,1,1,220.1,355.6,49.31,87.9,36.7,0.078,0.9397,1
NER-SIM-05580,Meghalaya,South West Khasi Hills,Mawsynram Valley Slopes,1227.9,30.75,124.1,-0.0649,0.1101,6.91,1242.5,75.6,1,2,1.8,1.8,0.14,32.8,1.71,0.059,0.107,0
NER-SIM-05581,Arunachal Pradesh,West Kameng,Bhalukpong-Bomdila-Tawang Route,1821.6,53.39,141.1,-0.0233,0.0129,4.33,636.4,496.8,4,3,125.6,286.0,36.41,85.2,30.97,0.867,0.9398,1
NER-SIM-05582,Mizoram,Aizawl,Aizawl-Lunglei Road Slopes,1213.3,46.59,288.6,-0.0186,0.0754,2.34,1253.7,525.5,1,1,16.1,10.6,1.74,32.3,1.2,0.033,0.0642,0
NER-SIM-05583,Manipur,Noney,Tupul Railway Corridor Section,890.5,30.21,264.0,-0.0382,-0.1053,5.34,1899.6,479.5,3,4,131.7,381.7,17.24,84.2,19.79,0.038,0.7361,1
NER-SIM-05584,Sikkim,Mangan,North Sikkim Highway (Chungthang),1667.7,41.77,232.4,0.0102,0.0041,7.24,82.2,1262.5,5,3,0.8,1.2,0.11,41.1,3.83,0.012,0.2732,0
NER-SIM-05585,Assam,Dima Hasao,NH-27 Lumding-Haflong Hill Cut,692.6,26.45,353.9,0.0045,-0.0672,7.99,950.4,30.3,1,2,24.1,26.7,2.91,43.0,1.07,0.036,0.2197,0
NER-SIM-05586,Manipur,Chandel,NH-102 Imphal-Moreh Corridor,833.9,45.69,82.4,0.0241,0.0679,5.77,2937.6,398.1,2,2,12.5,8.8,0.93,41.1,1.67,0.118,0.1452,0
NER-SIM-05587,Nagaland,Phek,Phek-Meluri Road Corridor,2009.2,35.73,53.7,0.0503,-0.1214,2.84,1111.0,759.9,2,1,5.7,7.2,0.47,32.2,2.92,0.08,0.1091,0
NER-SIM-05588,Tripura,North Tripura,Jampui Hills Ridge Corridor,1095.9,34.09,186.8,0.0095,0.0212,4.43,2090.5,563.2,1,2,9.8,15.6,1.51,38.8,1.44,0.075,0.0381,0
NER-SIM-05589,Mizoram,Aizawl,Aizawl-Lunglei Road Slopes,917.5,32.63,77.6,0.0739,0.0198,3.65,307.2,663.7,1,3,53.9,153.6,10.31,73.2,4.65,0.085,0.3966,0
NER-SIM-05590,Mizoram,Aizawl,Aizawl-Lunglei Road Slopes,1012.2,39.7,230.9,0.0584,0.1278,5.12,2561.1,103.1,2,3,20.0,16.5,1.69,36.8,2.2,0.008,0.1648,0
NER-SIM-05591,Sikkim,Mangan,North Sikkim Highway (Chungthang),2009.7,42.7,218.2,0.0728,0.0584,3.07,642.3,178.5,5,3,2.0,2.0,0.18,39.2,2.87,0.123,0.3145,0
NER-SIM-05592,Arunachal Pradesh,West Kameng,Bhalukpong-Bomdila-Tawang Route,2379.9,39.37,208.8,0.0555,0.0223,3.72,128.5,321.3,5,1,249.3,634.8,70.78,72.1,0.66,0.013,0.9834,1
NER-SIM-05593,Assam,Karbi Anglong,Diphu-Bokajan Escarpment,220.7,32.46,205.1,-0.1077,0.0067,4.69,2312.4,10.5,1,2,131.7,245.4,19.14,70.7,2.78,0.042,0.5428,1
NER-SIM-05594,Arunachal Pradesh,Lower Subansiri,Ziro Foothill Section,1651.7,27.0,65.0,-0.0068,0.0226,5.4,656.0,229.3,3,2,7.5,7.8,0.62,36.2,2.81,0.052,0.1225,0
NER-SIM-05595,Mizoram,Aizawl,Aizawl-Lunglei Road Slopes,1413.3,29.52,12.1,0.0812,-0.0428,3.91,3711.2,173.1,3,2,66.2,122.6,12.38,64.1,0.0,0.031,0.2549,0
NER-SIM-05596,Meghalaya,South West Khasi Hills,Mawsynram Valley Slopes,1083.0,40.79,353.9,0.007,-0.058,3.38,3046.1,355.7,2,4,98.9,177.7,26.69,72.3,1.32,0.066,0.4098,0
NER-SIM-05597,Arunachal Pradesh,West Kameng,Bhalukpong-Bomdila-Tawang Route,2212.2,44.64,337.5,-0.0511,-0.0447,2.42,0.9,247.9,5,3,108.3,330.1,17.47,86.8,19.02,1.907,0.9567,1
NER-SIM-05598,Manipur,Noney,Tupul Railway Corridor Section,685.7,43.15,356.8,0.0236,-0.0514,5.07,5.1,52.6,3,1,7.1,12.0,0.91,41.1,1.02,0.076,0.1819,0
NER-SIM-05599,Manipur,Chandel,NH-102 Imphal-Moreh Corridor,560.1,19.25,342.3,-0.0497,-0.0547,7.14,93.0,291.7,2,2,76.3,210.9,14.14,89.0,38.36,0.006,0.6719,1
NER-SIM-05600,Manipur,Chandel,NH-102 Imphal-Moreh Corridor,842.9,30.02,355.4,-0.0206,0.066,5.83,779.1,445.3,3,2,9.8,15.4,0.78,37.8,2.1,0.122,0.2883,0
NER-SIM-05601,Meghalaya,South West Khasi Hills,Mawsynram Valley Slopes,1500.7,37.42,109.1,-0.0023,0.0048,5.28,702.4,76.4,1,1,241.6,686.6,46.64,88.7,33.81,0.164,0.9932,1
NER-SIM-05602,Tripura,North Tripura,Jampui Hills Ridge Corridor,758.4,22.75,186.1,-0.0333,0.053,11.02,373.2,752.7,1,1,3.8,6.0,0.44,31.1,0.0,0.0,0.0244,0
NER-SIM-05603,Sikkim,Pakyong,NH-10 Sevoke-Gangtok Corridor,1459.4,28.56,281.4,-0.0052,-0.0064,5.02,1560.8,854.2,2,1,23.5,36.4,2.56,39.6,1.36,0.0,0.0655,0
NER-SIM-05604,Assam,Karbi Anglong,Diphu-Bokajan Escarpment,959.2,21.74,192.1,0.0239,-0.0044,7.47,3512.0,614.5,1,3,9.5,6.5,0.75,42.5,2.5,0.045,0.0528,0
NER-SIM-05605,Arunachal Pradesh,Lower Subansiri,Ziro Foothill Section,1588.1,38.49,285.0,0.1385,-0.0679,3.71,1826.3,8.6,4,2,5.5,7.8,0.59,38.7,2.58,0.064,0.1125,0
NER-SIM-05606,Sikkim,Pakyong,NH-10 Sevoke-Gangtok Corridor,786.7,38.02,162.4,-0.0186,0.0318,4.74,67.6,310.9,3,3,3.5,3.5,0.32,40.9,0.99,0.094,0.2296,0
NER-SIM-05607,Assam,Dima Hasao,NH-27 Lumding-Haflong Hill Cut,405.5,39.42,94.5,-0.0537,-0.0268,3.62,997.8,111.8,1,3,86.8,264.6,18.41,80.6,18.08,0.039,0.8285,1
NER-SIM-05608,Arunachal Pradesh,West Kameng,Bhalukpong-Bomdila-Tawang Route,1982.6,41.0,322.1,-0.0692,0.0128,4.62,323.1,550.4,5,1,128.7,401.9,34.79,74.6,1.84,0.025,0.8738,1
NER-SIM-05609,Arunachal Pradesh,Lower Subansiri,Ziro Foothill Section,1450.7,44.73,294.6,0.0127,0.0286,6.96,71.5,69.1,4,3,75.6,189.8,15.54,82.4,20.63,2.702,0.9164,1
NER-SIM-05610,Sikkim,Mangan,North Sikkim Highway (Chungthang),1639.4,40.16,117.9,-0.0101,0.036,3.55,405.4,14.7,4,3,11.3,9.4,1.38,38.3,2.17,0.136,0.3663,0
NER-SIM-05611,Meghalaya,East Khasi Hills,NH-6 Shillong-Tamabil Highway,2062.2,27.68,221.3,0.0066,-0.0017,5.89,3043.2,260.4,1,1,44.3,100.3,6.67,63.4,2.47,0.099,0.078,0
NER-SIM-05612,Nagaland,Phek,Phek-Meluri Road Corridor,1799.5,40.07,208.5,-0.0902,0.0001,5.89,756.8,447.8,2,1,1.1,1.1,0.12,37.9,1.23,0.034,0.0642,0
NER-SIM-05613,Arunachal Pradesh,Lower Subansiri,Ziro Foothill Section,1485.8,17.56,239.5,0.0243,-0.0383,6.79,963.4,2260.2,3,2,47.4,91.6,7.29,69.3,2.7,0.069,0.1358,0
NER-SIM-05614,Meghalaya,East Khasi Hills,NH-6 Shillong-Tamabil Highway,1494.6,22.13,81.4,0.0146,-0.015,5.35,938.6,45.1,1,3,36.5,27.6,4.56,41.9,1.75,0.051,0.1185,0
NER-SIM-05615,Arunachal Pradesh,West Kameng,Bhalukpong-Bomdila-Tawang Route,2490.1,49.57,27.6,-0.0165,0.0191,5.8,677.6,247.2,5,3,146.9,318.6,40.56,76.6,12.95,0.031,0.8982,1
NER-SIM-05616,Manipur,Noney,Tupul Railway Corridor Section,312.3,37.55,353.1,0.0921,-0.0275,4.11,3743.9,27.3,4,1,1.0,0.6,0.11,30.6,0.19,0.0,0.1096,0
NER-SIM-05617,Manipur,Chandel,NH-102 Imphal-Moreh Corridor,894.2,23.25,348.4,0.0371,-0.0027,3.93,2088.9,869.2,3,3,46.2,39.1,3.8,40.7,2.74,0.107,0.1475,0
NER-SIM-05618,Nagaland,Kohima,NH-29 Dimapur-Kohima By-pass,1643.8,17.56,291.8,0.0169,-0.0387,6.5,805.3,243.8,2,1,209.6,360.1,27.1,74.1,5.55,0.02,0.8429,1
NER-SIM-05619,Mizoram,Champhai,Champhai-Zokhawthar Border Cut,1484.5,24.02,34.0,-0.0639,-0.01,7.11,427.8,9.5,1,4,69.5,132.8,15.53,64.1,3.22,0.055,0.4223,0
NER-SIM-05620,Nagaland,Kohima,NH-29 Dimapur-Kohima By-pass,1438.6,38.64,354.5,-0.0688,0.0951,6.28,3158.2,403.3,3,1,84.8,256.7,17.09,84.3,23.39,2.073,0.7587,1
NER-SIM-05621,Sikkim,Pakyong,NH-10 Sevoke-Gangtok Corridor,1034.4,36.69,301.1,0.0104,0.0003,4.17,2376.6,204.7,3,2,18.5,10.2,2.12,23.7,1.0,0.083,0.1177,0
NER-SIM-05622,Sikkim,Pakyong,NH-10 Sevoke-Gangtok Corridor,1110.8,33.8,319.0,0.019,-0.0186,6.05,445.2,79.0,4,2,17.4,19.5,2.4,54.2,1.19,0.092,0.2517,0
NER-SIM-05623,Nagaland,Phek,Phek-Meluri Road Corridor,1962.9,33.08,144.5,0.0091,-0.0074,5.25,3414.7,56.3,2,2,2.7,3.2,0.19,37.7,2.17,0.036,0.0988,0
NER-SIM-05624,Mizoram,Champhai,Champhai-Zokhawthar Border Cut,1592.7,29.46,71.4,0.0311,-0.0299,3.84,1216.4,81.7,2,4,93.7,295.5,15.33,87.3,26.73,0.066,0.6431,1
NER-SIM-05625,Nagaland,Phek,Phek-Meluri Road Corridor,1472.3,49.23,188.8,-0.0997,-0.0172,2.85,675.4,366.7,3,1,4.6,6.1,0.31,23.9,1.93,0.091,0.0707,0
NER-SIM-05626,Manipur,Noney,Tupul Railway Corridor Section,1044.9,51.72,149.9,-0.0686,-0.0319,4.36,2054.6,364.2,2,3,32.8,30.2,4.76,47.4,3.92,0.0,0.345,0
NER-SIM-05627,Assam,Dima Hasao,NH-27 Lumding-Haflong Hill Cut,167.9,35.07,15.2,0.0173,-0.0683,6.39,84.8,367.7,1,3,11.5,16.0,1.02,35.1,5.86,0.0,0.0814,0
NER-SIM-05628,Sikkim,Pakyong,NH-10 Sevoke-Gangtok Corridor,899.1,35.34,254.4,-0.0342,0.0375,4.42,716.6,366.5,3,2,4.3,4.6,0.52,37.5,2.27,0.0,0.1006,0
NER-SIM-05629,Assam,Dima Hasao,NH-27 Lumding-Haflong Hill Cut,328.4,28.04,205.6,0.024,0.072,6.3,784.0,63.2,1,4,8.6,15.6,0.59,45.8,2.04,0.036,0.0531,0
NER-SIM-05630,Sikkim,Pakyong,NH-10 Sevoke-Gangtok Corridor,1185.4,23.34,303.7,-0.0422,-0.0407,5.18,1551.2,92.2,3,1,61.6,140.0,11.6,70.0,0.0,0.0,0.1401,0
NER-SIM-05631,Assam,Karbi Anglong,Diphu-Bokajan Escarpment,694.9,20.62,182.6,0.0738,-0.0557,5.83,411.4,515.5,1,4,12.2,18.0,0.94,39.9,2.49,0.097,0.0706,0
NER-SIM-05632,Arunachal Pradesh,West Kameng,Bhalukpong-Bomdila-Tawang Route,2295.8,34.94,266.4,0.0659,0.083,4.29,475.5,901.6,5,4,3.3,1.8,0.27,46.6,1.82,0.085,0.0885,0
NER-SIM-05633,Assam,Karbi Anglong,Diphu-Bokajan Escarpment,530.1,18.2,297.1,-0.0168,0.0085,6.71,1412.3,505.1,1,4,6.2,3.4,0.67,40.8,3.06,0.058,0.0396,0
NER-SIM-05634,Meghalaya,East Khasi Hills,NH-6 Shillong-Tamabil Highway,1536.1,50.39,67.5,-0.0268,0.031,3.33,529.5,167.2,2,1,118.4,282.0,24.22,87.2,31.23,1.06,0.9066,1
NER-SIM-05635,Manipur,Chandel,NH-102 Imphal-Moreh Corridor,1155.6,34.41,63.6,-0.033,-0.0043,3.53,926.0,105.9,3,1,52.2,165.3,14.8,71.7,1.51,0.057,0.2571,0
NER-SIM-05636,Arunachal Pradesh,West Kameng,Bhalukpong-Bomdila-Tawang Route,2328.8,29.27,335.7,-0.0174,0.0229,7.55,607.8,359.3,5,3,205.5,624.1,27.8,79.7,18.75,0.061,0.9614,1
NER-SIM-05637,Nagaland,Phek,Phek-Meluri Road Corridor,1796.5,34.61,155.6,0.0658,0.0031,4.06,135.5,91.0,3,1,16.7,28.6,1.54,39.5,2.86,0.042,0.134,0
NER-SIM-05638,Assam,Dima Hasao,NH-27 Lumding-Haflong Hill Cut,891.9,44.06,162.8,0.041,0.0525,4.02,629.5,671.1,1,1,0.5,0.4,0.04,35.3,4.33,0.071,0.0661,0
NER-SIM-05639,Sikkim,Mangan,North Sikkim Highway (Chungthang),1468.3,37.04,174.2,0.0201,-0.0401,6.71,265.8,460.7,5,3,62.7,97.9,8.56,66.3,3.12,0.026,0.3343,0
NER-SIM-05640,Mizoram,Champhai,Champhai-Zokhawthar Border Cut,1113.0,38.45,62.1,-0.0345,0.0197,2.53,2871.0,1540.3,2,1,39.1,63.8,3.68,57.5,2.08,0.091,0.0985,0
NER-SIM-05641,Manipur,Chandel,NH-102 Imphal-Moreh Corridor,1005.6,32.72,193.9,0.0462,-0.0702,4.21,1743.3,149.7,2,3,3.5,4.9,0.44,36.8,2.09,0.126,0.1011,0
NER-SIM-05642,Meghalaya,East Khasi Hills,NH-6 Shillong-Tamabil Highway,1778.9,40.81,19.9,-0.0718,-0.0319,6.4,432.5,1129.6,2,2,1.6,2.4,0.19,27.4,2.31,0.07,0.0753,0
NER-SIM-05643,Manipur,Noney,Tupul Railway Corridor Section,617.7,52.12,63.1,0.0299,0.022,7.41,2655.5,180.0,2,4,3.7,4.5,0.28,33.5,3.74,0.073,0.1486,0
NER-SIM-05644,Manipur,Noney,Tupul Railway Corridor Section,1473.6,31.71,240.4,-0.029,0.0355,4.86,124.9,484.0,3,3,10.8,8.1,0.74,52.5,1.82,0.045,0.2056,0
NER-SIM-05645,Arunachal Pradesh,Lower Subansiri,Ziro Foothill Section,1332.7,25.28,177.5,-0.0683,-0.0504,3.76,466.3,815.5,3,3,4.9,4.4,0.72,33.9,4.88,0.06,0.1719,0
NER-SIM-05646,Sikkim,Pakyong,NH-10 Sevoke-Gangtok Corridor,580.3,30.43,114.7,-0.0066,0.0231,6.96,139.1,136.1,3,3,4.4,6.7,0.52,37.0,3.54,0.022,0.1844,0
NER-SIM-05647,Mizoram,Champhai,Champhai-Zokhawthar Border Cut,1302.2,43.17,233.9,0.0347,-0.0493,2.9,1836.7,82.0,2,1,101.0,204.0,26.43,75.2,8.66,0.051,0.6305,1
NER-SIM-05648,Tripura,North Tripura,Jampui Hills Ridge Corridor,819.4,21.89,249.2,-0.0824,-0.0,8.96,593.9,28.8,1,3,8.7,14.7,1.25,45.9,0.29,0.104,0.203,0
NER-SIM-05649,Tripura,North Tripura,Jampui Hills Ridge Corridor,761.1,23.18,271.4,0.0785,-0.0565,5.53,2944.4,707.3,1,2,1.6,2.4,0.18,36.7,1.71,0.052,0.0354,0
NER-SIM-05650,Tripura,North Tripura,Jampui Hills Ridge Corridor,332.0,28.24,36.5,-0.0259,0.023,3.35,596.9,0.2,1,3,78.2,140.7,10.07,61.4,0.0,0.023,0.3187,0
NER-SIM-05651,Mizoram,Champhai,Champhai-Zokhawthar Border Cut,1809.8,12.2,277.8,-0.0206,0.0029,6.16,4279.8,784.1,2,4,306.9,967.1,60.01,81.9,23.97,0.103,0.9955,1
NER-SIM-05652,Manipur,Chandel,NH-102 Imphal-Moreh Corridor,833.6,25.96,60.7,0.0441,0.0318,4.47,896.2,1224.4,3,4,107.9,184.8,17.47,84.2,22.56,0.122,0.4717,0
NER-SIM-05653,Sikkim,Pakyong,NH-10 Sevoke-Gangtok Corridor,689.0,45.45,254.7,-0.0702,-0.0612,3.61,2283.8,17.7,3,4,3.6,5.2,0.59,42.9,3.85,0.0,0.1165,0
NER-SIM-05654,Assam,Dima Hasao,NH-27 Lumding-Haflong Hill Cut,979.4,26.3,330.3,0.0467,-0.0236,6.8,204.2,55.7,1,4,9.2,12.5,0.75,39.7,0.68,0.083,0.0739,0
NER-SIM-05655,Nagaland,Phek,Phek-Meluri Road Corridor,1571.8,22.99,71.0,0.0275,-0.0194,7.11,202.7,982.5,2,1,6.3,6.0,0.42,38.5,3.61,0.014,0.0572,0
NER-SIM-05656,Nagaland,Phek,Phek-Meluri Road Corridor,1504.4,21.55,286.0,0.0634,0.1192,6.73,613.7,262.4,2,2,50.1,116.6,7.63,67.6,0.75,0.044,0.2446,0
NER-SIM-05657,Mizoram,Aizawl,Aizawl-Lunglei Road Slopes,1178.9,30.3,262.2,0.0062,-0.0852,6.94,3064.1,204.7,2,4,103.9,167.9,20.13,76.0,7.92,0.05,0.3009,0
NER-SIM-05658,Mizoram,Aizawl,Aizawl-Lunglei Road Slopes,763.6,41.91,225.8,0.0036,0.0148,3.4,965.4,147.4,2,4,7.7,7.1,0.52,47.3,0.78,0.03,0.1349,0
NER-SIM-05659,Assam,Karbi Anglong,Diphu-Bokajan Escarpment,867.0,24.55,128.2,0.0906,-0.059,6.47,5905.4,346.4,1,2,130.3,347.2,18.78,94.1,38.72,0.042,0.8347,1
NER-SIM-05660,Manipur,Chandel,NH-102 Imphal-Moreh Corridor,1322.1,38.18,56.2,0.0322,-0.0057,5.33,212.8,796.4,2,2,62.5,145.6,8.48,77.6,16.61,0.024,0.5945,1
NER-SIM-05661,Sikkim,Mangan,North Sikkim Highway (Chungthang),1684.6,39.43,115.8,0.0908,0.0579,7.05,2482.7,152.0,4,3,24.0,75.7,7.76,67.6,1.71,0.034,0.2258,0
NER-SIM-05662,Nagaland,Phek,Phek-Meluri Road Corridor,1860.1,35.02,68.0,0.0326,-0.0181,4.89,828.7,187.0,3,1,0.8,1.4,0.08,31.9,2.14,0.077,0.0797,0
NER-SIM-05663,Mizoram,Aizawl,Aizawl-Lunglei Road Slopes,972.5,44.69,181.1,0.0016,-0.0277,3.73,1419.2,400.0,1,2,16.9,18.9,1.62,39.5,2.86,0.088,0.1944,0
NER-SIM-05664,Assam,Dima Hasao,NH-27 Lumding-Haflong Hill Cut,790.8,25.78,217.2,0.0227,-0.0174,8.4,131.1,54.5,1,1,46.6,93.9,5.94,57.8,3.01,0.053,0.186,0
NER-SIM-05665,Arunachal Pradesh,West Kameng,Bhalukpong-Bomdila-Tawang Route,2102.2,38.72,99.1,0.072,-0.0182,3.76,429.4,88.1,5,2,3.2,5.6,0.45,27.6,0.79,0.03,0.2223,0
NER-SIM-05666,Assam,Dima Hasao,NH-27 Lumding-Haflong Hill Cut,766.4,25.18,310.0,-0.0063,-0.0497,6.92,197.9,1021.7,1,3,0.9,1.3,0.15,36.9,0.75,0.038,0.0858,0
NER-SIM-05667,Nagaland,Phek,Phek-Meluri Road Corridor,1766.8,40.92,194.8,-0.0138,-0.077,3.74,47.3,262.1,3,2,107.4,341.9,19.84,90.0,41.98,1.641,0.919,1
NER-SIM-05668,Mizoram,Aizawl,Aizawl-Lunglei Road Slopes,1450.7,36.52,309.9,0.0074,0.039,6.66,125.2,209.5,2,1,1.4,1.7,0.12,45.6,0.27,0.052,0.0566,0
NER-SIM-05669,Manipur,Chandel,NH-102 Imphal-Moreh Corridor,486.9,28.18,120.9,-0.0055,0.0936,3.92,460.0,113.7,2,1,4.9,5.4,0.49,43.6,2.19,0.042,0.0664,0
NER-SIM-05670,Manipur,Noney,Tupul Railway Corridor Section,1058.3,30.89,201.9,-0.0187,-0.0226,5.33,1793.7,825.6,2,1,22.8,61.6,6.75,50.4,3.48,0.046,0.0697,0
NER-SIM-05671,Meghalaya,South West Khasi Hills,Mawsynram Valley Slopes,1523.3,44.93,15.0,-0.0304,0.0231,3.45,77.2,271.5,1,3,8.6,14.1,0.58,48.0,2.08,0.11,0.1803,0
NER-SIM-05672,Arunachal Pradesh,Lower Subansiri,Ziro Foothill Section,2148.0,21.61,169.5,-0.1232,-0.023,6.17,1614.6,139.3,3,1,202.8,333.0,36.14,79.7,20.89,0.009,0.8491,1
NER-SIM-05673,Tripura,North Tripura,Jampui Hills Ridge Corridor,745.7,28.13,29.4,0.0435,0.0095,4.32,2916.3,183.2,1,3,69.2,122.7,14.76,64.1,1.07,0.07,0.2378,0
NER-SIM-05674,Arunachal Pradesh,Lower Subansiri,Ziro Foothill Section,1114.5,36.76,284.7,0.0142,0.0122,6.08,789.8,4.4,4,1,25.2,30.0,1.7,34.9,0.0,0.094,0.2049,0
NER-SIM-05675,Assam,Karbi Anglong,Diphu-Bokajan Escarpment,655.9,26.36,257.3,-0.0115,0.019,6.93,1251.6,32.7,1,1,0.6,0.7,0.05,34.4,3.65,0.109,0.067,0
NER-SIM-05676,Meghalaya,East Khasi Hills,NH-6 Shillong-Tamabil Highway,1362.8,35.86,201.7,-0.028,0.0581,5.2,40.9,98.6,2,1,18.4,27.5,1.98,46.0,0.0,0.095,0.1244,0
NER-SIM-05677,Assam,Karbi Anglong,Diphu-Bokajan Escarpment,560.0,31.53,213.1,-0.0281,0.0222,6.77,502.2,1182.8,1,2,250.4,686.1,40.45,74.1,4.71,0.002,0.9844,1
NER-SIM-05678,Meghalaya,South West Khasi Hills,Mawsynram Valley Slopes,1532.1,25.43,287.6,0.0062,-0.0325,6.6,1504.4,351.0,2,2,0.2,0.1,0.03,25.1,0.0,0.077,0.0308,0
NER-SIM-05679,Arunachal Pradesh,Lower Subansiri,Ziro Foothill Section,1978.6,19.27,223.9,0.0456,-0.0798,6.51,222.1,111.0,3,3,4.5,3.2,0.59,32.9,2.27,0.079,0.2595,0
NER-SIM-05680,Sikkim,Pakyong,NH-10 Sevoke-Gangtok Corridor,1377.4,30.57,58.7,0.0184,0.0634,8.17,4404.8,645.7,3,1,53.3,145.0,6.87,74.0,0.0,0.0,0.2035,0
NER-SIM-05681,Nagaland,Kohima,NH-29 Dimapur-Kohima By-pass,1516.5,36.08,201.6,-0.003,0.0516,4.87,1713.9,222.7,3,1,2.2,2.1,0.17,41.6,1.41,0.131,0.0356,0
NER-SIM-05682,Manipur,Chandel,NH-102 Imphal-Moreh Corridor,1055.8,34.75,269.6,-0.0369,-0.0554,5.14,1919.3,36.6,2,2,29.4,52.7,3.17,41.4,2.45,0.061,0.077,0
NER-SIM-05683,Meghalaya,South West Khasi Hills,Mawsynram Valley Slopes,1754.4,37.37,292.3,-0.0377,-0.0221,6.79,432.1,66.8,2,4,2.5,2.5,0.28,38.9,2.78,0.015,0.0501,0
NER-SIM-05684,Assam,Dima Hasao,NH-27 Lumding-Haflong Hill Cut,816.3,31.12,10.0,-0.0697,0.0371,5.23,706.3,398.7,1,3,92.5,252.8,12.35,70.7,1.36,0.067,0.564,1
NER-SIM-05685,Arunachal Pradesh,West Kameng,Bhalukpong-Bomdila-Tawang Route,1684.1,38.18,300.7,0.0513,0.122,5.04,3341.3,420.0,5,1,1.2,1.1,0.08,36.2,4.37,0.09,0.1047,0
NER-SIM-05686,Assam,Dima Hasao,NH-27 Lumding-Haflong Hill Cut,730.4,22.5,172.7,0.0376,0.0849,5.49,1590.0,374.7,1,4,55.3,143.2,13.81,78.0,15.71,0.051,0.1535,0
NER-SIM-05687,Manipur,Chandel,NH-102 Imphal-Moreh Corridor,1008.7,28.96,109.8,0.0241,-0.0144,7.68,1479.0,104.9,3,1,246.3,628.9,49.15,80.8,16.16,0.0,0.9826,1
NER-SIM-05688,Nagaland,Phek,Phek-Meluri Road Corridor,1631.3,28.52,232.1,0.0619,0.007,5.31,317.0,432.4,3,1,3.3,1.8,0.38,37.8,2.22,0.041,0.0671,0
NER-SIM-05689,Manipur,Chandel,NH-102 Imphal-Moreh Corridor,1456.3,33.03,18.3,-0.0705,0.0607,5.49,2270.6,63.0,2,1,12.3,11.5,0.95,40.3,4.28,0.059,0.0393,0
NER-SIM-05690,Nagaland,Phek,Phek-Meluri Road Corridor,1971.8,36.55,14.6,-0.001,-0.0103,6.29,470.7,2.4,2,4,7.8,13.7,1.06,44.7,3.3,0.056,0.1155,0
NER-SIM-05691,Meghalaya,South West Khasi Hills,Mawsynram Valley Slopes,1301.5,36.73,212.5,0.0334,0.0606,4.26,423.3,255.2,1,4,10.4,16.7,0.98,43.7,2.6,0.074,0.0996,0
NER-SIM-05692,Arunachal Pradesh,West Kameng,Bhalukpong-Bomdila-Tawang Route,2254.3,33.09,48.5,-0.0305,0.0426,4.4,1303.6,502.1,5,2,7.7,7.1,0.54,39.8,3.47,0.058,0.1665,0
NER-SIM-05693,Mizoram,Champhai,Champhai-Zokhawthar Border Cut,1421.9,21.41,276.9,-0.0364,-0.015,6.3,1187.7,194.9,2,1,2.6,4.0,0.38,30.0,4.74,0.054,0.0439,0
NER-SIM-05694,Nagaland,Phek,Phek-Meluri Road Corridor,1990.8,36.72,11.6,0.0057,-0.0124,5.07,331.9,11.1,2,3,318.4,542.0,57.49,72.8,1.6,0.041,0.9902,1
NER-SIM-05695,Arunachal Pradesh,West Kameng,Bhalukpong-Bomdila-Tawang Route,2667.3,43.5,257.6,-0.0319,0.0001,5.66,1349.4,51.9,5,3,4.9,5.3,0.41,45.4,0.0,0.028,0.1838,0
NER-SIM-05696,Sikkim,Pakyong,NH-10 Sevoke-Gangtok Corridor,1394.6,42.39,204.1,0.0003,0.0096,2.89,570.9,112.3,3,1,55.4,153.9,7.76,75.2,7.52,0.07,0.5549,1
NER-SIM-05697,Sikkim,Mangan,North Sikkim Highway (Chungthang),2100.2,54.54,137.5,0.0572,0.0949,4.93,3270.0,23.9,3,2,14.4,10.3,0.96,40.4,0.96,0.044,0.2489,0
NER-SIM-05698,Manipur,Chandel,NH-102 Imphal-Moreh Corridor,580.2,35.82,47.8,0.0257,-0.0385,6.75,2043.2,237.9,2,3,41.4,24.3,4.26,46.0,3.42,0.09,0.1292,0
NER-SIM-05699,Manipur,Noney,Tupul Railway Corridor Section,926.8,40.64,195.1,-0.0896,-0.0203,7.39,566.9,959.4,2,1,2.1,1.7,0.24,28.5,5.17,0.061,0.0865,0
NER-SIM-05700,Meghalaya,South West Khasi Hills,Mawsynram Valley Slopes,1393.2,38.47,68.0,-0.0498,-0.0579,4.9,1904.9,1126.0,2,1,172.7,505.7,24.94,79.5,12.12,0.041,0.9143,1
NER-SIM-05701,Arunachal Pradesh,Lower Subansiri,Ziro Foothill Section,1481.6,39.77,96.2,-0.061,-0.0199,3.47,262.5,38.6,4,3,3.2,4.9,0.45,36.3,2.42,0.063,0.3569,0
NER-SIM-05702,Meghalaya,South West Khasi Hills,Mawsynram Valley Slopes,1685.0,37.0,219.9,-0.074,0.0307,7.93,5725.3,76.3,2,3,75.0,235.9,17.26,72.4,1.05,0.0,0.5968,1
NER-SIM-05703,Meghalaya,East Khasi Hills,NH-6 Shillong-Tamabil Highway,1595.9,30.25,100.6,-0.0171,-0.0403,5.25,551.7,1215.4,2,2,157.5,265.5,29.95,72.3,2.68,0.09,0.7638,1
NER-SIM-05704,Assam,Dima Hasao,NH-27 Lumding-Haflong Hill Cut,390.3,27.34,12.8,0.0419,-0.0214,6.76,687.0,543.1,1,1,15.8,9.8,1.36,42.3,1.7,0.011,0.0324,0
NER-SIM-05705,Meghalaya,East Khasi Hills,NH-6 Shillong-Tamabil Highway,1082.4,36.18,354.7,-0.0825,0.0239,4.75,6.1,330.6,1,4,114.9,248.6,15.54,85.2,31.09,0.696,0.8309,1
NER-SIM-05706,Mizoram,Aizawl,Aizawl-Lunglei Road Slopes,1140.3,35.81,19.7,-0.0062,0.0599,7.18,1653.6,111.6,2,1,3.2,2.2,0.22,39.5,4.29,0.059,0.0959,0
NER-SIM-05707,Assam,Dima Hasao,NH-27 Lumding-Haflong Hill Cut,1051.9,34.39,273.8,0.0504,0.0175,5.74,407.2,486.6,1,2,92.4,259.5,28.17,82.5,20.74,1.019,0.7618,1
NER-SIM-05708,Meghalaya,East Khasi Hills,NH-6 Shillong-Tamabil Highway,963.6,25.31,221.2,-0.1111,0.0144,4.09,1901.1,248.8,1,4,111.1,282.3,29.05,88.0,36.4,0.0,0.7013,1
NER-SIM-05709,Arunachal Pradesh,West Kameng,Bhalukpong-Bomdila-Tawang Route,1871.8,37.48,5.1,0.076,-0.0124,5.95,1613.9,321.5,5,1,204.7,623.4,29.2,79.6,12.39,0.031,0.9834,1
NER-SIM-05710,Manipur,Chandel,NH-102 Imphal-Moreh Corridor,1016.1,36.13,160.2,0.1061,0.0482,3.64,53.9,170.0,2,1,35.2,43.2,3.96,46.5,0.0,0.04,0.1714,0
NER-SIM-05711,Meghalaya,East Khasi Hills,NH-6 Shillong-Tamabil Highway,1517.0,31.18,80.5,0.0547,-0.0567,3.39,624.6,219.3,2,3,9.6,11.3,0.8,37.4,0.7,0.055,0.2055,0
NER-SIM-05712,Tripura,North Tripura,Jampui Hills Ridge Corridor,632.8,41.28,5.8,0.0592,-0.0292,5.42,228.1,182.9,1,1,31.3,92.2,5.74,54.4,1.48,0.071,0.2016,0
NER-SIM-05713,Assam,Dima Hasao,NH-27 Lumding-Haflong Hill Cut,839.2,28.21,356.0,-0.0549,-0.0052,6.14,768.3,169.7,1,1,12.3,13.2,1.19,41.0,3.42,0.0,0.0762,0
NER-SIM-05714,Arunachal Pradesh,Lower Subansiri,Ziro Foothill Section,1388.4,12.43,162.1,-0.0531,-0.0341,4.78,55.5,106.3,5,2,108.7,222.7,16.59,72.6,4.03,0.001,0.6413,1
NER-SIM-05715,Tripura,North Tripura,Jampui Hills Ridge Corridor,1273.5,42.87,359.3,0.0416,-0.0668,5.34,1302.6,327.8,1,1,288.9,579.2,36.65,73.7,3.52,0.037,0.9725,1
NER-SIM-05716,Assam,Dima Hasao,NH-27 Lumding-Haflong Hill Cut,1034.9,35.44,227.8,0.0094,0.0345,2.99,926.7,69.4,1,4,65.9,130.3,12.26,63.7,0.0,0.05,0.28,0
NER-SIM-05717,Nagaland,Kohima,NH-29 Dimapur-Kohima By-pass,1506.6,23.27,9.6,0.0281,0.0668,5.29,1656.2,752.8,3,3,64.2,118.0,9.39,78.5,11.61,0.009,0.2853,0
NER-SIM-05718,Manipur,Chandel,NH-102 Imphal-Moreh Corridor,887.4,32.52,49.8,0.0245,0.1403,2.95,485.2,36.8,1,4,75.3,134.9,24.38,69.6,2.9,0.016,0.4079,0
NER-SIM-05719,Sikkim,Pakyong,NH-10 Sevoke-Gangtok Corridor,1068.3,58.32,255.5,0.0706,-0.0358,2.0,506.9,39.2,4,1,3.8,6.2,0.31,27.2,3.34,0.058,0.2328,0
NER-SIM-05720,Assam,Dima Hasao,NH-27 Lumding-Haflong Hill Cut,516.8,38.27,23.7,-0.0978,0.1449,2.85,303.7,101.5,1,4,72.9,217.0,11.56,85.5,22.41,1.605,0.7299,1
NER-SIM-05721,Tripura,North Tripura,Jampui Hills Ridge Corridor,386.9,37.44,327.1,0.0018,0.0692,4.58,86.4,391.5,1,1,3.7,5.8,0.43,29.9,1.11,0.012,0.0843,0
NER-SIM-05722,Assam,Dima Hasao,NH-27 Lumding-Haflong Hill Cut,865.9,28.13,201.9,-0.0838,0.0722,5.33,1977.3,20.4,1,4,12.7,15.5,1.26,39.5,0.17,0.055,0.0777,0
NER-SIM-05723,Manipur,Noney,Tupul Railway Corridor Section,721.4,37.75,78.5,-0.0418,-0.041,3.9,2951.6,286.0,2,1,331.9,940.2,80.0,71.4,3.78,0.032,0.9969,1
NER-SIM-05724,Assam,Karbi Anglong,Diphu-Bokajan Escarpment,216.4,16.97,336.7,-0.0262,0.0094,9.96,65.7,154.8,1,1,7.1,5.4,0.68,32.2,2.18,0.041,0.0433,0
NER-SIM-05725,Nagaland,Phek,Phek-Meluri Road Corridor,1696.9,41.89,24.9,0.0243,0.0534,6.1,2140.1,336.0,3,1,298.0,523.8,80.0,67.9,2.59,0.044,0.9815,1
NER-SIM-05726,Meghalaya,East Khasi Hills,NH-6 Shillong-Tamabil Highway,1723.8,33.36,179.0,-0.0625,-0.0033,7.08,256.3,28.4,2,1,157.8,456.1,50.57,83.7,28.06,2.228,0.97,1
NER-SIM-05727,Assam,Karbi Anglong,Diphu-Bokajan Escarpment,366.8,23.28,11.3,0.0757,0.0226,3.45,343.3,505.1,1,1,8.5,9.4,0.62,32.3,1.61,0.028,0.0343,0
NER-SIM-05728,Sikkim,Mangan,North Sikkim Highway (Chungthang),1599.6,44.73,118.7,-0.0158,0.0357,2.0,1119.6,95.5,4,3,73.5,115.7,9.9,62.3,1.91,0.037,0.635,1
NER-SIM-05729,Assam,Dima Hasao,NH-27 Lumding-Haflong Hill Cut,842.9,23.98,213.5,0.0252,-0.0177,7.24,1181.4,317.6,1,2,14.1,23.6,1.52,45.8,0.85,0.118,0.0671,0
NER-SIM-05730,Assam,Dima Hasao,NH-27 Lumding-Haflong Hill Cut,429.1,51.0,61.4,-0.0518,0.0131,5.44,1510.5,15.2,1,2,79.0,189.4,14.04,81.1,16.7,0.031,0.6972,1
NER-SIM-05731,Mizoram,Aizawl,Aizawl-Lunglei Road Slopes,1193.1,47.9,97.0,0.0356,0.0366,4.13,648.3,917.1,1,1,120.0,366.5,15.2,81.9,18.76,0.033,0.8192,1
NER-SIM-05732,Sikkim,Mangan,North Sikkim Highway (Chungthang),1849.8,37.13,47.5,0.0055,-0.0056,5.46,19.8,275.0,4,2,97.8,154.9,13.01,72.1,1.53,0.0,0.7218,1
NER-SIM-05733,Mizoram,Aizawl,Aizawl-Lunglei Road Slopes,1080.4,41.42,120.0,0.0081,-0.0103,2.27,828.2,63.8,2,1,10.4,12.7,0.7,32.7,1.49,0.052,0.1185,0
NER-SIM-05734,Assam,Dima Hasao,NH-27 Lumding-Haflong Hill Cut,696.3,29.64,174.5,-0.0252,0.1201,5.02,43.3,467.6,1,2,38.0,107.7,5.87,67.2,2.36,0.079,0.3425,0
NER-SIM-05735,Arunachal Pradesh,Lower Subansiri,Ziro Foothill Section,1728.3,39.52,300.9,0.0554,0.0269,5.56,100.2,69.9,4,1,67.7,110.0,20.01,60.5,2.26,0.17,0.5124,1
NER-SIM-05736,Arunachal Pradesh,West Kameng,Bhalukpong-Bomdila-Tawang Route,1973.0,51.6,255.9,-0.012,0.0032,4.65,2232.7,2.0,4,4,19.1,9.7,2.11,32.3,0.66,0.07,0.1402,0
NER-SIM-05737,Meghalaya,East Khasi Hills,NH-6 Shillong-Tamabil Highway,1334.4,30.93,184.6,-0.0571,0.0352,7.2,624.7,618.6,1,2,68.6,213.1,9.47,82.1,21.79,0.0,0.5989,1
NER-SIM-05738,Mizoram,Champhai,Champhai-Zokhawthar Border Cut,1449.4,26.42,106.7,0.0274,0.0505,3.71,667.7,515.7,2,1,97.4,309.3,29.73,82.5,19.21,0.016,0.6084,1
NER-SIM-05739,Nagaland,Phek,Phek-Meluri Road Corridor,1374.2,22.45,58.6,0.0527,-0.0153,3.26,4338.4,1097.9,3,1,51.5,164.5,9.18,72.6,2.24,0.0,0.1802,0
NER-SIM-05740,Sikkim,Pakyong,NH-10 Sevoke-Gangtok Corridor,960.5,39.54,31.5,0.0555,-0.0015,4.3,254.9,225.6,4,2,3.3,4.8,0.25,37.6,0.79,0.07,0.2207,0
NER-SIM-05741,Manipur,Chandel,NH-102 Imphal-Moreh Corridor,603.3,32.62,131.6,-0.0294,-0.0048,6.3,764.8,248.1,2,1,15.3,24.7,2.25,33.2,2.75,0.028,0.0889,0
NER-SIM-05742,Arunachal Pradesh,Lower Subansiri,Ziro Foothill Section,1634.3,46.11,32.2,-0.0033,-0.0129,2.0,26.2,102.6,4,2,12.8,9.7,0.99,47.1,1.63,0.14,0.2466,0
NER-SIM-05743,Mizoram,Champhai,Champhai-Zokhawthar Border Cut,1455.9,28.06,103.6,-0.0271,0.1329,6.04,2294.4,849.4,1,1,11.9,11.5,0.87,38.3,4.09,0.047,0.0416,0
NER-SIM-05744,Assam,Dima Hasao,NH-27 Lumding-Haflong Hill Cut,467.0,32.84,68.2,0.0816,-0.1026,6.46,2231.4,424.8,1,1,29.6,71.2,4.2,57.0,3.29,0.051,0.0649,0
NER-SIM-05745,Sikkim,Pakyong,NH-10 Sevoke-Gangtok Corridor,1333.8,31.31,119.5,-0.0544,-0.0552,6.58,2716.2,71.3,4,2,3.0,2.5,0.24,40.7,0.71,0.031,0.1258,0
NER-SIM-05746,Sikkim,Pakyong,NH-10 Sevoke-Gangtok Corridor,1439.6,54.59,70.6,0.0273,-0.0908,6.0,2498.3,343.7,4,1,19.3,17.4,1.36,35.2,1.84,0.045,0.1344,0
NER-SIM-05747,Assam,Dima Hasao,NH-27 Lumding-Haflong Hill Cut,713.9,35.19,304.6,-0.0582,0.0284,5.8,3102.8,34.4,1,4,56.0,129.3,13.22,73.4,2.43,0.065,0.3712,0
NER-SIM-05748,Nagaland,Phek,Phek-Meluri Road Corridor,1763.7,35.57,28.1,-0.1074,0.0639,5.3,105.9,387.1,3,2,13.1,18.4,1.83,42.5,3.08,0.077,0.1792,0
NER-SIM-05749,Mizoram,Champhai,Champhai-Zokhawthar Border Cut,1505.2,35.32,39.8,-0.0359,-0.0136,6.41,981.8,633.3,2,1,6.5,3.8,0.6,26.9,3.79,0.03,0.0578,0
NER-SIM-05750,Sikkim,Mangan,North Sikkim Highway (Chungthang),1543.1,52.55,213.9,-0.003,-0.025,4.97,1538.3,122.7,4,3,5.7,5.9,0.61,33.0,1.25,0.077,0.3318,0
NER-SIM-05751,Mizoram,Champhai,Champhai-Zokhawthar Border Cut,1419.6,30.57,46.0,0.0152,-0.0042,4.56,2063.6,191.4,1,1,134.3,394.7,24.07,81.0,20.17,0.109,0.7992,1
NER-SIM-05752,Nagaland,Phek,Phek-Meluri Road Corridor,1680.9,40.29,55.4,0.06,-0.0021,4.49,221.8,258.4,3,1,0.4,0.5,0.04,31.9,1.88,0.063,0.1126,0
NER-SIM-05753,Sikkim,Mangan,North Sikkim Highway (Chungthang),2068.6,47.62,41.4,0.0563,0.0609,2.89,166.9,88.1,5,4,50.7,75.3,4.27,72.6,1.31,0.053,0.5222,1
NER-SIM-05754,Meghalaya,East Khasi Hills,NH-6 Shillong-Tamabil Highway,1537.7,47.82,251.2,-0.0104,-0.0122,5.7,346.3,295.1,1,4,18.9,20.9,3.06,39.6,0.0,0.098,0.0902,0
NER-SIM-05755,Nagaland,Kohima,NH-29 Dimapur-Kohima By-pass,1697.2,35.37,349.5,0.0562,0.0213,5.29,920.3,81.4,2,4,6.8,9.0,0.98,35.0,3.18,0.021,0.0578,0
NER-SIM-05756,Assam,Dima Hasao,NH-27 Lumding-Haflong Hill Cut,696.4,34.25,246.0,0.0648,-0.0022,3.34,866.3,304.1,1,1,12.3,19.8,1.1,42.6,1.45,0.059,0.0461,0
NER-SIM-05757,Meghalaya,East Khasi Hills,NH-6 Shillong-Tamabil Highway,1180.3,30.99,193.0,-0.0356,-0.0526,5.11,797.2,12.3,1,2,27.3,62.3,7.12,50.7,0.0,0.008,0.1505,0
NER-SIM-05758,Assam,Karbi Anglong,Diphu-Bokajan Escarpment,547.3,21.0,240.4,-0.008,0.0434,6.95,2920.6,84.7,1,2,104.6,231.2,14.87,87.0,37.11,0.0,0.6757,1
NER-SIM-05759,Arunachal Pradesh,West Kameng,Bhalukpong-Bomdila-Tawang Route,2555.5,50.49,114.6,-0.0328,0.087,7.58,1439.8,212.3,4,4,124.4,297.9,19.04,74.4,4.26,0.073,0.7476,1
NER-SIM-05760,Sikkim,Pakyong,NH-10 Sevoke-Gangtok Corridor,936.4,25.88,132.9,-0.0338,0.02,6.24,3881.2,1218.6,5,1,24.3,22.5,2.49,37.0,6.08,0.02,0.1067,0
NER-SIM-05761,Sikkim,Mangan,North Sikkim Highway (Chungthang),1732.2,43.97,336.0,-0.055,0.0627,3.79,726.0,380.5,5,1,34.0,25.7,5.37,47.8,1.26,0.087,0.1775,0
NER-SIM-05762,Nagaland,Kohima,NH-29 Dimapur-Kohima By-pass,1467.3,39.46,207.0,-0.0492,0.0466,6.19,151.0,1197.9,3,2,12.6,21.7,1.67,40.8,3.2,0.0,0.0628,0
NER-SIM-05763,Nagaland,Kohima,NH-29 Dimapur-Kohima By-pass,1077.2,34.59,42.8,0.0184,0.0741,6.42,5876.3,68.5,2,3,117.1,186.6,34.91,79.2,16.04,0.069,0.8256,1
NER-SIM-05764,Sikkim,Mangan,North Sikkim Highway (Chungthang),1807.8,46.87,189.7,-0.0372,-0.0265,5.39,5115.0,220.0,4,2,4.8,7.3,0.34,44.6,4.1,0.003,0.1507,0
NER-SIM-05765,Meghalaya,East Khasi Hills,NH-6 Shillong-Tamabil Highway,1701.0,46.89,258.7,0.0094,0.0479,3.38,623.3,144.2,2,1,63.0,110.7,7.91,66.4,0.0,0.027,0.3446,0
NER-SIM-05766,Arunachal Pradesh,West Kameng,Bhalukpong-Bomdila-Tawang Route,2074.2,47.6,89.0,-0.1031,-0.0289,4.47,255.6,409.9,5,4,19.7,16.7,2.22,39.7,0.0,0.093,0.255,0
NER-SIM-05767,Meghalaya,East Khasi Hills,NH-6 Shillong-Tamabil Highway,1603.3,30.58,40.1,0.0626,0.0302,7.53,125.1,327.1,2,3,17.4,30.2,1.54,35.5,4.75,0.076,0.1909,0
NER-SIM-05768,Meghalaya,East Khasi Hills,NH-6 Shillong-Tamabil Highway,1365.0,23.9,109.2,-0.0353,0.0347,6.57,604.7,614.1,1,2,34.6,50.2,3.23,58.3,0.0,0.088,0.099,0
NER-SIM-05769,Assam,Karbi Anglong,Diphu-Bokajan Escarpment,694.4,35.75,326.8,-0.043,-0.0492,4.39,1378.0,451.9,1,2,79.5,134.3,13.72,74.9,1.21,0.079,0.3876,0
NER-SIM-05770,Arunachal Pradesh,West Kameng,Bhalukpong-Bomdila-Tawang Route,2216.0,43.87,96.5,0.0129,0.0402,3.2,273.8,630.9,4,3,9.8,8.2,0.89,25.7,1.06,0.064,0.2806,0
NER-SIM-05771,Meghalaya,East Khasi Hills,NH-6 Shillong-Tamabil Highway,1320.9,31.2,319.3,-0.0545,0.041,6.06,3662.6,707.3,1,1,6.4,8.7,0.52,42.4,0.5,0.06,0.0287,0
NER-SIM-05772,Nagaland,Phek,Phek-Meluri Road Corridor,1562.5,35.87,151.7,0.0006,-0.0281,5.7,1719.7,55.1,4,1,6.1,3.1,0.51,38.2,0.94,0.029,0.0801,0
NER-SIM-05773,Assam,Dima Hasao,NH-27 Lumding-Haflong Hill Cut,677.8,26.61,166.0,0.0451,-0.063,8.94,724.7,77.5,1,2,24.8,71.1,7.28,51.8,1.45,0.029,0.1281,0
NER-SIM-05774,Sikkim,Pakyong,NH-10 Sevoke-Gangtok Corridor,1275.0,30.89,5.2,0.0231,-0.044,6.62,114.2,312.8,3,3,0.3,0.4,0.02,35.0,5.18,0.034,0.1989,0
NER-SIM-05775,Assam,Karbi Anglong,Diphu-Bokajan Escarpment,975.2,24.84,5.2,-0.0153,-0.0282,5.2,135.1,85.4,1,2,121.7,347.8,17.35,80.1,16.14,0.012,0.8039,1
NER-SIM-05776,Tripura,North Tripura,Jampui Hills Ridge Corridor,604.5,25.81,171.7,0.0491,-0.0584,4.51,88.9,677.8,1,4,14.3,14.1,2.18,32.5,1.33,0.01,0.0676,0
NER-SIM-05777,Meghalaya,South West Khasi Hills,Mawsynram Valley Slopes,1236.0,43.05,133.5,-0.0145,-0.0671,3.84,1404.1,85.2,2,3,10.8,17.0,0.74,50.3,3.62,0.059,0.1547,0
NER-SIM-05778,Sikkim,Mangan,North Sikkim Highway (Chungthang),2051.0,44.14,237.5,0.0011,-0.1062,5.81,4055.6,775.8,5,1,24.0,36.2,2.81,43.9,2.84,0.024,0.1071,0
NER-SIM-05779,Manipur,Noney,Tupul Railway Corridor Section,805.5,33.41,309.2,0.0262,-0.0364,5.74,2086.7,66.4,2,3,55.9,133.3,13.98,85.8,34.87,1.549,0.663,1
NER-SIM-05780,Sikkim,Mangan,North Sikkim Highway (Chungthang),1873.1,31.67,53.9,0.0041,-0.1049,6.86,1538.4,657.1,3,3,43.2,85.1,5.58,49.9,1.81,0.056,0.2536,0
NER-SIM-05781,Nagaland,Kohima,NH-29 Dimapur-Kohima By-pass,1368.4,39.47,151.5,0.001,-0.0646,3.35,1392.3,587.4,3,1,33.0,27.9,2.26,46.2,3.16,0.059,0.1243,0
NER-SIM-05782,Nagaland,Kohima,NH-29 Dimapur-Kohima By-pass,1449.9,21.84,218.4,0.051,0.0109,7.43,2736.5,96.5,2,3,36.3,108.0,5.03,69.6,0.0,0.077,0.1752,0
NER-SIM-05783,Mizoram,Champhai,Champhai-Zokhawthar Border Cut,1252.8,34.62,316.0,0.0333,-0.139,8.28,191.4,1100.4,2,2,12.9,15.5,1.17,32.0,3.75,0.07,0.1306,0
NER-SIM-05784,Tripura,North Tripura,Jampui Hills Ridge Corridor,739.1,7.74,84.4,-0.14,0.0222,6.34,130.3,363.2,2,2,17.6,11.2,2.22,34.9,2.41,0.0,0.0505,0
NER-SIM-05785,Arunachal Pradesh,West Kameng,Bhalukpong-Bomdila-Tawang Route,2269.9,31.71,276.2,0.0113,-0.0108,5.01,819.4,161.6,5,3,2.6,2.4,0.28,37.7,5.26,0.081,0.2353,0
NER-SIM-05786,Arunachal Pradesh,Lower Subansiri,Ziro Foothill Section,1487.0,43.82,211.3,-0.1623,-0.0229,3.51,202.1,267.4,4,1,19.0,19.4,1.77,32.1,3.91,0.0,0.1153,0
NER-SIM-05787,Arunachal Pradesh,Lower Subansiri,Ziro Foothill Section,1743.4,41.28,104.8,-0.031,-0.0313,3.01,84.4,770.0,3,1,27.7,45.8,2.0,44.8,0.64,0.045,0.1867,0
NER-SIM-05788,Arunachal Pradesh,Lower Subansiri,Ziro Foothill Section,1666.6,25.52,4.4,0.0393,0.0159,4.88,2577.7,116.0,4,4,8.6,11.2,0.92,34.0,1.52,0.063,0.0719,0
NER-SIM-05789,Arunachal Pradesh,West Kameng,Bhalukpong-Bomdila-Tawang Route,1961.3,44.58,264.1,0.0724,-0.0687,4.52,224.0,309.2,5,3,106.8,181.8,15.47,79.2,18.6,0.046,0.8389,1
NER-SIM-05790,Tripura,North Tripura,Jampui Hills Ridge Corridor,551.9,25.87,92.6,0.0503,0.0174,5.2,405.3,329.4,1,4,32.1,39.0,2.54,50.5,0.0,0.078,0.1251,0
NER-SIM-05791,Manipur,Noney,Tupul Railway Corridor Section,1001.9,40.71,104.3,0.1311,0.0018,4.8,571.0,949.6,2,1,38.6,119.0,8.83,64.0,0.04,0.076,0.3522,0
NER-SIM-05792,Sikkim,Mangan,North Sikkim Highway (Chungthang),1901.7,51.72,304.2,-0.0531,-0.0393,4.32,2131.1,207.9,4,4,97.5,241.3,17.92,67.9,3.63,0.104,0.5804,1
NER-SIM-05793,Meghalaya,South West Khasi Hills,Mawsynram Valley Slopes,1780.7,33.89,274.7,0.0453,0.0068,4.59,1129.5,58.5,1,3,14.8,17.9,1.81,37.8,2.63,0.117,0.2195,0
NER-SIM-05794,Tripura,North Tripura,Jampui Hills Ridge Corridor,654.0,27.92,293.9,0.0383,-0.0627,4.45,630.6,654.1,1,3,17.2,16.0,1.58,33.3,1.07,0.078,0.115,0
NER-SIM-05795,Assam,Dima Hasao,NH-27 Lumding-Haflong Hill Cut,716.3,24.5,200.5,-0.0894,-0.0448,6.98,106.6,148.5,1,1,50.0,124.3,6.27,65.8,0.0,0.008,0.2421,0
NER-SIM-05796,Nagaland,Phek,Phek-Meluri Road Corridor,1918.5,30.95,122.7,0.0186,0.094,4.03,123.8,460.8,4,3,4.3,7.2,0.67,40.3,1.06,0.123,0.1616,0
NER-SIM-05797,Mizoram,Champhai,Champhai-Zokhawthar Border Cut,1362.1,39.48,15.2,0.0446,0.0356,8.07,3129.5,542.5,2,1,26.3,31.5,2.56,38.3,0.21,0.085,0.1448,0
NER-SIM-05798,Arunachal Pradesh,Lower Subansiri,Ziro Foothill Section,1193.5,47.82,18.1,-0.0913,-0.0746,4.27,1413.8,416.3,3,4,2.6,1.6,0.21,33.2,1.21,0.0,0.1111,0
NER-SIM-05799,Arunachal Pradesh,West Kameng,Bhalukpong-Bomdila-Tawang Route,2244.7,45.77,25.9,0.0003,-0.0624,2.78,2372.9,999.1,4,4,41.8,96.8,5.97,62.3,4.14,0.068,0.1664,0
NER-SIM-05800,Assam,Dima Hasao,NH-27 Lumding-Haflong Hill Cut,420.0,24.85,47.9,0.0501,0.0478,9.12,1724.2,667.6,1,2,73.9,119.0,21.94,61.7,0.0,0.056,0.3108,0
NER-SIM-05801,Sikkim,Mangan,North Sikkim Highway (Chungthang),1850.0,52.72,17.5,0.0328,-0.038,2.19,632.2,138.2,5,1,5.7,3.1,0.41,39.5,0.39,0.074,0.2228,0
NER-SIM-05802,Meghalaya,South West Khasi Hills,Mawsynram Valley Slopes,1214.2,46.57,33.2,-0.0188,0.066,5.67,2741.4,985.1,2,4,5.2,4.2,0.74,36.1,0.0,0.047,0.0409,0
NER-SIM-05803,Assam,Dima Hasao,NH-27 Lumding-Haflong Hill Cut,584.2,28.84,209.3,0.0429,0.0765,4.78,1950.7,24.8,1,1,8.7,12.4,1.32,52.5,1.54,0.056,0.0843,0
NER-SIM-05804,Mizoram,Champhai,Champhai-Zokhawthar Border Cut,1950.9,41.6,27.2,0.0535,-0.0796,3.89,821.4,619.8,2,3,37.8,55.5,4.97,50.2,0.0,0.036,0.1726,0
NER-SIM-05805,Meghalaya,East Khasi Hills,NH-6 Shillong-Tamabil Highway,965.0,33.24,101.0,-0.0313,0.0036,2.42,570.2,521.9,2,1,130.3,234.8,19.37,75.7,9.0,0.0,0.4452,0
NER-SIM-05806,Nagaland,Kohima,NH-29 Dimapur-Kohima By-pass,1168.9,28.05,232.4,-0.104,0.1145,4.42,362.8,175.5,2,3,24.4,37.0,1.75,46.6,4.46,0.034,0.1372,0
NER-SIM-05807,Assam,Dima Hasao,NH-27 Lumding-Haflong Hill Cut,977.2,36.02,318.1,0.0086,-0.0282,7.12,1344.0,180.6,1,1,20.9,15.6,1.83,37.9,1.64,0.0,0.0429,0
NER-SIM-05808,Tripura,North Tripura,Jampui Hills Ridge Corridor,715.8,48.73,341.0,-0.0913,0.0094,3.03,771.1,6.4,1,1,108.3,277.6,25.49,75.4,11.49,0.086,0.8316,1
NER-SIM-05809,Assam,Karbi Anglong,Diphu-Bokajan Escarpment,50.0,29.45,159.4,0.0092,0.0591,4.03,1443.2,1478.1,1,2,6.7,4.6,0.45,37.7,2.75,0.089,0.0503,0
NER-SIM-05810,Meghalaya,South West Khasi Hills,Mawsynram Valley Slopes,1053.5,35.89,217.7,-0.0037,-0.0521,6.14,53.3,263.7,1,2,2.4,3.6,0.17,45.2,3.1,0.048,0.1336,0
NER-SIM-05811,Manipur,Noney,Tupul Railway Corridor Section,780.1,37.41,186.4,0.0357,-0.0098,4.95,187.5,20.9,3,4,6.1,8.1,0.61,36.9,2.3,0.102,0.1911,0
NER-SIM-05812,Arunachal Pradesh,Lower Subansiri,Ziro Foothill Section,1713.2,50.28,298.9,-0.0234,0.0479,3.79,363.5,2083.8,3,2,15.7,27.7,1.76,39.3,0.88,0.023,0.1553,0
NER-SIM-05813,Meghalaya,East Khasi Hills,NH-6 Shillong-Tamabil Highway,1267.0,31.47,62.1,-0.0519,0.0631,4.66,485.5,704.0,3,1,58.5,169.1,8.88,74.8,0.34,0.018,0.4121,0
NER-SIM-05814,Tripura,North Tripura,Jampui Hills Ridge Corridor,1015.5,22.41,205.0,-0.0432,0.0878,8.54,146.4,75.1,1,3,81.7,187.3,22.5,82.4,20.19,0.054,0.6256,1
NER-SIM-05815,Arunachal Pradesh,West Kameng,Bhalukpong-Bomdila-Tawang Route,2024.6,44.33,288.5,-0.0138,-0.0892,5.14,177.7,1014.8,4,1,0.5,0.5,0.04,38.2,1.58,0.042,0.1025,0
NER-SIM-05816,Sikkim,Pakyong,NH-10 Sevoke-Gangtok Corridor,902.8,33.29,215.9,0.0248,0.0433,4.6,3811.6,927.5,3,3,51.0,105.1,10.08,65.9,1.02,0.0,0.2302,0
NER-SIM-05817,Assam,Dima Hasao,NH-27 Lumding-Haflong Hill Cut,676.0,36.31,178.2,-0.0155,-0.0019,5.19,1514.6,85.7,1,1,119.2,335.2,38.49,84.7,32.04,2.588,0.8245,1
NER-SIM-05818,Mizoram,Champhai,Champhai-Zokhawthar Border Cut,1408.9,30.28,16.7,0.043,-0.0536,3.14,973.1,332.8,1,1,2.1,3.4,0.15,28.1,3.83,0.04,0.0366,0
NER-SIM-05819,Meghalaya,South West Khasi Hills,Mawsynram Valley Slopes,1425.5,43.61,336.3,0.0066,0.011,5.81,3157.1,119.6,1,4,5.4,5.1,0.52,40.6,2.05,0.009,0.0913,0
NER-SIM-05820,Arunachal Pradesh,West Kameng,Bhalukpong-Bomdila-Tawang Route,2059.1,27.95,311.2,-0.1024,-0.0122,6.92,61.7,659.6,5,3,7.0,4.7,1.11,40.0,3.5,0.01,0.1864,0
NER-SIM-05821,Arunachal Pradesh,Lower Subansiri,Ziro Foothill Section,1279.1,34.32,172.2,0.0751,-0.0652,3.57,41.0,20.0,4,2,45.0,70.8,9.23,56.5,1.91,0.0,0.5016,1
NER-SIM-05822,Manipur,Noney,Tupul Railway Corridor Section,533.5,27.03,157.1,0.0512,-0.0371,4.41,396.1,89.8,4,2,81.3,163.4,26.32,73.1,1.58,0.025,0.4977,0
NER-SIM-05823,Mizoram,Champhai,Champhai-Zokhawthar Border Cut,1325.7,34.92,264.6,0.1467,0.0619,6.91,503.7,584.9,2,1,18.0,25.7,1.38,43.1,2.04,0.033,0.0979,0
NER-SIM-05824,Nagaland,Kohima,NH-29 Dimapur-Kohima By-pass,1578.5,38.31,238.9,0.0387,-0.0899,5.5,231.4,19.4,3,2,30.8,47.5,3.54,44.5,4.21,0.026,0.4569,0
NER-SIM-05825,Assam,Karbi Anglong,Diphu-Bokajan Escarpment,141.4,31.71,52.9,-0.0157,-0.0033,4.26,9.6,749.2,1,2,15.2,9.4,2.18,40.2,4.57,0.094,0.0762,0
NER-SIM-05826,Arunachal Pradesh,West Kameng,Bhalukpong-Bomdila-Tawang Route,2021.1,41.16,223.7,-0.0351,-0.0739,5.72,1091.7,468.3,4,3,5.7,8.7,0.44,44.3,2.17,0.0,0.2229,0
NER-SIM-05827,Nagaland,Kohima,NH-29 Dimapur-Kohima By-pass,998.1,23.93,255.3,0.0137,-0.0223,8.03,243.5,182.3,2,1,20.0,18.5,1.34,41.1,1.68,0.028,0.0956,0
NER-SIM-05828,Manipur,Noney,Tupul Railway Corridor Section,465.5,40.17,190.1,-0.0705,-0.0175,2.59,295.8,278.7,2,2,83.0,172.4,15.56,75.8,7.08,0.043,0.6802,1
NER-SIM-05829,Sikkim,Mangan,North Sikkim Highway (Chungthang),1568.9,59.65,265.7,0.0082,-0.0427,2.0,3232.7,140.1,5,4,69.9,125.5,10.96,68.8,4.28,0.066,0.6651,1
NER-SIM-05830,Assam,Dima Hasao,NH-27 Lumding-Haflong Hill Cut,833.2,40.19,228.6,0.0043,0.0651,4.92,1172.1,81.4,1,2,5.4,3.7,0.66,24.1,1.88,0.082,0.0581,0
NER-SIM-05831,Meghalaya,East Khasi Hills,NH-6 Shillong-Tamabil Highway,2057.3,39.18,233.3,0.0788,-0.0205,4.92,1806.7,6.6,2,3,14.0,15.8,1.05,49.2,0.82,0.0,0.175,0
NER-SIM-05832,Nagaland,Kohima,NH-29 Dimapur-Kohima By-pass,1352.3,34.85,246.7,0.0781,0.0327,5.33,1509.7,914.9,2,3,3.0,1.5,0.2,38.4,2.99,0.024,0.1072,0
NER-SIM-05833,Mizoram,Aizawl,Aizawl-Lunglei Road Slopes,1687.7,49.48,127.2,0.008,0.0054,5.76,896.0,301.3,1,1,21.3,12.4,1.67,44.6,2.43,0.042,0.0866,0
NER-SIM-05834,Nagaland,Phek,Phek-Meluri Road Corridor,1733.1,29.38,285.7,0.0441,0.0285,6.33,1687.3,97.2,3,1,15.6,25.7,2.42,48.2,2.06,0.086,0.0289,0
NER-SIM-05835,Nagaland,Phek,Phek-Meluri Road Corridor,1219.6,44.12,52.1,0.0218,-0.0223,2.0,290.5,42.1,3,4,7.6,8.0,0.72,33.1,2.85,0.033,0.1839,0
NER-SIM-05836,Mizoram,Aizawl,Aizawl-Lunglei Road Slopes,1036.6,34.99,103.4,-0.0012,0.0019,7.09,47.8,499.8,3,1,170.2,267.1,21.64,81.6,19.7,0.053,0.7303,1
NER-SIM-05837,Mizoram,Champhai,Champhai-Zokhawthar Border Cut,1208.5,29.32,92.3,0.0012,-0.0821,4.72,936.7,119.5,2,2,6.5,11.3,0.68,35.9,2.53,0.097,0.0801,0
NER-SIM-05838,Sikkim,Pakyong,NH-10 Sevoke-Gangtok Corridor,1357.6,40.41,271.0,0.1183,-0.0449,5.82,776.6,154.0,3,2,31.9,24.9,2.2,34.7,2.57,0.031,0.2035,0
NER-SIM-05839,Meghalaya,East Khasi Hills,NH-6 Shillong-Tamabil Highway,1972.3,31.09,197.5,-0.0519,-0.0395,4.9,2006.7,221.2,1,4,8.3,10.2,0.62,43.4,2.37,0.002,0.076,0
NER-SIM-05840,Manipur,Noney,Tupul Railway Corridor Section,680.6,46.99,196.8,-0.0447,0.0186,3.51,667.0,234.8,2,2,17.8,10.1,1.23,34.5,1.5,0.0,0.2059,0
NER-SIM-05841,Manipur,Chandel,NH-102 Imphal-Moreh Corridor,1111.2,35.39,67.8,-0.0556,0.0245,5.45,710.4,197.7,2,2,2.7,4.8,0.19,32.5,1.35,0.001,0.132,0
NER-SIM-05842,Tripura,North Tripura,Jampui Hills Ridge Corridor,664.2,3.15,246.1,-0.0019,-0.0263,8.13,859.8,293.7,1,1,1.2,0.8,0.09,28.4,1.64,0.073,0.0247,0
NER-SIM-05843,Arunachal Pradesh,West Kameng,Bhalukpong-Bomdila-Tawang Route,2144.8,48.58,353.1,0.0376,-0.0102,6.15,1258.4,572.8,5,2,225.1,563.7,46.47,72.4,0.22,0.026,0.9757,1
NER-SIM-05844,Sikkim,Pakyong,NH-10 Sevoke-Gangtok Corridor,1180.3,43.95,343.0,-0.0265,-0.017,5.11,1355.4,1548.9,3,1,315.7,525.8,41.96,81.0,19.66,0.017,0.9903,1
NER-SIM-05845,Mizoram,Champhai,Champhai-Zokhawthar Border Cut,1367.5,41.5,317.4,0.0073,-0.0818,3.53,365.6,432.0,2,4,6.6,9.8,0.89,37.7,2.38,0.016,0.1031,0
NER-SIM-05846,Nagaland,Kohima,NH-29 Dimapur-Kohima By-pass,1525.3,27.44,86.0,-0.0018,0.0095,4.89,485.1,333.2,5,3,54.9,151.5,6.88,76.4,12.79,0.065,0.5072,1
NER-SIM-05847,Sikkim,Mangan,North Sikkim Highway (Chungthang),2020.2,56.22,230.8,0.0159,-0.068,2.43,2279.4,239.8,5,3,10.3,16.2,1.58,30.4,3.6,0.064,0.3701,0
NER-SIM-05848,Manipur,Noney,Tupul Railway Corridor Section,1101.8,32.73,154.2,-0.0369,-0.1124,4.57,735.4,757.6,2,3,15.0,16.0,1.91,31.3,0.87,0.094,0.1065,0
NER-SIM-05849,Arunachal Pradesh,Lower Subansiri,Ziro Foothill Section,1052.9,19.67,24.3,0.0329,-0.0267,6.76,446.4,887.8,4,2,2.9,3.3,0.27,40.2,2.72,0.028,0.0482,0
NER-SIM-05850,Sikkim,Pakyong,NH-10 Sevoke-Gangtok Corridor,1422.9,37.83,36.1,-0.0209,0.0264,8.16,655.0,99.9,3,3,18.0,31.4,2.04,39.3,0.69,0.0,0.2049,0
NER-SIM-05851,Nagaland,Kohima,NH-29 Dimapur-Kohima By-pass,1432.5,39.61,252.4,0.0019,-0.0546,6.22,462.9,6.2,2,2,2.8,4.1,0.41,48.4,4.03,0.051,0.1124,0
NER-SIM-05852,Arunachal Pradesh,West Kameng,Bhalukpong-Bomdila-Tawang Route,2313.0,29.28,204.0,0.0133,-0.0263,5.35,49.7,55.3,4,3,150.3,311.1,28.81,74.7,2.12,0.0,0.8964,1
NER-SIM-05853,Nagaland,Phek,Phek-Meluri Road Corridor,1505.8,27.04,292.8,0.048,-0.0342,3.76,195.2,970.5,3,3,1.2,1.0,0.11,41.7,1.87,0.043,0.1464,0
NER-SIM-05854,Manipur,Noney,Tupul Railway Corridor Section,1259.2,62.89,139.2,-0.0352,-0.0033,2.0,1321.5,76.9,3,2,34.7,63.7,10.7,39.6,3.98,0.077,0.4542,0
NER-SIM-05855,Assam,Dima Hasao,NH-27 Lumding-Haflong Hill Cut,486.2,32.95,44.9,0.0386,-0.0732,6.72,83.7,140.8,1,4,8.6,9.6,1.17,37.0,3.27,0.062,0.0963,0
NER-SIM-05856,Arunachal Pradesh,West Kameng,Bhalukpong-Bomdila-Tawang Route,1872.4,36.5,154.6,0.0007,-0.0172,4.77,222.5,444.6,4,1,60.4,145.9,8.35,79.6,18.55,0.01,0.5513,1
NER-SIM-05857,Assam,Karbi Anglong,Diphu-Bokajan Escarpment,530.1,32.69,278.2,-0.0057,-0.0021,5.91,6485.4,406.9,2,3,7.1,6.5,1.0,35.7,3.44,0.056,0.0433,0
NER-SIM-05858,Meghalaya,South West Khasi Hills,Mawsynram Valley Slopes,1560.9,25.64,244.3,-0.0733,0.0102,5.74,17.8,145.6,1,3,10.6,5.6,1.32,33.8,2.34,0.009,0.1625,0
NER-SIM-05859,Meghalaya,South West Khasi Hills,Mawsynram Valley Slopes,1528.3,29.17,120.1,-0.0277,-0.0089,5.64,854.2,124.9,3,3,22.6,40.4,3.61,48.7,3.54,0.031,0.198,0
NER-SIM-05860,Manipur,Noney,Tupul Railway Corridor Section,1018.9,37.52,209.2,0.009,0.079,4.19,2022.9,1630.8,3,4,78.9,222.7,15.22,76.5,11.6,0.095,0.3969,0
NER-SIM-05861,Assam,Karbi Anglong,Diphu-Bokajan Escarpment,473.8,25.35,147.2,-0.0785,0.0022,6.66,5694.0,197.9,1,3,291.9,456.5,65.71,84.6,28.35,0.109,0.9812,1
NER-SIM-05862,Arunachal Pradesh,West Kameng,Bhalukpong-Bomdila-Tawang Route,2117.8,43.71,247.8,0.0111,-0.057,6.68,2231.7,63.9,3,1,9.8,14.2,0.84,36.8,3.51,0.058,0.1059,0
NER-SIM-05863,Arunachal Pradesh,West Kameng,Bhalukpong-Bomdila-Tawang Route,2642.7,55.78,126.7,-0.0199,-0.1604,2.57,243.2,286.0,4,1,5.1,3.7,0.48,47.3,1.35,0.107,0.2117,0
NER-SIM-05864,Nagaland,Phek,Phek-Meluri Road Corridor,1786.5,43.7,129.6,-0.038,0.0227,5.7,407.7,530.9,1,3,4.3,4.5,0.5,33.7,3.33,0.078,0.1599,0
NER-SIM-05865,Mizoram,Champhai,Champhai-Zokhawthar Border Cut,1732.3,31.04,58.1,-0.0204,-0.056,6.31,488.3,71.2,2,1,7.3,7.8,0.87,38.4,2.36,0.01,0.0734,0
NER-SIM-05866,Arunachal Pradesh,West Kameng,Bhalukpong-Bomdila-Tawang Route,1412.9,44.82,198.3,0.064,-0.0568,2.8,489.6,12.9,4,3,21.1,16.0,1.66,37.6,4.61,0.037,0.2112,0
NER-SIM-05867,Manipur,Noney,Tupul Railway Corridor Section,795.8,28.14,257.5,0.0537,-0.0578,6.92,1621.3,462.3,2,1,4.9,4.4,0.4,30.4,1.11,0.084,0.0222,0
NER-SIM-05868,Mizoram,Champhai,Champhai-Zokhawthar Border Cut,1323.6,44.38,179.9,0.0137,0.016,3.86,338.3,164.0,2,1,72.6,142.1,9.64,75.4,6.81,0.0,0.5856,1
NER-SIM-05869,Mizoram,Champhai,Champhai-Zokhawthar Border Cut,1513.4,25.28,233.2,0.0968,-0.0438,7.52,1031.4,77.9,1,1,108.5,269.7,24.5,68.1,2.41,0.025,0.485,0
NER-SIM-05870,Manipur,Noney,Tupul Railway Corridor Section,403.8,54.33,94.7,0.0499,-0.0541,2.68,616.5,307.3,3,1,98.8,198.2,19.62,85.5,21.12,3.057,0.8674,1
NER-SIM-05871,Manipur,Chandel,NH-102 Imphal-Moreh Corridor,1825.9,24.67,233.4,-0.0198,0.0022,6.94,166.1,348.5,2,2,22.1,13.6,2.05,44.8,5.22,0.092,0.1153,0
NER-SIM-05872,Assam,Karbi Anglong,Diphu-Bokajan Escarpment,245.3,19.96,256.7,-0.0344,-0.0019,6.07,747.9,161.3,1,2,20.9,36.0,2.08,48.8,1.56,0.087,0.0729,0
NER-SIM-05873,Manipur,Chandel,NH-102 Imphal-Moreh Corridor,657.9,38.83,88.4,-0.0211,0.0307,2.83,259.4,40.2,3,2,30.6,52.5,9.63,54.4,2.11,0.145,0.3285,0
NER-SIM-05874,Meghalaya,East Khasi Hills,NH-6 Shillong-Tamabil Highway,1671.7,26.38,120.1,0.0278,0.076,3.85,2954.0,2.7,2,3,282.1,484.5,61.85,74.0,2.03,0.026,0.9821,1
NER-SIM-05875,Manipur,Noney,Tupul Railway Corridor Section,768.6,38.1,148.2,0.0203,0.0687,3.77,337.9,600.4,3,1,21.9,21.9,2.28,39.2,1.56,0.046,0.0977,0
NER-SIM-05876,Sikkim,Mangan,North Sikkim Highway (Chungthang),2123.2,47.09,96.3,0.017,-0.0631,3.4,932.7,39.3,5,3,0.3,0.4,0.03,33.7,1.78,0.0,0.2382,0
NER-SIM-05877,Mizoram,Champhai,Champhai-Zokhawthar Border Cut,1360.8,22.99,205.2,-0.021,-0.0669,7.97,604.3,189.5,2,3,23.8,42.6,1.86,41.9,3.05,0.019,0.2292,0
NER-SIM-05878,Nagaland,Phek,Phek-Meluri Road Corridor,1628.8,41.34,355.5,0.0015,-0.0548,4.24,630.0,101.8,2,3,143.9,413.6,18.25,81.5,20.49,0.061,0.9004,1
NER-SIM-05879,Arunachal Pradesh,Lower Subansiri,Ziro Foothill Section,1790.3,32.71,343.4,0.0558,0.0178,5.69,801.8,42.7,3,4,6.0,8.1,0.49,41.5,4.67,0.069,0.0629,0
NER-SIM-05880,Sikkim,Pakyong,NH-10 Sevoke-Gangtok Corridor,1001.6,31.87,222.6,0.0442,0.0402,6.67,725.1,141.5,4,2,231.6,403.9,35.96,72.2,2.5,0.098,0.9437,1
NER-SIM-05881,Nagaland,Kohima,NH-29 Dimapur-Kohima By-pass,851.3,32.63,151.5,-0.0004,-0.0282,3.06,278.5,587.8,3,1,14.4,17.4,1.98,34.5,2.86,0.0,0.0766,0
NER-SIM-05882,Tripura,North Tripura,Jampui Hills Ridge Corridor,554.2,25.78,108.1,-0.0874,0.0199,6.19,1426.0,180.6,1,1,24.8,41.6,3.5,44.1,2.02,0.091,0.0866,0
NER-SIM-05883,Mizoram,Aizawl,Aizawl-Lunglei Road Slopes,1245.0,28.91,126.6,0.0332,0.0232,7.3,8.8,435.0,1,2,12.9,20.8,1.56,39.0,0.0,0.102,0.0799,0
NER-SIM-05884,Nagaland,Phek,Phek-Meluri Road Corridor,1874.3,36.23,306.0,-0.0101,-0.0184,3.66,2269.4,156.0,3,3,1.0,0.7,0.11,38.4,1.06,0.0,0.1025,0
NER-SIM-05885,Sikkim,Mangan,North Sikkim Highway (Chungthang),1683.6,55.33,14.4,0.15,0.0053,3.44,1803.8,370.0,5,4,64.8,136.2,18.66,87.7,38.59,4.266,0.8518,1
NER-SIM-05886,Mizoram,Aizawl,Aizawl-Lunglei Road Slopes,1107.0,55.02,180.5,-0.0278,0.0173,2.98,724.8,55.2,3,3,114.4,324.9,14.66,76.0,8.79,0.034,0.8862,1
NER-SIM-05887,Tripura,North Tripura,Jampui Hills Ridge Corridor,331.7,25.78,184.8,0.0746,-0.0255,3.79,455.3,229.0,1,3,5.4,8.1,0.4,34.8,0.32,0.035,0.0893,0
NER-SIM-05888,Nagaland,Kohima,NH-29 Dimapur-Kohima By-pass,1812.4,26.16,345.7,0.0189,0.0981,7.27,1612.1,1712.6,2,3,1.5,2.5,0.17,45.4,1.68,0.041,0.0737,0
NER-SIM-05889,Arunachal Pradesh,Lower Subansiri,Ziro Foothill Section,1620.9,43.33,116.0,-0.1057,-0.0555,4.03,3438.6,492.5,4,4,135.7,333.5,27.25,84.3,16.66,6.214,0.9168,1
NER-SIM-05890,Meghalaya,East Khasi Hills,NH-6 Shillong-Tamabil Highway,1660.2,14.39,277.5,-0.031,0.0596,6.46,20.1,35.8,2,4,125.4,366.5,16.99,77.4,14.72,0.064,0.7076,1
NER-SIM-05891,Manipur,Chandel,NH-102 Imphal-Moreh Corridor,941.7,42.35,153.6,0.0073,-0.047,4.03,1258.7,34.2,2,2,16.4,12.6,1.95,44.7,2.51,0.002,0.273,0
NER-SIM-05892,Assam,Dima Hasao,NH-27 Lumding-Haflong Hill Cut,1012.3,30.37,13.4,0.0087,-0.0772,4.48,1046.2,673.6,1,1,3.0,2.9,0.4,37.7,2.51,0.102,0.0337,0
NER-SIM-05893,Sikkim,Mangan,North Sikkim Highway (Chungthang),1991.4,40.54,276.0,0.0115,0.0006,3.91,1752.8,835.5,5,1,7.5,11.0,0.96,39.9,0.0,0.127,0.1655,0
NER-SIM-05894,Meghalaya,East Khasi Hills,NH-6 Shillong-Tamabil Highway,1550.8,27.07,238.3,-0.0656,0.0685,6.63,3665.4,500.0,1,3,17.8,11.9,2.77,29.7,2.07,0.051,0.0698,0
NER-SIM-05895,Arunachal Pradesh,West Kameng,Bhalukpong-Bomdila-Tawang Route,2628.9,57.18,320.1,0.0424,-0.0233,2.0,111.7,32.0,5,2,47.1,133.8,7.82,67.1,1.98,0.069,0.6812,1
NER-SIM-05896,Manipur,Chandel,NH-102 Imphal-Moreh Corridor,922.2,26.33,242.1,-0.019,0.0128,5.37,2568.7,866.0,3,3,220.6,478.2,28.75,89.6,25.51,0.059,0.9434,1
NER-SIM-05897,Sikkim,Pakyong,NH-10 Sevoke-Gangtok Corridor,846.1,54.45,169.1,-0.0665,0.0351,4.77,986.3,102.9,3,1,195.2,512.1,34.0,87.0,26.1,2.093,0.9885,1
NER-SIM-05898,Tripura,North Tripura,Jampui Hills Ridge Corridor,743.7,29.89,315.4,0.0147,-0.0318,5.87,755.9,119.1,1,2,156.3,435.5,40.24,79.0,14.2,0.04,0.8475,1
NER-SIM-05899,Arunachal Pradesh,Lower Subansiri,Ziro Foothill Section,1458.1,27.15,231.7,-0.0333,0.0371,5.49,1390.0,105.5,3,2,117.2,308.6,18.04,86.9,32.63,0.092,0.7861,1
NER-SIM-05900,Mizoram,Champhai,Champhai-Zokhawthar Border Cut,1249.8,20.6,212.4,-0.0036,0.0357,6.87,710.9,653.4,1,2,2.9,1.6,0.21,27.0,2.92,0.076,0.0297,0
NER-SIM-05901,Mizoram,Champhai,Champhai-Zokhawthar Border Cut,880.3,44.58,263.8,0.06,-0.0366,6.0,12.7,82.2,2,2,8.7,10.4,1.1,36.6,1.6,0.111,0.2952,0
NER-SIM-05902,Nagaland,Kohima,NH-29 Dimapur-Kohima By-pass,1430.7,38.61,127.1,-0.0359,0.0133,3.79,1141.7,129.0,1,1,1.0,1.3,0.12,26.6,2.65,0.035,0.1272,0
NER-SIM-05903,Sikkim,Mangan,North Sikkim Highway (Chungthang),1945.4,56.03,186.9,0.0715,0.034,3.06,424.9,104.0,5,2,67.9,192.1,11.73,68.4,1.41,0.0,0.7526,1
NER-SIM-05904,Manipur,Chandel,NH-102 Imphal-Moreh Corridor,814.1,30.36,80.1,0.0682,-0.084,6.98,259.6,1576.2,2,1,4.8,6.2,0.4,32.8,2.29,0.034,0.0652,0
NER-SIM-05905,Nagaland,Kohima,NH-29 Dimapur-Kohima By-pass,1220.1,6.9,145.0,-0.0732,0.047,5.58,94.0,122.6,3,3,3.4,2.8,0.34,35.7,1.65,0.0,0.1317,0
NER-SIM-05906,Nagaland,Kohima,NH-29 Dimapur-Kohima By-pass,1267.1,36.19,182.4,0.0477,0.0891,2.48,243.1,210.4,3,1,29.0,18.5,4.15,37.7,2.95,0.03,0.1275,0
NER-SIM-05907,Assam,Karbi Anglong,Diphu-Bokajan Escarpment,589.9,27.86,211.2,0.0693,-0.0251,6.26,514.4,110.8,1,3,35.2,39.7,3.24,40.7,3.78,0.006,0.1731,0
NER-SIM-05908,Mizoram,Champhai,Champhai-Zokhawthar Border Cut,1455.9,35.25,14.2,-0.0346,0.09,3.33,2938.2,36.4,1,4,16.8,15.7,1.42,32.8,0.88,0.0,0.0766,0
NER-SIM-05909,Manipur,Chandel,NH-102 Imphal-Moreh Corridor,856.0,17.85,293.3,-0.0317,-0.0435,10.39,618.5,504.4,3,1,73.4,148.3,13.17,76.4,12.64,0.087,0.2641,0
NER-SIM-05910,Assam,Karbi Anglong,Diphu-Bokajan Escarpment,89.8,35.17,97.5,0.0203,0.0987,6.06,1009.4,374.7,1,2,105.5,243.2,18.04,89.9,29.8,1.022,0.7207,1
NER-SIM-05911,Nagaland,Kohima,NH-29 Dimapur-Kohima By-pass,1148.1,31.64,150.2,0.0245,-0.0284,7.39,774.6,445.8,3,3,7.1,3.8,0.68,35.4,2.92,0.067,0.0678,0
NER-SIM-05912,Meghalaya,South West Khasi Hills,Mawsynram Valley Slopes,1762.6,22.6,296.7,-0.02,-0.0016,5.25,185.7,198.8,1,3,87.5,255.6,20.05,85.9,25.4,0.043,0.6586,1
NER-SIM-05913,Manipur,Noney,Tupul Railway Corridor Section,958.4,44.69,262.8,-0.0083,0.0363,3.9,15.7,263.8,3,4,0.8,0.8,0.09,30.0,3.33,0.0,0.1533,0
NER-SIM-05914,Nagaland,Kohima,NH-29 Dimapur-Kohima By-pass,1461.7,26.0,91.0,0.0776,0.0971,5.48,113.2,669.0,3,2,43.3,74.2,3.88,55.6,2.04,0.083,0.2496,0
NER-SIM-05915,Assam,Karbi Anglong,Diphu-Bokajan Escarpment,464.0,33.81,29.7,0.0002,-0.0713,4.68,380.9,933.1,1,3,88.9,207.9,11.36,83.5,22.34,3.976,0.7767,1
NER-SIM-05916,Sikkim,Pakyong,NH-10 Sevoke-Gangtok Corridor,729.6,27.84,154.6,-0.0865,0.1291,2.89,2132.0,175.8,4,3,89.0,276.8,11.5,81.0,18.07,0.077,0.7042,1
NER-SIM-05917,Meghalaya,East Khasi Hills,NH-6 Shillong-Tamabil Highway,1515.5,50.03,126.8,-0.083,-0.0208,2.91,274.0,313.5,1,2,5.4,7.3,0.53,39.8,1.21,0.112,0.0804,0
NER-SIM-05918,Nagaland,Phek,Phek-Meluri Road Corridor,1113.5,32.28,330.5,-0.053,0.1211,5.65,3459.3,991.8,3,4,10.5,12.6,0.86,35.7,3.33,0.075,0.0585,0
NER-SIM-05919,Manipur,Noney,Tupul Railway Corridor Section,824.9,35.8,325.5,0.0022,0.0411,5.38,1007.7,18.6,2,2,4.8,4.8,0.5,36.0,1.11,0.078,0.0926,0
NER-SIM-05920,Mizoram,Champhai,Champhai-Zokhawthar Border Cut,1202.8,19.29,76.2,-0.0185,-0.0204,5.61,247.2,29.7,1,2,162.1,374.8,22.38,80.1,21.32,0.017,0.9261,1
NER-SIM-05921,Nagaland,Kohima,NH-29 Dimapur-Kohima By-pass,1305.5,47.29,259.2,-0.0517,0.0094,4.77,2408.0,291.3,3,1,1.2,1.6,0.12,28.1,0.71,0.071,0.1397,0
NER-SIM-05922,Manipur,Chandel,NH-102 Imphal-Moreh Corridor,1321.0,28.68,339.4,-0.0535,-0.0146,9.84,1573.9,89.0,2,3,5.3,5.2,0.36,31.1,2.0,0.105,0.0951,0
NER-SIM-05923,Arunachal Pradesh,Lower Subansiri,Ziro Foothill Section,1349.9,34.83,119.1,-0.06,-0.0417,4.11,1105.5,593.9,4,4,3.8,4.2,0.31,30.8,1.29,0.08,0.0713,0
NER-SIM-05924,Tripura,North Tripura,Jampui Hills Ridge Corridor,511.1,37.19,356.5,-0.0665,-0.1452,4.96,261.6,216.2,1,3,5.2,7.4,0.56,21.2,0.07,0.053,0.1503,0
NER-SIM-05925,Mizoram,Champhai,Champhai-Zokhawthar Border Cut,1244.7,32.18,323.8,-0.0014,-0.0554,5.61,670.2,207.9,1,2,79.3,142.3,12.59,60.1,0.89,0.0,0.3124,0
NER-SIM-05926,Sikkim,Mangan,North Sikkim Highway (Chungthang),1929.5,42.53,245.4,-0.0003,-0.051,6.02,383.1,5.6,4,2,157.5,450.6,21.02,69.7,0.0,0.079,0.9536,1
NER-SIM-05927,Manipur,Chandel,NH-102 Imphal-Moreh Corridor,1053.7,30.95,118.0,-0.0365,-0.0171,6.27,157.7,4.5,2,3,117.2,348.3,15.54,79.3,14.16,0.031,0.9336,1
NER-SIM-05928,Arunachal Pradesh,West Kameng,Bhalukpong-Bomdila-Tawang Route,2647.9,43.23,129.0,-0.0182,-0.0565,5.13,1792.6,822.8,4,1,170.5,358.7,34.75,72.3,1.51,0.024,0.8333,1
NER-SIM-05929,Sikkim,Mangan,North Sikkim Highway (Chungthang),2079.3,46.73,49.2,0.0352,-0.0037,4.0,1573.4,561.0,4,1,75.2,154.1,11.04,73.8,1.17,0.017,0.2818,0
NER-SIM-05930,Nagaland,Phek,Phek-Meluri Road Corridor,1657.8,41.88,273.7,-0.0719,-0.0431,3.07,2338.8,699.0,2,3,19.9,47.1,2.82,46.2,3.99,0.056,0.2179,0
NER-SIM-05931,Mizoram,Champhai,Champhai-Zokhawthar Border Cut,1579.4,29.98,50.9,0.0581,0.0246,7.12,872.0,1827.0,1,1,80.2,173.4,17.81,76.5,14.33,0.04,0.2676,0
NER-SIM-05932,Arunachal Pradesh,West Kameng,Bhalukpong-Bomdila-Tawang Route,2136.2,34.92,29.4,-0.0715,0.0048,7.62,925.5,273.9,4,2,61.3,150.0,7.94,73.7,0.91,0.134,0.5034,1
NER-SIM-05933,Meghalaya,South West Khasi Hills,Mawsynram Valley Slopes,1777.3,42.04,162.3,-0.0373,0.0336,4.15,84.7,271.5,2,4,28.1,84.2,3.59,58.3,1.49,0.018,0.2415,0
NER-SIM-05934,Meghalaya,East Khasi Hills,NH-6 Shillong-Tamabil Highway,1696.9,33.7,89.8,-0.0169,-0.0449,5.7,1096.0,420.2,2,2,0.1,0.1,0.01,41.4,4.44,0.08,0.0706,0
NER-SIM-05935,Mizoram,Aizawl,Aizawl-Lunglei Road Slopes,1139.5,42.84,66.7,-0.0085,0.0815,5.57,36.3,2.4,2,4,4.3,2.7,0.38,35.5,3.38,0.1,0.1568,0
NER-SIM-05936,Meghalaya,East Khasi Hills,NH-6 Shillong-Tamabil Highway,1843.9,34.45,41.4,0.0453,-0.0292,4.59,1397.1,642.4,2,3,124.3,218.8,27.56,80.9,16.19,0.048,0.6802,1
NER-SIM-05937,Nagaland,Kohima,NH-29 Dimapur-Kohima By-pass,1315.7,33.33,270.2,-0.0267,0.0317,4.85,1730.9,568.5,2,3,13.6,16.6,1.17,42.3,0.19,0.064,0.0599,0
NER-SIM-05938,Arunachal Pradesh,West Kameng,Bhalukpong-Bomdila-Tawang Route,2431.3,34.68,247.5,-0.0487,0.0023,5.35,1047.8,496.4,4,4,168.4,311.1,22.87,73.7,3.38,0.009,0.6948,1
NER-SIM-05939,Tripura,North Tripura,Jampui Hills Ridge Corridor,865.3,33.16,69.8,-0.1031,-0.0071,5.09,1087.0,247.9,1,1,0.9,1.4,0.12,37.2,3.34,0.062,0.0418,0
NER-SIM-05940,Nagaland,Kohima,NH-29 Dimapur-Kohima By-pass,1677.2,36.42,104.6,-0.0404,0.059,5.2,215.0,36.2,2,4,47.0,147.5,8.33,66.6,0.0,0.001,0.527,1
NER-SIM-05941,Nagaland,Phek,Phek-Meluri Road Corridor,1679.3,30.19,165.8,-0.0352,-0.0505,5.93,1089.0,25.7,2,4,13.5,19.1,1.34,41.6,1.06,0.078,0.0399,0
NER-SIM-05942,Assam,Karbi Anglong,Diphu-Bokajan Escarpment,751.5,33.13,140.3,0.0796,-0.0248,7.45,242.9,659.2,1,1,149.6,377.8,24.1,81.8,16.14,0.03,0.777,1
NER-SIM-05943,Nagaland,Kohima,NH-29 Dimapur-Kohima By-pass,1660.5,35.32,47.1,-0.0699,0.0393,4.16,1162.0,21.9,2,2,13.7,18.2,0.98,40.4,2.47,0.088,0.1395,0
NER-SIM-05944,Arunachal Pradesh,Lower Subansiri,Ziro Foothill Section,1932.6,29.11,0.9,0.1134,-0.0358,4.82,645.5,116.4,4,1,20.3,35.6,3.27,50.1,1.78,0.066,0.0647,0
NER-SIM-05945,Nagaland,Phek,Phek-Meluri Road Corridor,1558.8,30.89,232.0,0.0848,0.0504,4.83,505.0,148.6,3,3,10.7,16.1,0.96,47.0,2.45,0.098,0.2153,0
NER-SIM-05946,Sikkim,Mangan,North Sikkim Highway (Chungthang),1995.6,62.28,345.9,-0.0653,-0.0497,2.59,1824.4,720.1,5,2,27.0,45.4,4.4,52.3,1.75,0.081,0.5014,1
NER-SIM-05947,Nagaland,Phek,Phek-Meluri Road Corridor,1571.7,26.87,133.8,0.0257,-0.0455,4.7,1052.4,317.5,2,2,27.8,22.5,3.45,41.2,0.76,0.0,0.085,0
NER-SIM-05948,Mizoram,Champhai,Champhai-Zokhawthar Border Cut,1442.3,41.27,260.7,-0.0506,0.0128,3.94,813.0,106.6,2,3,73.2,174.7,10.64,83.2,20.44,0.306,0.7492,1
NER-SIM-05949,Tripura,North Tripura,Jampui Hills Ridge Corridor,687.5,26.19,239.9,0.0177,-0.0443,4.45,506.5,9.5,1,1,0.4,0.3,0.03,41.1,2.41,0.006,0.09,0
NER-SIM-05950,Assam,Karbi Anglong,Diphu-Bokajan Escarpment,422.4,28.0,191.9,0.0112,0.0899,5.55,273.0,183.0,1,1,4.6,4.3,0.47,40.3,0.0,0.048,0.0641,0
NER-SIM-05951,Assam,Dima Hasao,NH-27 Lumding-Haflong Hill Cut,746.7,36.57,43.3,0.0749,0.0092,7.69,2721.0,111.1,1,3,15.2,15.3,2.08,32.2,3.89,0.072,0.101,0
NER-SIM-05952,Mizoram,Aizawl,Aizawl-Lunglei Road Slopes,1029.9,37.47,298.7,-0.045,-0.041,5.84,1494.6,320.1,2,4,60.1,150.5,11.52,68.0,0.42,0.04,0.3116,0
NER-SIM-05953,Nagaland,Kohima,NH-29 Dimapur-Kohima By-pass,1604.6,32.61,44.6,0.0074,-0.0775,5.8,3888.8,87.9,4,1,1.1,1.6,0.19,26.8,1.83,0.021,0.0623,0
NER-SIM-05954,Arunachal Pradesh,Lower Subansiri,Ziro Foothill Section,1512.9,24.68,29.1,0.0253,-0.0056,9.86,462.5,248.2,4,4,203.0,633.0,29.38,84.3,26.39,0.122,0.9684,1
NER-SIM-05955,Manipur,Noney,Tupul Railway Corridor Section,947.9,39.51,105.8,-0.0618,0.0252,2.31,466.3,82.2,3,1,11.9,14.6,0.84,28.7,1.52,0.097,0.1725,0
NER-SIM-05956,Manipur,Noney,Tupul Railway Corridor Section,641.8,40.28,43.8,0.0505,0.0372,6.92,2087.2,599.3,3,4,33.6,87.5,8.38,62.6,0.0,0.099,0.1606,0
NER-SIM-05957,Nagaland,Phek,Phek-Meluri Road Corridor,1274.2,30.65,215.5,0.0174,-0.0189,4.82,613.4,501.4,3,2,8.1,4.9,0.75,31.1,4.07,0.055,0.0477,0
NER-SIM-05958,Manipur,Noney,Tupul Railway Corridor Section,1442.6,42.06,228.8,-0.0921,0.0413,2.57,568.5,212.9,3,1,8.8,10.3,0.83,34.3,2.44,0.085,0.1404,0
NER-SIM-05959,Arunachal Pradesh,Lower Subansiri,Ziro Foothill Section,1299.5,37.27,207.7,-0.102,-0.0767,6.43,2104.9,1105.9,5,1,13.3,22.1,1.66,47.9,0.0,0.056,0.1169,0
NER-SIM-05960,Mizoram,Champhai,Champhai-Zokhawthar Border Cut,1673.8,43.31,127.4,-0.0863,0.0252,7.18,553.2,170.3,1,2,80.1,193.0,10.36,78.4,11.07,0.121,0.5143,1
NER-SIM-05961,Nagaland,Kohima,NH-29 Dimapur-Kohima By-pass,1442.6,25.1,209.5,-0.0207,0.0043,4.63,1648.8,575.2,2,2,11.9,6.1,1.29,29.3,2.76,0.141,0.0519,0
NER-SIM-05962,Arunachal Pradesh,Lower Subansiri,Ziro Foothill Section,1116.6,36.43,116.5,0.0165,-0.0031,3.94,1633.4,109.7,3,1,157.9,342.3,31.18,87.1,37.58,0.217,0.849,1
NER-SIM-05963,Mizoram,Aizawl,Aizawl-Lunglei Road Slopes,1086.9,48.54,328.2,-0.0374,0.0382,4.39,3859.6,144.2,1,3,3.2,4.6,0.26,40.6,1.81,0.084,0.1576,0
NER-SIM-05964,Meghalaya,East Khasi Hills,NH-6 Shillong-Tamabil Highway,2430.1,30.74,294.8,0.0123,-0.0163,6.04,2672.8,1142.5,2,2,1.3,1.9,0.12,38.0,0.44,0.03,0.0531,0
NER-SIM-05965,Manipur,Chandel,NH-102 Imphal-Moreh Corridor,795.2,30.1,353.9,0.0152,-0.0234,5.86,4558.5,698.0,2,2,216.2,517.9,47.21,73.9,2.61,0.027,0.948,1
NER-SIM-05966,Sikkim,Mangan,North Sikkim Highway (Chungthang),1598.8,43.25,325.4,-0.0004,-0.0704,2.55,1117.9,639.2,4,4,2.4,3.4,0.32,40.0,4.93,0.025,0.1275,0
NER-SIM-05967,Manipur,Noney,Tupul Railway Corridor Section,1278.9,39.84,141.5,-0.0292,-0.0663,2.0,464.3,137.9,2,4,9.9,12.7,1.01,38.8,3.51,0.085,0.1399,0
NER-SIM-05968,Arunachal Pradesh,Lower Subansiri,Ziro Foothill Section,2190.8,37.96,325.2,0.0441,-0.0409,5.26,1991.9,196.3,4,1,5.1,5.7,0.47,34.9,1.61,0.041,0.0814,0
NER-SIM-05969,Nagaland,Kohima,NH-29 Dimapur-Kohima By-pass,1184.2,38.1,305.6,-0.0047,-0.0658,5.34,324.1,299.8,3,2,21.4,24.0,1.58,38.8,0.79,0.07,0.1176,0
NER-SIM-05970,Sikkim,Pakyong,NH-10 Sevoke-Gangtok Corridor,1655.0,30.25,7.6,0.0313,0.0271,5.23,430.5,1405.3,3,1,66.7,121.0,12.23,68.6,0.17,0.007,0.2705,0
NER-SIM-05971,Manipur,Chandel,NH-102 Imphal-Moreh Corridor,462.6,23.5,254.9,0.0482,0.0143,6.1,361.0,335.6,2,3,126.5,268.8,33.36,85.9,29.95,0.097,0.8655,1
NER-SIM-05972,Nagaland,Phek,Phek-Meluri Road Corridor,1784.6,42.46,288.7,0.0411,0.0997,3.66,392.1,357.3,3,3,16.7,26.5,2.23,37.3,1.28,0.133,0.2872,0
NER-SIM-05973,Assam,Karbi Anglong,Diphu-Bokajan Escarpment,392.7,26.13,129.8,-0.05,-0.0495,5.55,786.9,240.7,1,4,18.5,11.3,1.96,40.8,0.48,0.108,0.0422,0
NER-SIM-05974,Sikkim,Pakyong,NH-10 Sevoke-Gangtok Corridor,1199.4,29.54,311.2,0.0563,0.0394,7.46,309.4,318.0,4,3,7.6,11.7,0.58,44.1,2.04,0.0,0.1517,0
NER-SIM-05975,Tripura,North Tripura,Jampui Hills Ridge Corridor,249.7,46.38,125.7,0.0452,-0.0753,5.77,50.5,203.5,1,1,75.5,217.8,19.88,77.9,12.14,0.0,0.5833,1
NER-SIM-05976,Arunachal Pradesh,West Kameng,Bhalukpong-Bomdila-Tawang Route,2170.8,41.4,40.5,-0.0471,-0.073,6.01,921.6,65.8,3,4,12.0,21.4,0.91,51.6,1.38,0.066,0.1009,0
NER-SIM-05977,Mizoram,Champhai,Champhai-Zokhawthar Border Cut,1255.2,46.98,149.7,-0.0021,0.0679,2.95,446.0,974.6,1,2,8.2,14.8,0.66,40.7,1.15,0.061,0.1619,0
NER-SIM-05978,Nagaland,Kohima,NH-29 Dimapur-Kohima By-pass,1089.3,15.26,42.3,-0.0376,-0.0183,6.06,705.7,56.8,3,2,5.0,5.2,0.44,33.3,1.8,0.112,0.0626,0
NER-SIM-05979,Nagaland,Phek,Phek-Meluri Road Corridor,1887.0,31.94,215.6,-0.0246,-0.058,7.13,725.6,113.0,2,1,4.8,7.5,0.44,34.4,2.47,0.01,0.0759,0
NER-SIM-05980,Arunachal Pradesh,Lower Subansiri,Ziro Foothill Section,1821.0,34.77,227.6,-0.0537,0.0229,3.83,1027.5,202.2,3,3,61.6,141.0,9.79,74.5,3.02,0.121,0.4524,0
NER-SIM-05981,Arunachal Pradesh,Lower Subansiri,Ziro Foothill Section,1719.4,12.63,262.0,0.0329,0.0024,6.97,595.0,324.4,3,1,31.9,37.2,2.29,39.9,4.22,0.04,0.1239,0
NER-SIM-05982,Manipur,Chandel,NH-102 Imphal-Moreh Corridor,870.3,29.35,137.1,0.0133,-0.0705,5.69,3828.2,943.3,2,3,155.3,439.5,31.91,77.5,15.87,0.0,0.9231,1
NER-SIM-05983,Mizoram,Champhai,Champhai-Zokhawthar Border Cut,1500.2,31.76,61.4,0.0457,0.0065,3.2,970.1,105.3,2,3,8.4,12.8,0.62,32.7,0.0,0.032,0.1926,0
NER-SIM-05984,Mizoram,Aizawl,Aizawl-Lunglei Road Slopes,1253.4,38.53,247.1,-0.0503,-0.018,5.23,64.1,56.5,1,1,41.4,64.3,6.78,43.0,0.98,0.11,0.2847,0
NER-SIM-05985,Nagaland,Kohima,NH-29 Dimapur-Kohima By-pass,976.1,30.07,237.0,0.0769,-0.0438,6.18,1636.2,356.6,2,1,9.0,6.3,0.94,33.9,1.23,0.072,0.0387,0
NER-SIM-05986,Meghalaya,East Khasi Hills,NH-6 Shillong-Tamabil Highway,1707.8,41.64,72.8,0.0012,-0.093,4.36,114.8,414.6,2,3,1.7,1.7,0.14,30.0,1.86,0.004,0.1483,0
NER-SIM-05987,Mizoram,Champhai,Champhai-Zokhawthar Border Cut,957.9,28.56,36.9,0.0262,0.0075,3.96,1884.6,540.1,1,1,18.8,10.4,1.44,30.0,1.49,0.0,0.0418,0
NER-SIM-05988,Arunachal Pradesh,West Kameng,Bhalukpong-Bomdila-Tawang Route,2470.7,58.92,317.8,0.0113,0.0111,5.91,48.0,262.2,4,2,1.2,1.4,0.12,34.6,0.0,0.002,0.3169,0
NER-SIM-05989,Mizoram,Champhai,Champhai-Zokhawthar Border Cut,1947.7,40.19,151.1,0.0754,-0.0301,5.66,90.2,104.2,1,2,47.4,150.7,12.85,75.8,13.8,0.06,0.5546,1
NER-SIM-05990,Arunachal Pradesh,West Kameng,Bhalukpong-Bomdila-Tawang Route,2074.1,42.67,254.2,0.012,0.0235,5.02,510.5,996.2,5,3,5.5,9.0,0.57,37.8,0.91,0.105,0.201,0
NER-SIM-05991,Sikkim,Pakyong,NH-10 Sevoke-Gangtok Corridor,1526.3,28.93,142.5,0.0045,-0.0845,6.78,1370.2,356.6,4,1,14.1,10.8,1.39,40.7,2.94,0.061,0.094,0
NER-SIM-05992,Assam,Karbi Anglong,Diphu-Bokajan Escarpment,462.0,23.14,165.8,0.021,-0.0185,5.97,3997.8,31.9,1,1,1.1,1.9,0.16,31.3,1.42,0.075,0.0598,0
NER-SIM-05993,Mizoram,Aizawl,Aizawl-Lunglei Road Slopes,1226.5,24.14,196.9,-0.0326,-0.0617,3.88,2052.9,47.6,2,4,3.5,1.9,0.32,39.0,1.76,0.0,0.0479,0
NER-SIM-05994,Arunachal Pradesh,Lower Subansiri,Ziro Foothill Section,836.2,44.79,134.1,0.0119,-0.0687,6.22,541.6,505.2,4,3,71.2,145.8,12.85,72.8,1.71,0.056,0.5641,1
NER-SIM-05995,Sikkim,Mangan,North Sikkim Highway (Chungthang),2081.6,46.64,254.1,0.0122,-0.0083,5.0,354.3,7.4,5,1,106.8,324.4,19.5,81.7,21.68,0.048,0.9211,1
NER-SIM-05996,Nagaland,Phek,Phek-Meluri Road Corridor,1982.0,22.56,337.9,0.0147,-0.0178,6.22,769.1,152.5,3,3,11.5,18.9,0.77,37.9,2.91,0.026,0.1113,0
NER-SIM-05997,Mizoram,Aizawl,Aizawl-Lunglei Road Slopes,905.3,39.21,201.5,0.0018,0.0575,5.83,40.9,371.8,1,1,7.3,9.9,0.98,45.1,1.28,0.109,0.0938,0
NER-SIM-05998,Tripura,North Tripura,Jampui Hills Ridge Corridor,477.5,39.94,248.1,-0.0952,-0.086,5.71,1956.6,173.9,1,2,133.8,326.3,28.81,73.0,2.58,0.033,0.8038,1
NER-SIM-05999,Manipur,Chandel,NH-102 Imphal-Moreh Corridor,898.0,34.41,352.9,0.1045,-0.0073,6.23,364.1,382.2,3,3,9.1,13.2,1.18,39.0,2.49,0.062,0.1836,0
NER-SIM-06000,Sikkim,Mangan,North Sikkim Highway (Chungthang),1797.3,46.82,233.1,-0.0929,0.0296,4.55,493.6,1163.9,3,1,119.6,212.5,32.84,69.4,0.97,0.054,0.4969,0
